ISO-10303-21;
HEADER;
FILE_DESCRIPTION(('FreeCAD Model'),'2;1');
FILE_NAME('Open CASCADE Shape Model','2026-10-08T21:36:17',(''),(''),
  'Open CASCADE STEP processor 7.8','FreeCAD','Unknown');
FILE_SCHEMA(('AUTOMOTIVE_DESIGN { 1 0 10303 214 1 1 1 1 }'));
ENDSEC;
DATA;
#1 = APPLICATION_PROTOCOL_DEFINITION('international standard',
  'automotive_design',2000,#2);
#2 = APPLICATION_CONTEXT(
  'core data for automotive mechanical design processes');
#3 = SHAPE_DEFINITION_REPRESENTATION(#4,#10);
#4 = PRODUCT_DEFINITION_SHAPE('','',#5);
#5 = PRODUCT_DEFINITION('design','',#6,#9);
#6 = PRODUCT_DEFINITION_FORMATION('','',#7);
#7 = PRODUCT('ARP3620_Woodcase','ARP3620_Woodcase','',(#8));
#8 = PRODUCT_CONTEXT('',#2,'mechanical');
#9 = PRODUCT_DEFINITION_CONTEXT('part definition',#2,'design');
#10 = SHAPE_REPRESENTATION('',(#11,#15,#19,#23,#27,#31,#35,#39,#43,#47,
    #51,#55,#59,#63,#67,#71,#75,#79,#83,#87,#91,#95,#99,#103,#107,#111,
    #115,#119,#123,#127,#131,#135,#139,#143,#147,#151,#155,#159,#163,
    #167),#171);
#11 = AXIS2_PLACEMENT_3D('',#12,#13,#14);
#12 = CARTESIAN_POINT('',(0.,0.,0.));
#13 = DIRECTION('',(0.,0.,1.));
#14 = DIRECTION('',(1.,0.,-0.));
#15 = AXIS2_PLACEMENT_3D('',#16,#17,#18);
#16 = CARTESIAN_POINT('',(0.,0.,0.));
#17 = DIRECTION('',(0.,0.,1.));
#18 = DIRECTION('',(1.,0.,0.));
#19 = AXIS2_PLACEMENT_3D('',#20,#21,#22);
#20 = CARTESIAN_POINT('',(0.,0.,0.));
#21 = DIRECTION('',(0.,0.,1.));
#22 = DIRECTION('',(1.,0.,0.));
#23 = AXIS2_PLACEMENT_3D('',#24,#25,#26);
#24 = CARTESIAN_POINT('',(0.,0.,0.));
#25 = DIRECTION('',(0.,0.,1.));
#26 = DIRECTION('',(1.,0.,0.));
#27 = AXIS2_PLACEMENT_3D('',#28,#29,#30);
#28 = CARTESIAN_POINT('',(0.,0.,0.));
#29 = DIRECTION('',(0.,0.,1.));
#30 = DIRECTION('',(1.,0.,0.));
#31 = AXIS2_PLACEMENT_3D('',#32,#33,#34);
#32 = CARTESIAN_POINT('',(0.,0.,0.));
#33 = DIRECTION('',(0.,0.,1.));
#34 = DIRECTION('',(1.,0.,0.));
#35 = AXIS2_PLACEMENT_3D('',#36,#37,#38);
#36 = CARTESIAN_POINT('',(0.,0.,0.));
#37 = DIRECTION('',(0.,0.,1.));
#38 = DIRECTION('',(1.,0.,0.));
#39 = AXIS2_PLACEMENT_3D('',#40,#41,#42);
#40 = CARTESIAN_POINT('',(0.,0.,0.));
#41 = DIRECTION('',(0.,0.,1.));
#42 = DIRECTION('',(1.,0.,0.));
#43 = AXIS2_PLACEMENT_3D('',#44,#45,#46);
#44 = CARTESIAN_POINT('',(0.,0.,0.));
#45 = DIRECTION('',(0.,0.,1.));
#46 = DIRECTION('',(1.,0.,0.));
#47 = AXIS2_PLACEMENT_3D('',#48,#49,#50);
#48 = CARTESIAN_POINT('',(0.,0.,0.));
#49 = DIRECTION('',(0.,0.,1.));
#50 = DIRECTION('',(1.,0.,0.));
#51 = AXIS2_PLACEMENT_3D('',#52,#53,#54);
#52 = CARTESIAN_POINT('',(0.,0.,0.));
#53 = DIRECTION('',(0.,0.,1.));
#54 = DIRECTION('',(1.,0.,0.));
#55 = AXIS2_PLACEMENT_3D('',#56,#57,#58);
#56 = CARTESIAN_POINT('',(0.,0.,0.));
#57 = DIRECTION('',(0.,0.,1.));
#58 = DIRECTION('',(1.,0.,0.));
#59 = AXIS2_PLACEMENT_3D('',#60,#61,#62);
#60 = CARTESIAN_POINT('',(0.,0.,0.));
#61 = DIRECTION('',(0.,0.,1.));
#62 = DIRECTION('',(1.,0.,0.));
#63 = AXIS2_PLACEMENT_3D('',#64,#65,#66);
#64 = CARTESIAN_POINT('',(0.,0.,0.));
#65 = DIRECTION('',(0.,0.,1.));
#66 = DIRECTION('',(1.,0.,0.));
#67 = AXIS2_PLACEMENT_3D('',#68,#69,#70);
#68 = CARTESIAN_POINT('',(0.,0.,0.));
#69 = DIRECTION('',(0.,0.,1.));
#70 = DIRECTION('',(1.,0.,0.));
#71 = AXIS2_PLACEMENT_3D('',#72,#73,#74);
#72 = CARTESIAN_POINT('',(0.,0.,0.));
#73 = DIRECTION('',(0.,0.,1.));
#74 = DIRECTION('',(1.,0.,0.));
#75 = AXIS2_PLACEMENT_3D('',#76,#77,#78);
#76 = CARTESIAN_POINT('',(0.,0.,0.));
#77 = DIRECTION('',(0.,0.,1.));
#78 = DIRECTION('',(1.,0.,0.));
#79 = AXIS2_PLACEMENT_3D('',#80,#81,#82);
#80 = CARTESIAN_POINT('',(0.,0.,0.));
#81 = DIRECTION('',(0.,0.,1.));
#82 = DIRECTION('',(1.,0.,0.));
#83 = AXIS2_PLACEMENT_3D('',#84,#85,#86);
#84 = CARTESIAN_POINT('',(0.,0.,0.));
#85 = DIRECTION('',(0.,0.,1.));
#86 = DIRECTION('',(1.,0.,0.));
#87 = AXIS2_PLACEMENT_3D('',#88,#89,#90);
#88 = CARTESIAN_POINT('',(0.,0.,0.));
#89 = DIRECTION('',(0.,0.,1.));
#90 = DIRECTION('',(1.,0.,0.));
#91 = AXIS2_PLACEMENT_3D('',#92,#93,#94);
#92 = CARTESIAN_POINT('',(0.,0.,0.));
#93 = DIRECTION('',(0.,0.,1.));
#94 = DIRECTION('',(1.,0.,0.));
#95 = AXIS2_PLACEMENT_3D('',#96,#97,#98);
#96 = CARTESIAN_POINT('',(0.,0.,0.));
#97 = DIRECTION('',(0.,0.,1.));
#98 = DIRECTION('',(1.,0.,0.));
#99 = AXIS2_PLACEMENT_3D('',#100,#101,#102);
#100 = CARTESIAN_POINT('',(0.,0.,0.));
#101 = DIRECTION('',(0.,0.,1.));
#102 = DIRECTION('',(1.,0.,0.));
#103 = AXIS2_PLACEMENT_3D('',#104,#105,#106);
#104 = CARTESIAN_POINT('',(0.,0.,0.));
#105 = DIRECTION('',(0.,0.,1.));
#106 = DIRECTION('',(1.,0.,0.));
#107 = AXIS2_PLACEMENT_3D('',#108,#109,#110);
#108 = CARTESIAN_POINT('',(0.,0.,0.));
#109 = DIRECTION('',(0.,0.,1.));
#110 = DIRECTION('',(1.,0.,0.));
#111 = AXIS2_PLACEMENT_3D('',#112,#113,#114);
#112 = CARTESIAN_POINT('',(0.,0.,0.));
#113 = DIRECTION('',(0.,0.,1.));
#114 = DIRECTION('',(1.,0.,0.));
#115 = AXIS2_PLACEMENT_3D('',#116,#117,#118);
#116 = CARTESIAN_POINT('',(0.,0.,0.));
#117 = DIRECTION('',(0.,0.,1.));
#118 = DIRECTION('',(1.,0.,0.));
#119 = AXIS2_PLACEMENT_3D('',#120,#121,#122);
#120 = CARTESIAN_POINT('',(0.,0.,0.));
#121 = DIRECTION('',(0.,0.,1.));
#122 = DIRECTION('',(1.,0.,0.));
#123 = AXIS2_PLACEMENT_3D('',#124,#125,#126);
#124 = CARTESIAN_POINT('',(0.,0.,0.));
#125 = DIRECTION('',(0.,0.,1.));
#126 = DIRECTION('',(1.,0.,0.));
#127 = AXIS2_PLACEMENT_3D('',#128,#129,#130);
#128 = CARTESIAN_POINT('',(0.,0.,0.));
#129 = DIRECTION('',(0.,0.,1.));
#130 = DIRECTION('',(1.,0.,0.));
#131 = AXIS2_PLACEMENT_3D('',#132,#133,#134);
#132 = CARTESIAN_POINT('',(0.,0.,0.));
#133 = DIRECTION('',(0.,0.,1.));
#134 = DIRECTION('',(1.,0.,0.));
#135 = AXIS2_PLACEMENT_3D('',#136,#137,#138);
#136 = CARTESIAN_POINT('',(0.,0.,0.));
#137 = DIRECTION('',(0.,0.,1.));
#138 = DIRECTION('',(1.,0.,0.));
#139 = AXIS2_PLACEMENT_3D('',#140,#141,#142);
#140 = CARTESIAN_POINT('',(0.,0.,0.));
#141 = DIRECTION('',(0.,0.,1.));
#142 = DIRECTION('',(1.,0.,0.));
#143 = AXIS2_PLACEMENT_3D('',#144,#145,#146);
#144 = CARTESIAN_POINT('',(0.,0.,0.));
#145 = DIRECTION('',(0.,0.,1.));
#146 = DIRECTION('',(1.,0.,0.));
#147 = AXIS2_PLACEMENT_3D('',#148,#149,#150);
#148 = CARTESIAN_POINT('',(0.,0.,0.));
#149 = DIRECTION('',(0.,0.,1.));
#150 = DIRECTION('',(1.,0.,0.));
#151 = AXIS2_PLACEMENT_3D('',#152,#153,#154);
#152 = CARTESIAN_POINT('',(0.,0.,0.));
#153 = DIRECTION('',(0.,0.,1.));
#154 = DIRECTION('',(1.,0.,0.));
#155 = AXIS2_PLACEMENT_3D('',#156,#157,#158);
#156 = CARTESIAN_POINT('',(0.,0.,0.));
#157 = DIRECTION('',(0.,0.,1.));
#158 = DIRECTION('',(1.,0.,0.));
#159 = AXIS2_PLACEMENT_3D('',#160,#161,#162);
#160 = CARTESIAN_POINT('',(0.,0.,0.));
#161 = DIRECTION('',(0.,0.,1.));
#162 = DIRECTION('',(1.,0.,0.));
#163 = AXIS2_PLACEMENT_3D('',#164,#165,#166);
#164 = CARTESIAN_POINT('',(0.,0.,0.));
#165 = DIRECTION('',(0.,0.,1.));
#166 = DIRECTION('',(1.,0.,0.));
#167 = AXIS2_PLACEMENT_3D('',#168,#169,#170);
#168 = CARTESIAN_POINT('',(0.,0.,0.));
#169 = DIRECTION('',(0.,0.,1.));
#170 = DIRECTION('',(1.,0.,0.));
#171 = ( GEOMETRIC_REPRESENTATION_CONTEXT(3) 
GLOBAL_UNCERTAINTY_ASSIGNED_CONTEXT((#175)) GLOBAL_UNIT_ASSIGNED_CONTEXT
((#172,#173,#174)) REPRESENTATION_CONTEXT('Context #1',
  '3D Context with UNIT and UNCERTAINTY') );
#172 = ( LENGTH_UNIT() NAMED_UNIT(*) SI_UNIT(.MILLI.,.METRE.) );
#173 = ( NAMED_UNIT(*) PLANE_ANGLE_UNIT() SI_UNIT($,.RADIAN.) );
#174 = ( NAMED_UNIT(*) SI_UNIT($,.STERADIAN.) SOLID_ANGLE_UNIT() );
#175 = UNCERTAINTY_MEASURE_WITH_UNIT(LENGTH_MEASURE(1.E-07),#172,
  'distance_accuracy_value','confusion accuracy');
#176 = PRODUCT_RELATED_PRODUCT_CATEGORY('part',$,(#7));
#177 = SHAPE_DEFINITION_REPRESENTATION(#178,#184);
#178 = PRODUCT_DEFINITION_SHAPE('','',#179);
#179 = PRODUCT_DEFINITION('design','',#180,#183);
#180 = PRODUCT_DEFINITION_FORMATION('','',#181);
#181 = PRODUCT('Base','Base','',(#182));
#182 = PRODUCT_CONTEXT('',#2,'mechanical');
#183 = PRODUCT_DEFINITION_CONTEXT('part definition',#2,'design');
#184 = ADVANCED_BREP_SHAPE_REPRESENTATION('',(#11,#185),#3599);
#185 = MANIFOLD_SOLID_BREP('',#186);
#186 = CLOSED_SHELL('',(#187,#227,#258,#289,#867,#1445,#1457,#1482,#1507
    ,#1532,#1557,#1582,#1607,#1632,#1657,#1682,#1707,#1732,#1757,#1782,
    #1807,#1832,#1857,#1882,#1907,#1932,#1957,#1982,#2007,#2032,#2057,
    #2082,#2107,#2132,#2157,#2182,#2207,#2232,#2257,#2282,#2307,#2332,
    #2357,#2382,#2407,#2432,#2457,#2482,#2507,#2532,#2557,#2582,#2607,
    #2632,#2657,#2682,#2707,#2732,#2749,#2766,#2783,#2800,#2817,#2834,
    #2851,#2868,#2885,#2902,#2919,#2936,#2953,#2970,#2987,#3004,#3021,
    #3038,#3055,#3072,#3089,#3106,#3123,#3140,#3157,#3174,#3191,#3208,
    #3225,#3242,#3259,#3276,#3293,#3310,#3327,#3344,#3361,#3378,#3395,
    #3412,#3429,#3446,#3463,#3480,#3497,#3514,#3531,#3548,#3565,#3582));
#187 = ADVANCED_FACE('',(#188),#222,.F.);
#188 = FACE_BOUND('',#189,.F.);
#189 = EDGE_LOOP('',(#190,#200,#208,#216));
#190 = ORIENTED_EDGE('',*,*,#191,.T.);
#191 = EDGE_CURVE('',#192,#194,#196,.T.);
#192 = VERTEX_POINT('',#193);
#193 = CARTESIAN_POINT('',(0.,0.,0.));
#194 = VERTEX_POINT('',#195);
#195 = CARTESIAN_POINT('',(0.,0.,9.));
#196 = LINE('',#197,#198);
#197 = CARTESIAN_POINT('',(0.,0.,0.));
#198 = VECTOR('',#199,1.);
#199 = DIRECTION('',(0.,0.,1.));
#200 = ORIENTED_EDGE('',*,*,#201,.T.);
#201 = EDGE_CURVE('',#194,#202,#204,.T.);
#202 = VERTEX_POINT('',#203);
#203 = CARTESIAN_POINT('',(911.,0.,9.));
#204 = LINE('',#205,#206);
#205 = CARTESIAN_POINT('',(0.,0.,9.));
#206 = VECTOR('',#207,1.);
#207 = DIRECTION('',(1.,0.,0.));
#208 = ORIENTED_EDGE('',*,*,#209,.F.);
#209 = EDGE_CURVE('',#210,#202,#212,.T.);
#210 = VERTEX_POINT('',#211);
#211 = CARTESIAN_POINT('',(911.,0.,0.));
#212 = LINE('',#213,#214);
#213 = CARTESIAN_POINT('',(911.,0.,0.));
#214 = VECTOR('',#215,1.);
#215 = DIRECTION('',(0.,0.,1.));
#216 = ORIENTED_EDGE('',*,*,#217,.F.);
#217 = EDGE_CURVE('',#192,#210,#218,.T.);
#218 = LINE('',#219,#220);
#219 = CARTESIAN_POINT('',(0.,0.,0.));
#220 = VECTOR('',#221,1.);
#221 = DIRECTION('',(1.,0.,0.));
#222 = PLANE('',#223);
#223 = AXIS2_PLACEMENT_3D('',#224,#225,#226);
#224 = CARTESIAN_POINT('',(0.,0.,0.));
#225 = DIRECTION('',(0.,1.,0.));
#226 = DIRECTION('',(1.,0.,0.));
#227 = ADVANCED_FACE('',(#228),#253,.F.);
#228 = FACE_BOUND('',#229,.F.);
#229 = EDGE_LOOP('',(#230,#240,#246,#247));
#230 = ORIENTED_EDGE('',*,*,#231,.T.);
#231 = EDGE_CURVE('',#232,#234,#236,.T.);
#232 = VERTEX_POINT('',#233);
#233 = CARTESIAN_POINT('',(0.,310.,0.));
#234 = VERTEX_POINT('',#235);
#235 = CARTESIAN_POINT('',(0.,310.,9.));
#236 = LINE('',#237,#238);
#237 = CARTESIAN_POINT('',(0.,310.,0.));
#238 = VECTOR('',#239,1.);
#239 = DIRECTION('',(0.,0.,1.));
#240 = ORIENTED_EDGE('',*,*,#241,.T.);
#241 = EDGE_CURVE('',#234,#194,#242,.T.);
#242 = LINE('',#243,#244);
#243 = CARTESIAN_POINT('',(0.,310.,9.));
#244 = VECTOR('',#245,1.);
#245 = DIRECTION('',(0.,-1.,0.));
#246 = ORIENTED_EDGE('',*,*,#191,.F.);
#247 = ORIENTED_EDGE('',*,*,#248,.F.);
#248 = EDGE_CURVE('',#232,#192,#249,.T.);
#249 = LINE('',#250,#251);
#250 = CARTESIAN_POINT('',(0.,310.,0.));
#251 = VECTOR('',#252,1.);
#252 = DIRECTION('',(0.,-1.,0.));
#253 = PLANE('',#254);
#254 = AXIS2_PLACEMENT_3D('',#255,#256,#257);
#255 = CARTESIAN_POINT('',(0.,310.,0.));
#256 = DIRECTION('',(1.,0.,-0.));
#257 = DIRECTION('',(0.,-1.,0.));
#258 = ADVANCED_FACE('',(#259),#284,.F.);
#259 = FACE_BOUND('',#260,.F.);
#260 = EDGE_LOOP('',(#261,#262,#270,#278));
#261 = ORIENTED_EDGE('',*,*,#209,.T.);
#262 = ORIENTED_EDGE('',*,*,#263,.T.);
#263 = EDGE_CURVE('',#202,#264,#266,.T.);
#264 = VERTEX_POINT('',#265);
#265 = CARTESIAN_POINT('',(911.,310.,9.));
#266 = LINE('',#267,#268);
#267 = CARTESIAN_POINT('',(911.,0.,9.));
#268 = VECTOR('',#269,1.);
#269 = DIRECTION('',(0.,1.,0.));
#270 = ORIENTED_EDGE('',*,*,#271,.F.);
#271 = EDGE_CURVE('',#272,#264,#274,.T.);
#272 = VERTEX_POINT('',#273);
#273 = CARTESIAN_POINT('',(911.,310.,0.));
#274 = LINE('',#275,#276);
#275 = CARTESIAN_POINT('',(911.,310.,0.));
#276 = VECTOR('',#277,1.);
#277 = DIRECTION('',(0.,0.,1.));
#278 = ORIENTED_EDGE('',*,*,#279,.F.);
#279 = EDGE_CURVE('',#210,#272,#280,.T.);
#280 = LINE('',#281,#282);
#281 = CARTESIAN_POINT('',(911.,0.,0.));
#282 = VECTOR('',#283,1.);
#283 = DIRECTION('',(0.,1.,0.));
#284 = PLANE('',#285);
#285 = AXIS2_PLACEMENT_3D('',#286,#287,#288);
#286 = CARTESIAN_POINT('',(911.,0.,0.));
#287 = DIRECTION('',(-1.,0.,0.));
#288 = DIRECTION('',(0.,1.,0.));
#289 = ADVANCED_FACE('',(#290,#301,#312,#323,#334,#345,#356,#367,#378,
    #389,#400,#411,#422,#433,#444,#455,#466,#477,#488,#499,#510,#521,
    #532,#543,#554,#565,#576,#587,#598,#609,#620,#631,#642,#653,#664,
    #675,#686,#697,#708,#719,#730,#741,#752,#763,#774,#785,#796,#807,
    #818,#829,#840,#851),#862,.F.);
#290 = FACE_BOUND('',#291,.F.);
#291 = EDGE_LOOP('',(#292,#293,#294,#300));
#292 = ORIENTED_EDGE('',*,*,#217,.T.);
#293 = ORIENTED_EDGE('',*,*,#279,.T.);
#294 = ORIENTED_EDGE('',*,*,#295,.T.);
#295 = EDGE_CURVE('',#272,#232,#296,.T.);
#296 = LINE('',#297,#298);
#297 = CARTESIAN_POINT('',(911.,310.,0.));
#298 = VECTOR('',#299,1.);
#299 = DIRECTION('',(-1.,0.,0.));
#300 = ORIENTED_EDGE('',*,*,#248,.T.);
#301 = FACE_BOUND('',#302,.F.);
#302 = EDGE_LOOP('',(#303));
#303 = ORIENTED_EDGE('',*,*,#304,.F.);
#304 = EDGE_CURVE('',#305,#305,#307,.T.);
#305 = VERTEX_POINT('',#306);
#306 = CARTESIAN_POINT('',(29.,6.,-1.014653635757E-17));
#307 = CIRCLE('',#308,4.);
#308 = AXIS2_PLACEMENT_3D('',#309,#310,#311);
#309 = CARTESIAN_POINT('',(25.,6.,0.));
#310 = DIRECTION('',(0.,0.,1.));
#311 = DIRECTION('',(1.,0.,-0.));
#312 = FACE_BOUND('',#313,.F.);
#313 = EDGE_LOOP('',(#314));
#314 = ORIENTED_EDGE('',*,*,#315,.F.);
#315 = EDGE_CURVE('',#316,#316,#318,.T.);
#316 = VERTEX_POINT('',#317);
#317 = CARTESIAN_POINT('',(29.75,26.5,-1.014653635757E-17));
#318 = CIRCLE('',#319,3.25);
#319 = AXIS2_PLACEMENT_3D('',#320,#321,#322);
#320 = CARTESIAN_POINT('',(26.5,26.5,0.));
#321 = DIRECTION('',(0.,0.,1.));
#322 = DIRECTION('',(1.,0.,-0.));
#323 = FACE_BOUND('',#324,.F.);
#324 = EDGE_LOOP('',(#325));
#325 = ORIENTED_EDGE('',*,*,#326,.F.);
#326 = EDGE_CURVE('',#327,#327,#329,.T.);
#327 = VERTEX_POINT('',#328);
#328 = CARTESIAN_POINT('',(10.,37.,-1.014653635757E-17));
#329 = CIRCLE('',#330,4.);
#330 = AXIS2_PLACEMENT_3D('',#331,#332,#333);
#331 = CARTESIAN_POINT('',(6.,37.,0.));
#332 = DIRECTION('',(0.,0.,1.));
#333 = DIRECTION('',(1.,0.,-0.));
#334 = FACE_BOUND('',#335,.F.);
#335 = EDGE_LOOP('',(#336));
#336 = ORIENTED_EDGE('',*,*,#337,.F.);
#337 = EDGE_CURVE('',#338,#338,#340,.T.);
#338 = VERTEX_POINT('',#339);
#339 = CARTESIAN_POINT('',(172.5,6.,-1.014653635757E-17));
#340 = CIRCLE('',#341,4.);
#341 = AXIS2_PLACEMENT_3D('',#342,#343,#344);
#342 = CARTESIAN_POINT('',(168.5,6.,0.));
#343 = DIRECTION('',(0.,0.,1.));
#344 = DIRECTION('',(1.,0.,-0.));
#345 = FACE_BOUND('',#346,.F.);
#346 = EDGE_LOOP('',(#347));
#347 = ORIENTED_EDGE('',*,*,#348,.F.);
#348 = EDGE_CURVE('',#349,#349,#351,.T.);
#349 = VERTEX_POINT('',#350);
#350 = CARTESIAN_POINT('',(174.75,26.5,-1.014653635757E-17));
#351 = CIRCLE('',#352,3.25);
#352 = AXIS2_PLACEMENT_3D('',#353,#354,#355);
#353 = CARTESIAN_POINT('',(171.5,26.5,0.));
#354 = DIRECTION('',(0.,0.,1.));
#355 = DIRECTION('',(1.,0.,-0.));
#356 = FACE_BOUND('',#357,.F.);
#357 = EDGE_LOOP('',(#358));
#358 = ORIENTED_EDGE('',*,*,#359,.F.);
#359 = EDGE_CURVE('',#360,#360,#362,.T.);
#360 = VERTEX_POINT('',#361);
#361 = CARTESIAN_POINT('',(196.,37.,-1.014653635757E-17));
#362 = CIRCLE('',#363,4.);
#363 = AXIS2_PLACEMENT_3D('',#364,#365,#366);
#364 = CARTESIAN_POINT('',(192.,37.,0.));
#365 = DIRECTION('',(0.,0.,1.));
#366 = DIRECTION('',(1.,0.,-0.));
#367 = FACE_BOUND('',#368,.F.);
#368 = EDGE_LOOP('',(#369));
#369 = ORIENTED_EDGE('',*,*,#370,.F.);
#370 = EDGE_CURVE('',#371,#371,#373,.T.);
#371 = VERTEX_POINT('',#372);
#372 = CARTESIAN_POINT('',(316.,6.,-1.014653635757E-17));
#373 = CIRCLE('',#374,4.);
#374 = AXIS2_PLACEMENT_3D('',#375,#376,#377);
#375 = CARTESIAN_POINT('',(312.,6.,0.));
#376 = DIRECTION('',(0.,0.,1.));
#377 = DIRECTION('',(1.,0.,-0.));
#378 = FACE_BOUND('',#379,.F.);
#379 = EDGE_LOOP('',(#380));
#380 = ORIENTED_EDGE('',*,*,#381,.F.);
#381 = EDGE_CURVE('',#382,#382,#384,.T.);
#382 = VERTEX_POINT('',#383);
#383 = CARTESIAN_POINT('',(226.65,86.5,-1.014653635757E-17));
#384 = CIRCLE('',#385,5.);
#385 = AXIS2_PLACEMENT_3D('',#386,#387,#388);
#386 = CARTESIAN_POINT('',(221.65,86.5,0.));
#387 = DIRECTION('',(0.,0.,1.));
#388 = DIRECTION('',(1.,0.,-0.));
#389 = FACE_BOUND('',#390,.F.);
#390 = EDGE_LOOP('',(#391));
#391 = ORIENTED_EDGE('',*,*,#392,.F.);
#392 = EDGE_CURVE('',#393,#393,#395,.T.);
#393 = VERTEX_POINT('',#394);
#394 = CARTESIAN_POINT('',(363.72,86.5,-1.014653635757E-17));
#395 = CIRCLE('',#396,5.);
#396 = AXIS2_PLACEMENT_3D('',#397,#398,#399);
#397 = CARTESIAN_POINT('',(358.72,86.5,0.));
#398 = DIRECTION('',(0.,0.,1.));
#399 = DIRECTION('',(1.,0.,-0.));
#400 = FACE_BOUND('',#401,.F.);
#401 = EDGE_LOOP('',(#402));
#402 = ORIENTED_EDGE('',*,*,#403,.F.);
#403 = EDGE_CURVE('',#404,#404,#406,.T.);
#404 = VERTEX_POINT('',#405);
#405 = CARTESIAN_POINT('',(394.,86.5,-1.014653635757E-17));
#406 = CIRCLE('',#407,4.);
#407 = AXIS2_PLACEMENT_3D('',#408,#409,#410);
#408 = CARTESIAN_POINT('',(390.,86.5,0.));
#409 = DIRECTION('',(0.,0.,1.));
#410 = DIRECTION('',(1.,0.,-0.));
#411 = FACE_BOUND('',#412,.F.);
#412 = EDGE_LOOP('',(#413));
#413 = ORIENTED_EDGE('',*,*,#414,.F.);
#414 = EDGE_CURVE('',#415,#415,#417,.T.);
#415 = VERTEX_POINT('',#416);
#416 = CARTESIAN_POINT('',(459.5,6.,-1.014653635757E-17));
#417 = CIRCLE('',#418,4.);
#418 = AXIS2_PLACEMENT_3D('',#419,#420,#421);
#419 = CARTESIAN_POINT('',(455.5,6.,0.));
#420 = DIRECTION('',(0.,0.,1.));
#421 = DIRECTION('',(1.,0.,-0.));
#422 = FACE_BOUND('',#423,.F.);
#423 = EDGE_LOOP('',(#424));
#424 = ORIENTED_EDGE('',*,*,#425,.F.);
#425 = EDGE_CURVE('',#426,#426,#428,.T.);
#426 = VERTEX_POINT('',#427);
#427 = CARTESIAN_POINT('',(603.,6.,-1.014653635757E-17));
#428 = CIRCLE('',#429,4.);
#429 = AXIS2_PLACEMENT_3D('',#430,#431,#432);
#430 = CARTESIAN_POINT('',(599.,6.,0.));
#431 = DIRECTION('',(0.,0.,1.));
#432 = DIRECTION('',(1.,0.,-0.));
#433 = FACE_BOUND('',#434,.F.);
#434 = EDGE_LOOP('',(#435));
#435 = ORIENTED_EDGE('',*,*,#436,.F.);
#436 = EDGE_CURVE('',#437,#437,#439,.T.);
#437 = VERTEX_POINT('',#438);
#438 = CARTESIAN_POINT('',(746.5,6.,-1.014653635757E-17));
#439 = CIRCLE('',#440,4.);
#440 = AXIS2_PLACEMENT_3D('',#441,#442,#443);
#441 = CARTESIAN_POINT('',(742.5,6.,0.));
#442 = DIRECTION('',(0.,0.,1.));
#443 = DIRECTION('',(1.,0.,-0.));
#444 = FACE_BOUND('',#445,.F.);
#445 = EDGE_LOOP('',(#446));
#446 = ORIENTED_EDGE('',*,*,#447,.F.);
#447 = EDGE_CURVE('',#448,#448,#450,.T.);
#448 = VERTEX_POINT('',#449);
#449 = CARTESIAN_POINT('',(890.,6.,-1.014653635757E-17));
#450 = CIRCLE('',#451,4.);
#451 = AXIS2_PLACEMENT_3D('',#452,#453,#454);
#452 = CARTESIAN_POINT('',(886.,6.,0.));
#453 = DIRECTION('',(0.,0.,1.));
#454 = DIRECTION('',(1.,0.,-0.));
#455 = FACE_BOUND('',#456,.F.);
#456 = EDGE_LOOP('',(#457));
#457 = ORIENTED_EDGE('',*,*,#458,.F.);
#458 = EDGE_CURVE('',#459,#459,#461,.T.);
#459 = VERTEX_POINT('',#460);
#460 = CARTESIAN_POINT('',(897.,37.,-1.014653635757E-17));
#461 = CIRCLE('',#462,4.);
#462 = AXIS2_PLACEMENT_3D('',#463,#464,#465);
#463 = CARTESIAN_POINT('',(893.,37.,0.));
#464 = DIRECTION('',(0.,0.,1.));
#465 = DIRECTION('',(1.,0.,-0.));
#466 = FACE_BOUND('',#467,.F.);
#467 = EDGE_LOOP('',(#468));
#468 = ORIENTED_EDGE('',*,*,#469,.F.);
#469 = EDGE_CURVE('',#470,#470,#472,.T.);
#470 = VERTEX_POINT('',#471);
#471 = CARTESIAN_POINT('',(909.,37.,-1.014653635757E-17));
#472 = CIRCLE('',#473,4.);
#473 = AXIS2_PLACEMENT_3D('',#474,#475,#476);
#474 = CARTESIAN_POINT('',(905.,37.,0.));
#475 = DIRECTION('',(0.,0.,1.));
#476 = DIRECTION('',(1.,0.,-0.));
#477 = FACE_BOUND('',#478,.F.);
#478 = EDGE_LOOP('',(#479));
#479 = ORIENTED_EDGE('',*,*,#480,.F.);
#480 = EDGE_CURVE('',#481,#481,#483,.T.);
#481 = VERTEX_POINT('',#482);
#482 = CARTESIAN_POINT('',(528.61,86.5,-1.014653635757E-17));
#483 = CIRCLE('',#484,5.);
#484 = AXIS2_PLACEMENT_3D('',#485,#486,#487);
#485 = CARTESIAN_POINT('',(523.61,86.5,0.));
#486 = DIRECTION('',(0.,0.,1.));
#487 = DIRECTION('',(1.,0.,-0.));
#488 = FACE_BOUND('',#489,.F.);
#489 = EDGE_LOOP('',(#490));
#490 = ORIENTED_EDGE('',*,*,#491,.F.);
#491 = EDGE_CURVE('',#492,#492,#494,.T.);
#492 = VERTEX_POINT('',#493);
#493 = CARTESIAN_POINT('',(708.2,86.5,-1.014653635757E-17));
#494 = CIRCLE('',#495,5.);
#495 = AXIS2_PLACEMENT_3D('',#496,#497,#498);
#496 = CARTESIAN_POINT('',(703.2,86.5,0.));
#497 = DIRECTION('',(0.,0.,1.));
#498 = DIRECTION('',(1.,0.,-0.));
#499 = FACE_BOUND('',#500,.F.);
#500 = EDGE_LOOP('',(#501));
#501 = ORIENTED_EDGE('',*,*,#502,.F.);
#502 = EDGE_CURVE('',#503,#503,#505,.T.);
#503 = VERTEX_POINT('',#504);
#504 = CARTESIAN_POINT('',(873.4,86.5,-1.014653635757E-17));
#505 = CIRCLE('',#506,5.);
#506 = AXIS2_PLACEMENT_3D('',#507,#508,#509);
#507 = CARTESIAN_POINT('',(868.4,86.5,0.));
#508 = DIRECTION('',(0.,0.,1.));
#509 = DIRECTION('',(1.,0.,-0.));
#510 = FACE_BOUND('',#511,.F.);
#511 = EDGE_LOOP('',(#512));
#512 = ORIENTED_EDGE('',*,*,#513,.F.);
#513 = EDGE_CURVE('',#514,#514,#516,.T.);
#514 = VERTEX_POINT('',#515);
#515 = CARTESIAN_POINT('',(10.,155.,-1.014653635757E-17));
#516 = CIRCLE('',#517,4.);
#517 = AXIS2_PLACEMENT_3D('',#518,#519,#520);
#518 = CARTESIAN_POINT('',(6.,155.,0.));
#519 = DIRECTION('',(0.,0.,1.));
#520 = DIRECTION('',(1.,0.,-0.));
#521 = FACE_BOUND('',#522,.F.);
#522 = EDGE_LOOP('',(#523));
#523 = ORIENTED_EDGE('',*,*,#524,.F.);
#524 = EDGE_CURVE('',#525,#525,#527,.T.);
#525 = VERTEX_POINT('',#526);
#526 = CARTESIAN_POINT('',(196.,155.,-1.014653635757E-17));
#527 = CIRCLE('',#528,4.);
#528 = AXIS2_PLACEMENT_3D('',#529,#530,#531);
#529 = CARTESIAN_POINT('',(192.,155.,0.));
#530 = DIRECTION('',(0.,0.,1.));
#531 = DIRECTION('',(1.,0.,-0.));
#532 = FACE_BOUND('',#533,.F.);
#533 = EDGE_LOOP('',(#534));
#534 = ORIENTED_EDGE('',*,*,#535,.F.);
#535 = EDGE_CURVE('',#536,#536,#538,.T.);
#536 = VERTEX_POINT('',#537);
#537 = CARTESIAN_POINT('',(226.65,162.,-1.014653635757E-17));
#538 = CIRCLE('',#539,5.);
#539 = AXIS2_PLACEMENT_3D('',#540,#541,#542);
#540 = CARTESIAN_POINT('',(221.65,162.,0.));
#541 = DIRECTION('',(0.,0.,1.));
#542 = DIRECTION('',(1.,0.,-0.));
#543 = FACE_BOUND('',#544,.F.);
#544 = EDGE_LOOP('',(#545));
#545 = ORIENTED_EDGE('',*,*,#546,.F.);
#546 = EDGE_CURVE('',#547,#547,#549,.T.);
#547 = VERTEX_POINT('',#548);
#548 = CARTESIAN_POINT('',(214.25,183.,-1.014653635757E-17));
#549 = CIRCLE('',#550,3.25);
#550 = AXIS2_PLACEMENT_3D('',#551,#552,#553);
#551 = CARTESIAN_POINT('',(211.,183.,0.));
#552 = DIRECTION('',(0.,0.,1.));
#553 = DIRECTION('',(1.,0.,-0.));
#554 = FACE_BOUND('',#555,.F.);
#555 = EDGE_LOOP('',(#556));
#556 = ORIENTED_EDGE('',*,*,#557,.F.);
#557 = EDGE_CURVE('',#558,#558,#560,.T.);
#558 = VERTEX_POINT('',#559);
#559 = CARTESIAN_POINT('',(308.85,183.,-1.014653635757E-17));
#560 = CIRCLE('',#561,3.25);
#561 = AXIS2_PLACEMENT_3D('',#562,#563,#564);
#562 = CARTESIAN_POINT('',(305.6,183.,0.));
#563 = DIRECTION('',(0.,0.,1.));
#564 = DIRECTION('',(1.,0.,-0.));
#565 = FACE_BOUND('',#566,.F.);
#566 = EDGE_LOOP('',(#567));
#567 = ORIENTED_EDGE('',*,*,#568,.F.);
#568 = EDGE_CURVE('',#569,#569,#571,.T.);
#569 = VERTEX_POINT('',#570);
#570 = CARTESIAN_POINT('',(363.72,162.,-1.014653635757E-17));
#571 = CIRCLE('',#572,5.);
#572 = AXIS2_PLACEMENT_3D('',#573,#574,#575);
#573 = CARTESIAN_POINT('',(358.72,162.,0.));
#574 = DIRECTION('',(0.,0.,1.));
#575 = DIRECTION('',(1.,0.,-0.));
#576 = FACE_BOUND('',#577,.F.);
#577 = EDGE_LOOP('',(#578));
#578 = ORIENTED_EDGE('',*,*,#579,.F.);
#579 = EDGE_CURVE('',#580,#580,#582,.T.);
#580 = VERTEX_POINT('',#581);
#581 = CARTESIAN_POINT('',(394.,162.,-1.014653635757E-17));
#582 = CIRCLE('',#583,4.);
#583 = AXIS2_PLACEMENT_3D('',#584,#585,#586);
#584 = CARTESIAN_POINT('',(390.,162.,0.));
#585 = DIRECTION('',(0.,0.,1.));
#586 = DIRECTION('',(1.,0.,-0.));
#587 = FACE_BOUND('',#588,.F.);
#588 = EDGE_LOOP('',(#589));
#589 = ORIENTED_EDGE('',*,*,#590,.F.);
#590 = EDGE_CURVE('',#591,#591,#593,.T.);
#591 = VERTEX_POINT('',#592);
#592 = CARTESIAN_POINT('',(364.25,183.,-1.014653635757E-17));
#593 = CIRCLE('',#594,3.25);
#594 = AXIS2_PLACEMENT_3D('',#595,#596,#597);
#595 = CARTESIAN_POINT('',(361.,183.,0.));
#596 = DIRECTION('',(0.,0.,1.));
#597 = DIRECTION('',(1.,0.,-0.));
#598 = FACE_BOUND('',#599,.F.);
#599 = EDGE_LOOP('',(#600));
#600 = ORIENTED_EDGE('',*,*,#601,.F.);
#601 = EDGE_CURVE('',#602,#602,#604,.T.);
#602 = VERTEX_POINT('',#603);
#603 = CARTESIAN_POINT('',(383.06,198.81,-1.014653635757E-17));
#604 = CIRCLE('',#605,3.25);
#605 = AXIS2_PLACEMENT_3D('',#606,#607,#608);
#606 = CARTESIAN_POINT('',(379.81,198.81,0.));
#607 = DIRECTION('',(0.,0.,1.));
#608 = DIRECTION('',(1.,0.,-0.));
#609 = FACE_BOUND('',#610,.F.);
#610 = EDGE_LOOP('',(#611));
#611 = ORIENTED_EDGE('',*,*,#612,.F.);
#612 = EDGE_CURVE('',#613,#613,#615,.T.);
#613 = VERTEX_POINT('',#614);
#614 = CARTESIAN_POINT('',(29.75,231.5,-1.014653635757E-17));
#615 = CIRCLE('',#616,3.25);
#616 = AXIS2_PLACEMENT_3D('',#617,#618,#619);
#617 = CARTESIAN_POINT('',(26.5,231.5,0.));
#618 = DIRECTION('',(0.,0.,1.));
#619 = DIRECTION('',(1.,0.,-0.));
#620 = FACE_BOUND('',#621,.F.);
#621 = EDGE_LOOP('',(#622));
#622 = ORIENTED_EDGE('',*,*,#623,.F.);
#623 = EDGE_CURVE('',#624,#624,#626,.T.);
#624 = VERTEX_POINT('',#625);
#625 = CARTESIAN_POINT('',(174.75,231.5,-1.014653635757E-17));
#626 = CIRCLE('',#627,3.25);
#627 = AXIS2_PLACEMENT_3D('',#628,#629,#630);
#628 = CARTESIAN_POINT('',(171.5,231.5,0.));
#629 = DIRECTION('',(0.,0.,1.));
#630 = DIRECTION('',(1.,0.,-0.));
#631 = FACE_BOUND('',#632,.F.);
#632 = EDGE_LOOP('',(#633));
#633 = ORIENTED_EDGE('',*,*,#634,.F.);
#634 = EDGE_CURVE('',#635,#635,#637,.T.);
#635 = VERTEX_POINT('',#636);
#636 = CARTESIAN_POINT('',(10.,273.,-1.014653635757E-17));
#637 = CIRCLE('',#638,4.);
#638 = AXIS2_PLACEMENT_3D('',#639,#640,#641);
#639 = CARTESIAN_POINT('',(6.,273.,0.));
#640 = DIRECTION('',(0.,0.,1.));
#641 = DIRECTION('',(1.,0.,-0.));
#642 = FACE_BOUND('',#643,.F.);
#643 = EDGE_LOOP('',(#644));
#644 = ORIENTED_EDGE('',*,*,#645,.F.);
#645 = EDGE_CURVE('',#646,#646,#648,.T.);
#646 = VERTEX_POINT('',#647);
#647 = CARTESIAN_POINT('',(29.,304.,-1.014653635757E-17));
#648 = CIRCLE('',#649,4.);
#649 = AXIS2_PLACEMENT_3D('',#650,#651,#652);
#650 = CARTESIAN_POINT('',(25.,304.,0.));
#651 = DIRECTION('',(0.,0.,1.));
#652 = DIRECTION('',(1.,0.,-0.));
#653 = FACE_BOUND('',#654,.F.);
#654 = EDGE_LOOP('',(#655));
#655 = ORIENTED_EDGE('',*,*,#656,.F.);
#656 = EDGE_CURVE('',#657,#657,#659,.T.);
#657 = VERTEX_POINT('',#658);
#658 = CARTESIAN_POINT('',(214.25,283.,-1.014653635757E-17));
#659 = CIRCLE('',#660,3.25);
#660 = AXIS2_PLACEMENT_3D('',#661,#662,#663);
#661 = CARTESIAN_POINT('',(211.,283.,0.));
#662 = DIRECTION('',(0.,0.,1.));
#663 = DIRECTION('',(1.,0.,-0.));
#664 = FACE_BOUND('',#665,.F.);
#665 = EDGE_LOOP('',(#666));
#666 = ORIENTED_EDGE('',*,*,#667,.F.);
#667 = EDGE_CURVE('',#668,#668,#670,.T.);
#668 = VERTEX_POINT('',#669);
#669 = CARTESIAN_POINT('',(172.5,304.,-1.014653635757E-17));
#670 = CIRCLE('',#671,4.);
#671 = AXIS2_PLACEMENT_3D('',#672,#673,#674);
#672 = CARTESIAN_POINT('',(168.5,304.,0.));
#673 = DIRECTION('',(0.,0.,1.));
#674 = DIRECTION('',(1.,0.,-0.));
#675 = FACE_BOUND('',#676,.F.);
#676 = EDGE_LOOP('',(#677));
#677 = ORIENTED_EDGE('',*,*,#678,.F.);
#678 = EDGE_CURVE('',#679,#679,#681,.T.);
#679 = VERTEX_POINT('',#680);
#680 = CARTESIAN_POINT('',(308.85,283.,-1.014653635757E-17));
#681 = CIRCLE('',#682,3.25);
#682 = AXIS2_PLACEMENT_3D('',#683,#684,#685);
#683 = CARTESIAN_POINT('',(305.6,283.,0.));
#684 = DIRECTION('',(0.,0.,1.));
#685 = DIRECTION('',(1.,0.,-0.));
#686 = FACE_BOUND('',#687,.F.);
#687 = EDGE_LOOP('',(#688));
#688 = ORIENTED_EDGE('',*,*,#689,.F.);
#689 = EDGE_CURVE('',#690,#690,#692,.T.);
#690 = VERTEX_POINT('',#691);
#691 = CARTESIAN_POINT('',(316.,304.,-1.014653635757E-17));
#692 = CIRCLE('',#693,4.);
#693 = AXIS2_PLACEMENT_3D('',#694,#695,#696);
#694 = CARTESIAN_POINT('',(312.,304.,0.));
#695 = DIRECTION('',(0.,0.,1.));
#696 = DIRECTION('',(1.,0.,-0.));
#697 = FACE_BOUND('',#698,.F.);
#698 = EDGE_LOOP('',(#699));
#699 = ORIENTED_EDGE('',*,*,#700,.F.);
#700 = EDGE_CURVE('',#701,#701,#703,.T.);
#701 = VERTEX_POINT('',#702);
#702 = CARTESIAN_POINT('',(383.06,271.2,-1.014653635757E-17));
#703 = CIRCLE('',#704,3.25);
#704 = AXIS2_PLACEMENT_3D('',#705,#706,#707);
#705 = CARTESIAN_POINT('',(379.81,271.2,0.));
#706 = DIRECTION('',(0.,0.,1.));
#707 = DIRECTION('',(1.,0.,-0.));
#708 = FACE_BOUND('',#709,.F.);
#709 = EDGE_LOOP('',(#710));
#710 = ORIENTED_EDGE('',*,*,#711,.F.);
#711 = EDGE_CURVE('',#712,#712,#714,.T.);
#712 = VERTEX_POINT('',#713);
#713 = CARTESIAN_POINT('',(364.25,283.,-1.014653635757E-17));
#714 = CIRCLE('',#715,3.25);
#715 = AXIS2_PLACEMENT_3D('',#716,#717,#718);
#716 = CARTESIAN_POINT('',(361.,283.,0.));
#717 = DIRECTION('',(0.,0.,1.));
#718 = DIRECTION('',(1.,0.,-0.));
#719 = FACE_BOUND('',#720,.F.);
#720 = EDGE_LOOP('',(#721));
#721 = ORIENTED_EDGE('',*,*,#722,.F.);
#722 = EDGE_CURVE('',#723,#723,#725,.T.);
#723 = VERTEX_POINT('',#724);
#724 = CARTESIAN_POINT('',(528.61,162.,-1.014653635757E-17));
#725 = CIRCLE('',#726,5.);
#726 = AXIS2_PLACEMENT_3D('',#727,#728,#729);
#727 = CARTESIAN_POINT('',(523.61,162.,0.));
#728 = DIRECTION('',(0.,0.,1.));
#729 = DIRECTION('',(1.,0.,-0.));
#730 = FACE_BOUND('',#731,.F.);
#731 = EDGE_LOOP('',(#732));
#732 = ORIENTED_EDGE('',*,*,#733,.F.);
#733 = EDGE_CURVE('',#734,#734,#736,.T.);
#734 = VERTEX_POINT('',#735);
#735 = CARTESIAN_POINT('',(501.17,198.81,-1.014653635757E-17));
#736 = CIRCLE('',#737,3.25);
#737 = AXIS2_PLACEMENT_3D('',#738,#739,#740);
#738 = CARTESIAN_POINT('',(497.92,198.81,0.));
#739 = DIRECTION('',(0.,0.,1.));
#740 = DIRECTION('',(1.,0.,-0.));
#741 = FACE_BOUND('',#742,.F.);
#742 = EDGE_LOOP('',(#743));
#743 = ORIENTED_EDGE('',*,*,#744,.F.);
#744 = EDGE_CURVE('',#745,#745,#747,.T.);
#745 = VERTEX_POINT('',#746);
#746 = CARTESIAN_POINT('',(708.2,162.,-1.014653635757E-17));
#747 = CIRCLE('',#748,5.);
#748 = AXIS2_PLACEMENT_3D('',#749,#750,#751);
#749 = CARTESIAN_POINT('',(703.2,162.,0.));
#750 = DIRECTION('',(0.,0.,1.));
#751 = DIRECTION('',(1.,0.,-0.));
#752 = FACE_BOUND('',#753,.F.);
#753 = EDGE_LOOP('',(#754));
#754 = ORIENTED_EDGE('',*,*,#755,.F.);
#755 = EDGE_CURVE('',#756,#756,#758,.T.);
#756 = VERTEX_POINT('',#757);
#757 = CARTESIAN_POINT('',(873.4,162.,-1.014653635757E-17));
#758 = CIRCLE('',#759,5.);
#759 = AXIS2_PLACEMENT_3D('',#760,#761,#762);
#760 = CARTESIAN_POINT('',(868.4,162.,0.));
#761 = DIRECTION('',(0.,0.,1.));
#762 = DIRECTION('',(1.,0.,-0.));
#763 = FACE_BOUND('',#764,.F.);
#764 = EDGE_LOOP('',(#765));
#765 = ORIENTED_EDGE('',*,*,#766,.F.);
#766 = EDGE_CURVE('',#767,#767,#769,.T.);
#767 = VERTEX_POINT('',#768);
#768 = CARTESIAN_POINT('',(897.,155.,-1.014653635757E-17));
#769 = CIRCLE('',#770,4.);
#770 = AXIS2_PLACEMENT_3D('',#771,#772,#773);
#771 = CARTESIAN_POINT('',(893.,155.,0.));
#772 = DIRECTION('',(0.,0.,1.));
#773 = DIRECTION('',(1.,0.,-0.));
#774 = FACE_BOUND('',#775,.F.);
#775 = EDGE_LOOP('',(#776));
#776 = ORIENTED_EDGE('',*,*,#777,.F.);
#777 = EDGE_CURVE('',#778,#778,#780,.T.);
#778 = VERTEX_POINT('',#779);
#779 = CARTESIAN_POINT('',(909.,155.,-1.014653635757E-17));
#780 = CIRCLE('',#781,4.);
#781 = AXIS2_PLACEMENT_3D('',#782,#783,#784);
#782 = CARTESIAN_POINT('',(905.,155.,0.));
#783 = DIRECTION('',(0.,0.,1.));
#784 = DIRECTION('',(1.,0.,-0.));
#785 = FACE_BOUND('',#786,.F.);
#786 = EDGE_LOOP('',(#787));
#787 = ORIENTED_EDGE('',*,*,#788,.F.);
#788 = EDGE_CURVE('',#789,#789,#791,.T.);
#789 = VERTEX_POINT('',#790);
#790 = CARTESIAN_POINT('',(501.17,271.2,-1.014653635757E-17));
#791 = CIRCLE('',#792,3.25);
#792 = AXIS2_PLACEMENT_3D('',#793,#794,#795);
#793 = CARTESIAN_POINT('',(497.92,271.2,0.));
#794 = DIRECTION('',(0.,0.,1.));
#795 = DIRECTION('',(1.,0.,-0.));
#796 = FACE_BOUND('',#797,.F.);
#797 = EDGE_LOOP('',(#798));
#798 = ORIENTED_EDGE('',*,*,#799,.F.);
#799 = EDGE_CURVE('',#800,#800,#802,.T.);
#800 = VERTEX_POINT('',#801);
#801 = CARTESIAN_POINT('',(459.5,304.,-1.014653635757E-17));
#802 = CIRCLE('',#803,4.);
#803 = AXIS2_PLACEMENT_3D('',#804,#805,#806);
#804 = CARTESIAN_POINT('',(455.5,304.,0.));
#805 = DIRECTION('',(0.,0.,1.));
#806 = DIRECTION('',(1.,0.,-0.));
#807 = FACE_BOUND('',#808,.F.);
#808 = EDGE_LOOP('',(#809));
#809 = ORIENTED_EDGE('',*,*,#810,.F.);
#810 = EDGE_CURVE('',#811,#811,#813,.T.);
#811 = VERTEX_POINT('',#812);
#812 = CARTESIAN_POINT('',(603.,304.,-1.014653635757E-17));
#813 = CIRCLE('',#814,4.);
#814 = AXIS2_PLACEMENT_3D('',#815,#816,#817);
#815 = CARTESIAN_POINT('',(599.,304.,0.));
#816 = DIRECTION('',(0.,0.,1.));
#817 = DIRECTION('',(1.,0.,-0.));
#818 = FACE_BOUND('',#819,.F.);
#819 = EDGE_LOOP('',(#820));
#820 = ORIENTED_EDGE('',*,*,#821,.F.);
#821 = EDGE_CURVE('',#822,#822,#824,.T.);
#822 = VERTEX_POINT('',#823);
#823 = CARTESIAN_POINT('',(746.5,304.,-1.014653635757E-17));
#824 = CIRCLE('',#825,4.);
#825 = AXIS2_PLACEMENT_3D('',#826,#827,#828);
#826 = CARTESIAN_POINT('',(742.5,304.,0.));
#827 = DIRECTION('',(0.,0.,1.));
#828 = DIRECTION('',(1.,0.,-0.));
#829 = FACE_BOUND('',#830,.F.);
#830 = EDGE_LOOP('',(#831));
#831 = ORIENTED_EDGE('',*,*,#832,.F.);
#832 = EDGE_CURVE('',#833,#833,#835,.T.);
#833 = VERTEX_POINT('',#834);
#834 = CARTESIAN_POINT('',(897.,273.,-1.014653635757E-17));
#835 = CIRCLE('',#836,4.);
#836 = AXIS2_PLACEMENT_3D('',#837,#838,#839);
#837 = CARTESIAN_POINT('',(893.,273.,0.));
#838 = DIRECTION('',(0.,0.,1.));
#839 = DIRECTION('',(1.,0.,-0.));
#840 = FACE_BOUND('',#841,.F.);
#841 = EDGE_LOOP('',(#842));
#842 = ORIENTED_EDGE('',*,*,#843,.F.);
#843 = EDGE_CURVE('',#844,#844,#846,.T.);
#844 = VERTEX_POINT('',#845);
#845 = CARTESIAN_POINT('',(909.,273.,-1.014653635757E-17));
#846 = CIRCLE('',#847,4.);
#847 = AXIS2_PLACEMENT_3D('',#848,#849,#850);
#848 = CARTESIAN_POINT('',(905.,273.,0.));
#849 = DIRECTION('',(0.,0.,1.));
#850 = DIRECTION('',(1.,0.,-0.));
#851 = FACE_BOUND('',#852,.F.);
#852 = EDGE_LOOP('',(#853));
#853 = ORIENTED_EDGE('',*,*,#854,.F.);
#854 = EDGE_CURVE('',#855,#855,#857,.T.);
#855 = VERTEX_POINT('',#856);
#856 = CARTESIAN_POINT('',(890.,304.,-1.014653635757E-17));
#857 = CIRCLE('',#858,4.);
#858 = AXIS2_PLACEMENT_3D('',#859,#860,#861);
#859 = CARTESIAN_POINT('',(886.,304.,0.));
#860 = DIRECTION('',(0.,0.,1.));
#861 = DIRECTION('',(1.,0.,-0.));
#862 = PLANE('',#863);
#863 = AXIS2_PLACEMENT_3D('',#864,#865,#866);
#864 = CARTESIAN_POINT('',(455.5,155.,0.));
#865 = DIRECTION('',(0.,0.,1.));
#866 = DIRECTION('',(1.,0.,-0.));
#867 = ADVANCED_FACE('',(#868,#879,#890,#901,#912,#923,#934,#945,#956,
    #967,#978,#989,#1000,#1011,#1022,#1033,#1044,#1055,#1066,#1077,#1088
    ,#1099,#1110,#1121,#1132,#1143,#1154,#1165,#1176,#1187,#1198,#1209,
    #1220,#1231,#1242,#1253,#1264,#1275,#1286,#1297,#1308,#1319,#1330,
    #1341,#1352,#1363,#1374,#1385,#1396,#1407,#1418,#1429),#1440,.T.);
#868 = FACE_BOUND('',#869,.T.);
#869 = EDGE_LOOP('',(#870,#871,#872,#878));
#870 = ORIENTED_EDGE('',*,*,#201,.T.);
#871 = ORIENTED_EDGE('',*,*,#263,.T.);
#872 = ORIENTED_EDGE('',*,*,#873,.T.);
#873 = EDGE_CURVE('',#264,#234,#874,.T.);
#874 = LINE('',#875,#876);
#875 = CARTESIAN_POINT('',(911.,310.,9.));
#876 = VECTOR('',#877,1.);
#877 = DIRECTION('',(-1.,0.,0.));
#878 = ORIENTED_EDGE('',*,*,#241,.T.);
#879 = FACE_BOUND('',#880,.T.);
#880 = EDGE_LOOP('',(#881));
#881 = ORIENTED_EDGE('',*,*,#882,.F.);
#882 = EDGE_CURVE('',#883,#883,#885,.T.);
#883 = VERTEX_POINT('',#884);
#884 = CARTESIAN_POINT('',(27.,6.,9.));
#885 = CIRCLE('',#886,2.);
#886 = AXIS2_PLACEMENT_3D('',#887,#888,#889);
#887 = CARTESIAN_POINT('',(25.,6.,9.));
#888 = DIRECTION('',(0.,0.,1.));
#889 = DIRECTION('',(1.,0.,-0.));
#890 = FACE_BOUND('',#891,.T.);
#891 = EDGE_LOOP('',(#892));
#892 = ORIENTED_EDGE('',*,*,#893,.F.);
#893 = EDGE_CURVE('',#894,#894,#896,.T.);
#894 = VERTEX_POINT('',#895);
#895 = CARTESIAN_POINT('',(28.2,26.5,9.));
#896 = CIRCLE('',#897,1.7);
#897 = AXIS2_PLACEMENT_3D('',#898,#899,#900);
#898 = CARTESIAN_POINT('',(26.5,26.5,9.));
#899 = DIRECTION('',(0.,0.,1.));
#900 = DIRECTION('',(1.,0.,-0.));
#901 = FACE_BOUND('',#902,.T.);
#902 = EDGE_LOOP('',(#903));
#903 = ORIENTED_EDGE('',*,*,#904,.F.);
#904 = EDGE_CURVE('',#905,#905,#907,.T.);
#905 = VERTEX_POINT('',#906);
#906 = CARTESIAN_POINT('',(8.,37.,9.));
#907 = CIRCLE('',#908,2.);
#908 = AXIS2_PLACEMENT_3D('',#909,#910,#911);
#909 = CARTESIAN_POINT('',(6.,37.,9.));
#910 = DIRECTION('',(0.,0.,1.));
#911 = DIRECTION('',(1.,0.,-0.));
#912 = FACE_BOUND('',#913,.T.);
#913 = EDGE_LOOP('',(#914));
#914 = ORIENTED_EDGE('',*,*,#915,.F.);
#915 = EDGE_CURVE('',#916,#916,#918,.T.);
#916 = VERTEX_POINT('',#917);
#917 = CARTESIAN_POINT('',(170.5,6.,9.));
#918 = CIRCLE('',#919,2.);
#919 = AXIS2_PLACEMENT_3D('',#920,#921,#922);
#920 = CARTESIAN_POINT('',(168.5,6.,9.));
#921 = DIRECTION('',(0.,0.,1.));
#922 = DIRECTION('',(1.,0.,-0.));
#923 = FACE_BOUND('',#924,.T.);
#924 = EDGE_LOOP('',(#925));
#925 = ORIENTED_EDGE('',*,*,#926,.F.);
#926 = EDGE_CURVE('',#927,#927,#929,.T.);
#927 = VERTEX_POINT('',#928);
#928 = CARTESIAN_POINT('',(173.2,26.5,9.));
#929 = CIRCLE('',#930,1.7);
#930 = AXIS2_PLACEMENT_3D('',#931,#932,#933);
#931 = CARTESIAN_POINT('',(171.5,26.5,9.));
#932 = DIRECTION('',(0.,0.,1.));
#933 = DIRECTION('',(1.,0.,-0.));
#934 = FACE_BOUND('',#935,.T.);
#935 = EDGE_LOOP('',(#936));
#936 = ORIENTED_EDGE('',*,*,#937,.F.);
#937 = EDGE_CURVE('',#938,#938,#940,.T.);
#938 = VERTEX_POINT('',#939);
#939 = CARTESIAN_POINT('',(194.,37.,9.));
#940 = CIRCLE('',#941,2.);
#941 = AXIS2_PLACEMENT_3D('',#942,#943,#944);
#942 = CARTESIAN_POINT('',(192.,37.,9.));
#943 = DIRECTION('',(0.,0.,1.));
#944 = DIRECTION('',(1.,0.,-0.));
#945 = FACE_BOUND('',#946,.T.);
#946 = EDGE_LOOP('',(#947));
#947 = ORIENTED_EDGE('',*,*,#948,.F.);
#948 = EDGE_CURVE('',#949,#949,#951,.T.);
#949 = VERTEX_POINT('',#950);
#950 = CARTESIAN_POINT('',(314.,6.,9.));
#951 = CIRCLE('',#952,2.);
#952 = AXIS2_PLACEMENT_3D('',#953,#954,#955);
#953 = CARTESIAN_POINT('',(312.,6.,9.));
#954 = DIRECTION('',(0.,0.,1.));
#955 = DIRECTION('',(1.,0.,-0.));
#956 = FACE_BOUND('',#957,.T.);
#957 = EDGE_LOOP('',(#958));
#958 = ORIENTED_EDGE('',*,*,#959,.F.);
#959 = EDGE_CURVE('',#960,#960,#962,.T.);
#960 = VERTEX_POINT('',#961);
#961 = CARTESIAN_POINT('',(224.15,86.5,9.));
#962 = CIRCLE('',#963,2.5);
#963 = AXIS2_PLACEMENT_3D('',#964,#965,#966);
#964 = CARTESIAN_POINT('',(221.65,86.5,9.));
#965 = DIRECTION('',(0.,0.,1.));
#966 = DIRECTION('',(1.,0.,-0.));
#967 = FACE_BOUND('',#968,.T.);
#968 = EDGE_LOOP('',(#969));
#969 = ORIENTED_EDGE('',*,*,#970,.F.);
#970 = EDGE_CURVE('',#971,#971,#973,.T.);
#971 = VERTEX_POINT('',#972);
#972 = CARTESIAN_POINT('',(361.22,86.5,9.));
#973 = CIRCLE('',#974,2.5);
#974 = AXIS2_PLACEMENT_3D('',#975,#976,#977);
#975 = CARTESIAN_POINT('',(358.72,86.5,9.));
#976 = DIRECTION('',(0.,0.,1.));
#977 = DIRECTION('',(1.,0.,-0.));
#978 = FACE_BOUND('',#979,.T.);
#979 = EDGE_LOOP('',(#980));
#980 = ORIENTED_EDGE('',*,*,#981,.F.);
#981 = EDGE_CURVE('',#982,#982,#984,.T.);
#982 = VERTEX_POINT('',#983);
#983 = CARTESIAN_POINT('',(392.,86.5,9.));
#984 = CIRCLE('',#985,2.);
#985 = AXIS2_PLACEMENT_3D('',#986,#987,#988);
#986 = CARTESIAN_POINT('',(390.,86.5,9.));
#987 = DIRECTION('',(0.,0.,1.));
#988 = DIRECTION('',(1.,0.,-0.));
#989 = FACE_BOUND('',#990,.T.);
#990 = EDGE_LOOP('',(#991));
#991 = ORIENTED_EDGE('',*,*,#992,.F.);
#992 = EDGE_CURVE('',#993,#993,#995,.T.);
#993 = VERTEX_POINT('',#994);
#994 = CARTESIAN_POINT('',(457.5,6.,9.));
#995 = CIRCLE('',#996,2.);
#996 = AXIS2_PLACEMENT_3D('',#997,#998,#999);
#997 = CARTESIAN_POINT('',(455.5,6.,9.));
#998 = DIRECTION('',(0.,0.,1.));
#999 = DIRECTION('',(1.,0.,-0.));
#1000 = FACE_BOUND('',#1001,.T.);
#1001 = EDGE_LOOP('',(#1002));
#1002 = ORIENTED_EDGE('',*,*,#1003,.F.);
#1003 = EDGE_CURVE('',#1004,#1004,#1006,.T.);
#1004 = VERTEX_POINT('',#1005);
#1005 = CARTESIAN_POINT('',(601.,6.,9.));
#1006 = CIRCLE('',#1007,2.);
#1007 = AXIS2_PLACEMENT_3D('',#1008,#1009,#1010);
#1008 = CARTESIAN_POINT('',(599.,6.,9.));
#1009 = DIRECTION('',(0.,0.,1.));
#1010 = DIRECTION('',(1.,0.,-0.));
#1011 = FACE_BOUND('',#1012,.T.);
#1012 = EDGE_LOOP('',(#1013));
#1013 = ORIENTED_EDGE('',*,*,#1014,.F.);
#1014 = EDGE_CURVE('',#1015,#1015,#1017,.T.);
#1015 = VERTEX_POINT('',#1016);
#1016 = CARTESIAN_POINT('',(744.5,6.,9.));
#1017 = CIRCLE('',#1018,2.);
#1018 = AXIS2_PLACEMENT_3D('',#1019,#1020,#1021);
#1019 = CARTESIAN_POINT('',(742.5,6.,9.));
#1020 = DIRECTION('',(0.,0.,1.));
#1021 = DIRECTION('',(1.,0.,-0.));
#1022 = FACE_BOUND('',#1023,.T.);
#1023 = EDGE_LOOP('',(#1024));
#1024 = ORIENTED_EDGE('',*,*,#1025,.F.);
#1025 = EDGE_CURVE('',#1026,#1026,#1028,.T.);
#1026 = VERTEX_POINT('',#1027);
#1027 = CARTESIAN_POINT('',(888.,6.,9.));
#1028 = CIRCLE('',#1029,2.);
#1029 = AXIS2_PLACEMENT_3D('',#1030,#1031,#1032);
#1030 = CARTESIAN_POINT('',(886.,6.,9.));
#1031 = DIRECTION('',(0.,0.,1.));
#1032 = DIRECTION('',(1.,0.,-0.));
#1033 = FACE_BOUND('',#1034,.T.);
#1034 = EDGE_LOOP('',(#1035));
#1035 = ORIENTED_EDGE('',*,*,#1036,.F.);
#1036 = EDGE_CURVE('',#1037,#1037,#1039,.T.);
#1037 = VERTEX_POINT('',#1038);
#1038 = CARTESIAN_POINT('',(895.,37.,9.));
#1039 = CIRCLE('',#1040,2.);
#1040 = AXIS2_PLACEMENT_3D('',#1041,#1042,#1043);
#1041 = CARTESIAN_POINT('',(893.,37.,9.));
#1042 = DIRECTION('',(0.,0.,1.));
#1043 = DIRECTION('',(1.,0.,-0.));
#1044 = FACE_BOUND('',#1045,.T.);
#1045 = EDGE_LOOP('',(#1046));
#1046 = ORIENTED_EDGE('',*,*,#1047,.F.);
#1047 = EDGE_CURVE('',#1048,#1048,#1050,.T.);
#1048 = VERTEX_POINT('',#1049);
#1049 = CARTESIAN_POINT('',(907.,37.,9.));
#1050 = CIRCLE('',#1051,2.);
#1051 = AXIS2_PLACEMENT_3D('',#1052,#1053,#1054);
#1052 = CARTESIAN_POINT('',(905.,37.,9.));
#1053 = DIRECTION('',(0.,0.,1.));
#1054 = DIRECTION('',(1.,0.,-0.));
#1055 = FACE_BOUND('',#1056,.T.);
#1056 = EDGE_LOOP('',(#1057));
#1057 = ORIENTED_EDGE('',*,*,#1058,.F.);
#1058 = EDGE_CURVE('',#1059,#1059,#1061,.T.);
#1059 = VERTEX_POINT('',#1060);
#1060 = CARTESIAN_POINT('',(526.11,86.5,9.));
#1061 = CIRCLE('',#1062,2.5);
#1062 = AXIS2_PLACEMENT_3D('',#1063,#1064,#1065);
#1063 = CARTESIAN_POINT('',(523.61,86.5,9.));
#1064 = DIRECTION('',(0.,0.,1.));
#1065 = DIRECTION('',(1.,0.,-0.));
#1066 = FACE_BOUND('',#1067,.T.);
#1067 = EDGE_LOOP('',(#1068));
#1068 = ORIENTED_EDGE('',*,*,#1069,.F.);
#1069 = EDGE_CURVE('',#1070,#1070,#1072,.T.);
#1070 = VERTEX_POINT('',#1071);
#1071 = CARTESIAN_POINT('',(705.7,86.5,9.));
#1072 = CIRCLE('',#1073,2.5);
#1073 = AXIS2_PLACEMENT_3D('',#1074,#1075,#1076);
#1074 = CARTESIAN_POINT('',(703.2,86.5,9.));
#1075 = DIRECTION('',(0.,0.,1.));
#1076 = DIRECTION('',(1.,0.,-0.));
#1077 = FACE_BOUND('',#1078,.T.);
#1078 = EDGE_LOOP('',(#1079));
#1079 = ORIENTED_EDGE('',*,*,#1080,.F.);
#1080 = EDGE_CURVE('',#1081,#1081,#1083,.T.);
#1081 = VERTEX_POINT('',#1082);
#1082 = CARTESIAN_POINT('',(870.9,86.5,9.));
#1083 = CIRCLE('',#1084,2.5);
#1084 = AXIS2_PLACEMENT_3D('',#1085,#1086,#1087);
#1085 = CARTESIAN_POINT('',(868.4,86.5,9.));
#1086 = DIRECTION('',(0.,0.,1.));
#1087 = DIRECTION('',(1.,0.,-0.));
#1088 = FACE_BOUND('',#1089,.T.);
#1089 = EDGE_LOOP('',(#1090));
#1090 = ORIENTED_EDGE('',*,*,#1091,.F.);
#1091 = EDGE_CURVE('',#1092,#1092,#1094,.T.);
#1092 = VERTEX_POINT('',#1093);
#1093 = CARTESIAN_POINT('',(8.,155.,9.));
#1094 = CIRCLE('',#1095,2.);
#1095 = AXIS2_PLACEMENT_3D('',#1096,#1097,#1098);
#1096 = CARTESIAN_POINT('',(6.,155.,9.));
#1097 = DIRECTION('',(0.,0.,1.));
#1098 = DIRECTION('',(1.,0.,-0.));
#1099 = FACE_BOUND('',#1100,.T.);
#1100 = EDGE_LOOP('',(#1101));
#1101 = ORIENTED_EDGE('',*,*,#1102,.F.);
#1102 = EDGE_CURVE('',#1103,#1103,#1105,.T.);
#1103 = VERTEX_POINT('',#1104);
#1104 = CARTESIAN_POINT('',(194.,155.,9.));
#1105 = CIRCLE('',#1106,2.);
#1106 = AXIS2_PLACEMENT_3D('',#1107,#1108,#1109);
#1107 = CARTESIAN_POINT('',(192.,155.,9.));
#1108 = DIRECTION('',(0.,0.,1.));
#1109 = DIRECTION('',(1.,0.,-0.));
#1110 = FACE_BOUND('',#1111,.T.);
#1111 = EDGE_LOOP('',(#1112));
#1112 = ORIENTED_EDGE('',*,*,#1113,.F.);
#1113 = EDGE_CURVE('',#1114,#1114,#1116,.T.);
#1114 = VERTEX_POINT('',#1115);
#1115 = CARTESIAN_POINT('',(224.15,162.,9.));
#1116 = CIRCLE('',#1117,2.5);
#1117 = AXIS2_PLACEMENT_3D('',#1118,#1119,#1120);
#1118 = CARTESIAN_POINT('',(221.65,162.,9.));
#1119 = DIRECTION('',(0.,0.,1.));
#1120 = DIRECTION('',(1.,0.,-0.));
#1121 = FACE_BOUND('',#1122,.T.);
#1122 = EDGE_LOOP('',(#1123));
#1123 = ORIENTED_EDGE('',*,*,#1124,.F.);
#1124 = EDGE_CURVE('',#1125,#1125,#1127,.T.);
#1125 = VERTEX_POINT('',#1126);
#1126 = CARTESIAN_POINT('',(212.7,183.,9.));
#1127 = CIRCLE('',#1128,1.7);
#1128 = AXIS2_PLACEMENT_3D('',#1129,#1130,#1131);
#1129 = CARTESIAN_POINT('',(211.,183.,9.));
#1130 = DIRECTION('',(0.,0.,1.));
#1131 = DIRECTION('',(1.,0.,-0.));
#1132 = FACE_BOUND('',#1133,.T.);
#1133 = EDGE_LOOP('',(#1134));
#1134 = ORIENTED_EDGE('',*,*,#1135,.F.);
#1135 = EDGE_CURVE('',#1136,#1136,#1138,.T.);
#1136 = VERTEX_POINT('',#1137);
#1137 = CARTESIAN_POINT('',(307.3,183.,9.));
#1138 = CIRCLE('',#1139,1.7);
#1139 = AXIS2_PLACEMENT_3D('',#1140,#1141,#1142);
#1140 = CARTESIAN_POINT('',(305.6,183.,9.));
#1141 = DIRECTION('',(0.,0.,1.));
#1142 = DIRECTION('',(1.,0.,-0.));
#1143 = FACE_BOUND('',#1144,.T.);
#1144 = EDGE_LOOP('',(#1145));
#1145 = ORIENTED_EDGE('',*,*,#1146,.F.);
#1146 = EDGE_CURVE('',#1147,#1147,#1149,.T.);
#1147 = VERTEX_POINT('',#1148);
#1148 = CARTESIAN_POINT('',(361.22,162.,9.));
#1149 = CIRCLE('',#1150,2.5);
#1150 = AXIS2_PLACEMENT_3D('',#1151,#1152,#1153);
#1151 = CARTESIAN_POINT('',(358.72,162.,9.));
#1152 = DIRECTION('',(0.,0.,1.));
#1153 = DIRECTION('',(1.,0.,-0.));
#1154 = FACE_BOUND('',#1155,.T.);
#1155 = EDGE_LOOP('',(#1156));
#1156 = ORIENTED_EDGE('',*,*,#1157,.F.);
#1157 = EDGE_CURVE('',#1158,#1158,#1160,.T.);
#1158 = VERTEX_POINT('',#1159);
#1159 = CARTESIAN_POINT('',(392.,162.,9.));
#1160 = CIRCLE('',#1161,2.);
#1161 = AXIS2_PLACEMENT_3D('',#1162,#1163,#1164);
#1162 = CARTESIAN_POINT('',(390.,162.,9.));
#1163 = DIRECTION('',(0.,0.,1.));
#1164 = DIRECTION('',(1.,0.,-0.));
#1165 = FACE_BOUND('',#1166,.T.);
#1166 = EDGE_LOOP('',(#1167));
#1167 = ORIENTED_EDGE('',*,*,#1168,.F.);
#1168 = EDGE_CURVE('',#1169,#1169,#1171,.T.);
#1169 = VERTEX_POINT('',#1170);
#1170 = CARTESIAN_POINT('',(362.7,183.,9.));
#1171 = CIRCLE('',#1172,1.7);
#1172 = AXIS2_PLACEMENT_3D('',#1173,#1174,#1175);
#1173 = CARTESIAN_POINT('',(361.,183.,9.));
#1174 = DIRECTION('',(0.,0.,1.));
#1175 = DIRECTION('',(1.,0.,-0.));
#1176 = FACE_BOUND('',#1177,.T.);
#1177 = EDGE_LOOP('',(#1178));
#1178 = ORIENTED_EDGE('',*,*,#1179,.F.);
#1179 = EDGE_CURVE('',#1180,#1180,#1182,.T.);
#1180 = VERTEX_POINT('',#1181);
#1181 = CARTESIAN_POINT('',(381.51,198.81,9.));
#1182 = CIRCLE('',#1183,1.7);
#1183 = AXIS2_PLACEMENT_3D('',#1184,#1185,#1186);
#1184 = CARTESIAN_POINT('',(379.81,198.81,9.));
#1185 = DIRECTION('',(0.,0.,1.));
#1186 = DIRECTION('',(1.,0.,-0.));
#1187 = FACE_BOUND('',#1188,.T.);
#1188 = EDGE_LOOP('',(#1189));
#1189 = ORIENTED_EDGE('',*,*,#1190,.F.);
#1190 = EDGE_CURVE('',#1191,#1191,#1193,.T.);
#1191 = VERTEX_POINT('',#1192);
#1192 = CARTESIAN_POINT('',(28.2,231.5,9.));
#1193 = CIRCLE('',#1194,1.7);
#1194 = AXIS2_PLACEMENT_3D('',#1195,#1196,#1197);
#1195 = CARTESIAN_POINT('',(26.5,231.5,9.));
#1196 = DIRECTION('',(0.,0.,1.));
#1197 = DIRECTION('',(1.,0.,-0.));
#1198 = FACE_BOUND('',#1199,.T.);
#1199 = EDGE_LOOP('',(#1200));
#1200 = ORIENTED_EDGE('',*,*,#1201,.F.);
#1201 = EDGE_CURVE('',#1202,#1202,#1204,.T.);
#1202 = VERTEX_POINT('',#1203);
#1203 = CARTESIAN_POINT('',(173.2,231.5,9.));
#1204 = CIRCLE('',#1205,1.7);
#1205 = AXIS2_PLACEMENT_3D('',#1206,#1207,#1208);
#1206 = CARTESIAN_POINT('',(171.5,231.5,9.));
#1207 = DIRECTION('',(0.,0.,1.));
#1208 = DIRECTION('',(1.,0.,-0.));
#1209 = FACE_BOUND('',#1210,.T.);
#1210 = EDGE_LOOP('',(#1211));
#1211 = ORIENTED_EDGE('',*,*,#1212,.F.);
#1212 = EDGE_CURVE('',#1213,#1213,#1215,.T.);
#1213 = VERTEX_POINT('',#1214);
#1214 = CARTESIAN_POINT('',(8.,273.,9.));
#1215 = CIRCLE('',#1216,2.);
#1216 = AXIS2_PLACEMENT_3D('',#1217,#1218,#1219);
#1217 = CARTESIAN_POINT('',(6.,273.,9.));
#1218 = DIRECTION('',(0.,0.,1.));
#1219 = DIRECTION('',(1.,0.,-0.));
#1220 = FACE_BOUND('',#1221,.T.);
#1221 = EDGE_LOOP('',(#1222));
#1222 = ORIENTED_EDGE('',*,*,#1223,.F.);
#1223 = EDGE_CURVE('',#1224,#1224,#1226,.T.);
#1224 = VERTEX_POINT('',#1225);
#1225 = CARTESIAN_POINT('',(27.,304.,9.));
#1226 = CIRCLE('',#1227,2.);
#1227 = AXIS2_PLACEMENT_3D('',#1228,#1229,#1230);
#1228 = CARTESIAN_POINT('',(25.,304.,9.));
#1229 = DIRECTION('',(0.,0.,1.));
#1230 = DIRECTION('',(1.,0.,-0.));
#1231 = FACE_BOUND('',#1232,.T.);
#1232 = EDGE_LOOP('',(#1233));
#1233 = ORIENTED_EDGE('',*,*,#1234,.F.);
#1234 = EDGE_CURVE('',#1235,#1235,#1237,.T.);
#1235 = VERTEX_POINT('',#1236);
#1236 = CARTESIAN_POINT('',(212.7,283.,9.));
#1237 = CIRCLE('',#1238,1.7);
#1238 = AXIS2_PLACEMENT_3D('',#1239,#1240,#1241);
#1239 = CARTESIAN_POINT('',(211.,283.,9.));
#1240 = DIRECTION('',(0.,0.,1.));
#1241 = DIRECTION('',(1.,0.,-0.));
#1242 = FACE_BOUND('',#1243,.T.);
#1243 = EDGE_LOOP('',(#1244));
#1244 = ORIENTED_EDGE('',*,*,#1245,.F.);
#1245 = EDGE_CURVE('',#1246,#1246,#1248,.T.);
#1246 = VERTEX_POINT('',#1247);
#1247 = CARTESIAN_POINT('',(170.5,304.,9.));
#1248 = CIRCLE('',#1249,2.);
#1249 = AXIS2_PLACEMENT_3D('',#1250,#1251,#1252);
#1250 = CARTESIAN_POINT('',(168.5,304.,9.));
#1251 = DIRECTION('',(0.,0.,1.));
#1252 = DIRECTION('',(1.,0.,-0.));
#1253 = FACE_BOUND('',#1254,.T.);
#1254 = EDGE_LOOP('',(#1255));
#1255 = ORIENTED_EDGE('',*,*,#1256,.F.);
#1256 = EDGE_CURVE('',#1257,#1257,#1259,.T.);
#1257 = VERTEX_POINT('',#1258);
#1258 = CARTESIAN_POINT('',(307.3,283.,9.));
#1259 = CIRCLE('',#1260,1.7);
#1260 = AXIS2_PLACEMENT_3D('',#1261,#1262,#1263);
#1261 = CARTESIAN_POINT('',(305.6,283.,9.));
#1262 = DIRECTION('',(0.,0.,1.));
#1263 = DIRECTION('',(1.,0.,-0.));
#1264 = FACE_BOUND('',#1265,.T.);
#1265 = EDGE_LOOP('',(#1266));
#1266 = ORIENTED_EDGE('',*,*,#1267,.F.);
#1267 = EDGE_CURVE('',#1268,#1268,#1270,.T.);
#1268 = VERTEX_POINT('',#1269);
#1269 = CARTESIAN_POINT('',(314.,304.,9.));
#1270 = CIRCLE('',#1271,2.);
#1271 = AXIS2_PLACEMENT_3D('',#1272,#1273,#1274);
#1272 = CARTESIAN_POINT('',(312.,304.,9.));
#1273 = DIRECTION('',(0.,0.,1.));
#1274 = DIRECTION('',(1.,0.,-0.));
#1275 = FACE_BOUND('',#1276,.T.);
#1276 = EDGE_LOOP('',(#1277));
#1277 = ORIENTED_EDGE('',*,*,#1278,.F.);
#1278 = EDGE_CURVE('',#1279,#1279,#1281,.T.);
#1279 = VERTEX_POINT('',#1280);
#1280 = CARTESIAN_POINT('',(381.51,271.2,9.));
#1281 = CIRCLE('',#1282,1.7);
#1282 = AXIS2_PLACEMENT_3D('',#1283,#1284,#1285);
#1283 = CARTESIAN_POINT('',(379.81,271.2,9.));
#1284 = DIRECTION('',(0.,0.,1.));
#1285 = DIRECTION('',(1.,0.,-0.));
#1286 = FACE_BOUND('',#1287,.T.);
#1287 = EDGE_LOOP('',(#1288));
#1288 = ORIENTED_EDGE('',*,*,#1289,.F.);
#1289 = EDGE_CURVE('',#1290,#1290,#1292,.T.);
#1290 = VERTEX_POINT('',#1291);
#1291 = CARTESIAN_POINT('',(362.7,283.,9.));
#1292 = CIRCLE('',#1293,1.7);
#1293 = AXIS2_PLACEMENT_3D('',#1294,#1295,#1296);
#1294 = CARTESIAN_POINT('',(361.,283.,9.));
#1295 = DIRECTION('',(0.,0.,1.));
#1296 = DIRECTION('',(1.,0.,-0.));
#1297 = FACE_BOUND('',#1298,.T.);
#1298 = EDGE_LOOP('',(#1299));
#1299 = ORIENTED_EDGE('',*,*,#1300,.F.);
#1300 = EDGE_CURVE('',#1301,#1301,#1303,.T.);
#1301 = VERTEX_POINT('',#1302);
#1302 = CARTESIAN_POINT('',(526.11,162.,9.));
#1303 = CIRCLE('',#1304,2.5);
#1304 = AXIS2_PLACEMENT_3D('',#1305,#1306,#1307);
#1305 = CARTESIAN_POINT('',(523.61,162.,9.));
#1306 = DIRECTION('',(0.,0.,1.));
#1307 = DIRECTION('',(1.,0.,-0.));
#1308 = FACE_BOUND('',#1309,.T.);
#1309 = EDGE_LOOP('',(#1310));
#1310 = ORIENTED_EDGE('',*,*,#1311,.F.);
#1311 = EDGE_CURVE('',#1312,#1312,#1314,.T.);
#1312 = VERTEX_POINT('',#1313);
#1313 = CARTESIAN_POINT('',(499.62,198.81,9.));
#1314 = CIRCLE('',#1315,1.7);
#1315 = AXIS2_PLACEMENT_3D('',#1316,#1317,#1318);
#1316 = CARTESIAN_POINT('',(497.92,198.81,9.));
#1317 = DIRECTION('',(0.,0.,1.));
#1318 = DIRECTION('',(1.,0.,-0.));
#1319 = FACE_BOUND('',#1320,.T.);
#1320 = EDGE_LOOP('',(#1321));
#1321 = ORIENTED_EDGE('',*,*,#1322,.F.);
#1322 = EDGE_CURVE('',#1323,#1323,#1325,.T.);
#1323 = VERTEX_POINT('',#1324);
#1324 = CARTESIAN_POINT('',(705.7,162.,9.));
#1325 = CIRCLE('',#1326,2.5);
#1326 = AXIS2_PLACEMENT_3D('',#1327,#1328,#1329);
#1327 = CARTESIAN_POINT('',(703.2,162.,9.));
#1328 = DIRECTION('',(0.,0.,1.));
#1329 = DIRECTION('',(1.,0.,-0.));
#1330 = FACE_BOUND('',#1331,.T.);
#1331 = EDGE_LOOP('',(#1332));
#1332 = ORIENTED_EDGE('',*,*,#1333,.F.);
#1333 = EDGE_CURVE('',#1334,#1334,#1336,.T.);
#1334 = VERTEX_POINT('',#1335);
#1335 = CARTESIAN_POINT('',(870.9,162.,9.));
#1336 = CIRCLE('',#1337,2.5);
#1337 = AXIS2_PLACEMENT_3D('',#1338,#1339,#1340);
#1338 = CARTESIAN_POINT('',(868.4,162.,9.));
#1339 = DIRECTION('',(0.,0.,1.));
#1340 = DIRECTION('',(1.,0.,-0.));
#1341 = FACE_BOUND('',#1342,.T.);
#1342 = EDGE_LOOP('',(#1343));
#1343 = ORIENTED_EDGE('',*,*,#1344,.F.);
#1344 = EDGE_CURVE('',#1345,#1345,#1347,.T.);
#1345 = VERTEX_POINT('',#1346);
#1346 = CARTESIAN_POINT('',(895.,155.,9.));
#1347 = CIRCLE('',#1348,2.);
#1348 = AXIS2_PLACEMENT_3D('',#1349,#1350,#1351);
#1349 = CARTESIAN_POINT('',(893.,155.,9.));
#1350 = DIRECTION('',(0.,0.,1.));
#1351 = DIRECTION('',(1.,0.,-0.));
#1352 = FACE_BOUND('',#1353,.T.);
#1353 = EDGE_LOOP('',(#1354));
#1354 = ORIENTED_EDGE('',*,*,#1355,.F.);
#1355 = EDGE_CURVE('',#1356,#1356,#1358,.T.);
#1356 = VERTEX_POINT('',#1357);
#1357 = CARTESIAN_POINT('',(907.,155.,9.));
#1358 = CIRCLE('',#1359,2.);
#1359 = AXIS2_PLACEMENT_3D('',#1360,#1361,#1362);
#1360 = CARTESIAN_POINT('',(905.,155.,9.));
#1361 = DIRECTION('',(0.,0.,1.));
#1362 = DIRECTION('',(1.,0.,-0.));
#1363 = FACE_BOUND('',#1364,.T.);
#1364 = EDGE_LOOP('',(#1365));
#1365 = ORIENTED_EDGE('',*,*,#1366,.F.);
#1366 = EDGE_CURVE('',#1367,#1367,#1369,.T.);
#1367 = VERTEX_POINT('',#1368);
#1368 = CARTESIAN_POINT('',(499.62,271.2,9.));
#1369 = CIRCLE('',#1370,1.7);
#1370 = AXIS2_PLACEMENT_3D('',#1371,#1372,#1373);
#1371 = CARTESIAN_POINT('',(497.92,271.2,9.));
#1372 = DIRECTION('',(0.,0.,1.));
#1373 = DIRECTION('',(1.,0.,-0.));
#1374 = FACE_BOUND('',#1375,.T.);
#1375 = EDGE_LOOP('',(#1376));
#1376 = ORIENTED_EDGE('',*,*,#1377,.F.);
#1377 = EDGE_CURVE('',#1378,#1378,#1380,.T.);
#1378 = VERTEX_POINT('',#1379);
#1379 = CARTESIAN_POINT('',(457.5,304.,9.));
#1380 = CIRCLE('',#1381,2.);
#1381 = AXIS2_PLACEMENT_3D('',#1382,#1383,#1384);
#1382 = CARTESIAN_POINT('',(455.5,304.,9.));
#1383 = DIRECTION('',(0.,0.,1.));
#1384 = DIRECTION('',(1.,0.,-0.));
#1385 = FACE_BOUND('',#1386,.T.);
#1386 = EDGE_LOOP('',(#1387));
#1387 = ORIENTED_EDGE('',*,*,#1388,.F.);
#1388 = EDGE_CURVE('',#1389,#1389,#1391,.T.);
#1389 = VERTEX_POINT('',#1390);
#1390 = CARTESIAN_POINT('',(601.,304.,9.));
#1391 = CIRCLE('',#1392,2.);
#1392 = AXIS2_PLACEMENT_3D('',#1393,#1394,#1395);
#1393 = CARTESIAN_POINT('',(599.,304.,9.));
#1394 = DIRECTION('',(0.,0.,1.));
#1395 = DIRECTION('',(1.,0.,-0.));
#1396 = FACE_BOUND('',#1397,.T.);
#1397 = EDGE_LOOP('',(#1398));
#1398 = ORIENTED_EDGE('',*,*,#1399,.F.);
#1399 = EDGE_CURVE('',#1400,#1400,#1402,.T.);
#1400 = VERTEX_POINT('',#1401);
#1401 = CARTESIAN_POINT('',(744.5,304.,9.));
#1402 = CIRCLE('',#1403,2.);
#1403 = AXIS2_PLACEMENT_3D('',#1404,#1405,#1406);
#1404 = CARTESIAN_POINT('',(742.5,304.,9.));
#1405 = DIRECTION('',(0.,0.,1.));
#1406 = DIRECTION('',(1.,0.,-0.));
#1407 = FACE_BOUND('',#1408,.T.);
#1408 = EDGE_LOOP('',(#1409));
#1409 = ORIENTED_EDGE('',*,*,#1410,.F.);
#1410 = EDGE_CURVE('',#1411,#1411,#1413,.T.);
#1411 = VERTEX_POINT('',#1412);
#1412 = CARTESIAN_POINT('',(895.,273.,9.));
#1413 = CIRCLE('',#1414,2.);
#1414 = AXIS2_PLACEMENT_3D('',#1415,#1416,#1417);
#1415 = CARTESIAN_POINT('',(893.,273.,9.));
#1416 = DIRECTION('',(0.,0.,1.));
#1417 = DIRECTION('',(1.,0.,-0.));
#1418 = FACE_BOUND('',#1419,.T.);
#1419 = EDGE_LOOP('',(#1420));
#1420 = ORIENTED_EDGE('',*,*,#1421,.F.);
#1421 = EDGE_CURVE('',#1422,#1422,#1424,.T.);
#1422 = VERTEX_POINT('',#1423);
#1423 = CARTESIAN_POINT('',(907.,273.,9.));
#1424 = CIRCLE('',#1425,2.);
#1425 = AXIS2_PLACEMENT_3D('',#1426,#1427,#1428);
#1426 = CARTESIAN_POINT('',(905.,273.,9.));
#1427 = DIRECTION('',(0.,0.,1.));
#1428 = DIRECTION('',(1.,0.,-0.));
#1429 = FACE_BOUND('',#1430,.T.);
#1430 = EDGE_LOOP('',(#1431));
#1431 = ORIENTED_EDGE('',*,*,#1432,.F.);
#1432 = EDGE_CURVE('',#1433,#1433,#1435,.T.);
#1433 = VERTEX_POINT('',#1434);
#1434 = CARTESIAN_POINT('',(888.,304.,9.));
#1435 = CIRCLE('',#1436,2.);
#1436 = AXIS2_PLACEMENT_3D('',#1437,#1438,#1439);
#1437 = CARTESIAN_POINT('',(886.,304.,9.));
#1438 = DIRECTION('',(0.,0.,1.));
#1439 = DIRECTION('',(1.,0.,-0.));
#1440 = PLANE('',#1441);
#1441 = AXIS2_PLACEMENT_3D('',#1442,#1443,#1444);
#1442 = CARTESIAN_POINT('',(455.5,155.,9.));
#1443 = DIRECTION('',(0.,0.,1.));
#1444 = DIRECTION('',(1.,0.,-0.));
#1445 = ADVANCED_FACE('',(#1446),#1452,.F.);
#1446 = FACE_BOUND('',#1447,.F.);
#1447 = EDGE_LOOP('',(#1448,#1449,#1450,#1451));
#1448 = ORIENTED_EDGE('',*,*,#271,.T.);
#1449 = ORIENTED_EDGE('',*,*,#873,.T.);
#1450 = ORIENTED_EDGE('',*,*,#231,.F.);
#1451 = ORIENTED_EDGE('',*,*,#295,.F.);
#1452 = PLANE('',#1453);
#1453 = AXIS2_PLACEMENT_3D('',#1454,#1455,#1456);
#1454 = CARTESIAN_POINT('',(911.,310.,0.));
#1455 = DIRECTION('',(0.,-1.,0.));
#1456 = DIRECTION('',(-1.,0.,0.));
#1457 = ADVANCED_FACE('',(#1458),#1477,.F.);
#1458 = FACE_BOUND('',#1459,.F.);
#1459 = EDGE_LOOP('',(#1460,#1468,#1475,#1476));
#1460 = ORIENTED_EDGE('',*,*,#1461,.T.);
#1461 = EDGE_CURVE('',#305,#1462,#1464,.T.);
#1462 = VERTEX_POINT('',#1463);
#1463 = CARTESIAN_POINT('',(27.,6.,2.));
#1464 = LINE('',#1465,#1466);
#1465 = CARTESIAN_POINT('',(29.5,6.,-0.5));
#1466 = VECTOR('',#1467,1.);
#1467 = DIRECTION('',(-0.707106781187,1.731912112471E-16,0.707106781187)
  );
#1468 = ORIENTED_EDGE('',*,*,#1469,.F.);
#1469 = EDGE_CURVE('',#1462,#1462,#1470,.T.);
#1470 = CIRCLE('',#1471,2.);
#1471 = AXIS2_PLACEMENT_3D('',#1472,#1473,#1474);
#1472 = CARTESIAN_POINT('',(25.,6.,2.));
#1473 = DIRECTION('',(0.,0.,1.));
#1474 = DIRECTION('',(1.,0.,-0.));
#1475 = ORIENTED_EDGE('',*,*,#1461,.F.);
#1476 = ORIENTED_EDGE('',*,*,#304,.T.);
#1477 = CONICAL_SURFACE('',#1478,4.5,0.785398163397);
#1478 = AXIS2_PLACEMENT_3D('',#1479,#1480,#1481);
#1479 = CARTESIAN_POINT('',(25.,6.,-0.5));
#1480 = DIRECTION('',(-0.,-0.,-1.));
#1481 = DIRECTION('',(1.,0.,-0.));
#1482 = ADVANCED_FACE('',(#1483),#1502,.F.);
#1483 = FACE_BOUND('',#1484,.F.);
#1484 = EDGE_LOOP('',(#1485,#1493,#1500,#1501));
#1485 = ORIENTED_EDGE('',*,*,#1486,.T.);
#1486 = EDGE_CURVE('',#316,#1487,#1489,.T.);
#1487 = VERTEX_POINT('',#1488);
#1488 = CARTESIAN_POINT('',(28.2,26.5,1.55));
#1489 = LINE('',#1490,#1491);
#1490 = CARTESIAN_POINT('',(30.25,26.5,-0.5));
#1491 = VECTOR('',#1492,1.);
#1492 = DIRECTION('',(-0.707106781187,1.731912112471E-16,0.707106781187)
  );
#1493 = ORIENTED_EDGE('',*,*,#1494,.F.);
#1494 = EDGE_CURVE('',#1487,#1487,#1495,.T.);
#1495 = CIRCLE('',#1496,1.7);
#1496 = AXIS2_PLACEMENT_3D('',#1497,#1498,#1499);
#1497 = CARTESIAN_POINT('',(26.5,26.5,1.55));
#1498 = DIRECTION('',(0.,0.,1.));
#1499 = DIRECTION('',(1.,0.,-0.));
#1500 = ORIENTED_EDGE('',*,*,#1486,.F.);
#1501 = ORIENTED_EDGE('',*,*,#315,.T.);
#1502 = CONICAL_SURFACE('',#1503,3.75,0.785398163397);
#1503 = AXIS2_PLACEMENT_3D('',#1504,#1505,#1506);
#1504 = CARTESIAN_POINT('',(26.5,26.5,-0.5));
#1505 = DIRECTION('',(-0.,-0.,-1.));
#1506 = DIRECTION('',(1.,0.,-0.));
#1507 = ADVANCED_FACE('',(#1508),#1527,.F.);
#1508 = FACE_BOUND('',#1509,.F.);
#1509 = EDGE_LOOP('',(#1510,#1518,#1525,#1526));
#1510 = ORIENTED_EDGE('',*,*,#1511,.T.);
#1511 = EDGE_CURVE('',#327,#1512,#1514,.T.);
#1512 = VERTEX_POINT('',#1513);
#1513 = CARTESIAN_POINT('',(8.,37.,2.));
#1514 = LINE('',#1515,#1516);
#1515 = CARTESIAN_POINT('',(10.5,37.,-0.5));
#1516 = VECTOR('',#1517,1.);
#1517 = DIRECTION('',(-0.707106781187,1.731912112471E-16,0.707106781187)
  );
#1518 = ORIENTED_EDGE('',*,*,#1519,.F.);
#1519 = EDGE_CURVE('',#1512,#1512,#1520,.T.);
#1520 = CIRCLE('',#1521,2.);
#1521 = AXIS2_PLACEMENT_3D('',#1522,#1523,#1524);
#1522 = CARTESIAN_POINT('',(6.,37.,2.));
#1523 = DIRECTION('',(0.,0.,1.));
#1524 = DIRECTION('',(1.,0.,-0.));
#1525 = ORIENTED_EDGE('',*,*,#1511,.F.);
#1526 = ORIENTED_EDGE('',*,*,#326,.T.);
#1527 = CONICAL_SURFACE('',#1528,4.5,0.785398163397);
#1528 = AXIS2_PLACEMENT_3D('',#1529,#1530,#1531);
#1529 = CARTESIAN_POINT('',(6.,37.,-0.5));
#1530 = DIRECTION('',(-0.,-0.,-1.));
#1531 = DIRECTION('',(1.,0.,-0.));
#1532 = ADVANCED_FACE('',(#1533),#1552,.F.);
#1533 = FACE_BOUND('',#1534,.F.);
#1534 = EDGE_LOOP('',(#1535,#1543,#1550,#1551));
#1535 = ORIENTED_EDGE('',*,*,#1536,.T.);
#1536 = EDGE_CURVE('',#338,#1537,#1539,.T.);
#1537 = VERTEX_POINT('',#1538);
#1538 = CARTESIAN_POINT('',(170.5,6.,2.));
#1539 = LINE('',#1540,#1541);
#1540 = CARTESIAN_POINT('',(173.,6.,-0.5));
#1541 = VECTOR('',#1542,1.);
#1542 = DIRECTION('',(-0.707106781187,1.731912112471E-16,0.707106781187)
  );
#1543 = ORIENTED_EDGE('',*,*,#1544,.F.);
#1544 = EDGE_CURVE('',#1537,#1537,#1545,.T.);
#1545 = CIRCLE('',#1546,2.);
#1546 = AXIS2_PLACEMENT_3D('',#1547,#1548,#1549);
#1547 = CARTESIAN_POINT('',(168.5,6.,2.));
#1548 = DIRECTION('',(0.,0.,1.));
#1549 = DIRECTION('',(1.,0.,-0.));
#1550 = ORIENTED_EDGE('',*,*,#1536,.F.);
#1551 = ORIENTED_EDGE('',*,*,#337,.T.);
#1552 = CONICAL_SURFACE('',#1553,4.5,0.785398163397);
#1553 = AXIS2_PLACEMENT_3D('',#1554,#1555,#1556);
#1554 = CARTESIAN_POINT('',(168.5,6.,-0.5));
#1555 = DIRECTION('',(-0.,-0.,-1.));
#1556 = DIRECTION('',(1.,0.,-0.));
#1557 = ADVANCED_FACE('',(#1558),#1577,.F.);
#1558 = FACE_BOUND('',#1559,.F.);
#1559 = EDGE_LOOP('',(#1560,#1568,#1575,#1576));
#1560 = ORIENTED_EDGE('',*,*,#1561,.T.);
#1561 = EDGE_CURVE('',#349,#1562,#1564,.T.);
#1562 = VERTEX_POINT('',#1563);
#1563 = CARTESIAN_POINT('',(173.2,26.5,1.55));
#1564 = LINE('',#1565,#1566);
#1565 = CARTESIAN_POINT('',(175.25,26.5,-0.5));
#1566 = VECTOR('',#1567,1.);
#1567 = DIRECTION('',(-0.707106781187,1.731912112471E-16,0.707106781187)
  );
#1568 = ORIENTED_EDGE('',*,*,#1569,.F.);
#1569 = EDGE_CURVE('',#1562,#1562,#1570,.T.);
#1570 = CIRCLE('',#1571,1.7);
#1571 = AXIS2_PLACEMENT_3D('',#1572,#1573,#1574);
#1572 = CARTESIAN_POINT('',(171.5,26.5,1.55));
#1573 = DIRECTION('',(0.,0.,1.));
#1574 = DIRECTION('',(1.,0.,-0.));
#1575 = ORIENTED_EDGE('',*,*,#1561,.F.);
#1576 = ORIENTED_EDGE('',*,*,#348,.T.);
#1577 = CONICAL_SURFACE('',#1578,3.75,0.785398163397);
#1578 = AXIS2_PLACEMENT_3D('',#1579,#1580,#1581);
#1579 = CARTESIAN_POINT('',(171.5,26.5,-0.5));
#1580 = DIRECTION('',(-0.,-0.,-1.));
#1581 = DIRECTION('',(1.,0.,-0.));
#1582 = ADVANCED_FACE('',(#1583),#1602,.F.);
#1583 = FACE_BOUND('',#1584,.F.);
#1584 = EDGE_LOOP('',(#1585,#1593,#1600,#1601));
#1585 = ORIENTED_EDGE('',*,*,#1586,.T.);
#1586 = EDGE_CURVE('',#360,#1587,#1589,.T.);
#1587 = VERTEX_POINT('',#1588);
#1588 = CARTESIAN_POINT('',(194.,37.,2.));
#1589 = LINE('',#1590,#1591);
#1590 = CARTESIAN_POINT('',(196.5,37.,-0.5));
#1591 = VECTOR('',#1592,1.);
#1592 = DIRECTION('',(-0.707106781187,1.731912112471E-16,0.707106781187)
  );
#1593 = ORIENTED_EDGE('',*,*,#1594,.F.);
#1594 = EDGE_CURVE('',#1587,#1587,#1595,.T.);
#1595 = CIRCLE('',#1596,2.);
#1596 = AXIS2_PLACEMENT_3D('',#1597,#1598,#1599);
#1597 = CARTESIAN_POINT('',(192.,37.,2.));
#1598 = DIRECTION('',(0.,0.,1.));
#1599 = DIRECTION('',(1.,0.,-0.));
#1600 = ORIENTED_EDGE('',*,*,#1586,.F.);
#1601 = ORIENTED_EDGE('',*,*,#359,.T.);
#1602 = CONICAL_SURFACE('',#1603,4.5,0.785398163397);
#1603 = AXIS2_PLACEMENT_3D('',#1604,#1605,#1606);
#1604 = CARTESIAN_POINT('',(192.,37.,-0.5));
#1605 = DIRECTION('',(-0.,-0.,-1.));
#1606 = DIRECTION('',(1.,0.,-0.));
#1607 = ADVANCED_FACE('',(#1608),#1627,.F.);
#1608 = FACE_BOUND('',#1609,.F.);
#1609 = EDGE_LOOP('',(#1610,#1618,#1625,#1626));
#1610 = ORIENTED_EDGE('',*,*,#1611,.T.);
#1611 = EDGE_CURVE('',#371,#1612,#1614,.T.);
#1612 = VERTEX_POINT('',#1613);
#1613 = CARTESIAN_POINT('',(314.,6.,2.));
#1614 = LINE('',#1615,#1616);
#1615 = CARTESIAN_POINT('',(316.5,6.,-0.5));
#1616 = VECTOR('',#1617,1.);
#1617 = DIRECTION('',(-0.707106781187,1.731912112471E-16,0.707106781187)
  );
#1618 = ORIENTED_EDGE('',*,*,#1619,.F.);
#1619 = EDGE_CURVE('',#1612,#1612,#1620,.T.);
#1620 = CIRCLE('',#1621,2.);
#1621 = AXIS2_PLACEMENT_3D('',#1622,#1623,#1624);
#1622 = CARTESIAN_POINT('',(312.,6.,2.));
#1623 = DIRECTION('',(0.,0.,1.));
#1624 = DIRECTION('',(1.,0.,-0.));
#1625 = ORIENTED_EDGE('',*,*,#1611,.F.);
#1626 = ORIENTED_EDGE('',*,*,#370,.T.);
#1627 = CONICAL_SURFACE('',#1628,4.5,0.785398163397);
#1628 = AXIS2_PLACEMENT_3D('',#1629,#1630,#1631);
#1629 = CARTESIAN_POINT('',(312.,6.,-0.5));
#1630 = DIRECTION('',(-0.,-0.,-1.));
#1631 = DIRECTION('',(1.,0.,-0.));
#1632 = ADVANCED_FACE('',(#1633),#1652,.F.);
#1633 = FACE_BOUND('',#1634,.F.);
#1634 = EDGE_LOOP('',(#1635,#1643,#1650,#1651));
#1635 = ORIENTED_EDGE('',*,*,#1636,.T.);
#1636 = EDGE_CURVE('',#382,#1637,#1639,.T.);
#1637 = VERTEX_POINT('',#1638);
#1638 = CARTESIAN_POINT('',(224.15,86.5,2.5));
#1639 = LINE('',#1640,#1641);
#1640 = CARTESIAN_POINT('',(227.15,86.5,-0.5));
#1641 = VECTOR('',#1642,1.);
#1642 = DIRECTION('',(-0.707106781187,1.731912112471E-16,0.707106781187)
  );
#1643 = ORIENTED_EDGE('',*,*,#1644,.F.);
#1644 = EDGE_CURVE('',#1637,#1637,#1645,.T.);
#1645 = CIRCLE('',#1646,2.5);
#1646 = AXIS2_PLACEMENT_3D('',#1647,#1648,#1649);
#1647 = CARTESIAN_POINT('',(221.65,86.5,2.5));
#1648 = DIRECTION('',(0.,0.,1.));
#1649 = DIRECTION('',(1.,0.,-0.));
#1650 = ORIENTED_EDGE('',*,*,#1636,.F.);
#1651 = ORIENTED_EDGE('',*,*,#381,.T.);
#1652 = CONICAL_SURFACE('',#1653,5.5,0.785398163397);
#1653 = AXIS2_PLACEMENT_3D('',#1654,#1655,#1656);
#1654 = CARTESIAN_POINT('',(221.65,86.5,-0.5));
#1655 = DIRECTION('',(-0.,-0.,-1.));
#1656 = DIRECTION('',(1.,0.,-0.));
#1657 = ADVANCED_FACE('',(#1658),#1677,.F.);
#1658 = FACE_BOUND('',#1659,.F.);
#1659 = EDGE_LOOP('',(#1660,#1668,#1675,#1676));
#1660 = ORIENTED_EDGE('',*,*,#1661,.T.);
#1661 = EDGE_CURVE('',#393,#1662,#1664,.T.);
#1662 = VERTEX_POINT('',#1663);
#1663 = CARTESIAN_POINT('',(361.22,86.5,2.5));
#1664 = LINE('',#1665,#1666);
#1665 = CARTESIAN_POINT('',(364.22,86.5,-0.5));
#1666 = VECTOR('',#1667,1.);
#1667 = DIRECTION('',(-0.707106781187,1.731912112471E-16,0.707106781187)
  );
#1668 = ORIENTED_EDGE('',*,*,#1669,.F.);
#1669 = EDGE_CURVE('',#1662,#1662,#1670,.T.);
#1670 = CIRCLE('',#1671,2.5);
#1671 = AXIS2_PLACEMENT_3D('',#1672,#1673,#1674);
#1672 = CARTESIAN_POINT('',(358.72,86.5,2.5));
#1673 = DIRECTION('',(0.,0.,1.));
#1674 = DIRECTION('',(1.,0.,-0.));
#1675 = ORIENTED_EDGE('',*,*,#1661,.F.);
#1676 = ORIENTED_EDGE('',*,*,#392,.T.);
#1677 = CONICAL_SURFACE('',#1678,5.5,0.785398163397);
#1678 = AXIS2_PLACEMENT_3D('',#1679,#1680,#1681);
#1679 = CARTESIAN_POINT('',(358.72,86.5,-0.5));
#1680 = DIRECTION('',(-0.,-0.,-1.));
#1681 = DIRECTION('',(1.,0.,-0.));
#1682 = ADVANCED_FACE('',(#1683),#1702,.F.);
#1683 = FACE_BOUND('',#1684,.F.);
#1684 = EDGE_LOOP('',(#1685,#1693,#1700,#1701));
#1685 = ORIENTED_EDGE('',*,*,#1686,.T.);
#1686 = EDGE_CURVE('',#404,#1687,#1689,.T.);
#1687 = VERTEX_POINT('',#1688);
#1688 = CARTESIAN_POINT('',(392.,86.5,2.));
#1689 = LINE('',#1690,#1691);
#1690 = CARTESIAN_POINT('',(394.5,86.5,-0.5));
#1691 = VECTOR('',#1692,1.);
#1692 = DIRECTION('',(-0.707106781187,1.731912112471E-16,0.707106781187)
  );
#1693 = ORIENTED_EDGE('',*,*,#1694,.F.);
#1694 = EDGE_CURVE('',#1687,#1687,#1695,.T.);
#1695 = CIRCLE('',#1696,2.);
#1696 = AXIS2_PLACEMENT_3D('',#1697,#1698,#1699);
#1697 = CARTESIAN_POINT('',(390.,86.5,2.));
#1698 = DIRECTION('',(0.,0.,1.));
#1699 = DIRECTION('',(1.,0.,-0.));
#1700 = ORIENTED_EDGE('',*,*,#1686,.F.);
#1701 = ORIENTED_EDGE('',*,*,#403,.T.);
#1702 = CONICAL_SURFACE('',#1703,4.5,0.785398163397);
#1703 = AXIS2_PLACEMENT_3D('',#1704,#1705,#1706);
#1704 = CARTESIAN_POINT('',(390.,86.5,-0.5));
#1705 = DIRECTION('',(-0.,-0.,-1.));
#1706 = DIRECTION('',(1.,0.,-0.));
#1707 = ADVANCED_FACE('',(#1708),#1727,.F.);
#1708 = FACE_BOUND('',#1709,.F.);
#1709 = EDGE_LOOP('',(#1710,#1718,#1725,#1726));
#1710 = ORIENTED_EDGE('',*,*,#1711,.T.);
#1711 = EDGE_CURVE('',#415,#1712,#1714,.T.);
#1712 = VERTEX_POINT('',#1713);
#1713 = CARTESIAN_POINT('',(457.5,6.,2.));
#1714 = LINE('',#1715,#1716);
#1715 = CARTESIAN_POINT('',(460.,6.,-0.5));
#1716 = VECTOR('',#1717,1.);
#1717 = DIRECTION('',(-0.707106781187,1.731912112471E-16,0.707106781187)
  );
#1718 = ORIENTED_EDGE('',*,*,#1719,.F.);
#1719 = EDGE_CURVE('',#1712,#1712,#1720,.T.);
#1720 = CIRCLE('',#1721,2.);
#1721 = AXIS2_PLACEMENT_3D('',#1722,#1723,#1724);
#1722 = CARTESIAN_POINT('',(455.5,6.,2.));
#1723 = DIRECTION('',(0.,0.,1.));
#1724 = DIRECTION('',(1.,0.,-0.));
#1725 = ORIENTED_EDGE('',*,*,#1711,.F.);
#1726 = ORIENTED_EDGE('',*,*,#414,.T.);
#1727 = CONICAL_SURFACE('',#1728,4.5,0.785398163397);
#1728 = AXIS2_PLACEMENT_3D('',#1729,#1730,#1731);
#1729 = CARTESIAN_POINT('',(455.5,6.,-0.5));
#1730 = DIRECTION('',(-0.,-0.,-1.));
#1731 = DIRECTION('',(1.,0.,-0.));
#1732 = ADVANCED_FACE('',(#1733),#1752,.F.);
#1733 = FACE_BOUND('',#1734,.F.);
#1734 = EDGE_LOOP('',(#1735,#1743,#1750,#1751));
#1735 = ORIENTED_EDGE('',*,*,#1736,.T.);
#1736 = EDGE_CURVE('',#426,#1737,#1739,.T.);
#1737 = VERTEX_POINT('',#1738);
#1738 = CARTESIAN_POINT('',(601.,6.,2.));
#1739 = LINE('',#1740,#1741);
#1740 = CARTESIAN_POINT('',(603.5,6.,-0.5));
#1741 = VECTOR('',#1742,1.);
#1742 = DIRECTION('',(-0.707106781187,1.731912112471E-16,0.707106781187)
  );
#1743 = ORIENTED_EDGE('',*,*,#1744,.F.);
#1744 = EDGE_CURVE('',#1737,#1737,#1745,.T.);
#1745 = CIRCLE('',#1746,2.);
#1746 = AXIS2_PLACEMENT_3D('',#1747,#1748,#1749);
#1747 = CARTESIAN_POINT('',(599.,6.,2.));
#1748 = DIRECTION('',(0.,0.,1.));
#1749 = DIRECTION('',(1.,0.,-0.));
#1750 = ORIENTED_EDGE('',*,*,#1736,.F.);
#1751 = ORIENTED_EDGE('',*,*,#425,.T.);
#1752 = CONICAL_SURFACE('',#1753,4.5,0.785398163397);
#1753 = AXIS2_PLACEMENT_3D('',#1754,#1755,#1756);
#1754 = CARTESIAN_POINT('',(599.,6.,-0.5));
#1755 = DIRECTION('',(-0.,-0.,-1.));
#1756 = DIRECTION('',(1.,0.,-0.));
#1757 = ADVANCED_FACE('',(#1758),#1777,.F.);
#1758 = FACE_BOUND('',#1759,.F.);
#1759 = EDGE_LOOP('',(#1760,#1768,#1775,#1776));
#1760 = ORIENTED_EDGE('',*,*,#1761,.T.);
#1761 = EDGE_CURVE('',#437,#1762,#1764,.T.);
#1762 = VERTEX_POINT('',#1763);
#1763 = CARTESIAN_POINT('',(744.5,6.,2.));
#1764 = LINE('',#1765,#1766);
#1765 = CARTESIAN_POINT('',(747.,6.,-0.5));
#1766 = VECTOR('',#1767,1.);
#1767 = DIRECTION('',(-0.707106781187,1.731912112471E-16,0.707106781187)
  );
#1768 = ORIENTED_EDGE('',*,*,#1769,.F.);
#1769 = EDGE_CURVE('',#1762,#1762,#1770,.T.);
#1770 = CIRCLE('',#1771,2.);
#1771 = AXIS2_PLACEMENT_3D('',#1772,#1773,#1774);
#1772 = CARTESIAN_POINT('',(742.5,6.,2.));
#1773 = DIRECTION('',(0.,0.,1.));
#1774 = DIRECTION('',(1.,0.,-0.));
#1775 = ORIENTED_EDGE('',*,*,#1761,.F.);
#1776 = ORIENTED_EDGE('',*,*,#436,.T.);
#1777 = CONICAL_SURFACE('',#1778,4.5,0.785398163397);
#1778 = AXIS2_PLACEMENT_3D('',#1779,#1780,#1781);
#1779 = CARTESIAN_POINT('',(742.5,6.,-0.5));
#1780 = DIRECTION('',(-0.,-0.,-1.));
#1781 = DIRECTION('',(1.,0.,-0.));
#1782 = ADVANCED_FACE('',(#1783),#1802,.F.);
#1783 = FACE_BOUND('',#1784,.F.);
#1784 = EDGE_LOOP('',(#1785,#1793,#1800,#1801));
#1785 = ORIENTED_EDGE('',*,*,#1786,.T.);
#1786 = EDGE_CURVE('',#448,#1787,#1789,.T.);
#1787 = VERTEX_POINT('',#1788);
#1788 = CARTESIAN_POINT('',(888.,6.,2.));
#1789 = LINE('',#1790,#1791);
#1790 = CARTESIAN_POINT('',(890.5,6.,-0.5));
#1791 = VECTOR('',#1792,1.);
#1792 = DIRECTION('',(-0.707106781187,1.731912112471E-16,0.707106781187)
  );
#1793 = ORIENTED_EDGE('',*,*,#1794,.F.);
#1794 = EDGE_CURVE('',#1787,#1787,#1795,.T.);
#1795 = CIRCLE('',#1796,2.);
#1796 = AXIS2_PLACEMENT_3D('',#1797,#1798,#1799);
#1797 = CARTESIAN_POINT('',(886.,6.,2.));
#1798 = DIRECTION('',(0.,0.,1.));
#1799 = DIRECTION('',(1.,0.,-0.));
#1800 = ORIENTED_EDGE('',*,*,#1786,.F.);
#1801 = ORIENTED_EDGE('',*,*,#447,.T.);
#1802 = CONICAL_SURFACE('',#1803,4.5,0.785398163397);
#1803 = AXIS2_PLACEMENT_3D('',#1804,#1805,#1806);
#1804 = CARTESIAN_POINT('',(886.,6.,-0.5));
#1805 = DIRECTION('',(-0.,-0.,-1.));
#1806 = DIRECTION('',(1.,0.,-0.));
#1807 = ADVANCED_FACE('',(#1808),#1827,.F.);
#1808 = FACE_BOUND('',#1809,.F.);
#1809 = EDGE_LOOP('',(#1810,#1818,#1825,#1826));
#1810 = ORIENTED_EDGE('',*,*,#1811,.T.);
#1811 = EDGE_CURVE('',#459,#1812,#1814,.T.);
#1812 = VERTEX_POINT('',#1813);
#1813 = CARTESIAN_POINT('',(895.,37.,2.));
#1814 = LINE('',#1815,#1816);
#1815 = CARTESIAN_POINT('',(897.5,37.,-0.5));
#1816 = VECTOR('',#1817,1.);
#1817 = DIRECTION('',(-0.707106781187,1.731912112471E-16,0.707106781187)
  );
#1818 = ORIENTED_EDGE('',*,*,#1819,.F.);
#1819 = EDGE_CURVE('',#1812,#1812,#1820,.T.);
#1820 = CIRCLE('',#1821,2.);
#1821 = AXIS2_PLACEMENT_3D('',#1822,#1823,#1824);
#1822 = CARTESIAN_POINT('',(893.,37.,2.));
#1823 = DIRECTION('',(0.,0.,1.));
#1824 = DIRECTION('',(1.,0.,-0.));
#1825 = ORIENTED_EDGE('',*,*,#1811,.F.);
#1826 = ORIENTED_EDGE('',*,*,#458,.T.);
#1827 = CONICAL_SURFACE('',#1828,4.5,0.785398163397);
#1828 = AXIS2_PLACEMENT_3D('',#1829,#1830,#1831);
#1829 = CARTESIAN_POINT('',(893.,37.,-0.5));
#1830 = DIRECTION('',(-0.,-0.,-1.));
#1831 = DIRECTION('',(1.,0.,-0.));
#1832 = ADVANCED_FACE('',(#1833),#1852,.F.);
#1833 = FACE_BOUND('',#1834,.F.);
#1834 = EDGE_LOOP('',(#1835,#1843,#1850,#1851));
#1835 = ORIENTED_EDGE('',*,*,#1836,.T.);
#1836 = EDGE_CURVE('',#470,#1837,#1839,.T.);
#1837 = VERTEX_POINT('',#1838);
#1838 = CARTESIAN_POINT('',(907.,37.,2.));
#1839 = LINE('',#1840,#1841);
#1840 = CARTESIAN_POINT('',(909.5,37.,-0.5));
#1841 = VECTOR('',#1842,1.);
#1842 = DIRECTION('',(-0.707106781187,1.731912112471E-16,0.707106781187)
  );
#1843 = ORIENTED_EDGE('',*,*,#1844,.F.);
#1844 = EDGE_CURVE('',#1837,#1837,#1845,.T.);
#1845 = CIRCLE('',#1846,2.);
#1846 = AXIS2_PLACEMENT_3D('',#1847,#1848,#1849);
#1847 = CARTESIAN_POINT('',(905.,37.,2.));
#1848 = DIRECTION('',(0.,0.,1.));
#1849 = DIRECTION('',(1.,0.,-0.));
#1850 = ORIENTED_EDGE('',*,*,#1836,.F.);
#1851 = ORIENTED_EDGE('',*,*,#469,.T.);
#1852 = CONICAL_SURFACE('',#1853,4.5,0.785398163397);
#1853 = AXIS2_PLACEMENT_3D('',#1854,#1855,#1856);
#1854 = CARTESIAN_POINT('',(905.,37.,-0.5));
#1855 = DIRECTION('',(-0.,-0.,-1.));
#1856 = DIRECTION('',(1.,0.,-0.));
#1857 = ADVANCED_FACE('',(#1858),#1877,.F.);
#1858 = FACE_BOUND('',#1859,.F.);
#1859 = EDGE_LOOP('',(#1860,#1868,#1875,#1876));
#1860 = ORIENTED_EDGE('',*,*,#1861,.T.);
#1861 = EDGE_CURVE('',#481,#1862,#1864,.T.);
#1862 = VERTEX_POINT('',#1863);
#1863 = CARTESIAN_POINT('',(526.11,86.5,2.5));
#1864 = LINE('',#1865,#1866);
#1865 = CARTESIAN_POINT('',(529.11,86.5,-0.5));
#1866 = VECTOR('',#1867,1.);
#1867 = DIRECTION('',(-0.707106781187,1.731912112471E-16,0.707106781187)
  );
#1868 = ORIENTED_EDGE('',*,*,#1869,.F.);
#1869 = EDGE_CURVE('',#1862,#1862,#1870,.T.);
#1870 = CIRCLE('',#1871,2.5);
#1871 = AXIS2_PLACEMENT_3D('',#1872,#1873,#1874);
#1872 = CARTESIAN_POINT('',(523.61,86.5,2.5));
#1873 = DIRECTION('',(0.,0.,1.));
#1874 = DIRECTION('',(1.,0.,-0.));
#1875 = ORIENTED_EDGE('',*,*,#1861,.F.);
#1876 = ORIENTED_EDGE('',*,*,#480,.T.);
#1877 = CONICAL_SURFACE('',#1878,5.5,0.785398163397);
#1878 = AXIS2_PLACEMENT_3D('',#1879,#1880,#1881);
#1879 = CARTESIAN_POINT('',(523.61,86.5,-0.5));
#1880 = DIRECTION('',(-0.,-0.,-1.));
#1881 = DIRECTION('',(1.,0.,-0.));
#1882 = ADVANCED_FACE('',(#1883),#1902,.F.);
#1883 = FACE_BOUND('',#1884,.F.);
#1884 = EDGE_LOOP('',(#1885,#1893,#1900,#1901));
#1885 = ORIENTED_EDGE('',*,*,#1886,.T.);
#1886 = EDGE_CURVE('',#492,#1887,#1889,.T.);
#1887 = VERTEX_POINT('',#1888);
#1888 = CARTESIAN_POINT('',(705.7,86.5,2.5));
#1889 = LINE('',#1890,#1891);
#1890 = CARTESIAN_POINT('',(708.7,86.5,-0.5));
#1891 = VECTOR('',#1892,1.);
#1892 = DIRECTION('',(-0.707106781187,1.731912112471E-16,0.707106781187)
  );
#1893 = ORIENTED_EDGE('',*,*,#1894,.F.);
#1894 = EDGE_CURVE('',#1887,#1887,#1895,.T.);
#1895 = CIRCLE('',#1896,2.5);
#1896 = AXIS2_PLACEMENT_3D('',#1897,#1898,#1899);
#1897 = CARTESIAN_POINT('',(703.2,86.5,2.5));
#1898 = DIRECTION('',(0.,0.,1.));
#1899 = DIRECTION('',(1.,0.,-0.));
#1900 = ORIENTED_EDGE('',*,*,#1886,.F.);
#1901 = ORIENTED_EDGE('',*,*,#491,.T.);
#1902 = CONICAL_SURFACE('',#1903,5.5,0.785398163397);
#1903 = AXIS2_PLACEMENT_3D('',#1904,#1905,#1906);
#1904 = CARTESIAN_POINT('',(703.2,86.5,-0.5));
#1905 = DIRECTION('',(-0.,-0.,-1.));
#1906 = DIRECTION('',(1.,0.,-0.));
#1907 = ADVANCED_FACE('',(#1908),#1927,.F.);
#1908 = FACE_BOUND('',#1909,.F.);
#1909 = EDGE_LOOP('',(#1910,#1918,#1925,#1926));
#1910 = ORIENTED_EDGE('',*,*,#1911,.T.);
#1911 = EDGE_CURVE('',#503,#1912,#1914,.T.);
#1912 = VERTEX_POINT('',#1913);
#1913 = CARTESIAN_POINT('',(870.9,86.5,2.5));
#1914 = LINE('',#1915,#1916);
#1915 = CARTESIAN_POINT('',(873.9,86.5,-0.5));
#1916 = VECTOR('',#1917,1.);
#1917 = DIRECTION('',(-0.707106781187,1.731912112471E-16,0.707106781187)
  );
#1918 = ORIENTED_EDGE('',*,*,#1919,.F.);
#1919 = EDGE_CURVE('',#1912,#1912,#1920,.T.);
#1920 = CIRCLE('',#1921,2.5);
#1921 = AXIS2_PLACEMENT_3D('',#1922,#1923,#1924);
#1922 = CARTESIAN_POINT('',(868.4,86.5,2.5));
#1923 = DIRECTION('',(0.,0.,1.));
#1924 = DIRECTION('',(1.,0.,-0.));
#1925 = ORIENTED_EDGE('',*,*,#1911,.F.);
#1926 = ORIENTED_EDGE('',*,*,#502,.T.);
#1927 = CONICAL_SURFACE('',#1928,5.5,0.785398163397);
#1928 = AXIS2_PLACEMENT_3D('',#1929,#1930,#1931);
#1929 = CARTESIAN_POINT('',(868.4,86.5,-0.5));
#1930 = DIRECTION('',(-0.,-0.,-1.));
#1931 = DIRECTION('',(1.,0.,-0.));
#1932 = ADVANCED_FACE('',(#1933),#1952,.F.);
#1933 = FACE_BOUND('',#1934,.F.);
#1934 = EDGE_LOOP('',(#1935,#1943,#1950,#1951));
#1935 = ORIENTED_EDGE('',*,*,#1936,.T.);
#1936 = EDGE_CURVE('',#514,#1937,#1939,.T.);
#1937 = VERTEX_POINT('',#1938);
#1938 = CARTESIAN_POINT('',(8.,155.,2.));
#1939 = LINE('',#1940,#1941);
#1940 = CARTESIAN_POINT('',(10.5,155.,-0.5));
#1941 = VECTOR('',#1942,1.);
#1942 = DIRECTION('',(-0.707106781187,1.731912112471E-16,0.707106781187)
  );
#1943 = ORIENTED_EDGE('',*,*,#1944,.F.);
#1944 = EDGE_CURVE('',#1937,#1937,#1945,.T.);
#1945 = CIRCLE('',#1946,2.);
#1946 = AXIS2_PLACEMENT_3D('',#1947,#1948,#1949);
#1947 = CARTESIAN_POINT('',(6.,155.,2.));
#1948 = DIRECTION('',(0.,0.,1.));
#1949 = DIRECTION('',(1.,0.,-0.));
#1950 = ORIENTED_EDGE('',*,*,#1936,.F.);
#1951 = ORIENTED_EDGE('',*,*,#513,.T.);
#1952 = CONICAL_SURFACE('',#1953,4.5,0.785398163397);
#1953 = AXIS2_PLACEMENT_3D('',#1954,#1955,#1956);
#1954 = CARTESIAN_POINT('',(6.,155.,-0.5));
#1955 = DIRECTION('',(-0.,-0.,-1.));
#1956 = DIRECTION('',(1.,0.,-0.));
#1957 = ADVANCED_FACE('',(#1958),#1977,.F.);
#1958 = FACE_BOUND('',#1959,.F.);
#1959 = EDGE_LOOP('',(#1960,#1968,#1975,#1976));
#1960 = ORIENTED_EDGE('',*,*,#1961,.T.);
#1961 = EDGE_CURVE('',#525,#1962,#1964,.T.);
#1962 = VERTEX_POINT('',#1963);
#1963 = CARTESIAN_POINT('',(194.,155.,2.));
#1964 = LINE('',#1965,#1966);
#1965 = CARTESIAN_POINT('',(196.5,155.,-0.5));
#1966 = VECTOR('',#1967,1.);
#1967 = DIRECTION('',(-0.707106781187,1.731912112471E-16,0.707106781187)
  );
#1968 = ORIENTED_EDGE('',*,*,#1969,.F.);
#1969 = EDGE_CURVE('',#1962,#1962,#1970,.T.);
#1970 = CIRCLE('',#1971,2.);
#1971 = AXIS2_PLACEMENT_3D('',#1972,#1973,#1974);
#1972 = CARTESIAN_POINT('',(192.,155.,2.));
#1973 = DIRECTION('',(0.,0.,1.));
#1974 = DIRECTION('',(1.,0.,-0.));
#1975 = ORIENTED_EDGE('',*,*,#1961,.F.);
#1976 = ORIENTED_EDGE('',*,*,#524,.T.);
#1977 = CONICAL_SURFACE('',#1978,4.5,0.785398163397);
#1978 = AXIS2_PLACEMENT_3D('',#1979,#1980,#1981);
#1979 = CARTESIAN_POINT('',(192.,155.,-0.5));
#1980 = DIRECTION('',(-0.,-0.,-1.));
#1981 = DIRECTION('',(1.,0.,-0.));
#1982 = ADVANCED_FACE('',(#1983),#2002,.F.);
#1983 = FACE_BOUND('',#1984,.F.);
#1984 = EDGE_LOOP('',(#1985,#1993,#2000,#2001));
#1985 = ORIENTED_EDGE('',*,*,#1986,.T.);
#1986 = EDGE_CURVE('',#536,#1987,#1989,.T.);
#1987 = VERTEX_POINT('',#1988);
#1988 = CARTESIAN_POINT('',(224.15,162.,2.5));
#1989 = LINE('',#1990,#1991);
#1990 = CARTESIAN_POINT('',(227.15,162.,-0.5));
#1991 = VECTOR('',#1992,1.);
#1992 = DIRECTION('',(-0.707106781187,1.731912112471E-16,0.707106781187)
  );
#1993 = ORIENTED_EDGE('',*,*,#1994,.F.);
#1994 = EDGE_CURVE('',#1987,#1987,#1995,.T.);
#1995 = CIRCLE('',#1996,2.5);
#1996 = AXIS2_PLACEMENT_3D('',#1997,#1998,#1999);
#1997 = CARTESIAN_POINT('',(221.65,162.,2.5));
#1998 = DIRECTION('',(0.,0.,1.));
#1999 = DIRECTION('',(1.,0.,-0.));
#2000 = ORIENTED_EDGE('',*,*,#1986,.F.);
#2001 = ORIENTED_EDGE('',*,*,#535,.T.);
#2002 = CONICAL_SURFACE('',#2003,5.5,0.785398163397);
#2003 = AXIS2_PLACEMENT_3D('',#2004,#2005,#2006);
#2004 = CARTESIAN_POINT('',(221.65,162.,-0.5));
#2005 = DIRECTION('',(-0.,-0.,-1.));
#2006 = DIRECTION('',(1.,0.,-0.));
#2007 = ADVANCED_FACE('',(#2008),#2027,.F.);
#2008 = FACE_BOUND('',#2009,.F.);
#2009 = EDGE_LOOP('',(#2010,#2018,#2025,#2026));
#2010 = ORIENTED_EDGE('',*,*,#2011,.T.);
#2011 = EDGE_CURVE('',#547,#2012,#2014,.T.);
#2012 = VERTEX_POINT('',#2013);
#2013 = CARTESIAN_POINT('',(212.7,183.,1.55));
#2014 = LINE('',#2015,#2016);
#2015 = CARTESIAN_POINT('',(214.75,183.,-0.5));
#2016 = VECTOR('',#2017,1.);
#2017 = DIRECTION('',(-0.707106781187,1.731912112471E-16,0.707106781187)
  );
#2018 = ORIENTED_EDGE('',*,*,#2019,.F.);
#2019 = EDGE_CURVE('',#2012,#2012,#2020,.T.);
#2020 = CIRCLE('',#2021,1.7);
#2021 = AXIS2_PLACEMENT_3D('',#2022,#2023,#2024);
#2022 = CARTESIAN_POINT('',(211.,183.,1.55));
#2023 = DIRECTION('',(0.,0.,1.));
#2024 = DIRECTION('',(1.,0.,-0.));
#2025 = ORIENTED_EDGE('',*,*,#2011,.F.);
#2026 = ORIENTED_EDGE('',*,*,#546,.T.);
#2027 = CONICAL_SURFACE('',#2028,3.75,0.785398163397);
#2028 = AXIS2_PLACEMENT_3D('',#2029,#2030,#2031);
#2029 = CARTESIAN_POINT('',(211.,183.,-0.5));
#2030 = DIRECTION('',(-0.,-0.,-1.));
#2031 = DIRECTION('',(1.,0.,-0.));
#2032 = ADVANCED_FACE('',(#2033),#2052,.F.);
#2033 = FACE_BOUND('',#2034,.F.);
#2034 = EDGE_LOOP('',(#2035,#2043,#2050,#2051));
#2035 = ORIENTED_EDGE('',*,*,#2036,.T.);
#2036 = EDGE_CURVE('',#558,#2037,#2039,.T.);
#2037 = VERTEX_POINT('',#2038);
#2038 = CARTESIAN_POINT('',(307.3,183.,1.55));
#2039 = LINE('',#2040,#2041);
#2040 = CARTESIAN_POINT('',(309.35,183.,-0.5));
#2041 = VECTOR('',#2042,1.);
#2042 = DIRECTION('',(-0.707106781187,1.731912112471E-16,0.707106781187)
  );
#2043 = ORIENTED_EDGE('',*,*,#2044,.F.);
#2044 = EDGE_CURVE('',#2037,#2037,#2045,.T.);
#2045 = CIRCLE('',#2046,1.7);
#2046 = AXIS2_PLACEMENT_3D('',#2047,#2048,#2049);
#2047 = CARTESIAN_POINT('',(305.6,183.,1.55));
#2048 = DIRECTION('',(0.,0.,1.));
#2049 = DIRECTION('',(1.,0.,-0.));
#2050 = ORIENTED_EDGE('',*,*,#2036,.F.);
#2051 = ORIENTED_EDGE('',*,*,#557,.T.);
#2052 = CONICAL_SURFACE('',#2053,3.75,0.785398163397);
#2053 = AXIS2_PLACEMENT_3D('',#2054,#2055,#2056);
#2054 = CARTESIAN_POINT('',(305.6,183.,-0.5));
#2055 = DIRECTION('',(-0.,-0.,-1.));
#2056 = DIRECTION('',(1.,0.,-0.));
#2057 = ADVANCED_FACE('',(#2058),#2077,.F.);
#2058 = FACE_BOUND('',#2059,.F.);
#2059 = EDGE_LOOP('',(#2060,#2068,#2075,#2076));
#2060 = ORIENTED_EDGE('',*,*,#2061,.T.);
#2061 = EDGE_CURVE('',#569,#2062,#2064,.T.);
#2062 = VERTEX_POINT('',#2063);
#2063 = CARTESIAN_POINT('',(361.22,162.,2.5));
#2064 = LINE('',#2065,#2066);
#2065 = CARTESIAN_POINT('',(364.22,162.,-0.5));
#2066 = VECTOR('',#2067,1.);
#2067 = DIRECTION('',(-0.707106781187,1.731912112471E-16,0.707106781187)
  );
#2068 = ORIENTED_EDGE('',*,*,#2069,.F.);
#2069 = EDGE_CURVE('',#2062,#2062,#2070,.T.);
#2070 = CIRCLE('',#2071,2.5);
#2071 = AXIS2_PLACEMENT_3D('',#2072,#2073,#2074);
#2072 = CARTESIAN_POINT('',(358.72,162.,2.5));
#2073 = DIRECTION('',(0.,0.,1.));
#2074 = DIRECTION('',(1.,0.,-0.));
#2075 = ORIENTED_EDGE('',*,*,#2061,.F.);
#2076 = ORIENTED_EDGE('',*,*,#568,.T.);
#2077 = CONICAL_SURFACE('',#2078,5.5,0.785398163397);
#2078 = AXIS2_PLACEMENT_3D('',#2079,#2080,#2081);
#2079 = CARTESIAN_POINT('',(358.72,162.,-0.5));
#2080 = DIRECTION('',(-0.,-0.,-1.));
#2081 = DIRECTION('',(1.,0.,-0.));
#2082 = ADVANCED_FACE('',(#2083),#2102,.F.);
#2083 = FACE_BOUND('',#2084,.F.);
#2084 = EDGE_LOOP('',(#2085,#2093,#2100,#2101));
#2085 = ORIENTED_EDGE('',*,*,#2086,.T.);
#2086 = EDGE_CURVE('',#580,#2087,#2089,.T.);
#2087 = VERTEX_POINT('',#2088);
#2088 = CARTESIAN_POINT('',(392.,162.,2.));
#2089 = LINE('',#2090,#2091);
#2090 = CARTESIAN_POINT('',(394.5,162.,-0.5));
#2091 = VECTOR('',#2092,1.);
#2092 = DIRECTION('',(-0.707106781187,1.731912112471E-16,0.707106781187)
  );
#2093 = ORIENTED_EDGE('',*,*,#2094,.F.);
#2094 = EDGE_CURVE('',#2087,#2087,#2095,.T.);
#2095 = CIRCLE('',#2096,2.);
#2096 = AXIS2_PLACEMENT_3D('',#2097,#2098,#2099);
#2097 = CARTESIAN_POINT('',(390.,162.,2.));
#2098 = DIRECTION('',(0.,0.,1.));
#2099 = DIRECTION('',(1.,0.,-0.));
#2100 = ORIENTED_EDGE('',*,*,#2086,.F.);
#2101 = ORIENTED_EDGE('',*,*,#579,.T.);
#2102 = CONICAL_SURFACE('',#2103,4.5,0.785398163397);
#2103 = AXIS2_PLACEMENT_3D('',#2104,#2105,#2106);
#2104 = CARTESIAN_POINT('',(390.,162.,-0.5));
#2105 = DIRECTION('',(-0.,-0.,-1.));
#2106 = DIRECTION('',(1.,0.,-0.));
#2107 = ADVANCED_FACE('',(#2108),#2127,.F.);
#2108 = FACE_BOUND('',#2109,.F.);
#2109 = EDGE_LOOP('',(#2110,#2118,#2125,#2126));
#2110 = ORIENTED_EDGE('',*,*,#2111,.T.);
#2111 = EDGE_CURVE('',#591,#2112,#2114,.T.);
#2112 = VERTEX_POINT('',#2113);
#2113 = CARTESIAN_POINT('',(362.7,183.,1.55));
#2114 = LINE('',#2115,#2116);
#2115 = CARTESIAN_POINT('',(364.75,183.,-0.5));
#2116 = VECTOR('',#2117,1.);
#2117 = DIRECTION('',(-0.707106781187,1.731912112471E-16,0.707106781187)
  );
#2118 = ORIENTED_EDGE('',*,*,#2119,.F.);
#2119 = EDGE_CURVE('',#2112,#2112,#2120,.T.);
#2120 = CIRCLE('',#2121,1.7);
#2121 = AXIS2_PLACEMENT_3D('',#2122,#2123,#2124);
#2122 = CARTESIAN_POINT('',(361.,183.,1.55));
#2123 = DIRECTION('',(0.,0.,1.));
#2124 = DIRECTION('',(1.,0.,-0.));
#2125 = ORIENTED_EDGE('',*,*,#2111,.F.);
#2126 = ORIENTED_EDGE('',*,*,#590,.T.);
#2127 = CONICAL_SURFACE('',#2128,3.75,0.785398163397);
#2128 = AXIS2_PLACEMENT_3D('',#2129,#2130,#2131);
#2129 = CARTESIAN_POINT('',(361.,183.,-0.5));
#2130 = DIRECTION('',(-0.,-0.,-1.));
#2131 = DIRECTION('',(1.,0.,-0.));
#2132 = ADVANCED_FACE('',(#2133),#2152,.F.);
#2133 = FACE_BOUND('',#2134,.F.);
#2134 = EDGE_LOOP('',(#2135,#2143,#2150,#2151));
#2135 = ORIENTED_EDGE('',*,*,#2136,.T.);
#2136 = EDGE_CURVE('',#602,#2137,#2139,.T.);
#2137 = VERTEX_POINT('',#2138);
#2138 = CARTESIAN_POINT('',(381.51,198.81,1.55));
#2139 = LINE('',#2140,#2141);
#2140 = CARTESIAN_POINT('',(383.56,198.81,-0.5));
#2141 = VECTOR('',#2142,1.);
#2142 = DIRECTION('',(-0.707106781187,1.731912112471E-16,0.707106781187)
  );
#2143 = ORIENTED_EDGE('',*,*,#2144,.F.);
#2144 = EDGE_CURVE('',#2137,#2137,#2145,.T.);
#2145 = CIRCLE('',#2146,1.7);
#2146 = AXIS2_PLACEMENT_3D('',#2147,#2148,#2149);
#2147 = CARTESIAN_POINT('',(379.81,198.81,1.55));
#2148 = DIRECTION('',(0.,0.,1.));
#2149 = DIRECTION('',(1.,0.,-0.));
#2150 = ORIENTED_EDGE('',*,*,#2136,.F.);
#2151 = ORIENTED_EDGE('',*,*,#601,.T.);
#2152 = CONICAL_SURFACE('',#2153,3.75,0.785398163397);
#2153 = AXIS2_PLACEMENT_3D('',#2154,#2155,#2156);
#2154 = CARTESIAN_POINT('',(379.81,198.81,-0.5));
#2155 = DIRECTION('',(-0.,-0.,-1.));
#2156 = DIRECTION('',(1.,0.,-0.));
#2157 = ADVANCED_FACE('',(#2158),#2177,.F.);
#2158 = FACE_BOUND('',#2159,.F.);
#2159 = EDGE_LOOP('',(#2160,#2168,#2175,#2176));
#2160 = ORIENTED_EDGE('',*,*,#2161,.T.);
#2161 = EDGE_CURVE('',#613,#2162,#2164,.T.);
#2162 = VERTEX_POINT('',#2163);
#2163 = CARTESIAN_POINT('',(28.2,231.5,1.55));
#2164 = LINE('',#2165,#2166);
#2165 = CARTESIAN_POINT('',(30.25,231.5,-0.5));
#2166 = VECTOR('',#2167,1.);
#2167 = DIRECTION('',(-0.707106781187,1.731912112471E-16,0.707106781187)
  );
#2168 = ORIENTED_EDGE('',*,*,#2169,.F.);
#2169 = EDGE_CURVE('',#2162,#2162,#2170,.T.);
#2170 = CIRCLE('',#2171,1.7);
#2171 = AXIS2_PLACEMENT_3D('',#2172,#2173,#2174);
#2172 = CARTESIAN_POINT('',(26.5,231.5,1.55));
#2173 = DIRECTION('',(0.,0.,1.));
#2174 = DIRECTION('',(1.,0.,-0.));
#2175 = ORIENTED_EDGE('',*,*,#2161,.F.);
#2176 = ORIENTED_EDGE('',*,*,#612,.T.);
#2177 = CONICAL_SURFACE('',#2178,3.75,0.785398163397);
#2178 = AXIS2_PLACEMENT_3D('',#2179,#2180,#2181);
#2179 = CARTESIAN_POINT('',(26.5,231.5,-0.5));
#2180 = DIRECTION('',(-0.,-0.,-1.));
#2181 = DIRECTION('',(1.,0.,-0.));
#2182 = ADVANCED_FACE('',(#2183),#2202,.F.);
#2183 = FACE_BOUND('',#2184,.F.);
#2184 = EDGE_LOOP('',(#2185,#2193,#2200,#2201));
#2185 = ORIENTED_EDGE('',*,*,#2186,.T.);
#2186 = EDGE_CURVE('',#624,#2187,#2189,.T.);
#2187 = VERTEX_POINT('',#2188);
#2188 = CARTESIAN_POINT('',(173.2,231.5,1.55));
#2189 = LINE('',#2190,#2191);
#2190 = CARTESIAN_POINT('',(175.25,231.5,-0.5));
#2191 = VECTOR('',#2192,1.);
#2192 = DIRECTION('',(-0.707106781187,1.731912112471E-16,0.707106781187)
  );
#2193 = ORIENTED_EDGE('',*,*,#2194,.F.);
#2194 = EDGE_CURVE('',#2187,#2187,#2195,.T.);
#2195 = CIRCLE('',#2196,1.7);
#2196 = AXIS2_PLACEMENT_3D('',#2197,#2198,#2199);
#2197 = CARTESIAN_POINT('',(171.5,231.5,1.55));
#2198 = DIRECTION('',(0.,0.,1.));
#2199 = DIRECTION('',(1.,0.,-0.));
#2200 = ORIENTED_EDGE('',*,*,#2186,.F.);
#2201 = ORIENTED_EDGE('',*,*,#623,.T.);
#2202 = CONICAL_SURFACE('',#2203,3.75,0.785398163397);
#2203 = AXIS2_PLACEMENT_3D('',#2204,#2205,#2206);
#2204 = CARTESIAN_POINT('',(171.5,231.5,-0.5));
#2205 = DIRECTION('',(-0.,-0.,-1.));
#2206 = DIRECTION('',(1.,0.,-0.));
#2207 = ADVANCED_FACE('',(#2208),#2227,.F.);
#2208 = FACE_BOUND('',#2209,.F.);
#2209 = EDGE_LOOP('',(#2210,#2218,#2225,#2226));
#2210 = ORIENTED_EDGE('',*,*,#2211,.T.);
#2211 = EDGE_CURVE('',#635,#2212,#2214,.T.);
#2212 = VERTEX_POINT('',#2213);
#2213 = CARTESIAN_POINT('',(8.,273.,2.));
#2214 = LINE('',#2215,#2216);
#2215 = CARTESIAN_POINT('',(10.5,273.,-0.5));
#2216 = VECTOR('',#2217,1.);
#2217 = DIRECTION('',(-0.707106781187,1.731912112471E-16,0.707106781187)
  );
#2218 = ORIENTED_EDGE('',*,*,#2219,.F.);
#2219 = EDGE_CURVE('',#2212,#2212,#2220,.T.);
#2220 = CIRCLE('',#2221,2.);
#2221 = AXIS2_PLACEMENT_3D('',#2222,#2223,#2224);
#2222 = CARTESIAN_POINT('',(6.,273.,2.));
#2223 = DIRECTION('',(0.,0.,1.));
#2224 = DIRECTION('',(1.,0.,-0.));
#2225 = ORIENTED_EDGE('',*,*,#2211,.F.);
#2226 = ORIENTED_EDGE('',*,*,#634,.T.);
#2227 = CONICAL_SURFACE('',#2228,4.5,0.785398163397);
#2228 = AXIS2_PLACEMENT_3D('',#2229,#2230,#2231);
#2229 = CARTESIAN_POINT('',(6.,273.,-0.5));
#2230 = DIRECTION('',(-0.,-0.,-1.));
#2231 = DIRECTION('',(1.,0.,-0.));
#2232 = ADVANCED_FACE('',(#2233),#2252,.F.);
#2233 = FACE_BOUND('',#2234,.F.);
#2234 = EDGE_LOOP('',(#2235,#2243,#2250,#2251));
#2235 = ORIENTED_EDGE('',*,*,#2236,.T.);
#2236 = EDGE_CURVE('',#646,#2237,#2239,.T.);
#2237 = VERTEX_POINT('',#2238);
#2238 = CARTESIAN_POINT('',(27.,304.,2.));
#2239 = LINE('',#2240,#2241);
#2240 = CARTESIAN_POINT('',(29.5,304.,-0.5));
#2241 = VECTOR('',#2242,1.);
#2242 = DIRECTION('',(-0.707106781187,1.731912112471E-16,0.707106781187)
  );
#2243 = ORIENTED_EDGE('',*,*,#2244,.F.);
#2244 = EDGE_CURVE('',#2237,#2237,#2245,.T.);
#2245 = CIRCLE('',#2246,2.);
#2246 = AXIS2_PLACEMENT_3D('',#2247,#2248,#2249);
#2247 = CARTESIAN_POINT('',(25.,304.,2.));
#2248 = DIRECTION('',(0.,0.,1.));
#2249 = DIRECTION('',(1.,0.,-0.));
#2250 = ORIENTED_EDGE('',*,*,#2236,.F.);
#2251 = ORIENTED_EDGE('',*,*,#645,.T.);
#2252 = CONICAL_SURFACE('',#2253,4.5,0.785398163397);
#2253 = AXIS2_PLACEMENT_3D('',#2254,#2255,#2256);
#2254 = CARTESIAN_POINT('',(25.,304.,-0.5));
#2255 = DIRECTION('',(-0.,-0.,-1.));
#2256 = DIRECTION('',(1.,0.,-0.));
#2257 = ADVANCED_FACE('',(#2258),#2277,.F.);
#2258 = FACE_BOUND('',#2259,.F.);
#2259 = EDGE_LOOP('',(#2260,#2268,#2275,#2276));
#2260 = ORIENTED_EDGE('',*,*,#2261,.T.);
#2261 = EDGE_CURVE('',#657,#2262,#2264,.T.);
#2262 = VERTEX_POINT('',#2263);
#2263 = CARTESIAN_POINT('',(212.7,283.,1.55));
#2264 = LINE('',#2265,#2266);
#2265 = CARTESIAN_POINT('',(214.75,283.,-0.5));
#2266 = VECTOR('',#2267,1.);
#2267 = DIRECTION('',(-0.707106781187,1.731912112471E-16,0.707106781187)
  );
#2268 = ORIENTED_EDGE('',*,*,#2269,.F.);
#2269 = EDGE_CURVE('',#2262,#2262,#2270,.T.);
#2270 = CIRCLE('',#2271,1.7);
#2271 = AXIS2_PLACEMENT_3D('',#2272,#2273,#2274);
#2272 = CARTESIAN_POINT('',(211.,283.,1.55));
#2273 = DIRECTION('',(0.,0.,1.));
#2274 = DIRECTION('',(1.,0.,-0.));
#2275 = ORIENTED_EDGE('',*,*,#2261,.F.);
#2276 = ORIENTED_EDGE('',*,*,#656,.T.);
#2277 = CONICAL_SURFACE('',#2278,3.75,0.785398163397);
#2278 = AXIS2_PLACEMENT_3D('',#2279,#2280,#2281);
#2279 = CARTESIAN_POINT('',(211.,283.,-0.5));
#2280 = DIRECTION('',(-0.,-0.,-1.));
#2281 = DIRECTION('',(1.,0.,-0.));
#2282 = ADVANCED_FACE('',(#2283),#2302,.F.);
#2283 = FACE_BOUND('',#2284,.F.);
#2284 = EDGE_LOOP('',(#2285,#2293,#2300,#2301));
#2285 = ORIENTED_EDGE('',*,*,#2286,.T.);
#2286 = EDGE_CURVE('',#668,#2287,#2289,.T.);
#2287 = VERTEX_POINT('',#2288);
#2288 = CARTESIAN_POINT('',(170.5,304.,2.));
#2289 = LINE('',#2290,#2291);
#2290 = CARTESIAN_POINT('',(173.,304.,-0.5));
#2291 = VECTOR('',#2292,1.);
#2292 = DIRECTION('',(-0.707106781187,1.731912112471E-16,0.707106781187)
  );
#2293 = ORIENTED_EDGE('',*,*,#2294,.F.);
#2294 = EDGE_CURVE('',#2287,#2287,#2295,.T.);
#2295 = CIRCLE('',#2296,2.);
#2296 = AXIS2_PLACEMENT_3D('',#2297,#2298,#2299);
#2297 = CARTESIAN_POINT('',(168.5,304.,2.));
#2298 = DIRECTION('',(0.,0.,1.));
#2299 = DIRECTION('',(1.,0.,-0.));
#2300 = ORIENTED_EDGE('',*,*,#2286,.F.);
#2301 = ORIENTED_EDGE('',*,*,#667,.T.);
#2302 = CONICAL_SURFACE('',#2303,4.5,0.785398163397);
#2303 = AXIS2_PLACEMENT_3D('',#2304,#2305,#2306);
#2304 = CARTESIAN_POINT('',(168.5,304.,-0.5));
#2305 = DIRECTION('',(-0.,-0.,-1.));
#2306 = DIRECTION('',(1.,0.,-0.));
#2307 = ADVANCED_FACE('',(#2308),#2327,.F.);
#2308 = FACE_BOUND('',#2309,.F.);
#2309 = EDGE_LOOP('',(#2310,#2318,#2325,#2326));
#2310 = ORIENTED_EDGE('',*,*,#2311,.T.);
#2311 = EDGE_CURVE('',#679,#2312,#2314,.T.);
#2312 = VERTEX_POINT('',#2313);
#2313 = CARTESIAN_POINT('',(307.3,283.,1.55));
#2314 = LINE('',#2315,#2316);
#2315 = CARTESIAN_POINT('',(309.35,283.,-0.5));
#2316 = VECTOR('',#2317,1.);
#2317 = DIRECTION('',(-0.707106781187,1.731912112471E-16,0.707106781187)
  );
#2318 = ORIENTED_EDGE('',*,*,#2319,.F.);
#2319 = EDGE_CURVE('',#2312,#2312,#2320,.T.);
#2320 = CIRCLE('',#2321,1.7);
#2321 = AXIS2_PLACEMENT_3D('',#2322,#2323,#2324);
#2322 = CARTESIAN_POINT('',(305.6,283.,1.55));
#2323 = DIRECTION('',(0.,0.,1.));
#2324 = DIRECTION('',(1.,0.,-0.));
#2325 = ORIENTED_EDGE('',*,*,#2311,.F.);
#2326 = ORIENTED_EDGE('',*,*,#678,.T.);
#2327 = CONICAL_SURFACE('',#2328,3.75,0.785398163397);
#2328 = AXIS2_PLACEMENT_3D('',#2329,#2330,#2331);
#2329 = CARTESIAN_POINT('',(305.6,283.,-0.5));
#2330 = DIRECTION('',(-0.,-0.,-1.));
#2331 = DIRECTION('',(1.,0.,-0.));
#2332 = ADVANCED_FACE('',(#2333),#2352,.F.);
#2333 = FACE_BOUND('',#2334,.F.);
#2334 = EDGE_LOOP('',(#2335,#2343,#2350,#2351));
#2335 = ORIENTED_EDGE('',*,*,#2336,.T.);
#2336 = EDGE_CURVE('',#690,#2337,#2339,.T.);
#2337 = VERTEX_POINT('',#2338);
#2338 = CARTESIAN_POINT('',(314.,304.,2.));
#2339 = LINE('',#2340,#2341);
#2340 = CARTESIAN_POINT('',(316.5,304.,-0.5));
#2341 = VECTOR('',#2342,1.);
#2342 = DIRECTION('',(-0.707106781187,1.731912112471E-16,0.707106781187)
  );
#2343 = ORIENTED_EDGE('',*,*,#2344,.F.);
#2344 = EDGE_CURVE('',#2337,#2337,#2345,.T.);
#2345 = CIRCLE('',#2346,2.);
#2346 = AXIS2_PLACEMENT_3D('',#2347,#2348,#2349);
#2347 = CARTESIAN_POINT('',(312.,304.,2.));
#2348 = DIRECTION('',(0.,0.,1.));
#2349 = DIRECTION('',(1.,0.,-0.));
#2350 = ORIENTED_EDGE('',*,*,#2336,.F.);
#2351 = ORIENTED_EDGE('',*,*,#689,.T.);
#2352 = CONICAL_SURFACE('',#2353,4.5,0.785398163397);
#2353 = AXIS2_PLACEMENT_3D('',#2354,#2355,#2356);
#2354 = CARTESIAN_POINT('',(312.,304.,-0.5));
#2355 = DIRECTION('',(-0.,-0.,-1.));
#2356 = DIRECTION('',(1.,0.,-0.));
#2357 = ADVANCED_FACE('',(#2358),#2377,.F.);
#2358 = FACE_BOUND('',#2359,.F.);
#2359 = EDGE_LOOP('',(#2360,#2368,#2375,#2376));
#2360 = ORIENTED_EDGE('',*,*,#2361,.T.);
#2361 = EDGE_CURVE('',#701,#2362,#2364,.T.);
#2362 = VERTEX_POINT('',#2363);
#2363 = CARTESIAN_POINT('',(381.51,271.2,1.55));
#2364 = LINE('',#2365,#2366);
#2365 = CARTESIAN_POINT('',(383.56,271.2,-0.5));
#2366 = VECTOR('',#2367,1.);
#2367 = DIRECTION('',(-0.707106781187,1.731912112471E-16,0.707106781187)
  );
#2368 = ORIENTED_EDGE('',*,*,#2369,.F.);
#2369 = EDGE_CURVE('',#2362,#2362,#2370,.T.);
#2370 = CIRCLE('',#2371,1.7);
#2371 = AXIS2_PLACEMENT_3D('',#2372,#2373,#2374);
#2372 = CARTESIAN_POINT('',(379.81,271.2,1.55));
#2373 = DIRECTION('',(0.,0.,1.));
#2374 = DIRECTION('',(1.,0.,-0.));
#2375 = ORIENTED_EDGE('',*,*,#2361,.F.);
#2376 = ORIENTED_EDGE('',*,*,#700,.T.);
#2377 = CONICAL_SURFACE('',#2378,3.75,0.785398163397);
#2378 = AXIS2_PLACEMENT_3D('',#2379,#2380,#2381);
#2379 = CARTESIAN_POINT('',(379.81,271.2,-0.5));
#2380 = DIRECTION('',(-0.,-0.,-1.));
#2381 = DIRECTION('',(1.,0.,-0.));
#2382 = ADVANCED_FACE('',(#2383),#2402,.F.);
#2383 = FACE_BOUND('',#2384,.F.);
#2384 = EDGE_LOOP('',(#2385,#2393,#2400,#2401));
#2385 = ORIENTED_EDGE('',*,*,#2386,.T.);
#2386 = EDGE_CURVE('',#712,#2387,#2389,.T.);
#2387 = VERTEX_POINT('',#2388);
#2388 = CARTESIAN_POINT('',(362.7,283.,1.55));
#2389 = LINE('',#2390,#2391);
#2390 = CARTESIAN_POINT('',(364.75,283.,-0.5));
#2391 = VECTOR('',#2392,1.);
#2392 = DIRECTION('',(-0.707106781187,1.731912112471E-16,0.707106781187)
  );
#2393 = ORIENTED_EDGE('',*,*,#2394,.F.);
#2394 = EDGE_CURVE('',#2387,#2387,#2395,.T.);
#2395 = CIRCLE('',#2396,1.7);
#2396 = AXIS2_PLACEMENT_3D('',#2397,#2398,#2399);
#2397 = CARTESIAN_POINT('',(361.,283.,1.55));
#2398 = DIRECTION('',(0.,0.,1.));
#2399 = DIRECTION('',(1.,0.,-0.));
#2400 = ORIENTED_EDGE('',*,*,#2386,.F.);
#2401 = ORIENTED_EDGE('',*,*,#711,.T.);
#2402 = CONICAL_SURFACE('',#2403,3.75,0.785398163397);
#2403 = AXIS2_PLACEMENT_3D('',#2404,#2405,#2406);
#2404 = CARTESIAN_POINT('',(361.,283.,-0.5));
#2405 = DIRECTION('',(-0.,-0.,-1.));
#2406 = DIRECTION('',(1.,0.,-0.));
#2407 = ADVANCED_FACE('',(#2408),#2427,.F.);
#2408 = FACE_BOUND('',#2409,.F.);
#2409 = EDGE_LOOP('',(#2410,#2418,#2425,#2426));
#2410 = ORIENTED_EDGE('',*,*,#2411,.T.);
#2411 = EDGE_CURVE('',#723,#2412,#2414,.T.);
#2412 = VERTEX_POINT('',#2413);
#2413 = CARTESIAN_POINT('',(526.11,162.,2.5));
#2414 = LINE('',#2415,#2416);
#2415 = CARTESIAN_POINT('',(529.11,162.,-0.5));
#2416 = VECTOR('',#2417,1.);
#2417 = DIRECTION('',(-0.707106781187,1.731912112471E-16,0.707106781187)
  );
#2418 = ORIENTED_EDGE('',*,*,#2419,.F.);
#2419 = EDGE_CURVE('',#2412,#2412,#2420,.T.);
#2420 = CIRCLE('',#2421,2.5);
#2421 = AXIS2_PLACEMENT_3D('',#2422,#2423,#2424);
#2422 = CARTESIAN_POINT('',(523.61,162.,2.5));
#2423 = DIRECTION('',(0.,0.,1.));
#2424 = DIRECTION('',(1.,0.,-0.));
#2425 = ORIENTED_EDGE('',*,*,#2411,.F.);
#2426 = ORIENTED_EDGE('',*,*,#722,.T.);
#2427 = CONICAL_SURFACE('',#2428,5.5,0.785398163397);
#2428 = AXIS2_PLACEMENT_3D('',#2429,#2430,#2431);
#2429 = CARTESIAN_POINT('',(523.61,162.,-0.5));
#2430 = DIRECTION('',(-0.,-0.,-1.));
#2431 = DIRECTION('',(1.,0.,-0.));
#2432 = ADVANCED_FACE('',(#2433),#2452,.F.);
#2433 = FACE_BOUND('',#2434,.F.);
#2434 = EDGE_LOOP('',(#2435,#2443,#2450,#2451));
#2435 = ORIENTED_EDGE('',*,*,#2436,.T.);
#2436 = EDGE_CURVE('',#734,#2437,#2439,.T.);
#2437 = VERTEX_POINT('',#2438);
#2438 = CARTESIAN_POINT('',(499.62,198.81,1.55));
#2439 = LINE('',#2440,#2441);
#2440 = CARTESIAN_POINT('',(501.67,198.81,-0.5));
#2441 = VECTOR('',#2442,1.);
#2442 = DIRECTION('',(-0.707106781187,1.731912112471E-16,0.707106781187)
  );
#2443 = ORIENTED_EDGE('',*,*,#2444,.F.);
#2444 = EDGE_CURVE('',#2437,#2437,#2445,.T.);
#2445 = CIRCLE('',#2446,1.7);
#2446 = AXIS2_PLACEMENT_3D('',#2447,#2448,#2449);
#2447 = CARTESIAN_POINT('',(497.92,198.81,1.55));
#2448 = DIRECTION('',(0.,0.,1.));
#2449 = DIRECTION('',(1.,0.,-0.));
#2450 = ORIENTED_EDGE('',*,*,#2436,.F.);
#2451 = ORIENTED_EDGE('',*,*,#733,.T.);
#2452 = CONICAL_SURFACE('',#2453,3.75,0.785398163397);
#2453 = AXIS2_PLACEMENT_3D('',#2454,#2455,#2456);
#2454 = CARTESIAN_POINT('',(497.92,198.81,-0.5));
#2455 = DIRECTION('',(-0.,-0.,-1.));
#2456 = DIRECTION('',(1.,0.,-0.));
#2457 = ADVANCED_FACE('',(#2458),#2477,.F.);
#2458 = FACE_BOUND('',#2459,.F.);
#2459 = EDGE_LOOP('',(#2460,#2468,#2475,#2476));
#2460 = ORIENTED_EDGE('',*,*,#2461,.T.);
#2461 = EDGE_CURVE('',#745,#2462,#2464,.T.);
#2462 = VERTEX_POINT('',#2463);
#2463 = CARTESIAN_POINT('',(705.7,162.,2.5));
#2464 = LINE('',#2465,#2466);
#2465 = CARTESIAN_POINT('',(708.7,162.,-0.5));
#2466 = VECTOR('',#2467,1.);
#2467 = DIRECTION('',(-0.707106781187,1.731912112471E-16,0.707106781187)
  );
#2468 = ORIENTED_EDGE('',*,*,#2469,.F.);
#2469 = EDGE_CURVE('',#2462,#2462,#2470,.T.);
#2470 = CIRCLE('',#2471,2.5);
#2471 = AXIS2_PLACEMENT_3D('',#2472,#2473,#2474);
#2472 = CARTESIAN_POINT('',(703.2,162.,2.5));
#2473 = DIRECTION('',(0.,0.,1.));
#2474 = DIRECTION('',(1.,0.,-0.));
#2475 = ORIENTED_EDGE('',*,*,#2461,.F.);
#2476 = ORIENTED_EDGE('',*,*,#744,.T.);
#2477 = CONICAL_SURFACE('',#2478,5.5,0.785398163397);
#2478 = AXIS2_PLACEMENT_3D('',#2479,#2480,#2481);
#2479 = CARTESIAN_POINT('',(703.2,162.,-0.5));
#2480 = DIRECTION('',(-0.,-0.,-1.));
#2481 = DIRECTION('',(1.,0.,-0.));
#2482 = ADVANCED_FACE('',(#2483),#2502,.F.);
#2483 = FACE_BOUND('',#2484,.F.);
#2484 = EDGE_LOOP('',(#2485,#2493,#2500,#2501));
#2485 = ORIENTED_EDGE('',*,*,#2486,.T.);
#2486 = EDGE_CURVE('',#756,#2487,#2489,.T.);
#2487 = VERTEX_POINT('',#2488);
#2488 = CARTESIAN_POINT('',(870.9,162.,2.5));
#2489 = LINE('',#2490,#2491);
#2490 = CARTESIAN_POINT('',(873.9,162.,-0.5));
#2491 = VECTOR('',#2492,1.);
#2492 = DIRECTION('',(-0.707106781187,1.731912112471E-16,0.707106781187)
  );
#2493 = ORIENTED_EDGE('',*,*,#2494,.F.);
#2494 = EDGE_CURVE('',#2487,#2487,#2495,.T.);
#2495 = CIRCLE('',#2496,2.5);
#2496 = AXIS2_PLACEMENT_3D('',#2497,#2498,#2499);
#2497 = CARTESIAN_POINT('',(868.4,162.,2.5));
#2498 = DIRECTION('',(0.,0.,1.));
#2499 = DIRECTION('',(1.,0.,-0.));
#2500 = ORIENTED_EDGE('',*,*,#2486,.F.);
#2501 = ORIENTED_EDGE('',*,*,#755,.T.);
#2502 = CONICAL_SURFACE('',#2503,5.5,0.785398163397);
#2503 = AXIS2_PLACEMENT_3D('',#2504,#2505,#2506);
#2504 = CARTESIAN_POINT('',(868.4,162.,-0.5));
#2505 = DIRECTION('',(-0.,-0.,-1.));
#2506 = DIRECTION('',(1.,0.,-0.));
#2507 = ADVANCED_FACE('',(#2508),#2527,.F.);
#2508 = FACE_BOUND('',#2509,.F.);
#2509 = EDGE_LOOP('',(#2510,#2518,#2525,#2526));
#2510 = ORIENTED_EDGE('',*,*,#2511,.T.);
#2511 = EDGE_CURVE('',#767,#2512,#2514,.T.);
#2512 = VERTEX_POINT('',#2513);
#2513 = CARTESIAN_POINT('',(895.,155.,2.));
#2514 = LINE('',#2515,#2516);
#2515 = CARTESIAN_POINT('',(897.5,155.,-0.5));
#2516 = VECTOR('',#2517,1.);
#2517 = DIRECTION('',(-0.707106781187,1.731912112471E-16,0.707106781187)
  );
#2518 = ORIENTED_EDGE('',*,*,#2519,.F.);
#2519 = EDGE_CURVE('',#2512,#2512,#2520,.T.);
#2520 = CIRCLE('',#2521,2.);
#2521 = AXIS2_PLACEMENT_3D('',#2522,#2523,#2524);
#2522 = CARTESIAN_POINT('',(893.,155.,2.));
#2523 = DIRECTION('',(0.,0.,1.));
#2524 = DIRECTION('',(1.,0.,-0.));
#2525 = ORIENTED_EDGE('',*,*,#2511,.F.);
#2526 = ORIENTED_EDGE('',*,*,#766,.T.);
#2527 = CONICAL_SURFACE('',#2528,4.5,0.785398163397);
#2528 = AXIS2_PLACEMENT_3D('',#2529,#2530,#2531);
#2529 = CARTESIAN_POINT('',(893.,155.,-0.5));
#2530 = DIRECTION('',(-0.,-0.,-1.));
#2531 = DIRECTION('',(1.,0.,-0.));
#2532 = ADVANCED_FACE('',(#2533),#2552,.F.);
#2533 = FACE_BOUND('',#2534,.F.);
#2534 = EDGE_LOOP('',(#2535,#2543,#2550,#2551));
#2535 = ORIENTED_EDGE('',*,*,#2536,.T.);
#2536 = EDGE_CURVE('',#778,#2537,#2539,.T.);
#2537 = VERTEX_POINT('',#2538);
#2538 = CARTESIAN_POINT('',(907.,155.,2.));
#2539 = LINE('',#2540,#2541);
#2540 = CARTESIAN_POINT('',(909.5,155.,-0.5));
#2541 = VECTOR('',#2542,1.);
#2542 = DIRECTION('',(-0.707106781187,1.731912112471E-16,0.707106781187)
  );
#2543 = ORIENTED_EDGE('',*,*,#2544,.F.);
#2544 = EDGE_CURVE('',#2537,#2537,#2545,.T.);
#2545 = CIRCLE('',#2546,2.);
#2546 = AXIS2_PLACEMENT_3D('',#2547,#2548,#2549);
#2547 = CARTESIAN_POINT('',(905.,155.,2.));
#2548 = DIRECTION('',(0.,0.,1.));
#2549 = DIRECTION('',(1.,0.,-0.));
#2550 = ORIENTED_EDGE('',*,*,#2536,.F.);
#2551 = ORIENTED_EDGE('',*,*,#777,.T.);
#2552 = CONICAL_SURFACE('',#2553,4.5,0.785398163397);
#2553 = AXIS2_PLACEMENT_3D('',#2554,#2555,#2556);
#2554 = CARTESIAN_POINT('',(905.,155.,-0.5));
#2555 = DIRECTION('',(-0.,-0.,-1.));
#2556 = DIRECTION('',(1.,0.,-0.));
#2557 = ADVANCED_FACE('',(#2558),#2577,.F.);
#2558 = FACE_BOUND('',#2559,.F.);
#2559 = EDGE_LOOP('',(#2560,#2568,#2575,#2576));
#2560 = ORIENTED_EDGE('',*,*,#2561,.T.);
#2561 = EDGE_CURVE('',#789,#2562,#2564,.T.);
#2562 = VERTEX_POINT('',#2563);
#2563 = CARTESIAN_POINT('',(499.62,271.2,1.55));
#2564 = LINE('',#2565,#2566);
#2565 = CARTESIAN_POINT('',(501.67,271.2,-0.5));
#2566 = VECTOR('',#2567,1.);
#2567 = DIRECTION('',(-0.707106781187,1.731912112471E-16,0.707106781187)
  );
#2568 = ORIENTED_EDGE('',*,*,#2569,.F.);
#2569 = EDGE_CURVE('',#2562,#2562,#2570,.T.);
#2570 = CIRCLE('',#2571,1.7);
#2571 = AXIS2_PLACEMENT_3D('',#2572,#2573,#2574);
#2572 = CARTESIAN_POINT('',(497.92,271.2,1.55));
#2573 = DIRECTION('',(0.,0.,1.));
#2574 = DIRECTION('',(1.,0.,-0.));
#2575 = ORIENTED_EDGE('',*,*,#2561,.F.);
#2576 = ORIENTED_EDGE('',*,*,#788,.T.);
#2577 = CONICAL_SURFACE('',#2578,3.75,0.785398163397);
#2578 = AXIS2_PLACEMENT_3D('',#2579,#2580,#2581);
#2579 = CARTESIAN_POINT('',(497.92,271.2,-0.5));
#2580 = DIRECTION('',(-0.,-0.,-1.));
#2581 = DIRECTION('',(1.,0.,-0.));
#2582 = ADVANCED_FACE('',(#2583),#2602,.F.);
#2583 = FACE_BOUND('',#2584,.F.);
#2584 = EDGE_LOOP('',(#2585,#2593,#2600,#2601));
#2585 = ORIENTED_EDGE('',*,*,#2586,.T.);
#2586 = EDGE_CURVE('',#800,#2587,#2589,.T.);
#2587 = VERTEX_POINT('',#2588);
#2588 = CARTESIAN_POINT('',(457.5,304.,2.));
#2589 = LINE('',#2590,#2591);
#2590 = CARTESIAN_POINT('',(460.,304.,-0.5));
#2591 = VECTOR('',#2592,1.);
#2592 = DIRECTION('',(-0.707106781187,1.731912112471E-16,0.707106781187)
  );
#2593 = ORIENTED_EDGE('',*,*,#2594,.F.);
#2594 = EDGE_CURVE('',#2587,#2587,#2595,.T.);
#2595 = CIRCLE('',#2596,2.);
#2596 = AXIS2_PLACEMENT_3D('',#2597,#2598,#2599);
#2597 = CARTESIAN_POINT('',(455.5,304.,2.));
#2598 = DIRECTION('',(0.,0.,1.));
#2599 = DIRECTION('',(1.,0.,-0.));
#2600 = ORIENTED_EDGE('',*,*,#2586,.F.);
#2601 = ORIENTED_EDGE('',*,*,#799,.T.);
#2602 = CONICAL_SURFACE('',#2603,4.5,0.785398163397);
#2603 = AXIS2_PLACEMENT_3D('',#2604,#2605,#2606);
#2604 = CARTESIAN_POINT('',(455.5,304.,-0.5));
#2605 = DIRECTION('',(-0.,-0.,-1.));
#2606 = DIRECTION('',(1.,0.,-0.));
#2607 = ADVANCED_FACE('',(#2608),#2627,.F.);
#2608 = FACE_BOUND('',#2609,.F.);
#2609 = EDGE_LOOP('',(#2610,#2618,#2625,#2626));
#2610 = ORIENTED_EDGE('',*,*,#2611,.T.);
#2611 = EDGE_CURVE('',#811,#2612,#2614,.T.);
#2612 = VERTEX_POINT('',#2613);
#2613 = CARTESIAN_POINT('',(601.,304.,2.));
#2614 = LINE('',#2615,#2616);
#2615 = CARTESIAN_POINT('',(603.5,304.,-0.5));
#2616 = VECTOR('',#2617,1.);
#2617 = DIRECTION('',(-0.707106781187,1.731912112471E-16,0.707106781187)
  );
#2618 = ORIENTED_EDGE('',*,*,#2619,.F.);
#2619 = EDGE_CURVE('',#2612,#2612,#2620,.T.);
#2620 = CIRCLE('',#2621,2.);
#2621 = AXIS2_PLACEMENT_3D('',#2622,#2623,#2624);
#2622 = CARTESIAN_POINT('',(599.,304.,2.));
#2623 = DIRECTION('',(0.,0.,1.));
#2624 = DIRECTION('',(1.,0.,-0.));
#2625 = ORIENTED_EDGE('',*,*,#2611,.F.);
#2626 = ORIENTED_EDGE('',*,*,#810,.T.);
#2627 = CONICAL_SURFACE('',#2628,4.5,0.785398163397);
#2628 = AXIS2_PLACEMENT_3D('',#2629,#2630,#2631);
#2629 = CARTESIAN_POINT('',(599.,304.,-0.5));
#2630 = DIRECTION('',(-0.,-0.,-1.));
#2631 = DIRECTION('',(1.,0.,-0.));
#2632 = ADVANCED_FACE('',(#2633),#2652,.F.);
#2633 = FACE_BOUND('',#2634,.F.);
#2634 = EDGE_LOOP('',(#2635,#2643,#2650,#2651));
#2635 = ORIENTED_EDGE('',*,*,#2636,.T.);
#2636 = EDGE_CURVE('',#822,#2637,#2639,.T.);
#2637 = VERTEX_POINT('',#2638);
#2638 = CARTESIAN_POINT('',(744.5,304.,2.));
#2639 = LINE('',#2640,#2641);
#2640 = CARTESIAN_POINT('',(747.,304.,-0.5));
#2641 = VECTOR('',#2642,1.);
#2642 = DIRECTION('',(-0.707106781187,1.731912112471E-16,0.707106781187)
  );
#2643 = ORIENTED_EDGE('',*,*,#2644,.F.);
#2644 = EDGE_CURVE('',#2637,#2637,#2645,.T.);
#2645 = CIRCLE('',#2646,2.);
#2646 = AXIS2_PLACEMENT_3D('',#2647,#2648,#2649);
#2647 = CARTESIAN_POINT('',(742.5,304.,2.));
#2648 = DIRECTION('',(0.,0.,1.));
#2649 = DIRECTION('',(1.,0.,-0.));
#2650 = ORIENTED_EDGE('',*,*,#2636,.F.);
#2651 = ORIENTED_EDGE('',*,*,#821,.T.);
#2652 = CONICAL_SURFACE('',#2653,4.5,0.785398163397);
#2653 = AXIS2_PLACEMENT_3D('',#2654,#2655,#2656);
#2654 = CARTESIAN_POINT('',(742.5,304.,-0.5));
#2655 = DIRECTION('',(-0.,-0.,-1.));
#2656 = DIRECTION('',(1.,0.,-0.));
#2657 = ADVANCED_FACE('',(#2658),#2677,.F.);
#2658 = FACE_BOUND('',#2659,.F.);
#2659 = EDGE_LOOP('',(#2660,#2668,#2675,#2676));
#2660 = ORIENTED_EDGE('',*,*,#2661,.T.);
#2661 = EDGE_CURVE('',#833,#2662,#2664,.T.);
#2662 = VERTEX_POINT('',#2663);
#2663 = CARTESIAN_POINT('',(895.,273.,2.));
#2664 = LINE('',#2665,#2666);
#2665 = CARTESIAN_POINT('',(897.5,273.,-0.5));
#2666 = VECTOR('',#2667,1.);
#2667 = DIRECTION('',(-0.707106781187,1.731912112471E-16,0.707106781187)
  );
#2668 = ORIENTED_EDGE('',*,*,#2669,.F.);
#2669 = EDGE_CURVE('',#2662,#2662,#2670,.T.);
#2670 = CIRCLE('',#2671,2.);
#2671 = AXIS2_PLACEMENT_3D('',#2672,#2673,#2674);
#2672 = CARTESIAN_POINT('',(893.,273.,2.));
#2673 = DIRECTION('',(0.,0.,1.));
#2674 = DIRECTION('',(1.,0.,-0.));
#2675 = ORIENTED_EDGE('',*,*,#2661,.F.);
#2676 = ORIENTED_EDGE('',*,*,#832,.T.);
#2677 = CONICAL_SURFACE('',#2678,4.5,0.785398163397);
#2678 = AXIS2_PLACEMENT_3D('',#2679,#2680,#2681);
#2679 = CARTESIAN_POINT('',(893.,273.,-0.5));
#2680 = DIRECTION('',(-0.,-0.,-1.));
#2681 = DIRECTION('',(1.,0.,-0.));
#2682 = ADVANCED_FACE('',(#2683),#2702,.F.);
#2683 = FACE_BOUND('',#2684,.F.);
#2684 = EDGE_LOOP('',(#2685,#2693,#2700,#2701));
#2685 = ORIENTED_EDGE('',*,*,#2686,.T.);
#2686 = EDGE_CURVE('',#844,#2687,#2689,.T.);
#2687 = VERTEX_POINT('',#2688);
#2688 = CARTESIAN_POINT('',(907.,273.,2.));
#2689 = LINE('',#2690,#2691);
#2690 = CARTESIAN_POINT('',(909.5,273.,-0.5));
#2691 = VECTOR('',#2692,1.);
#2692 = DIRECTION('',(-0.707106781187,1.731912112471E-16,0.707106781187)
  );
#2693 = ORIENTED_EDGE('',*,*,#2694,.F.);
#2694 = EDGE_CURVE('',#2687,#2687,#2695,.T.);
#2695 = CIRCLE('',#2696,2.);
#2696 = AXIS2_PLACEMENT_3D('',#2697,#2698,#2699);
#2697 = CARTESIAN_POINT('',(905.,273.,2.));
#2698 = DIRECTION('',(0.,0.,1.));
#2699 = DIRECTION('',(1.,0.,-0.));
#2700 = ORIENTED_EDGE('',*,*,#2686,.F.);
#2701 = ORIENTED_EDGE('',*,*,#843,.T.);
#2702 = CONICAL_SURFACE('',#2703,4.5,0.785398163397);
#2703 = AXIS2_PLACEMENT_3D('',#2704,#2705,#2706);
#2704 = CARTESIAN_POINT('',(905.,273.,-0.5));
#2705 = DIRECTION('',(-0.,-0.,-1.));
#2706 = DIRECTION('',(1.,0.,-0.));
#2707 = ADVANCED_FACE('',(#2708),#2727,.F.);
#2708 = FACE_BOUND('',#2709,.F.);
#2709 = EDGE_LOOP('',(#2710,#2718,#2725,#2726));
#2710 = ORIENTED_EDGE('',*,*,#2711,.T.);
#2711 = EDGE_CURVE('',#855,#2712,#2714,.T.);
#2712 = VERTEX_POINT('',#2713);
#2713 = CARTESIAN_POINT('',(888.,304.,2.));
#2714 = LINE('',#2715,#2716);
#2715 = CARTESIAN_POINT('',(890.5,304.,-0.5));
#2716 = VECTOR('',#2717,1.);
#2717 = DIRECTION('',(-0.707106781187,1.731912112471E-16,0.707106781187)
  );
#2718 = ORIENTED_EDGE('',*,*,#2719,.F.);
#2719 = EDGE_CURVE('',#2712,#2712,#2720,.T.);
#2720 = CIRCLE('',#2721,2.);
#2721 = AXIS2_PLACEMENT_3D('',#2722,#2723,#2724);
#2722 = CARTESIAN_POINT('',(886.,304.,2.));
#2723 = DIRECTION('',(0.,0.,1.));
#2724 = DIRECTION('',(1.,0.,-0.));
#2725 = ORIENTED_EDGE('',*,*,#2711,.F.);
#2726 = ORIENTED_EDGE('',*,*,#854,.T.);
#2727 = CONICAL_SURFACE('',#2728,4.5,0.785398163397);
#2728 = AXIS2_PLACEMENT_3D('',#2729,#2730,#2731);
#2729 = CARTESIAN_POINT('',(886.,304.,-0.5));
#2730 = DIRECTION('',(-0.,-0.,-1.));
#2731 = DIRECTION('',(1.,0.,-0.));
#2732 = ADVANCED_FACE('',(#2733),#2744,.F.);
#2733 = FACE_BOUND('',#2734,.F.);
#2734 = EDGE_LOOP('',(#2735,#2736,#2742,#2743));
#2735 = ORIENTED_EDGE('',*,*,#882,.F.);
#2736 = ORIENTED_EDGE('',*,*,#2737,.F.);
#2737 = EDGE_CURVE('',#1462,#883,#2738,.T.);
#2738 = LINE('',#2739,#2740);
#2739 = CARTESIAN_POINT('',(27.,6.,-1.));
#2740 = VECTOR('',#2741,1.);
#2741 = DIRECTION('',(0.,0.,1.));
#2742 = ORIENTED_EDGE('',*,*,#1469,.T.);
#2743 = ORIENTED_EDGE('',*,*,#2737,.T.);
#2744 = CYLINDRICAL_SURFACE('',#2745,2.);
#2745 = AXIS2_PLACEMENT_3D('',#2746,#2747,#2748);
#2746 = CARTESIAN_POINT('',(25.,6.,-1.));
#2747 = DIRECTION('',(0.,0.,1.));
#2748 = DIRECTION('',(1.,0.,-0.));
#2749 = ADVANCED_FACE('',(#2750),#2761,.F.);
#2750 = FACE_BOUND('',#2751,.F.);
#2751 = EDGE_LOOP('',(#2752,#2753,#2759,#2760));
#2752 = ORIENTED_EDGE('',*,*,#893,.F.);
#2753 = ORIENTED_EDGE('',*,*,#2754,.F.);
#2754 = EDGE_CURVE('',#1487,#894,#2755,.T.);
#2755 = LINE('',#2756,#2757);
#2756 = CARTESIAN_POINT('',(28.2,26.5,-1.));
#2757 = VECTOR('',#2758,1.);
#2758 = DIRECTION('',(0.,0.,1.));
#2759 = ORIENTED_EDGE('',*,*,#1494,.T.);
#2760 = ORIENTED_EDGE('',*,*,#2754,.T.);
#2761 = CYLINDRICAL_SURFACE('',#2762,1.7);
#2762 = AXIS2_PLACEMENT_3D('',#2763,#2764,#2765);
#2763 = CARTESIAN_POINT('',(26.5,26.5,-1.));
#2764 = DIRECTION('',(0.,0.,1.));
#2765 = DIRECTION('',(1.,0.,-0.));
#2766 = ADVANCED_FACE('',(#2767),#2778,.F.);
#2767 = FACE_BOUND('',#2768,.F.);
#2768 = EDGE_LOOP('',(#2769,#2770,#2776,#2777));
#2769 = ORIENTED_EDGE('',*,*,#904,.F.);
#2770 = ORIENTED_EDGE('',*,*,#2771,.F.);
#2771 = EDGE_CURVE('',#1512,#905,#2772,.T.);
#2772 = LINE('',#2773,#2774);
#2773 = CARTESIAN_POINT('',(8.,37.,-1.));
#2774 = VECTOR('',#2775,1.);
#2775 = DIRECTION('',(0.,0.,1.));
#2776 = ORIENTED_EDGE('',*,*,#1519,.T.);
#2777 = ORIENTED_EDGE('',*,*,#2771,.T.);
#2778 = CYLINDRICAL_SURFACE('',#2779,2.);
#2779 = AXIS2_PLACEMENT_3D('',#2780,#2781,#2782);
#2780 = CARTESIAN_POINT('',(6.,37.,-1.));
#2781 = DIRECTION('',(0.,0.,1.));
#2782 = DIRECTION('',(1.,0.,-0.));
#2783 = ADVANCED_FACE('',(#2784),#2795,.F.);
#2784 = FACE_BOUND('',#2785,.F.);
#2785 = EDGE_LOOP('',(#2786,#2787,#2793,#2794));
#2786 = ORIENTED_EDGE('',*,*,#915,.F.);
#2787 = ORIENTED_EDGE('',*,*,#2788,.F.);
#2788 = EDGE_CURVE('',#1537,#916,#2789,.T.);
#2789 = LINE('',#2790,#2791);
#2790 = CARTESIAN_POINT('',(170.5,6.,-1.));
#2791 = VECTOR('',#2792,1.);
#2792 = DIRECTION('',(0.,0.,1.));
#2793 = ORIENTED_EDGE('',*,*,#1544,.T.);
#2794 = ORIENTED_EDGE('',*,*,#2788,.T.);
#2795 = CYLINDRICAL_SURFACE('',#2796,2.);
#2796 = AXIS2_PLACEMENT_3D('',#2797,#2798,#2799);
#2797 = CARTESIAN_POINT('',(168.5,6.,-1.));
#2798 = DIRECTION('',(0.,0.,1.));
#2799 = DIRECTION('',(1.,0.,-0.));
#2800 = ADVANCED_FACE('',(#2801),#2812,.F.);
#2801 = FACE_BOUND('',#2802,.F.);
#2802 = EDGE_LOOP('',(#2803,#2804,#2810,#2811));
#2803 = ORIENTED_EDGE('',*,*,#926,.F.);
#2804 = ORIENTED_EDGE('',*,*,#2805,.F.);
#2805 = EDGE_CURVE('',#1562,#927,#2806,.T.);
#2806 = LINE('',#2807,#2808);
#2807 = CARTESIAN_POINT('',(173.2,26.5,-1.));
#2808 = VECTOR('',#2809,1.);
#2809 = DIRECTION('',(0.,0.,1.));
#2810 = ORIENTED_EDGE('',*,*,#1569,.T.);
#2811 = ORIENTED_EDGE('',*,*,#2805,.T.);
#2812 = CYLINDRICAL_SURFACE('',#2813,1.7);
#2813 = AXIS2_PLACEMENT_3D('',#2814,#2815,#2816);
#2814 = CARTESIAN_POINT('',(171.5,26.5,-1.));
#2815 = DIRECTION('',(0.,0.,1.));
#2816 = DIRECTION('',(1.,0.,-0.));
#2817 = ADVANCED_FACE('',(#2818),#2829,.F.);
#2818 = FACE_BOUND('',#2819,.F.);
#2819 = EDGE_LOOP('',(#2820,#2821,#2827,#2828));
#2820 = ORIENTED_EDGE('',*,*,#937,.F.);
#2821 = ORIENTED_EDGE('',*,*,#2822,.F.);
#2822 = EDGE_CURVE('',#1587,#938,#2823,.T.);
#2823 = LINE('',#2824,#2825);
#2824 = CARTESIAN_POINT('',(194.,37.,-1.));
#2825 = VECTOR('',#2826,1.);
#2826 = DIRECTION('',(0.,0.,1.));
#2827 = ORIENTED_EDGE('',*,*,#1594,.T.);
#2828 = ORIENTED_EDGE('',*,*,#2822,.T.);
#2829 = CYLINDRICAL_SURFACE('',#2830,2.);
#2830 = AXIS2_PLACEMENT_3D('',#2831,#2832,#2833);
#2831 = CARTESIAN_POINT('',(192.,37.,-1.));
#2832 = DIRECTION('',(0.,0.,1.));
#2833 = DIRECTION('',(1.,0.,-0.));
#2834 = ADVANCED_FACE('',(#2835),#2846,.F.);
#2835 = FACE_BOUND('',#2836,.F.);
#2836 = EDGE_LOOP('',(#2837,#2838,#2844,#2845));
#2837 = ORIENTED_EDGE('',*,*,#948,.F.);
#2838 = ORIENTED_EDGE('',*,*,#2839,.F.);
#2839 = EDGE_CURVE('',#1612,#949,#2840,.T.);
#2840 = LINE('',#2841,#2842);
#2841 = CARTESIAN_POINT('',(314.,6.,-1.));
#2842 = VECTOR('',#2843,1.);
#2843 = DIRECTION('',(0.,0.,1.));
#2844 = ORIENTED_EDGE('',*,*,#1619,.T.);
#2845 = ORIENTED_EDGE('',*,*,#2839,.T.);
#2846 = CYLINDRICAL_SURFACE('',#2847,2.);
#2847 = AXIS2_PLACEMENT_3D('',#2848,#2849,#2850);
#2848 = CARTESIAN_POINT('',(312.,6.,-1.));
#2849 = DIRECTION('',(0.,0.,1.));
#2850 = DIRECTION('',(1.,0.,-0.));
#2851 = ADVANCED_FACE('',(#2852),#2863,.F.);
#2852 = FACE_BOUND('',#2853,.F.);
#2853 = EDGE_LOOP('',(#2854,#2855,#2861,#2862));
#2854 = ORIENTED_EDGE('',*,*,#959,.F.);
#2855 = ORIENTED_EDGE('',*,*,#2856,.F.);
#2856 = EDGE_CURVE('',#1637,#960,#2857,.T.);
#2857 = LINE('',#2858,#2859);
#2858 = CARTESIAN_POINT('',(224.15,86.5,-1.));
#2859 = VECTOR('',#2860,1.);
#2860 = DIRECTION('',(0.,0.,1.));
#2861 = ORIENTED_EDGE('',*,*,#1644,.T.);
#2862 = ORIENTED_EDGE('',*,*,#2856,.T.);
#2863 = CYLINDRICAL_SURFACE('',#2864,2.5);
#2864 = AXIS2_PLACEMENT_3D('',#2865,#2866,#2867);
#2865 = CARTESIAN_POINT('',(221.65,86.5,-1.));
#2866 = DIRECTION('',(0.,0.,1.));
#2867 = DIRECTION('',(1.,0.,-0.));
#2868 = ADVANCED_FACE('',(#2869),#2880,.F.);
#2869 = FACE_BOUND('',#2870,.F.);
#2870 = EDGE_LOOP('',(#2871,#2872,#2878,#2879));
#2871 = ORIENTED_EDGE('',*,*,#970,.F.);
#2872 = ORIENTED_EDGE('',*,*,#2873,.F.);
#2873 = EDGE_CURVE('',#1662,#971,#2874,.T.);
#2874 = LINE('',#2875,#2876);
#2875 = CARTESIAN_POINT('',(361.22,86.5,-1.));
#2876 = VECTOR('',#2877,1.);
#2877 = DIRECTION('',(0.,0.,1.));
#2878 = ORIENTED_EDGE('',*,*,#1669,.T.);
#2879 = ORIENTED_EDGE('',*,*,#2873,.T.);
#2880 = CYLINDRICAL_SURFACE('',#2881,2.5);
#2881 = AXIS2_PLACEMENT_3D('',#2882,#2883,#2884);
#2882 = CARTESIAN_POINT('',(358.72,86.5,-1.));
#2883 = DIRECTION('',(0.,0.,1.));
#2884 = DIRECTION('',(1.,0.,-0.));
#2885 = ADVANCED_FACE('',(#2886),#2897,.F.);
#2886 = FACE_BOUND('',#2887,.F.);
#2887 = EDGE_LOOP('',(#2888,#2889,#2895,#2896));
#2888 = ORIENTED_EDGE('',*,*,#981,.F.);
#2889 = ORIENTED_EDGE('',*,*,#2890,.F.);
#2890 = EDGE_CURVE('',#1687,#982,#2891,.T.);
#2891 = LINE('',#2892,#2893);
#2892 = CARTESIAN_POINT('',(392.,86.5,-1.));
#2893 = VECTOR('',#2894,1.);
#2894 = DIRECTION('',(0.,0.,1.));
#2895 = ORIENTED_EDGE('',*,*,#1694,.T.);
#2896 = ORIENTED_EDGE('',*,*,#2890,.T.);
#2897 = CYLINDRICAL_SURFACE('',#2898,2.);
#2898 = AXIS2_PLACEMENT_3D('',#2899,#2900,#2901);
#2899 = CARTESIAN_POINT('',(390.,86.5,-1.));
#2900 = DIRECTION('',(0.,0.,1.));
#2901 = DIRECTION('',(1.,0.,-0.));
#2902 = ADVANCED_FACE('',(#2903),#2914,.F.);
#2903 = FACE_BOUND('',#2904,.F.);
#2904 = EDGE_LOOP('',(#2905,#2906,#2912,#2913));
#2905 = ORIENTED_EDGE('',*,*,#992,.F.);
#2906 = ORIENTED_EDGE('',*,*,#2907,.F.);
#2907 = EDGE_CURVE('',#1712,#993,#2908,.T.);
#2908 = LINE('',#2909,#2910);
#2909 = CARTESIAN_POINT('',(457.5,6.,-1.));
#2910 = VECTOR('',#2911,1.);
#2911 = DIRECTION('',(0.,0.,1.));
#2912 = ORIENTED_EDGE('',*,*,#1719,.T.);
#2913 = ORIENTED_EDGE('',*,*,#2907,.T.);
#2914 = CYLINDRICAL_SURFACE('',#2915,2.);
#2915 = AXIS2_PLACEMENT_3D('',#2916,#2917,#2918);
#2916 = CARTESIAN_POINT('',(455.5,6.,-1.));
#2917 = DIRECTION('',(0.,0.,1.));
#2918 = DIRECTION('',(1.,0.,-0.));
#2919 = ADVANCED_FACE('',(#2920),#2931,.F.);
#2920 = FACE_BOUND('',#2921,.F.);
#2921 = EDGE_LOOP('',(#2922,#2923,#2929,#2930));
#2922 = ORIENTED_EDGE('',*,*,#1003,.F.);
#2923 = ORIENTED_EDGE('',*,*,#2924,.F.);
#2924 = EDGE_CURVE('',#1737,#1004,#2925,.T.);
#2925 = LINE('',#2926,#2927);
#2926 = CARTESIAN_POINT('',(601.,6.,-1.));
#2927 = VECTOR('',#2928,1.);
#2928 = DIRECTION('',(0.,0.,1.));
#2929 = ORIENTED_EDGE('',*,*,#1744,.T.);
#2930 = ORIENTED_EDGE('',*,*,#2924,.T.);
#2931 = CYLINDRICAL_SURFACE('',#2932,2.);
#2932 = AXIS2_PLACEMENT_3D('',#2933,#2934,#2935);
#2933 = CARTESIAN_POINT('',(599.,6.,-1.));
#2934 = DIRECTION('',(0.,0.,1.));
#2935 = DIRECTION('',(1.,0.,-0.));
#2936 = ADVANCED_FACE('',(#2937),#2948,.F.);
#2937 = FACE_BOUND('',#2938,.F.);
#2938 = EDGE_LOOP('',(#2939,#2940,#2946,#2947));
#2939 = ORIENTED_EDGE('',*,*,#1014,.F.);
#2940 = ORIENTED_EDGE('',*,*,#2941,.F.);
#2941 = EDGE_CURVE('',#1762,#1015,#2942,.T.);
#2942 = LINE('',#2943,#2944);
#2943 = CARTESIAN_POINT('',(744.5,6.,-1.));
#2944 = VECTOR('',#2945,1.);
#2945 = DIRECTION('',(0.,0.,1.));
#2946 = ORIENTED_EDGE('',*,*,#1769,.T.);
#2947 = ORIENTED_EDGE('',*,*,#2941,.T.);
#2948 = CYLINDRICAL_SURFACE('',#2949,2.);
#2949 = AXIS2_PLACEMENT_3D('',#2950,#2951,#2952);
#2950 = CARTESIAN_POINT('',(742.5,6.,-1.));
#2951 = DIRECTION('',(0.,0.,1.));
#2952 = DIRECTION('',(1.,0.,-0.));
#2953 = ADVANCED_FACE('',(#2954),#2965,.F.);
#2954 = FACE_BOUND('',#2955,.F.);
#2955 = EDGE_LOOP('',(#2956,#2957,#2963,#2964));
#2956 = ORIENTED_EDGE('',*,*,#1025,.F.);
#2957 = ORIENTED_EDGE('',*,*,#2958,.F.);
#2958 = EDGE_CURVE('',#1787,#1026,#2959,.T.);
#2959 = LINE('',#2960,#2961);
#2960 = CARTESIAN_POINT('',(888.,6.,-1.));
#2961 = VECTOR('',#2962,1.);
#2962 = DIRECTION('',(0.,0.,1.));
#2963 = ORIENTED_EDGE('',*,*,#1794,.T.);
#2964 = ORIENTED_EDGE('',*,*,#2958,.T.);
#2965 = CYLINDRICAL_SURFACE('',#2966,2.);
#2966 = AXIS2_PLACEMENT_3D('',#2967,#2968,#2969);
#2967 = CARTESIAN_POINT('',(886.,6.,-1.));
#2968 = DIRECTION('',(0.,0.,1.));
#2969 = DIRECTION('',(1.,0.,-0.));
#2970 = ADVANCED_FACE('',(#2971),#2982,.F.);
#2971 = FACE_BOUND('',#2972,.F.);
#2972 = EDGE_LOOP('',(#2973,#2974,#2980,#2981));
#2973 = ORIENTED_EDGE('',*,*,#1036,.F.);
#2974 = ORIENTED_EDGE('',*,*,#2975,.F.);
#2975 = EDGE_CURVE('',#1812,#1037,#2976,.T.);
#2976 = LINE('',#2977,#2978);
#2977 = CARTESIAN_POINT('',(895.,37.,-1.));
#2978 = VECTOR('',#2979,1.);
#2979 = DIRECTION('',(0.,0.,1.));
#2980 = ORIENTED_EDGE('',*,*,#1819,.T.);
#2981 = ORIENTED_EDGE('',*,*,#2975,.T.);
#2982 = CYLINDRICAL_SURFACE('',#2983,2.);
#2983 = AXIS2_PLACEMENT_3D('',#2984,#2985,#2986);
#2984 = CARTESIAN_POINT('',(893.,37.,-1.));
#2985 = DIRECTION('',(0.,0.,1.));
#2986 = DIRECTION('',(1.,0.,-0.));
#2987 = ADVANCED_FACE('',(#2988),#2999,.F.);
#2988 = FACE_BOUND('',#2989,.F.);
#2989 = EDGE_LOOP('',(#2990,#2991,#2997,#2998));
#2990 = ORIENTED_EDGE('',*,*,#1047,.F.);
#2991 = ORIENTED_EDGE('',*,*,#2992,.F.);
#2992 = EDGE_CURVE('',#1837,#1048,#2993,.T.);
#2993 = LINE('',#2994,#2995);
#2994 = CARTESIAN_POINT('',(907.,37.,-1.));
#2995 = VECTOR('',#2996,1.);
#2996 = DIRECTION('',(0.,0.,1.));
#2997 = ORIENTED_EDGE('',*,*,#1844,.T.);
#2998 = ORIENTED_EDGE('',*,*,#2992,.T.);
#2999 = CYLINDRICAL_SURFACE('',#3000,2.);
#3000 = AXIS2_PLACEMENT_3D('',#3001,#3002,#3003);
#3001 = CARTESIAN_POINT('',(905.,37.,-1.));
#3002 = DIRECTION('',(0.,0.,1.));
#3003 = DIRECTION('',(1.,0.,-0.));
#3004 = ADVANCED_FACE('',(#3005),#3016,.F.);
#3005 = FACE_BOUND('',#3006,.F.);
#3006 = EDGE_LOOP('',(#3007,#3008,#3014,#3015));
#3007 = ORIENTED_EDGE('',*,*,#1058,.F.);
#3008 = ORIENTED_EDGE('',*,*,#3009,.F.);
#3009 = EDGE_CURVE('',#1862,#1059,#3010,.T.);
#3010 = LINE('',#3011,#3012);
#3011 = CARTESIAN_POINT('',(526.11,86.5,-1.));
#3012 = VECTOR('',#3013,1.);
#3013 = DIRECTION('',(0.,0.,1.));
#3014 = ORIENTED_EDGE('',*,*,#1869,.T.);
#3015 = ORIENTED_EDGE('',*,*,#3009,.T.);
#3016 = CYLINDRICAL_SURFACE('',#3017,2.5);
#3017 = AXIS2_PLACEMENT_3D('',#3018,#3019,#3020);
#3018 = CARTESIAN_POINT('',(523.61,86.5,-1.));
#3019 = DIRECTION('',(0.,0.,1.));
#3020 = DIRECTION('',(1.,0.,-0.));
#3021 = ADVANCED_FACE('',(#3022),#3033,.F.);
#3022 = FACE_BOUND('',#3023,.F.);
#3023 = EDGE_LOOP('',(#3024,#3025,#3031,#3032));
#3024 = ORIENTED_EDGE('',*,*,#1069,.F.);
#3025 = ORIENTED_EDGE('',*,*,#3026,.F.);
#3026 = EDGE_CURVE('',#1887,#1070,#3027,.T.);
#3027 = LINE('',#3028,#3029);
#3028 = CARTESIAN_POINT('',(705.7,86.5,-1.));
#3029 = VECTOR('',#3030,1.);
#3030 = DIRECTION('',(0.,0.,1.));
#3031 = ORIENTED_EDGE('',*,*,#1894,.T.);
#3032 = ORIENTED_EDGE('',*,*,#3026,.T.);
#3033 = CYLINDRICAL_SURFACE('',#3034,2.5);
#3034 = AXIS2_PLACEMENT_3D('',#3035,#3036,#3037);
#3035 = CARTESIAN_POINT('',(703.2,86.5,-1.));
#3036 = DIRECTION('',(0.,0.,1.));
#3037 = DIRECTION('',(1.,0.,-0.));
#3038 = ADVANCED_FACE('',(#3039),#3050,.F.);
#3039 = FACE_BOUND('',#3040,.F.);
#3040 = EDGE_LOOP('',(#3041,#3042,#3048,#3049));
#3041 = ORIENTED_EDGE('',*,*,#1080,.F.);
#3042 = ORIENTED_EDGE('',*,*,#3043,.F.);
#3043 = EDGE_CURVE('',#1912,#1081,#3044,.T.);
#3044 = LINE('',#3045,#3046);
#3045 = CARTESIAN_POINT('',(870.9,86.5,-1.));
#3046 = VECTOR('',#3047,1.);
#3047 = DIRECTION('',(0.,0.,1.));
#3048 = ORIENTED_EDGE('',*,*,#1919,.T.);
#3049 = ORIENTED_EDGE('',*,*,#3043,.T.);
#3050 = CYLINDRICAL_SURFACE('',#3051,2.5);
#3051 = AXIS2_PLACEMENT_3D('',#3052,#3053,#3054);
#3052 = CARTESIAN_POINT('',(868.4,86.5,-1.));
#3053 = DIRECTION('',(0.,0.,1.));
#3054 = DIRECTION('',(1.,0.,-0.));
#3055 = ADVANCED_FACE('',(#3056),#3067,.F.);
#3056 = FACE_BOUND('',#3057,.F.);
#3057 = EDGE_LOOP('',(#3058,#3059,#3065,#3066));
#3058 = ORIENTED_EDGE('',*,*,#1091,.F.);
#3059 = ORIENTED_EDGE('',*,*,#3060,.F.);
#3060 = EDGE_CURVE('',#1937,#1092,#3061,.T.);
#3061 = LINE('',#3062,#3063);
#3062 = CARTESIAN_POINT('',(8.,155.,-1.));
#3063 = VECTOR('',#3064,1.);
#3064 = DIRECTION('',(0.,0.,1.));
#3065 = ORIENTED_EDGE('',*,*,#1944,.T.);
#3066 = ORIENTED_EDGE('',*,*,#3060,.T.);
#3067 = CYLINDRICAL_SURFACE('',#3068,2.);
#3068 = AXIS2_PLACEMENT_3D('',#3069,#3070,#3071);
#3069 = CARTESIAN_POINT('',(6.,155.,-1.));
#3070 = DIRECTION('',(0.,0.,1.));
#3071 = DIRECTION('',(1.,0.,-0.));
#3072 = ADVANCED_FACE('',(#3073),#3084,.F.);
#3073 = FACE_BOUND('',#3074,.F.);
#3074 = EDGE_LOOP('',(#3075,#3076,#3082,#3083));
#3075 = ORIENTED_EDGE('',*,*,#1102,.F.);
#3076 = ORIENTED_EDGE('',*,*,#3077,.F.);
#3077 = EDGE_CURVE('',#1962,#1103,#3078,.T.);
#3078 = LINE('',#3079,#3080);
#3079 = CARTESIAN_POINT('',(194.,155.,-1.));
#3080 = VECTOR('',#3081,1.);
#3081 = DIRECTION('',(0.,0.,1.));
#3082 = ORIENTED_EDGE('',*,*,#1969,.T.);
#3083 = ORIENTED_EDGE('',*,*,#3077,.T.);
#3084 = CYLINDRICAL_SURFACE('',#3085,2.);
#3085 = AXIS2_PLACEMENT_3D('',#3086,#3087,#3088);
#3086 = CARTESIAN_POINT('',(192.,155.,-1.));
#3087 = DIRECTION('',(0.,0.,1.));
#3088 = DIRECTION('',(1.,0.,-0.));
#3089 = ADVANCED_FACE('',(#3090),#3101,.F.);
#3090 = FACE_BOUND('',#3091,.F.);
#3091 = EDGE_LOOP('',(#3092,#3093,#3099,#3100));
#3092 = ORIENTED_EDGE('',*,*,#1113,.F.);
#3093 = ORIENTED_EDGE('',*,*,#3094,.F.);
#3094 = EDGE_CURVE('',#1987,#1114,#3095,.T.);
#3095 = LINE('',#3096,#3097);
#3096 = CARTESIAN_POINT('',(224.15,162.,-1.));
#3097 = VECTOR('',#3098,1.);
#3098 = DIRECTION('',(0.,0.,1.));
#3099 = ORIENTED_EDGE('',*,*,#1994,.T.);
#3100 = ORIENTED_EDGE('',*,*,#3094,.T.);
#3101 = CYLINDRICAL_SURFACE('',#3102,2.5);
#3102 = AXIS2_PLACEMENT_3D('',#3103,#3104,#3105);
#3103 = CARTESIAN_POINT('',(221.65,162.,-1.));
#3104 = DIRECTION('',(0.,0.,1.));
#3105 = DIRECTION('',(1.,0.,-0.));
#3106 = ADVANCED_FACE('',(#3107),#3118,.F.);
#3107 = FACE_BOUND('',#3108,.F.);
#3108 = EDGE_LOOP('',(#3109,#3110,#3116,#3117));
#3109 = ORIENTED_EDGE('',*,*,#1124,.F.);
#3110 = ORIENTED_EDGE('',*,*,#3111,.F.);
#3111 = EDGE_CURVE('',#2012,#1125,#3112,.T.);
#3112 = LINE('',#3113,#3114);
#3113 = CARTESIAN_POINT('',(212.7,183.,-1.));
#3114 = VECTOR('',#3115,1.);
#3115 = DIRECTION('',(0.,0.,1.));
#3116 = ORIENTED_EDGE('',*,*,#2019,.T.);
#3117 = ORIENTED_EDGE('',*,*,#3111,.T.);
#3118 = CYLINDRICAL_SURFACE('',#3119,1.7);
#3119 = AXIS2_PLACEMENT_3D('',#3120,#3121,#3122);
#3120 = CARTESIAN_POINT('',(211.,183.,-1.));
#3121 = DIRECTION('',(0.,0.,1.));
#3122 = DIRECTION('',(1.,0.,-0.));
#3123 = ADVANCED_FACE('',(#3124),#3135,.F.);
#3124 = FACE_BOUND('',#3125,.F.);
#3125 = EDGE_LOOP('',(#3126,#3127,#3133,#3134));
#3126 = ORIENTED_EDGE('',*,*,#1135,.F.);
#3127 = ORIENTED_EDGE('',*,*,#3128,.F.);
#3128 = EDGE_CURVE('',#2037,#1136,#3129,.T.);
#3129 = LINE('',#3130,#3131);
#3130 = CARTESIAN_POINT('',(307.3,183.,-1.));
#3131 = VECTOR('',#3132,1.);
#3132 = DIRECTION('',(0.,0.,1.));
#3133 = ORIENTED_EDGE('',*,*,#2044,.T.);
#3134 = ORIENTED_EDGE('',*,*,#3128,.T.);
#3135 = CYLINDRICAL_SURFACE('',#3136,1.7);
#3136 = AXIS2_PLACEMENT_3D('',#3137,#3138,#3139);
#3137 = CARTESIAN_POINT('',(305.6,183.,-1.));
#3138 = DIRECTION('',(0.,0.,1.));
#3139 = DIRECTION('',(1.,0.,-0.));
#3140 = ADVANCED_FACE('',(#3141),#3152,.F.);
#3141 = FACE_BOUND('',#3142,.F.);
#3142 = EDGE_LOOP('',(#3143,#3144,#3150,#3151));
#3143 = ORIENTED_EDGE('',*,*,#1146,.F.);
#3144 = ORIENTED_EDGE('',*,*,#3145,.F.);
#3145 = EDGE_CURVE('',#2062,#1147,#3146,.T.);
#3146 = LINE('',#3147,#3148);
#3147 = CARTESIAN_POINT('',(361.22,162.,-1.));
#3148 = VECTOR('',#3149,1.);
#3149 = DIRECTION('',(0.,0.,1.));
#3150 = ORIENTED_EDGE('',*,*,#2069,.T.);
#3151 = ORIENTED_EDGE('',*,*,#3145,.T.);
#3152 = CYLINDRICAL_SURFACE('',#3153,2.5);
#3153 = AXIS2_PLACEMENT_3D('',#3154,#3155,#3156);
#3154 = CARTESIAN_POINT('',(358.72,162.,-1.));
#3155 = DIRECTION('',(0.,0.,1.));
#3156 = DIRECTION('',(1.,0.,-0.));
#3157 = ADVANCED_FACE('',(#3158),#3169,.F.);
#3158 = FACE_BOUND('',#3159,.F.);
#3159 = EDGE_LOOP('',(#3160,#3161,#3167,#3168));
#3160 = ORIENTED_EDGE('',*,*,#1157,.F.);
#3161 = ORIENTED_EDGE('',*,*,#3162,.F.);
#3162 = EDGE_CURVE('',#2087,#1158,#3163,.T.);
#3163 = LINE('',#3164,#3165);
#3164 = CARTESIAN_POINT('',(392.,162.,-1.));
#3165 = VECTOR('',#3166,1.);
#3166 = DIRECTION('',(0.,0.,1.));
#3167 = ORIENTED_EDGE('',*,*,#2094,.T.);
#3168 = ORIENTED_EDGE('',*,*,#3162,.T.);
#3169 = CYLINDRICAL_SURFACE('',#3170,2.);
#3170 = AXIS2_PLACEMENT_3D('',#3171,#3172,#3173);
#3171 = CARTESIAN_POINT('',(390.,162.,-1.));
#3172 = DIRECTION('',(0.,0.,1.));
#3173 = DIRECTION('',(1.,0.,-0.));
#3174 = ADVANCED_FACE('',(#3175),#3186,.F.);
#3175 = FACE_BOUND('',#3176,.F.);
#3176 = EDGE_LOOP('',(#3177,#3178,#3184,#3185));
#3177 = ORIENTED_EDGE('',*,*,#1168,.F.);
#3178 = ORIENTED_EDGE('',*,*,#3179,.F.);
#3179 = EDGE_CURVE('',#2112,#1169,#3180,.T.);
#3180 = LINE('',#3181,#3182);
#3181 = CARTESIAN_POINT('',(362.7,183.,-1.));
#3182 = VECTOR('',#3183,1.);
#3183 = DIRECTION('',(0.,0.,1.));
#3184 = ORIENTED_EDGE('',*,*,#2119,.T.);
#3185 = ORIENTED_EDGE('',*,*,#3179,.T.);
#3186 = CYLINDRICAL_SURFACE('',#3187,1.7);
#3187 = AXIS2_PLACEMENT_3D('',#3188,#3189,#3190);
#3188 = CARTESIAN_POINT('',(361.,183.,-1.));
#3189 = DIRECTION('',(0.,0.,1.));
#3190 = DIRECTION('',(1.,0.,-0.));
#3191 = ADVANCED_FACE('',(#3192),#3203,.F.);
#3192 = FACE_BOUND('',#3193,.F.);
#3193 = EDGE_LOOP('',(#3194,#3195,#3201,#3202));
#3194 = ORIENTED_EDGE('',*,*,#1179,.F.);
#3195 = ORIENTED_EDGE('',*,*,#3196,.F.);
#3196 = EDGE_CURVE('',#2137,#1180,#3197,.T.);
#3197 = LINE('',#3198,#3199);
#3198 = CARTESIAN_POINT('',(381.51,198.81,-1.));
#3199 = VECTOR('',#3200,1.);
#3200 = DIRECTION('',(0.,0.,1.));
#3201 = ORIENTED_EDGE('',*,*,#2144,.T.);
#3202 = ORIENTED_EDGE('',*,*,#3196,.T.);
#3203 = CYLINDRICAL_SURFACE('',#3204,1.7);
#3204 = AXIS2_PLACEMENT_3D('',#3205,#3206,#3207);
#3205 = CARTESIAN_POINT('',(379.81,198.81,-1.));
#3206 = DIRECTION('',(0.,0.,1.));
#3207 = DIRECTION('',(1.,0.,-0.));
#3208 = ADVANCED_FACE('',(#3209),#3220,.F.);
#3209 = FACE_BOUND('',#3210,.F.);
#3210 = EDGE_LOOP('',(#3211,#3212,#3218,#3219));
#3211 = ORIENTED_EDGE('',*,*,#1190,.F.);
#3212 = ORIENTED_EDGE('',*,*,#3213,.F.);
#3213 = EDGE_CURVE('',#2162,#1191,#3214,.T.);
#3214 = LINE('',#3215,#3216);
#3215 = CARTESIAN_POINT('',(28.2,231.5,-1.));
#3216 = VECTOR('',#3217,1.);
#3217 = DIRECTION('',(0.,0.,1.));
#3218 = ORIENTED_EDGE('',*,*,#2169,.T.);
#3219 = ORIENTED_EDGE('',*,*,#3213,.T.);
#3220 = CYLINDRICAL_SURFACE('',#3221,1.7);
#3221 = AXIS2_PLACEMENT_3D('',#3222,#3223,#3224);
#3222 = CARTESIAN_POINT('',(26.5,231.5,-1.));
#3223 = DIRECTION('',(0.,0.,1.));
#3224 = DIRECTION('',(1.,0.,-0.));
#3225 = ADVANCED_FACE('',(#3226),#3237,.F.);
#3226 = FACE_BOUND('',#3227,.F.);
#3227 = EDGE_LOOP('',(#3228,#3229,#3235,#3236));
#3228 = ORIENTED_EDGE('',*,*,#1201,.F.);
#3229 = ORIENTED_EDGE('',*,*,#3230,.F.);
#3230 = EDGE_CURVE('',#2187,#1202,#3231,.T.);
#3231 = LINE('',#3232,#3233);
#3232 = CARTESIAN_POINT('',(173.2,231.5,-1.));
#3233 = VECTOR('',#3234,1.);
#3234 = DIRECTION('',(0.,0.,1.));
#3235 = ORIENTED_EDGE('',*,*,#2194,.T.);
#3236 = ORIENTED_EDGE('',*,*,#3230,.T.);
#3237 = CYLINDRICAL_SURFACE('',#3238,1.7);
#3238 = AXIS2_PLACEMENT_3D('',#3239,#3240,#3241);
#3239 = CARTESIAN_POINT('',(171.5,231.5,-1.));
#3240 = DIRECTION('',(0.,0.,1.));
#3241 = DIRECTION('',(1.,0.,-0.));
#3242 = ADVANCED_FACE('',(#3243),#3254,.F.);
#3243 = FACE_BOUND('',#3244,.F.);
#3244 = EDGE_LOOP('',(#3245,#3246,#3252,#3253));
#3245 = ORIENTED_EDGE('',*,*,#1212,.F.);
#3246 = ORIENTED_EDGE('',*,*,#3247,.F.);
#3247 = EDGE_CURVE('',#2212,#1213,#3248,.T.);
#3248 = LINE('',#3249,#3250);
#3249 = CARTESIAN_POINT('',(8.,273.,-1.));
#3250 = VECTOR('',#3251,1.);
#3251 = DIRECTION('',(0.,0.,1.));
#3252 = ORIENTED_EDGE('',*,*,#2219,.T.);
#3253 = ORIENTED_EDGE('',*,*,#3247,.T.);
#3254 = CYLINDRICAL_SURFACE('',#3255,2.);
#3255 = AXIS2_PLACEMENT_3D('',#3256,#3257,#3258);
#3256 = CARTESIAN_POINT('',(6.,273.,-1.));
#3257 = DIRECTION('',(0.,0.,1.));
#3258 = DIRECTION('',(1.,0.,-0.));
#3259 = ADVANCED_FACE('',(#3260),#3271,.F.);
#3260 = FACE_BOUND('',#3261,.F.);
#3261 = EDGE_LOOP('',(#3262,#3263,#3269,#3270));
#3262 = ORIENTED_EDGE('',*,*,#1223,.F.);
#3263 = ORIENTED_EDGE('',*,*,#3264,.F.);
#3264 = EDGE_CURVE('',#2237,#1224,#3265,.T.);
#3265 = LINE('',#3266,#3267);
#3266 = CARTESIAN_POINT('',(27.,304.,-1.));
#3267 = VECTOR('',#3268,1.);
#3268 = DIRECTION('',(0.,0.,1.));
#3269 = ORIENTED_EDGE('',*,*,#2244,.T.);
#3270 = ORIENTED_EDGE('',*,*,#3264,.T.);
#3271 = CYLINDRICAL_SURFACE('',#3272,2.);
#3272 = AXIS2_PLACEMENT_3D('',#3273,#3274,#3275);
#3273 = CARTESIAN_POINT('',(25.,304.,-1.));
#3274 = DIRECTION('',(0.,0.,1.));
#3275 = DIRECTION('',(1.,0.,-0.));
#3276 = ADVANCED_FACE('',(#3277),#3288,.F.);
#3277 = FACE_BOUND('',#3278,.F.);
#3278 = EDGE_LOOP('',(#3279,#3280,#3286,#3287));
#3279 = ORIENTED_EDGE('',*,*,#1234,.F.);
#3280 = ORIENTED_EDGE('',*,*,#3281,.F.);
#3281 = EDGE_CURVE('',#2262,#1235,#3282,.T.);
#3282 = LINE('',#3283,#3284);
#3283 = CARTESIAN_POINT('',(212.7,283.,-1.));
#3284 = VECTOR('',#3285,1.);
#3285 = DIRECTION('',(0.,0.,1.));
#3286 = ORIENTED_EDGE('',*,*,#2269,.T.);
#3287 = ORIENTED_EDGE('',*,*,#3281,.T.);
#3288 = CYLINDRICAL_SURFACE('',#3289,1.7);
#3289 = AXIS2_PLACEMENT_3D('',#3290,#3291,#3292);
#3290 = CARTESIAN_POINT('',(211.,283.,-1.));
#3291 = DIRECTION('',(0.,0.,1.));
#3292 = DIRECTION('',(1.,0.,-0.));
#3293 = ADVANCED_FACE('',(#3294),#3305,.F.);
#3294 = FACE_BOUND('',#3295,.F.);
#3295 = EDGE_LOOP('',(#3296,#3297,#3303,#3304));
#3296 = ORIENTED_EDGE('',*,*,#1245,.F.);
#3297 = ORIENTED_EDGE('',*,*,#3298,.F.);
#3298 = EDGE_CURVE('',#2287,#1246,#3299,.T.);
#3299 = LINE('',#3300,#3301);
#3300 = CARTESIAN_POINT('',(170.5,304.,-1.));
#3301 = VECTOR('',#3302,1.);
#3302 = DIRECTION('',(0.,0.,1.));
#3303 = ORIENTED_EDGE('',*,*,#2294,.T.);
#3304 = ORIENTED_EDGE('',*,*,#3298,.T.);
#3305 = CYLINDRICAL_SURFACE('',#3306,2.);
#3306 = AXIS2_PLACEMENT_3D('',#3307,#3308,#3309);
#3307 = CARTESIAN_POINT('',(168.5,304.,-1.));
#3308 = DIRECTION('',(0.,0.,1.));
#3309 = DIRECTION('',(1.,0.,-0.));
#3310 = ADVANCED_FACE('',(#3311),#3322,.F.);
#3311 = FACE_BOUND('',#3312,.F.);
#3312 = EDGE_LOOP('',(#3313,#3314,#3320,#3321));
#3313 = ORIENTED_EDGE('',*,*,#1256,.F.);
#3314 = ORIENTED_EDGE('',*,*,#3315,.F.);
#3315 = EDGE_CURVE('',#2312,#1257,#3316,.T.);
#3316 = LINE('',#3317,#3318);
#3317 = CARTESIAN_POINT('',(307.3,283.,-1.));
#3318 = VECTOR('',#3319,1.);
#3319 = DIRECTION('',(0.,0.,1.));
#3320 = ORIENTED_EDGE('',*,*,#2319,.T.);
#3321 = ORIENTED_EDGE('',*,*,#3315,.T.);
#3322 = CYLINDRICAL_SURFACE('',#3323,1.7);
#3323 = AXIS2_PLACEMENT_3D('',#3324,#3325,#3326);
#3324 = CARTESIAN_POINT('',(305.6,283.,-1.));
#3325 = DIRECTION('',(0.,0.,1.));
#3326 = DIRECTION('',(1.,0.,-0.));
#3327 = ADVANCED_FACE('',(#3328),#3339,.F.);
#3328 = FACE_BOUND('',#3329,.F.);
#3329 = EDGE_LOOP('',(#3330,#3331,#3337,#3338));
#3330 = ORIENTED_EDGE('',*,*,#1267,.F.);
#3331 = ORIENTED_EDGE('',*,*,#3332,.F.);
#3332 = EDGE_CURVE('',#2337,#1268,#3333,.T.);
#3333 = LINE('',#3334,#3335);
#3334 = CARTESIAN_POINT('',(314.,304.,-1.));
#3335 = VECTOR('',#3336,1.);
#3336 = DIRECTION('',(0.,0.,1.));
#3337 = ORIENTED_EDGE('',*,*,#2344,.T.);
#3338 = ORIENTED_EDGE('',*,*,#3332,.T.);
#3339 = CYLINDRICAL_SURFACE('',#3340,2.);
#3340 = AXIS2_PLACEMENT_3D('',#3341,#3342,#3343);
#3341 = CARTESIAN_POINT('',(312.,304.,-1.));
#3342 = DIRECTION('',(0.,0.,1.));
#3343 = DIRECTION('',(1.,0.,-0.));
#3344 = ADVANCED_FACE('',(#3345),#3356,.F.);
#3345 = FACE_BOUND('',#3346,.F.);
#3346 = EDGE_LOOP('',(#3347,#3348,#3354,#3355));
#3347 = ORIENTED_EDGE('',*,*,#1278,.F.);
#3348 = ORIENTED_EDGE('',*,*,#3349,.F.);
#3349 = EDGE_CURVE('',#2362,#1279,#3350,.T.);
#3350 = LINE('',#3351,#3352);
#3351 = CARTESIAN_POINT('',(381.51,271.2,-1.));
#3352 = VECTOR('',#3353,1.);
#3353 = DIRECTION('',(0.,0.,1.));
#3354 = ORIENTED_EDGE('',*,*,#2369,.T.);
#3355 = ORIENTED_EDGE('',*,*,#3349,.T.);
#3356 = CYLINDRICAL_SURFACE('',#3357,1.7);
#3357 = AXIS2_PLACEMENT_3D('',#3358,#3359,#3360);
#3358 = CARTESIAN_POINT('',(379.81,271.2,-1.));
#3359 = DIRECTION('',(0.,0.,1.));
#3360 = DIRECTION('',(1.,0.,-0.));
#3361 = ADVANCED_FACE('',(#3362),#3373,.F.);
#3362 = FACE_BOUND('',#3363,.F.);
#3363 = EDGE_LOOP('',(#3364,#3365,#3371,#3372));
#3364 = ORIENTED_EDGE('',*,*,#1289,.F.);
#3365 = ORIENTED_EDGE('',*,*,#3366,.F.);
#3366 = EDGE_CURVE('',#2387,#1290,#3367,.T.);
#3367 = LINE('',#3368,#3369);
#3368 = CARTESIAN_POINT('',(362.7,283.,-1.));
#3369 = VECTOR('',#3370,1.);
#3370 = DIRECTION('',(0.,0.,1.));
#3371 = ORIENTED_EDGE('',*,*,#2394,.T.);
#3372 = ORIENTED_EDGE('',*,*,#3366,.T.);
#3373 = CYLINDRICAL_SURFACE('',#3374,1.7);
#3374 = AXIS2_PLACEMENT_3D('',#3375,#3376,#3377);
#3375 = CARTESIAN_POINT('',(361.,283.,-1.));
#3376 = DIRECTION('',(0.,0.,1.));
#3377 = DIRECTION('',(1.,0.,-0.));
#3378 = ADVANCED_FACE('',(#3379),#3390,.F.);
#3379 = FACE_BOUND('',#3380,.F.);
#3380 = EDGE_LOOP('',(#3381,#3382,#3388,#3389));
#3381 = ORIENTED_EDGE('',*,*,#1300,.F.);
#3382 = ORIENTED_EDGE('',*,*,#3383,.F.);
#3383 = EDGE_CURVE('',#2412,#1301,#3384,.T.);
#3384 = LINE('',#3385,#3386);
#3385 = CARTESIAN_POINT('',(526.11,162.,-1.));
#3386 = VECTOR('',#3387,1.);
#3387 = DIRECTION('',(0.,0.,1.));
#3388 = ORIENTED_EDGE('',*,*,#2419,.T.);
#3389 = ORIENTED_EDGE('',*,*,#3383,.T.);
#3390 = CYLINDRICAL_SURFACE('',#3391,2.5);
#3391 = AXIS2_PLACEMENT_3D('',#3392,#3393,#3394);
#3392 = CARTESIAN_POINT('',(523.61,162.,-1.));
#3393 = DIRECTION('',(0.,0.,1.));
#3394 = DIRECTION('',(1.,0.,-0.));
#3395 = ADVANCED_FACE('',(#3396),#3407,.F.);
#3396 = FACE_BOUND('',#3397,.F.);
#3397 = EDGE_LOOP('',(#3398,#3399,#3405,#3406));
#3398 = ORIENTED_EDGE('',*,*,#1311,.F.);
#3399 = ORIENTED_EDGE('',*,*,#3400,.F.);
#3400 = EDGE_CURVE('',#2437,#1312,#3401,.T.);
#3401 = LINE('',#3402,#3403);
#3402 = CARTESIAN_POINT('',(499.62,198.81,-1.));
#3403 = VECTOR('',#3404,1.);
#3404 = DIRECTION('',(0.,0.,1.));
#3405 = ORIENTED_EDGE('',*,*,#2444,.T.);
#3406 = ORIENTED_EDGE('',*,*,#3400,.T.);
#3407 = CYLINDRICAL_SURFACE('',#3408,1.7);
#3408 = AXIS2_PLACEMENT_3D('',#3409,#3410,#3411);
#3409 = CARTESIAN_POINT('',(497.92,198.81,-1.));
#3410 = DIRECTION('',(0.,0.,1.));
#3411 = DIRECTION('',(1.,0.,-0.));
#3412 = ADVANCED_FACE('',(#3413),#3424,.F.);
#3413 = FACE_BOUND('',#3414,.F.);
#3414 = EDGE_LOOP('',(#3415,#3416,#3422,#3423));
#3415 = ORIENTED_EDGE('',*,*,#1322,.F.);
#3416 = ORIENTED_EDGE('',*,*,#3417,.F.);
#3417 = EDGE_CURVE('',#2462,#1323,#3418,.T.);
#3418 = LINE('',#3419,#3420);
#3419 = CARTESIAN_POINT('',(705.7,162.,-1.));
#3420 = VECTOR('',#3421,1.);
#3421 = DIRECTION('',(0.,0.,1.));
#3422 = ORIENTED_EDGE('',*,*,#2469,.T.);
#3423 = ORIENTED_EDGE('',*,*,#3417,.T.);
#3424 = CYLINDRICAL_SURFACE('',#3425,2.5);
#3425 = AXIS2_PLACEMENT_3D('',#3426,#3427,#3428);
#3426 = CARTESIAN_POINT('',(703.2,162.,-1.));
#3427 = DIRECTION('',(0.,0.,1.));
#3428 = DIRECTION('',(1.,0.,-0.));
#3429 = ADVANCED_FACE('',(#3430),#3441,.F.);
#3430 = FACE_BOUND('',#3431,.F.);
#3431 = EDGE_LOOP('',(#3432,#3433,#3439,#3440));
#3432 = ORIENTED_EDGE('',*,*,#1333,.F.);
#3433 = ORIENTED_EDGE('',*,*,#3434,.F.);
#3434 = EDGE_CURVE('',#2487,#1334,#3435,.T.);
#3435 = LINE('',#3436,#3437);
#3436 = CARTESIAN_POINT('',(870.9,162.,-1.));
#3437 = VECTOR('',#3438,1.);
#3438 = DIRECTION('',(0.,0.,1.));
#3439 = ORIENTED_EDGE('',*,*,#2494,.T.);
#3440 = ORIENTED_EDGE('',*,*,#3434,.T.);
#3441 = CYLINDRICAL_SURFACE('',#3442,2.5);
#3442 = AXIS2_PLACEMENT_3D('',#3443,#3444,#3445);
#3443 = CARTESIAN_POINT('',(868.4,162.,-1.));
#3444 = DIRECTION('',(0.,0.,1.));
#3445 = DIRECTION('',(1.,0.,-0.));
#3446 = ADVANCED_FACE('',(#3447),#3458,.F.);
#3447 = FACE_BOUND('',#3448,.F.);
#3448 = EDGE_LOOP('',(#3449,#3450,#3456,#3457));
#3449 = ORIENTED_EDGE('',*,*,#1344,.F.);
#3450 = ORIENTED_EDGE('',*,*,#3451,.F.);
#3451 = EDGE_CURVE('',#2512,#1345,#3452,.T.);
#3452 = LINE('',#3453,#3454);
#3453 = CARTESIAN_POINT('',(895.,155.,-1.));
#3454 = VECTOR('',#3455,1.);
#3455 = DIRECTION('',(0.,0.,1.));
#3456 = ORIENTED_EDGE('',*,*,#2519,.T.);
#3457 = ORIENTED_EDGE('',*,*,#3451,.T.);
#3458 = CYLINDRICAL_SURFACE('',#3459,2.);
#3459 = AXIS2_PLACEMENT_3D('',#3460,#3461,#3462);
#3460 = CARTESIAN_POINT('',(893.,155.,-1.));
#3461 = DIRECTION('',(0.,0.,1.));
#3462 = DIRECTION('',(1.,0.,-0.));
#3463 = ADVANCED_FACE('',(#3464),#3475,.F.);
#3464 = FACE_BOUND('',#3465,.F.);
#3465 = EDGE_LOOP('',(#3466,#3467,#3473,#3474));
#3466 = ORIENTED_EDGE('',*,*,#1355,.F.);
#3467 = ORIENTED_EDGE('',*,*,#3468,.F.);
#3468 = EDGE_CURVE('',#2537,#1356,#3469,.T.);
#3469 = LINE('',#3470,#3471);
#3470 = CARTESIAN_POINT('',(907.,155.,-1.));
#3471 = VECTOR('',#3472,1.);
#3472 = DIRECTION('',(0.,0.,1.));
#3473 = ORIENTED_EDGE('',*,*,#2544,.T.);
#3474 = ORIENTED_EDGE('',*,*,#3468,.T.);
#3475 = CYLINDRICAL_SURFACE('',#3476,2.);
#3476 = AXIS2_PLACEMENT_3D('',#3477,#3478,#3479);
#3477 = CARTESIAN_POINT('',(905.,155.,-1.));
#3478 = DIRECTION('',(0.,0.,1.));
#3479 = DIRECTION('',(1.,0.,-0.));
#3480 = ADVANCED_FACE('',(#3481),#3492,.F.);
#3481 = FACE_BOUND('',#3482,.F.);
#3482 = EDGE_LOOP('',(#3483,#3484,#3490,#3491));
#3483 = ORIENTED_EDGE('',*,*,#1366,.F.);
#3484 = ORIENTED_EDGE('',*,*,#3485,.F.);
#3485 = EDGE_CURVE('',#2562,#1367,#3486,.T.);
#3486 = LINE('',#3487,#3488);
#3487 = CARTESIAN_POINT('',(499.62,271.2,-1.));
#3488 = VECTOR('',#3489,1.);
#3489 = DIRECTION('',(0.,0.,1.));
#3490 = ORIENTED_EDGE('',*,*,#2569,.T.);
#3491 = ORIENTED_EDGE('',*,*,#3485,.T.);
#3492 = CYLINDRICAL_SURFACE('',#3493,1.7);
#3493 = AXIS2_PLACEMENT_3D('',#3494,#3495,#3496);
#3494 = CARTESIAN_POINT('',(497.92,271.2,-1.));
#3495 = DIRECTION('',(0.,0.,1.));
#3496 = DIRECTION('',(1.,0.,-0.));
#3497 = ADVANCED_FACE('',(#3498),#3509,.F.);
#3498 = FACE_BOUND('',#3499,.F.);
#3499 = EDGE_LOOP('',(#3500,#3501,#3507,#3508));
#3500 = ORIENTED_EDGE('',*,*,#1377,.F.);
#3501 = ORIENTED_EDGE('',*,*,#3502,.F.);
#3502 = EDGE_CURVE('',#2587,#1378,#3503,.T.);
#3503 = LINE('',#3504,#3505);
#3504 = CARTESIAN_POINT('',(457.5,304.,-1.));
#3505 = VECTOR('',#3506,1.);
#3506 = DIRECTION('',(0.,0.,1.));
#3507 = ORIENTED_EDGE('',*,*,#2594,.T.);
#3508 = ORIENTED_EDGE('',*,*,#3502,.T.);
#3509 = CYLINDRICAL_SURFACE('',#3510,2.);
#3510 = AXIS2_PLACEMENT_3D('',#3511,#3512,#3513);
#3511 = CARTESIAN_POINT('',(455.5,304.,-1.));
#3512 = DIRECTION('',(0.,0.,1.));
#3513 = DIRECTION('',(1.,0.,-0.));
#3514 = ADVANCED_FACE('',(#3515),#3526,.F.);
#3515 = FACE_BOUND('',#3516,.F.);
#3516 = EDGE_LOOP('',(#3517,#3518,#3524,#3525));
#3517 = ORIENTED_EDGE('',*,*,#1388,.F.);
#3518 = ORIENTED_EDGE('',*,*,#3519,.F.);
#3519 = EDGE_CURVE('',#2612,#1389,#3520,.T.);
#3520 = LINE('',#3521,#3522);
#3521 = CARTESIAN_POINT('',(601.,304.,-1.));
#3522 = VECTOR('',#3523,1.);
#3523 = DIRECTION('',(0.,0.,1.));
#3524 = ORIENTED_EDGE('',*,*,#2619,.T.);
#3525 = ORIENTED_EDGE('',*,*,#3519,.T.);
#3526 = CYLINDRICAL_SURFACE('',#3527,2.);
#3527 = AXIS2_PLACEMENT_3D('',#3528,#3529,#3530);
#3528 = CARTESIAN_POINT('',(599.,304.,-1.));
#3529 = DIRECTION('',(0.,0.,1.));
#3530 = DIRECTION('',(1.,0.,-0.));
#3531 = ADVANCED_FACE('',(#3532),#3543,.F.);
#3532 = FACE_BOUND('',#3533,.F.);
#3533 = EDGE_LOOP('',(#3534,#3535,#3541,#3542));
#3534 = ORIENTED_EDGE('',*,*,#1399,.F.);
#3535 = ORIENTED_EDGE('',*,*,#3536,.F.);
#3536 = EDGE_CURVE('',#2637,#1400,#3537,.T.);
#3537 = LINE('',#3538,#3539);
#3538 = CARTESIAN_POINT('',(744.5,304.,-1.));
#3539 = VECTOR('',#3540,1.);
#3540 = DIRECTION('',(0.,0.,1.));
#3541 = ORIENTED_EDGE('',*,*,#2644,.T.);
#3542 = ORIENTED_EDGE('',*,*,#3536,.T.);
#3543 = CYLINDRICAL_SURFACE('',#3544,2.);
#3544 = AXIS2_PLACEMENT_3D('',#3545,#3546,#3547);
#3545 = CARTESIAN_POINT('',(742.5,304.,-1.));
#3546 = DIRECTION('',(0.,0.,1.));
#3547 = DIRECTION('',(1.,0.,-0.));
#3548 = ADVANCED_FACE('',(#3549),#3560,.F.);
#3549 = FACE_BOUND('',#3550,.F.);
#3550 = EDGE_LOOP('',(#3551,#3552,#3558,#3559));
#3551 = ORIENTED_EDGE('',*,*,#1410,.F.);
#3552 = ORIENTED_EDGE('',*,*,#3553,.F.);
#3553 = EDGE_CURVE('',#2662,#1411,#3554,.T.);
#3554 = LINE('',#3555,#3556);
#3555 = CARTESIAN_POINT('',(895.,273.,-1.));
#3556 = VECTOR('',#3557,1.);
#3557 = DIRECTION('',(0.,0.,1.));
#3558 = ORIENTED_EDGE('',*,*,#2669,.T.);
#3559 = ORIENTED_EDGE('',*,*,#3553,.T.);
#3560 = CYLINDRICAL_SURFACE('',#3561,2.);
#3561 = AXIS2_PLACEMENT_3D('',#3562,#3563,#3564);
#3562 = CARTESIAN_POINT('',(893.,273.,-1.));
#3563 = DIRECTION('',(0.,0.,1.));
#3564 = DIRECTION('',(1.,0.,-0.));
#3565 = ADVANCED_FACE('',(#3566),#3577,.F.);
#3566 = FACE_BOUND('',#3567,.F.);
#3567 = EDGE_LOOP('',(#3568,#3569,#3575,#3576));
#3568 = ORIENTED_EDGE('',*,*,#1421,.F.);
#3569 = ORIENTED_EDGE('',*,*,#3570,.F.);
#3570 = EDGE_CURVE('',#2687,#1422,#3571,.T.);
#3571 = LINE('',#3572,#3573);
#3572 = CARTESIAN_POINT('',(907.,273.,-1.));
#3573 = VECTOR('',#3574,1.);
#3574 = DIRECTION('',(0.,0.,1.));
#3575 = ORIENTED_EDGE('',*,*,#2694,.T.);
#3576 = ORIENTED_EDGE('',*,*,#3570,.T.);
#3577 = CYLINDRICAL_SURFACE('',#3578,2.);
#3578 = AXIS2_PLACEMENT_3D('',#3579,#3580,#3581);
#3579 = CARTESIAN_POINT('',(905.,273.,-1.));
#3580 = DIRECTION('',(0.,0.,1.));
#3581 = DIRECTION('',(1.,0.,-0.));
#3582 = ADVANCED_FACE('',(#3583),#3594,.F.);
#3583 = FACE_BOUND('',#3584,.F.);
#3584 = EDGE_LOOP('',(#3585,#3586,#3592,#3593));
#3585 = ORIENTED_EDGE('',*,*,#1432,.F.);
#3586 = ORIENTED_EDGE('',*,*,#3587,.F.);
#3587 = EDGE_CURVE('',#2712,#1433,#3588,.T.);
#3588 = LINE('',#3589,#3590);
#3589 = CARTESIAN_POINT('',(888.,304.,-1.));
#3590 = VECTOR('',#3591,1.);
#3591 = DIRECTION('',(0.,0.,1.));
#3592 = ORIENTED_EDGE('',*,*,#2719,.T.);
#3593 = ORIENTED_EDGE('',*,*,#3587,.T.);
#3594 = CYLINDRICAL_SURFACE('',#3595,2.);
#3595 = AXIS2_PLACEMENT_3D('',#3596,#3597,#3598);
#3596 = CARTESIAN_POINT('',(886.,304.,-1.));
#3597 = DIRECTION('',(0.,0.,1.));
#3598 = DIRECTION('',(1.,0.,-0.));
#3599 = ( GEOMETRIC_REPRESENTATION_CONTEXT(3) 
GLOBAL_UNCERTAINTY_ASSIGNED_CONTEXT((#3603)) 
GLOBAL_UNIT_ASSIGNED_CONTEXT((#3600,#3601,#3602)) REPRESENTATION_CONTEXT
('Context #1','3D Context with UNIT and UNCERTAINTY') );
#3600 = ( LENGTH_UNIT() NAMED_UNIT(*) SI_UNIT(.MILLI.,.METRE.) );
#3601 = ( NAMED_UNIT(*) PLANE_ANGLE_UNIT() SI_UNIT($,.RADIAN.) );
#3602 = ( NAMED_UNIT(*) SI_UNIT($,.STERADIAN.) SOLID_ANGLE_UNIT() );
#3603 = UNCERTAINTY_MEASURE_WITH_UNIT(LENGTH_MEASURE(1.E-07),#3600,
  'distance_accuracy_value','confusion accuracy');
#3604 = CONTEXT_DEPENDENT_SHAPE_REPRESENTATION(#3605,#3607);
#3605 = ( REPRESENTATION_RELATIONSHIP('','',#184,#10) 
REPRESENTATION_RELATIONSHIP_WITH_TRANSFORMATION(#3606) 
SHAPE_REPRESENTATION_RELATIONSHIP() );
#3606 = ITEM_DEFINED_TRANSFORMATION('','',#11,#15);
#3607 = PRODUCT_DEFINITION_SHAPE('Placement','Placement of an item',
  #3608);
#3608 = NEXT_ASSEMBLY_USAGE_OCCURRENCE('23','Base','',#5,#179,$);
#3609 = PRODUCT_RELATED_PRODUCT_CATEGORY('part',$,(#181));
#3610 = SHAPE_DEFINITION_REPRESENTATION(#3611,#3617);
#3611 = PRODUCT_DEFINITION_SHAPE('','',#3612);
#3612 = PRODUCT_DEFINITION('design','',#3613,#3616);
#3613 = PRODUCT_DEFINITION_FORMATION('','',#3614);
#3614 = PRODUCT('Front wall','Front wall','',(#3615));
#3615 = PRODUCT_CONTEXT('',#2,'mechanical');
#3616 = PRODUCT_DEFINITION_CONTEXT('part definition',#2,'design');
#3617 = ADVANCED_BREP_SHAPE_REPRESENTATION('',(#11,#3618),#4280);
#3618 = MANIFOLD_SOLID_BREP('',#3619);
#3619 = CLOSED_SHELL('',(#3620,#3660,#3691,#3722,#3827,#3932,#3944,#3969
    ,#3994,#4019,#4044,#4069,#4094,#4119,#4144,#4161,#4178,#4195,#4212,
    #4229,#4246,#4263));
#3620 = ADVANCED_FACE('',(#3621),#3655,.F.);
#3621 = FACE_BOUND('',#3622,.F.);
#3622 = EDGE_LOOP('',(#3623,#3633,#3641,#3649));
#3623 = ORIENTED_EDGE('',*,*,#3624,.T.);
#3624 = EDGE_CURVE('',#3625,#3627,#3629,.T.);
#3625 = VERTEX_POINT('',#3626);
#3626 = CARTESIAN_POINT('',(0.,12.,9.));
#3627 = VERTEX_POINT('',#3628);
#3628 = CARTESIAN_POINT('',(0.,0.,9.));
#3629 = LINE('',#3630,#3631);
#3630 = CARTESIAN_POINT('',(0.,12.,9.));
#3631 = VECTOR('',#3632,1.);
#3632 = DIRECTION('',(0.,-1.,0.));
#3633 = ORIENTED_EDGE('',*,*,#3634,.T.);
#3634 = EDGE_CURVE('',#3627,#3635,#3637,.T.);
#3635 = VERTEX_POINT('',#3636);
#3636 = CARTESIAN_POINT('',(911.,0.,9.));
#3637 = LINE('',#3638,#3639);
#3638 = CARTESIAN_POINT('',(0.,0.,9.));
#3639 = VECTOR('',#3640,1.);
#3640 = DIRECTION('',(1.,0.,0.));
#3641 = ORIENTED_EDGE('',*,*,#3642,.F.);
#3642 = EDGE_CURVE('',#3643,#3635,#3645,.T.);
#3643 = VERTEX_POINT('',#3644);
#3644 = CARTESIAN_POINT('',(911.,12.,9.));
#3645 = LINE('',#3646,#3647);
#3646 = CARTESIAN_POINT('',(911.,12.,9.));
#3647 = VECTOR('',#3648,1.);
#3648 = DIRECTION('',(0.,-1.,0.));
#3649 = ORIENTED_EDGE('',*,*,#3650,.F.);
#3650 = EDGE_CURVE('',#3625,#3643,#3651,.T.);
#3651 = LINE('',#3652,#3653);
#3652 = CARTESIAN_POINT('',(0.,12.,9.));
#3653 = VECTOR('',#3654,1.);
#3654 = DIRECTION('',(1.,0.,0.));
#3655 = PLANE('',#3656);
#3656 = AXIS2_PLACEMENT_3D('',#3657,#3658,#3659);
#3657 = CARTESIAN_POINT('',(0.,12.,9.));
#3658 = DIRECTION('',(-0.,0.,1.));
#3659 = DIRECTION('',(1.,0.,0.));
#3660 = ADVANCED_FACE('',(#3661),#3686,.F.);
#3661 = FACE_BOUND('',#3662,.F.);
#3662 = EDGE_LOOP('',(#3663,#3673,#3679,#3680));
#3663 = ORIENTED_EDGE('',*,*,#3664,.T.);
#3664 = EDGE_CURVE('',#3665,#3667,#3669,.T.);
#3665 = VERTEX_POINT('',#3666);
#3666 = CARTESIAN_POINT('',(0.,12.,59.));
#3667 = VERTEX_POINT('',#3668);
#3668 = CARTESIAN_POINT('',(0.,0.,59.));
#3669 = LINE('',#3670,#3671);
#3670 = CARTESIAN_POINT('',(0.,12.,59.));
#3671 = VECTOR('',#3672,1.);
#3672 = DIRECTION('',(0.,-1.,0.));
#3673 = ORIENTED_EDGE('',*,*,#3674,.T.);
#3674 = EDGE_CURVE('',#3667,#3627,#3675,.T.);
#3675 = LINE('',#3676,#3677);
#3676 = CARTESIAN_POINT('',(0.,0.,59.));
#3677 = VECTOR('',#3678,1.);
#3678 = DIRECTION('',(0.,0.,-1.));
#3679 = ORIENTED_EDGE('',*,*,#3624,.F.);
#3680 = ORIENTED_EDGE('',*,*,#3681,.F.);
#3681 = EDGE_CURVE('',#3665,#3625,#3682,.T.);
#3682 = LINE('',#3683,#3684);
#3683 = CARTESIAN_POINT('',(0.,12.,59.));
#3684 = VECTOR('',#3685,1.);
#3685 = DIRECTION('',(0.,0.,-1.));
#3686 = PLANE('',#3687);
#3687 = AXIS2_PLACEMENT_3D('',#3688,#3689,#3690);
#3688 = CARTESIAN_POINT('',(0.,12.,59.));
#3689 = DIRECTION('',(1.,0.,0.));
#3690 = DIRECTION('',(0.,0.,-1.));
#3691 = ADVANCED_FACE('',(#3692),#3717,.F.);
#3692 = FACE_BOUND('',#3693,.F.);
#3693 = EDGE_LOOP('',(#3694,#3695,#3703,#3711));
#3694 = ORIENTED_EDGE('',*,*,#3642,.T.);
#3695 = ORIENTED_EDGE('',*,*,#3696,.T.);
#3696 = EDGE_CURVE('',#3635,#3697,#3699,.T.);
#3697 = VERTEX_POINT('',#3698);
#3698 = CARTESIAN_POINT('',(911.,0.,59.));
#3699 = LINE('',#3700,#3701);
#3700 = CARTESIAN_POINT('',(911.,0.,9.));
#3701 = VECTOR('',#3702,1.);
#3702 = DIRECTION('',(0.,0.,1.));
#3703 = ORIENTED_EDGE('',*,*,#3704,.F.);
#3704 = EDGE_CURVE('',#3705,#3697,#3707,.T.);
#3705 = VERTEX_POINT('',#3706);
#3706 = CARTESIAN_POINT('',(911.,12.,59.));
#3707 = LINE('',#3708,#3709);
#3708 = CARTESIAN_POINT('',(911.,12.,59.));
#3709 = VECTOR('',#3710,1.);
#3710 = DIRECTION('',(0.,-1.,0.));
#3711 = ORIENTED_EDGE('',*,*,#3712,.F.);
#3712 = EDGE_CURVE('',#3643,#3705,#3713,.T.);
#3713 = LINE('',#3714,#3715);
#3714 = CARTESIAN_POINT('',(911.,12.,9.));
#3715 = VECTOR('',#3716,1.);
#3716 = DIRECTION('',(0.,0.,1.));
#3717 = PLANE('',#3718);
#3718 = AXIS2_PLACEMENT_3D('',#3719,#3720,#3721);
#3719 = CARTESIAN_POINT('',(911.,12.,9.));
#3720 = DIRECTION('',(-1.,0.,0.));
#3721 = DIRECTION('',(0.,0.,1.));
#3722 = ADVANCED_FACE('',(#3723,#3734,#3745,#3756,#3767,#3778,#3789,
    #3800,#3811),#3822,.F.);
#3723 = FACE_BOUND('',#3724,.F.);
#3724 = EDGE_LOOP('',(#3725,#3726,#3727,#3733));
#3725 = ORIENTED_EDGE('',*,*,#3650,.T.);
#3726 = ORIENTED_EDGE('',*,*,#3712,.T.);
#3727 = ORIENTED_EDGE('',*,*,#3728,.T.);
#3728 = EDGE_CURVE('',#3705,#3665,#3729,.T.);
#3729 = LINE('',#3730,#3731);
#3730 = CARTESIAN_POINT('',(911.,12.,59.));
#3731 = VECTOR('',#3732,1.);
#3732 = DIRECTION('',(-1.,0.,0.));
#3733 = ORIENTED_EDGE('',*,*,#3681,.T.);
#3734 = FACE_BOUND('',#3735,.F.);
#3735 = EDGE_LOOP('',(#3736));
#3736 = ORIENTED_EDGE('',*,*,#3737,.F.);
#3737 = EDGE_CURVE('',#3738,#3738,#3740,.T.);
#3738 = VERTEX_POINT('',#3739);
#3739 = CARTESIAN_POINT('',(6.,12.,42.));
#3740 = CIRCLE('',#3741,2.);
#3741 = AXIS2_PLACEMENT_3D('',#3742,#3743,#3744);
#3742 = CARTESIAN_POINT('',(6.,12.,44.));
#3743 = DIRECTION('',(0.,-1.,0.));
#3744 = DIRECTION('',(0.,-0.,-1.));
#3745 = FACE_BOUND('',#3746,.F.);
#3746 = EDGE_LOOP('',(#3747));
#3747 = ORIENTED_EDGE('',*,*,#3748,.F.);
#3748 = EDGE_CURVE('',#3749,#3749,#3751,.T.);
#3749 = VERTEX_POINT('',#3750);
#3750 = CARTESIAN_POINT('',(192.,12.,42.));
#3751 = CIRCLE('',#3752,2.);
#3752 = AXIS2_PLACEMENT_3D('',#3753,#3754,#3755);
#3753 = CARTESIAN_POINT('',(192.,12.,44.));
#3754 = DIRECTION('',(0.,-1.,0.));
#3755 = DIRECTION('',(0.,-0.,-1.));
#3756 = FACE_BOUND('',#3757,.F.);
#3757 = EDGE_LOOP('',(#3758));
#3758 = ORIENTED_EDGE('',*,*,#3759,.F.);
#3759 = EDGE_CURVE('',#3760,#3760,#3762,.T.);
#3760 = VERTEX_POINT('',#3761);
#3761 = CARTESIAN_POINT('',(6.,12.,22.));
#3762 = CIRCLE('',#3763,2.);
#3763 = AXIS2_PLACEMENT_3D('',#3764,#3765,#3766);
#3764 = CARTESIAN_POINT('',(6.,12.,24.));
#3765 = DIRECTION('',(0.,-1.,0.));
#3766 = DIRECTION('',(0.,-0.,-1.));
#3767 = FACE_BOUND('',#3768,.F.);
#3768 = EDGE_LOOP('',(#3769));
#3769 = ORIENTED_EDGE('',*,*,#3770,.F.);
#3770 = EDGE_CURVE('',#3771,#3771,#3773,.T.);
#3771 = VERTEX_POINT('',#3772);
#3772 = CARTESIAN_POINT('',(192.,12.,22.));
#3773 = CIRCLE('',#3774,2.);
#3774 = AXIS2_PLACEMENT_3D('',#3775,#3776,#3777);
#3775 = CARTESIAN_POINT('',(192.,12.,24.));
#3776 = DIRECTION('',(0.,-1.,0.));
#3777 = DIRECTION('',(0.,-0.,-1.));
#3778 = FACE_BOUND('',#3779,.F.);
#3779 = EDGE_LOOP('',(#3780));
#3780 = ORIENTED_EDGE('',*,*,#3781,.F.);
#3781 = EDGE_CURVE('',#3782,#3782,#3784,.T.);
#3782 = VERTEX_POINT('',#3783);
#3783 = CARTESIAN_POINT('',(893.,12.,42.));
#3784 = CIRCLE('',#3785,2.);
#3785 = AXIS2_PLACEMENT_3D('',#3786,#3787,#3788);
#3786 = CARTESIAN_POINT('',(893.,12.,44.));
#3787 = DIRECTION('',(0.,-1.,0.));
#3788 = DIRECTION('',(0.,-0.,-1.));
#3789 = FACE_BOUND('',#3790,.F.);
#3790 = EDGE_LOOP('',(#3791));
#3791 = ORIENTED_EDGE('',*,*,#3792,.F.);
#3792 = EDGE_CURVE('',#3793,#3793,#3795,.T.);
#3793 = VERTEX_POINT('',#3794);
#3794 = CARTESIAN_POINT('',(905.,12.,42.));
#3795 = CIRCLE('',#3796,2.);
#3796 = AXIS2_PLACEMENT_3D('',#3797,#3798,#3799);
#3797 = CARTESIAN_POINT('',(905.,12.,44.));
#3798 = DIRECTION('',(0.,-1.,0.));
#3799 = DIRECTION('',(0.,-0.,-1.));
#3800 = FACE_BOUND('',#3801,.F.);
#3801 = EDGE_LOOP('',(#3802));
#3802 = ORIENTED_EDGE('',*,*,#3803,.F.);
#3803 = EDGE_CURVE('',#3804,#3804,#3806,.T.);
#3804 = VERTEX_POINT('',#3805);
#3805 = CARTESIAN_POINT('',(893.,12.,22.));
#3806 = CIRCLE('',#3807,2.);
#3807 = AXIS2_PLACEMENT_3D('',#3808,#3809,#3810);
#3808 = CARTESIAN_POINT('',(893.,12.,24.));
#3809 = DIRECTION('',(0.,-1.,0.));
#3810 = DIRECTION('',(0.,-0.,-1.));
#3811 = FACE_BOUND('',#3812,.F.);
#3812 = EDGE_LOOP('',(#3813));
#3813 = ORIENTED_EDGE('',*,*,#3814,.F.);
#3814 = EDGE_CURVE('',#3815,#3815,#3817,.T.);
#3815 = VERTEX_POINT('',#3816);
#3816 = CARTESIAN_POINT('',(905.,12.,22.));
#3817 = CIRCLE('',#3818,2.);
#3818 = AXIS2_PLACEMENT_3D('',#3819,#3820,#3821);
#3819 = CARTESIAN_POINT('',(905.,12.,24.));
#3820 = DIRECTION('',(0.,-1.,0.));
#3821 = DIRECTION('',(0.,-0.,-1.));
#3822 = PLANE('',#3823);
#3823 = AXIS2_PLACEMENT_3D('',#3824,#3825,#3826);
#3824 = CARTESIAN_POINT('',(455.5,12.,34.));
#3825 = DIRECTION('',(-0.,-1.,-0.));
#3826 = DIRECTION('',(0.,0.,-1.));
#3827 = ADVANCED_FACE('',(#3828,#3839,#3850,#3861,#3872,#3883,#3894,
    #3905,#3916),#3927,.T.);
#3828 = FACE_BOUND('',#3829,.T.);
#3829 = EDGE_LOOP('',(#3830,#3831,#3832,#3838));
#3830 = ORIENTED_EDGE('',*,*,#3634,.T.);
#3831 = ORIENTED_EDGE('',*,*,#3696,.T.);
#3832 = ORIENTED_EDGE('',*,*,#3833,.T.);
#3833 = EDGE_CURVE('',#3697,#3667,#3834,.T.);
#3834 = LINE('',#3835,#3836);
#3835 = CARTESIAN_POINT('',(911.,0.,59.));
#3836 = VECTOR('',#3837,1.);
#3837 = DIRECTION('',(-1.,0.,0.));
#3838 = ORIENTED_EDGE('',*,*,#3674,.T.);
#3839 = FACE_BOUND('',#3840,.T.);
#3840 = EDGE_LOOP('',(#3841));
#3841 = ORIENTED_EDGE('',*,*,#3842,.F.);
#3842 = EDGE_CURVE('',#3843,#3843,#3845,.T.);
#3843 = VERTEX_POINT('',#3844);
#3844 = CARTESIAN_POINT('',(6.,4.058614543028E-17,40.));
#3845 = CIRCLE('',#3846,4.);
#3846 = AXIS2_PLACEMENT_3D('',#3847,#3848,#3849);
#3847 = CARTESIAN_POINT('',(6.,0.,44.));
#3848 = DIRECTION('',(0.,-1.,0.));
#3849 = DIRECTION('',(0.,-0.,-1.));
#3850 = FACE_BOUND('',#3851,.T.);
#3851 = EDGE_LOOP('',(#3852));
#3852 = ORIENTED_EDGE('',*,*,#3853,.F.);
#3853 = EDGE_CURVE('',#3854,#3854,#3856,.T.);
#3854 = VERTEX_POINT('',#3855);
#3855 = CARTESIAN_POINT('',(192.,4.058614543028E-17,40.));
#3856 = CIRCLE('',#3857,4.);
#3857 = AXIS2_PLACEMENT_3D('',#3858,#3859,#3860);
#3858 = CARTESIAN_POINT('',(192.,0.,44.));
#3859 = DIRECTION('',(0.,-1.,0.));
#3860 = DIRECTION('',(0.,-0.,-1.));
#3861 = FACE_BOUND('',#3862,.T.);
#3862 = EDGE_LOOP('',(#3863));
#3863 = ORIENTED_EDGE('',*,*,#3864,.F.);
#3864 = EDGE_CURVE('',#3865,#3865,#3867,.T.);
#3865 = VERTEX_POINT('',#3866);
#3866 = CARTESIAN_POINT('',(6.,4.058614543028E-17,20.));
#3867 = CIRCLE('',#3868,4.);
#3868 = AXIS2_PLACEMENT_3D('',#3869,#3870,#3871);
#3869 = CARTESIAN_POINT('',(6.,0.,24.));
#3870 = DIRECTION('',(0.,-1.,0.));
#3871 = DIRECTION('',(0.,-0.,-1.));
#3872 = FACE_BOUND('',#3873,.T.);
#3873 = EDGE_LOOP('',(#3874));
#3874 = ORIENTED_EDGE('',*,*,#3875,.F.);
#3875 = EDGE_CURVE('',#3876,#3876,#3878,.T.);
#3876 = VERTEX_POINT('',#3877);
#3877 = CARTESIAN_POINT('',(192.,4.058614543028E-17,20.));
#3878 = CIRCLE('',#3879,4.);
#3879 = AXIS2_PLACEMENT_3D('',#3880,#3881,#3882);
#3880 = CARTESIAN_POINT('',(192.,0.,24.));
#3881 = DIRECTION('',(0.,-1.,0.));
#3882 = DIRECTION('',(0.,-0.,-1.));
#3883 = FACE_BOUND('',#3884,.T.);
#3884 = EDGE_LOOP('',(#3885));
#3885 = ORIENTED_EDGE('',*,*,#3886,.F.);
#3886 = EDGE_CURVE('',#3887,#3887,#3889,.T.);
#3887 = VERTEX_POINT('',#3888);
#3888 = CARTESIAN_POINT('',(893.,4.058614543028E-17,40.));
#3889 = CIRCLE('',#3890,4.);
#3890 = AXIS2_PLACEMENT_3D('',#3891,#3892,#3893);
#3891 = CARTESIAN_POINT('',(893.,0.,44.));
#3892 = DIRECTION('',(0.,-1.,0.));
#3893 = DIRECTION('',(0.,-0.,-1.));
#3894 = FACE_BOUND('',#3895,.T.);
#3895 = EDGE_LOOP('',(#3896));
#3896 = ORIENTED_EDGE('',*,*,#3897,.F.);
#3897 = EDGE_CURVE('',#3898,#3898,#3900,.T.);
#3898 = VERTEX_POINT('',#3899);
#3899 = CARTESIAN_POINT('',(905.,4.058614543028E-17,40.));
#3900 = CIRCLE('',#3901,4.);
#3901 = AXIS2_PLACEMENT_3D('',#3902,#3903,#3904);
#3902 = CARTESIAN_POINT('',(905.,0.,44.));
#3903 = DIRECTION('',(0.,-1.,0.));
#3904 = DIRECTION('',(0.,-0.,-1.));
#3905 = FACE_BOUND('',#3906,.T.);
#3906 = EDGE_LOOP('',(#3907));
#3907 = ORIENTED_EDGE('',*,*,#3908,.F.);
#3908 = EDGE_CURVE('',#3909,#3909,#3911,.T.);
#3909 = VERTEX_POINT('',#3910);
#3910 = CARTESIAN_POINT('',(893.,4.058614543028E-17,20.));
#3911 = CIRCLE('',#3912,4.);
#3912 = AXIS2_PLACEMENT_3D('',#3913,#3914,#3915);
#3913 = CARTESIAN_POINT('',(893.,0.,24.));
#3914 = DIRECTION('',(0.,-1.,0.));
#3915 = DIRECTION('',(0.,-0.,-1.));
#3916 = FACE_BOUND('',#3917,.T.);
#3917 = EDGE_LOOP('',(#3918));
#3918 = ORIENTED_EDGE('',*,*,#3919,.F.);
#3919 = EDGE_CURVE('',#3920,#3920,#3922,.T.);
#3920 = VERTEX_POINT('',#3921);
#3921 = CARTESIAN_POINT('',(905.,4.058614543028E-17,20.));
#3922 = CIRCLE('',#3923,4.);
#3923 = AXIS2_PLACEMENT_3D('',#3924,#3925,#3926);
#3924 = CARTESIAN_POINT('',(905.,0.,24.));
#3925 = DIRECTION('',(0.,-1.,0.));
#3926 = DIRECTION('',(0.,-0.,-1.));
#3927 = PLANE('',#3928);
#3928 = AXIS2_PLACEMENT_3D('',#3929,#3930,#3931);
#3929 = CARTESIAN_POINT('',(455.5,0.,34.));
#3930 = DIRECTION('',(-0.,-1.,-0.));
#3931 = DIRECTION('',(0.,0.,-1.));
#3932 = ADVANCED_FACE('',(#3933),#3939,.F.);
#3933 = FACE_BOUND('',#3934,.F.);
#3934 = EDGE_LOOP('',(#3935,#3936,#3937,#3938));
#3935 = ORIENTED_EDGE('',*,*,#3704,.T.);
#3936 = ORIENTED_EDGE('',*,*,#3833,.T.);
#3937 = ORIENTED_EDGE('',*,*,#3664,.F.);
#3938 = ORIENTED_EDGE('',*,*,#3728,.F.);
#3939 = PLANE('',#3940);
#3940 = AXIS2_PLACEMENT_3D('',#3941,#3942,#3943);
#3941 = CARTESIAN_POINT('',(911.,12.,59.));
#3942 = DIRECTION('',(-0.,-0.,-1.));
#3943 = DIRECTION('',(-1.,0.,0.));
#3944 = ADVANCED_FACE('',(#3945),#3964,.F.);
#3945 = FACE_BOUND('',#3946,.F.);
#3946 = EDGE_LOOP('',(#3947,#3956,#3962,#3963));
#3947 = ORIENTED_EDGE('',*,*,#3948,.F.);
#3948 = EDGE_CURVE('',#3949,#3949,#3951,.T.);
#3949 = VERTEX_POINT('',#3950);
#3950 = CARTESIAN_POINT('',(6.,2.,42.));
#3951 = CIRCLE('',#3952,2.);
#3952 = AXIS2_PLACEMENT_3D('',#3953,#3954,#3955);
#3953 = CARTESIAN_POINT('',(6.,2.,44.));
#3954 = DIRECTION('',(0.,-1.,0.));
#3955 = DIRECTION('',(0.,-0.,-1.));
#3956 = ORIENTED_EDGE('',*,*,#3957,.F.);
#3957 = EDGE_CURVE('',#3738,#3949,#3958,.T.);
#3958 = LINE('',#3959,#3960);
#3959 = CARTESIAN_POINT('',(6.,13.,42.));
#3960 = VECTOR('',#3961,1.);
#3961 = DIRECTION('',(0.,-1.,0.));
#3962 = ORIENTED_EDGE('',*,*,#3737,.T.);
#3963 = ORIENTED_EDGE('',*,*,#3957,.T.);
#3964 = CYLINDRICAL_SURFACE('',#3965,2.);
#3965 = AXIS2_PLACEMENT_3D('',#3966,#3967,#3968);
#3966 = CARTESIAN_POINT('',(6.,13.,44.));
#3967 = DIRECTION('',(0.,-1.,0.));
#3968 = DIRECTION('',(0.,-0.,-1.));
#3969 = ADVANCED_FACE('',(#3970),#3989,.F.);
#3970 = FACE_BOUND('',#3971,.F.);
#3971 = EDGE_LOOP('',(#3972,#3981,#3987,#3988));
#3972 = ORIENTED_EDGE('',*,*,#3973,.F.);
#3973 = EDGE_CURVE('',#3974,#3974,#3976,.T.);
#3974 = VERTEX_POINT('',#3975);
#3975 = CARTESIAN_POINT('',(192.,2.,42.));
#3976 = CIRCLE('',#3977,2.);
#3977 = AXIS2_PLACEMENT_3D('',#3978,#3979,#3980);
#3978 = CARTESIAN_POINT('',(192.,2.,44.));
#3979 = DIRECTION('',(0.,-1.,0.));
#3980 = DIRECTION('',(0.,-0.,-1.));
#3981 = ORIENTED_EDGE('',*,*,#3982,.F.);
#3982 = EDGE_CURVE('',#3749,#3974,#3983,.T.);
#3983 = LINE('',#3984,#3985);
#3984 = CARTESIAN_POINT('',(192.,13.,42.));
#3985 = VECTOR('',#3986,1.);
#3986 = DIRECTION('',(0.,-1.,0.));
#3987 = ORIENTED_EDGE('',*,*,#3748,.T.);
#3988 = ORIENTED_EDGE('',*,*,#3982,.T.);
#3989 = CYLINDRICAL_SURFACE('',#3990,2.);
#3990 = AXIS2_PLACEMENT_3D('',#3991,#3992,#3993);
#3991 = CARTESIAN_POINT('',(192.,13.,44.));
#3992 = DIRECTION('',(0.,-1.,0.));
#3993 = DIRECTION('',(0.,-0.,-1.));
#3994 = ADVANCED_FACE('',(#3995),#4014,.F.);
#3995 = FACE_BOUND('',#3996,.F.);
#3996 = EDGE_LOOP('',(#3997,#4006,#4012,#4013));
#3997 = ORIENTED_EDGE('',*,*,#3998,.F.);
#3998 = EDGE_CURVE('',#3999,#3999,#4001,.T.);
#3999 = VERTEX_POINT('',#4000);
#4000 = CARTESIAN_POINT('',(6.,2.,22.));
#4001 = CIRCLE('',#4002,2.);
#4002 = AXIS2_PLACEMENT_3D('',#4003,#4004,#4005);
#4003 = CARTESIAN_POINT('',(6.,2.,24.));
#4004 = DIRECTION('',(0.,-1.,0.));
#4005 = DIRECTION('',(0.,-0.,-1.));
#4006 = ORIENTED_EDGE('',*,*,#4007,.F.);
#4007 = EDGE_CURVE('',#3760,#3999,#4008,.T.);
#4008 = LINE('',#4009,#4010);
#4009 = CARTESIAN_POINT('',(6.,13.,22.));
#4010 = VECTOR('',#4011,1.);
#4011 = DIRECTION('',(0.,-1.,0.));
#4012 = ORIENTED_EDGE('',*,*,#3759,.T.);
#4013 = ORIENTED_EDGE('',*,*,#4007,.T.);
#4014 = CYLINDRICAL_SURFACE('',#4015,2.);
#4015 = AXIS2_PLACEMENT_3D('',#4016,#4017,#4018);
#4016 = CARTESIAN_POINT('',(6.,13.,24.));
#4017 = DIRECTION('',(0.,-1.,0.));
#4018 = DIRECTION('',(0.,-0.,-1.));
#4019 = ADVANCED_FACE('',(#4020),#4039,.F.);
#4020 = FACE_BOUND('',#4021,.F.);
#4021 = EDGE_LOOP('',(#4022,#4031,#4037,#4038));
#4022 = ORIENTED_EDGE('',*,*,#4023,.F.);
#4023 = EDGE_CURVE('',#4024,#4024,#4026,.T.);
#4024 = VERTEX_POINT('',#4025);
#4025 = CARTESIAN_POINT('',(192.,2.,22.));
#4026 = CIRCLE('',#4027,2.);
#4027 = AXIS2_PLACEMENT_3D('',#4028,#4029,#4030);
#4028 = CARTESIAN_POINT('',(192.,2.,24.));
#4029 = DIRECTION('',(0.,-1.,0.));
#4030 = DIRECTION('',(0.,-0.,-1.));
#4031 = ORIENTED_EDGE('',*,*,#4032,.F.);
#4032 = EDGE_CURVE('',#3771,#4024,#4033,.T.);
#4033 = LINE('',#4034,#4035);
#4034 = CARTESIAN_POINT('',(192.,13.,22.));
#4035 = VECTOR('',#4036,1.);
#4036 = DIRECTION('',(0.,-1.,0.));
#4037 = ORIENTED_EDGE('',*,*,#3770,.T.);
#4038 = ORIENTED_EDGE('',*,*,#4032,.T.);
#4039 = CYLINDRICAL_SURFACE('',#4040,2.);
#4040 = AXIS2_PLACEMENT_3D('',#4041,#4042,#4043);
#4041 = CARTESIAN_POINT('',(192.,13.,24.));
#4042 = DIRECTION('',(0.,-1.,0.));
#4043 = DIRECTION('',(0.,-0.,-1.));
#4044 = ADVANCED_FACE('',(#4045),#4064,.F.);
#4045 = FACE_BOUND('',#4046,.F.);
#4046 = EDGE_LOOP('',(#4047,#4056,#4062,#4063));
#4047 = ORIENTED_EDGE('',*,*,#4048,.F.);
#4048 = EDGE_CURVE('',#4049,#4049,#4051,.T.);
#4049 = VERTEX_POINT('',#4050);
#4050 = CARTESIAN_POINT('',(893.,2.,42.));
#4051 = CIRCLE('',#4052,2.);
#4052 = AXIS2_PLACEMENT_3D('',#4053,#4054,#4055);
#4053 = CARTESIAN_POINT('',(893.,2.,44.));
#4054 = DIRECTION('',(0.,-1.,0.));
#4055 = DIRECTION('',(0.,-0.,-1.));
#4056 = ORIENTED_EDGE('',*,*,#4057,.F.);
#4057 = EDGE_CURVE('',#3782,#4049,#4058,.T.);
#4058 = LINE('',#4059,#4060);
#4059 = CARTESIAN_POINT('',(893.,13.,42.));
#4060 = VECTOR('',#4061,1.);
#4061 = DIRECTION('',(0.,-1.,0.));
#4062 = ORIENTED_EDGE('',*,*,#3781,.T.);
#4063 = ORIENTED_EDGE('',*,*,#4057,.T.);
#4064 = CYLINDRICAL_SURFACE('',#4065,2.);
#4065 = AXIS2_PLACEMENT_3D('',#4066,#4067,#4068);
#4066 = CARTESIAN_POINT('',(893.,13.,44.));
#4067 = DIRECTION('',(0.,-1.,0.));
#4068 = DIRECTION('',(0.,-0.,-1.));
#4069 = ADVANCED_FACE('',(#4070),#4089,.F.);
#4070 = FACE_BOUND('',#4071,.F.);
#4071 = EDGE_LOOP('',(#4072,#4081,#4087,#4088));
#4072 = ORIENTED_EDGE('',*,*,#4073,.F.);
#4073 = EDGE_CURVE('',#4074,#4074,#4076,.T.);
#4074 = VERTEX_POINT('',#4075);
#4075 = CARTESIAN_POINT('',(905.,2.,42.));
#4076 = CIRCLE('',#4077,2.);
#4077 = AXIS2_PLACEMENT_3D('',#4078,#4079,#4080);
#4078 = CARTESIAN_POINT('',(905.,2.,44.));
#4079 = DIRECTION('',(0.,-1.,0.));
#4080 = DIRECTION('',(0.,-0.,-1.));
#4081 = ORIENTED_EDGE('',*,*,#4082,.F.);
#4082 = EDGE_CURVE('',#3793,#4074,#4083,.T.);
#4083 = LINE('',#4084,#4085);
#4084 = CARTESIAN_POINT('',(905.,13.,42.));
#4085 = VECTOR('',#4086,1.);
#4086 = DIRECTION('',(0.,-1.,0.));
#4087 = ORIENTED_EDGE('',*,*,#3792,.T.);
#4088 = ORIENTED_EDGE('',*,*,#4082,.T.);
#4089 = CYLINDRICAL_SURFACE('',#4090,2.);
#4090 = AXIS2_PLACEMENT_3D('',#4091,#4092,#4093);
#4091 = CARTESIAN_POINT('',(905.,13.,44.));
#4092 = DIRECTION('',(0.,-1.,0.));
#4093 = DIRECTION('',(0.,-0.,-1.));
#4094 = ADVANCED_FACE('',(#4095),#4114,.F.);
#4095 = FACE_BOUND('',#4096,.F.);
#4096 = EDGE_LOOP('',(#4097,#4106,#4112,#4113));
#4097 = ORIENTED_EDGE('',*,*,#4098,.F.);
#4098 = EDGE_CURVE('',#4099,#4099,#4101,.T.);
#4099 = VERTEX_POINT('',#4100);
#4100 = CARTESIAN_POINT('',(893.,2.,22.));
#4101 = CIRCLE('',#4102,2.);
#4102 = AXIS2_PLACEMENT_3D('',#4103,#4104,#4105);
#4103 = CARTESIAN_POINT('',(893.,2.,24.));
#4104 = DIRECTION('',(0.,-1.,0.));
#4105 = DIRECTION('',(0.,-0.,-1.));
#4106 = ORIENTED_EDGE('',*,*,#4107,.F.);
#4107 = EDGE_CURVE('',#3804,#4099,#4108,.T.);
#4108 = LINE('',#4109,#4110);
#4109 = CARTESIAN_POINT('',(893.,13.,22.));
#4110 = VECTOR('',#4111,1.);
#4111 = DIRECTION('',(0.,-1.,0.));
#4112 = ORIENTED_EDGE('',*,*,#3803,.T.);
#4113 = ORIENTED_EDGE('',*,*,#4107,.T.);
#4114 = CYLINDRICAL_SURFACE('',#4115,2.);
#4115 = AXIS2_PLACEMENT_3D('',#4116,#4117,#4118);
#4116 = CARTESIAN_POINT('',(893.,13.,24.));
#4117 = DIRECTION('',(0.,-1.,0.));
#4118 = DIRECTION('',(0.,-0.,-1.));
#4119 = ADVANCED_FACE('',(#4120),#4139,.F.);
#4120 = FACE_BOUND('',#4121,.F.);
#4121 = EDGE_LOOP('',(#4122,#4131,#4137,#4138));
#4122 = ORIENTED_EDGE('',*,*,#4123,.F.);
#4123 = EDGE_CURVE('',#4124,#4124,#4126,.T.);
#4124 = VERTEX_POINT('',#4125);
#4125 = CARTESIAN_POINT('',(905.,2.,22.));
#4126 = CIRCLE('',#4127,2.);
#4127 = AXIS2_PLACEMENT_3D('',#4128,#4129,#4130);
#4128 = CARTESIAN_POINT('',(905.,2.,24.));
#4129 = DIRECTION('',(0.,-1.,0.));
#4130 = DIRECTION('',(0.,-0.,-1.));
#4131 = ORIENTED_EDGE('',*,*,#4132,.F.);
#4132 = EDGE_CURVE('',#3815,#4124,#4133,.T.);
#4133 = LINE('',#4134,#4135);
#4134 = CARTESIAN_POINT('',(905.,13.,22.));
#4135 = VECTOR('',#4136,1.);
#4136 = DIRECTION('',(0.,-1.,0.));
#4137 = ORIENTED_EDGE('',*,*,#3814,.T.);
#4138 = ORIENTED_EDGE('',*,*,#4132,.T.);
#4139 = CYLINDRICAL_SURFACE('',#4140,2.);
#4140 = AXIS2_PLACEMENT_3D('',#4141,#4142,#4143);
#4141 = CARTESIAN_POINT('',(905.,13.,24.));
#4142 = DIRECTION('',(0.,-1.,0.));
#4143 = DIRECTION('',(0.,-0.,-1.));
#4144 = ADVANCED_FACE('',(#4145),#4156,.F.);
#4145 = FACE_BOUND('',#4146,.F.);
#4146 = EDGE_LOOP('',(#4147,#4148,#4154,#4155));
#4147 = ORIENTED_EDGE('',*,*,#3842,.F.);
#4148 = ORIENTED_EDGE('',*,*,#4149,.F.);
#4149 = EDGE_CURVE('',#3949,#3843,#4150,.T.);
#4150 = LINE('',#4151,#4152);
#4151 = CARTESIAN_POINT('',(6.,2.,42.));
#4152 = VECTOR('',#4153,1.);
#4153 = DIRECTION('',(-1.731912112471E-16,-0.707106781187,
    -0.707106781187));
#4154 = ORIENTED_EDGE('',*,*,#3948,.T.);
#4155 = ORIENTED_EDGE('',*,*,#4149,.T.);
#4156 = CONICAL_SURFACE('',#4157,2.,0.785398163397);
#4157 = AXIS2_PLACEMENT_3D('',#4158,#4159,#4160);
#4158 = CARTESIAN_POINT('',(6.,2.,44.));
#4159 = DIRECTION('',(0.,-1.,0.));
#4160 = DIRECTION('',(0.,-0.,-1.));
#4161 = ADVANCED_FACE('',(#4162),#4173,.F.);
#4162 = FACE_BOUND('',#4163,.F.);
#4163 = EDGE_LOOP('',(#4164,#4165,#4171,#4172));
#4164 = ORIENTED_EDGE('',*,*,#3853,.F.);
#4165 = ORIENTED_EDGE('',*,*,#4166,.F.);
#4166 = EDGE_CURVE('',#3974,#3854,#4167,.T.);
#4167 = LINE('',#4168,#4169);
#4168 = CARTESIAN_POINT('',(192.,2.,42.));
#4169 = VECTOR('',#4170,1.);
#4170 = DIRECTION('',(-1.731912112471E-16,-0.707106781187,
    -0.707106781187));
#4171 = ORIENTED_EDGE('',*,*,#3973,.T.);
#4172 = ORIENTED_EDGE('',*,*,#4166,.T.);
#4173 = CONICAL_SURFACE('',#4174,2.,0.785398163397);
#4174 = AXIS2_PLACEMENT_3D('',#4175,#4176,#4177);
#4175 = CARTESIAN_POINT('',(192.,2.,44.));
#4176 = DIRECTION('',(0.,-1.,0.));
#4177 = DIRECTION('',(0.,-0.,-1.));
#4178 = ADVANCED_FACE('',(#4179),#4190,.F.);
#4179 = FACE_BOUND('',#4180,.F.);
#4180 = EDGE_LOOP('',(#4181,#4182,#4188,#4189));
#4181 = ORIENTED_EDGE('',*,*,#3864,.F.);
#4182 = ORIENTED_EDGE('',*,*,#4183,.F.);
#4183 = EDGE_CURVE('',#3999,#3865,#4184,.T.);
#4184 = LINE('',#4185,#4186);
#4185 = CARTESIAN_POINT('',(6.,2.,22.));
#4186 = VECTOR('',#4187,1.);
#4187 = DIRECTION('',(-1.731912112471E-16,-0.707106781187,
    -0.707106781187));
#4188 = ORIENTED_EDGE('',*,*,#3998,.T.);
#4189 = ORIENTED_EDGE('',*,*,#4183,.T.);
#4190 = CONICAL_SURFACE('',#4191,2.,0.785398163397);
#4191 = AXIS2_PLACEMENT_3D('',#4192,#4193,#4194);
#4192 = CARTESIAN_POINT('',(6.,2.,24.));
#4193 = DIRECTION('',(0.,-1.,0.));
#4194 = DIRECTION('',(0.,-0.,-1.));
#4195 = ADVANCED_FACE('',(#4196),#4207,.F.);
#4196 = FACE_BOUND('',#4197,.F.);
#4197 = EDGE_LOOP('',(#4198,#4199,#4205,#4206));
#4198 = ORIENTED_EDGE('',*,*,#3875,.F.);
#4199 = ORIENTED_EDGE('',*,*,#4200,.F.);
#4200 = EDGE_CURVE('',#4024,#3876,#4201,.T.);
#4201 = LINE('',#4202,#4203);
#4202 = CARTESIAN_POINT('',(192.,2.,22.));
#4203 = VECTOR('',#4204,1.);
#4204 = DIRECTION('',(-1.731912112471E-16,-0.707106781187,
    -0.707106781187));
#4205 = ORIENTED_EDGE('',*,*,#4023,.T.);
#4206 = ORIENTED_EDGE('',*,*,#4200,.T.);
#4207 = CONICAL_SURFACE('',#4208,2.,0.785398163397);
#4208 = AXIS2_PLACEMENT_3D('',#4209,#4210,#4211);
#4209 = CARTESIAN_POINT('',(192.,2.,24.));
#4210 = DIRECTION('',(0.,-1.,0.));
#4211 = DIRECTION('',(0.,-0.,-1.));
#4212 = ADVANCED_FACE('',(#4213),#4224,.F.);
#4213 = FACE_BOUND('',#4214,.F.);
#4214 = EDGE_LOOP('',(#4215,#4216,#4222,#4223));
#4215 = ORIENTED_EDGE('',*,*,#3886,.F.);
#4216 = ORIENTED_EDGE('',*,*,#4217,.F.);
#4217 = EDGE_CURVE('',#4049,#3887,#4218,.T.);
#4218 = LINE('',#4219,#4220);
#4219 = CARTESIAN_POINT('',(893.,2.,42.));
#4220 = VECTOR('',#4221,1.);
#4221 = DIRECTION('',(-1.731912112471E-16,-0.707106781187,
    -0.707106781187));
#4222 = ORIENTED_EDGE('',*,*,#4048,.T.);
#4223 = ORIENTED_EDGE('',*,*,#4217,.T.);
#4224 = CONICAL_SURFACE('',#4225,2.,0.785398163397);
#4225 = AXIS2_PLACEMENT_3D('',#4226,#4227,#4228);
#4226 = CARTESIAN_POINT('',(893.,2.,44.));
#4227 = DIRECTION('',(0.,-1.,0.));
#4228 = DIRECTION('',(0.,-0.,-1.));
#4229 = ADVANCED_FACE('',(#4230),#4241,.F.);
#4230 = FACE_BOUND('',#4231,.F.);
#4231 = EDGE_LOOP('',(#4232,#4233,#4239,#4240));
#4232 = ORIENTED_EDGE('',*,*,#3897,.F.);
#4233 = ORIENTED_EDGE('',*,*,#4234,.F.);
#4234 = EDGE_CURVE('',#4074,#3898,#4235,.T.);
#4235 = LINE('',#4236,#4237);
#4236 = CARTESIAN_POINT('',(905.,2.,42.));
#4237 = VECTOR('',#4238,1.);
#4238 = DIRECTION('',(-1.731912112471E-16,-0.707106781187,
    -0.707106781187));
#4239 = ORIENTED_EDGE('',*,*,#4073,.T.);
#4240 = ORIENTED_EDGE('',*,*,#4234,.T.);
#4241 = CONICAL_SURFACE('',#4242,2.,0.785398163397);
#4242 = AXIS2_PLACEMENT_3D('',#4243,#4244,#4245);
#4243 = CARTESIAN_POINT('',(905.,2.,44.));
#4244 = DIRECTION('',(0.,-1.,0.));
#4245 = DIRECTION('',(0.,-0.,-1.));
#4246 = ADVANCED_FACE('',(#4247),#4258,.F.);
#4247 = FACE_BOUND('',#4248,.F.);
#4248 = EDGE_LOOP('',(#4249,#4250,#4256,#4257));
#4249 = ORIENTED_EDGE('',*,*,#3908,.F.);
#4250 = ORIENTED_EDGE('',*,*,#4251,.F.);
#4251 = EDGE_CURVE('',#4099,#3909,#4252,.T.);
#4252 = LINE('',#4253,#4254);
#4253 = CARTESIAN_POINT('',(893.,2.,22.));
#4254 = VECTOR('',#4255,1.);
#4255 = DIRECTION('',(-1.731912112471E-16,-0.707106781187,
    -0.707106781187));
#4256 = ORIENTED_EDGE('',*,*,#4098,.T.);
#4257 = ORIENTED_EDGE('',*,*,#4251,.T.);
#4258 = CONICAL_SURFACE('',#4259,2.,0.785398163397);
#4259 = AXIS2_PLACEMENT_3D('',#4260,#4261,#4262);
#4260 = CARTESIAN_POINT('',(893.,2.,24.));
#4261 = DIRECTION('',(0.,-1.,0.));
#4262 = DIRECTION('',(0.,-0.,-1.));
#4263 = ADVANCED_FACE('',(#4264),#4275,.F.);
#4264 = FACE_BOUND('',#4265,.F.);
#4265 = EDGE_LOOP('',(#4266,#4267,#4273,#4274));
#4266 = ORIENTED_EDGE('',*,*,#3919,.F.);
#4267 = ORIENTED_EDGE('',*,*,#4268,.F.);
#4268 = EDGE_CURVE('',#4124,#3920,#4269,.T.);
#4269 = LINE('',#4270,#4271);
#4270 = CARTESIAN_POINT('',(905.,2.,22.));
#4271 = VECTOR('',#4272,1.);
#4272 = DIRECTION('',(-1.731912112471E-16,-0.707106781187,
    -0.707106781187));
#4273 = ORIENTED_EDGE('',*,*,#4123,.T.);
#4274 = ORIENTED_EDGE('',*,*,#4268,.T.);
#4275 = CONICAL_SURFACE('',#4276,2.,0.785398163397);
#4276 = AXIS2_PLACEMENT_3D('',#4277,#4278,#4279);
#4277 = CARTESIAN_POINT('',(905.,2.,24.));
#4278 = DIRECTION('',(0.,-1.,0.));
#4279 = DIRECTION('',(0.,-0.,-1.));
#4280 = ( GEOMETRIC_REPRESENTATION_CONTEXT(3) 
GLOBAL_UNCERTAINTY_ASSIGNED_CONTEXT((#4284)) 
GLOBAL_UNIT_ASSIGNED_CONTEXT((#4281,#4282,#4283)) REPRESENTATION_CONTEXT
('Context #1','3D Context with UNIT and UNCERTAINTY') );
#4281 = ( LENGTH_UNIT() NAMED_UNIT(*) SI_UNIT(.MILLI.,.METRE.) );
#4282 = ( NAMED_UNIT(*) PLANE_ANGLE_UNIT() SI_UNIT($,.RADIAN.) );
#4283 = ( NAMED_UNIT(*) SI_UNIT($,.STERADIAN.) SOLID_ANGLE_UNIT() );
#4284 = UNCERTAINTY_MEASURE_WITH_UNIT(LENGTH_MEASURE(1.E-07),#4281,
  'distance_accuracy_value','confusion accuracy');
#4285 = CONTEXT_DEPENDENT_SHAPE_REPRESENTATION(#4286,#4288);
#4286 = ( REPRESENTATION_RELATIONSHIP('','',#3617,#10) 
REPRESENTATION_RELATIONSHIP_WITH_TRANSFORMATION(#4287) 
SHAPE_REPRESENTATION_RELATIONSHIP() );
#4287 = ITEM_DEFINED_TRANSFORMATION('','',#11,#19);
#4288 = PRODUCT_DEFINITION_SHAPE('Placement','Placement of an item',
  #4289);
#4289 = NEXT_ASSEMBLY_USAGE_OCCURRENCE('24','Front wall','',#5,#3612,$);
#4290 = PRODUCT_RELATED_PRODUCT_CATEGORY('part',$,(#3614));
#4291 = SHAPE_DEFINITION_REPRESENTATION(#4292,#4298);
#4292 = PRODUCT_DEFINITION_SHAPE('','',#4293);
#4293 = PRODUCT_DEFINITION('design','',#4294,#4297);
#4294 = PRODUCT_DEFINITION_FORMATION('','',#4295);
#4295 = PRODUCT('Rear wall','Rear wall','',(#4296));
#4296 = PRODUCT_CONTEXT('',#2,'mechanical');
#4297 = PRODUCT_DEFINITION_CONTEXT('part definition',#2,'design');
#4298 = ADVANCED_BREP_SHAPE_REPRESENTATION('',(#11,#4299),#5237);
#4299 = MANIFOLD_SOLID_BREP('',#4300);
#4300 = CLOSED_SHELL('',(#4301,#4341,#4372,#4403,#4578,#4753,#4765,#4790
    ,#4815,#4840,#4865,#4887,#4904,#4921,#4938,#4955,#4972,#4989,#5001,
    #5026,#5051,#5076,#5101,#5118,#5135,#5152,#5169,#5186,#5203,#5220));
#4301 = ADVANCED_FACE('',(#4302),#4336,.F.);
#4302 = FACE_BOUND('',#4303,.F.);
#4303 = EDGE_LOOP('',(#4304,#4314,#4322,#4330));
#4304 = ORIENTED_EDGE('',*,*,#4305,.T.);
#4305 = EDGE_CURVE('',#4306,#4308,#4310,.T.);
#4306 = VERTEX_POINT('',#4307);
#4307 = CARTESIAN_POINT('',(0.,310.,9.));
#4308 = VERTEX_POINT('',#4309);
#4309 = CARTESIAN_POINT('',(0.,298.,9.));
#4310 = LINE('',#4311,#4312);
#4311 = CARTESIAN_POINT('',(0.,310.,9.));
#4312 = VECTOR('',#4313,1.);
#4313 = DIRECTION('',(0.,-1.,0.));
#4314 = ORIENTED_EDGE('',*,*,#4315,.T.);
#4315 = EDGE_CURVE('',#4308,#4316,#4318,.T.);
#4316 = VERTEX_POINT('',#4317);
#4317 = CARTESIAN_POINT('',(911.,298.,9.));
#4318 = LINE('',#4319,#4320);
#4319 = CARTESIAN_POINT('',(0.,298.,9.));
#4320 = VECTOR('',#4321,1.);
#4321 = DIRECTION('',(1.,0.,0.));
#4322 = ORIENTED_EDGE('',*,*,#4323,.F.);
#4323 = EDGE_CURVE('',#4324,#4316,#4326,.T.);
#4324 = VERTEX_POINT('',#4325);
#4325 = CARTESIAN_POINT('',(911.,310.,9.));
#4326 = LINE('',#4327,#4328);
#4327 = CARTESIAN_POINT('',(911.,310.,9.));
#4328 = VECTOR('',#4329,1.);
#4329 = DIRECTION('',(0.,-1.,0.));
#4330 = ORIENTED_EDGE('',*,*,#4331,.F.);
#4331 = EDGE_CURVE('',#4306,#4324,#4332,.T.);
#4332 = LINE('',#4333,#4334);
#4333 = CARTESIAN_POINT('',(0.,310.,9.));
#4334 = VECTOR('',#4335,1.);
#4335 = DIRECTION('',(1.,0.,0.));
#4336 = PLANE('',#4337);
#4337 = AXIS2_PLACEMENT_3D('',#4338,#4339,#4340);
#4338 = CARTESIAN_POINT('',(0.,310.,9.));
#4339 = DIRECTION('',(-0.,0.,1.));
#4340 = DIRECTION('',(1.,0.,0.));
#4341 = ADVANCED_FACE('',(#4342),#4367,.F.);
#4342 = FACE_BOUND('',#4343,.F.);
#4343 = EDGE_LOOP('',(#4344,#4354,#4360,#4361));
#4344 = ORIENTED_EDGE('',*,*,#4345,.T.);
#4345 = EDGE_CURVE('',#4346,#4348,#4350,.T.);
#4346 = VERTEX_POINT('',#4347);
#4347 = CARTESIAN_POINT('',(0.,310.,59.));
#4348 = VERTEX_POINT('',#4349);
#4349 = CARTESIAN_POINT('',(0.,298.,59.));
#4350 = LINE('',#4351,#4352);
#4351 = CARTESIAN_POINT('',(0.,310.,59.));
#4352 = VECTOR('',#4353,1.);
#4353 = DIRECTION('',(0.,-1.,0.));
#4354 = ORIENTED_EDGE('',*,*,#4355,.T.);
#4355 = EDGE_CURVE('',#4348,#4308,#4356,.T.);
#4356 = LINE('',#4357,#4358);
#4357 = CARTESIAN_POINT('',(0.,298.,59.));
#4358 = VECTOR('',#4359,1.);
#4359 = DIRECTION('',(0.,0.,-1.));
#4360 = ORIENTED_EDGE('',*,*,#4305,.F.);
#4361 = ORIENTED_EDGE('',*,*,#4362,.F.);
#4362 = EDGE_CURVE('',#4346,#4306,#4363,.T.);
#4363 = LINE('',#4364,#4365);
#4364 = CARTESIAN_POINT('',(0.,310.,59.));
#4365 = VECTOR('',#4366,1.);
#4366 = DIRECTION('',(0.,0.,-1.));
#4367 = PLANE('',#4368);
#4368 = AXIS2_PLACEMENT_3D('',#4369,#4370,#4371);
#4369 = CARTESIAN_POINT('',(0.,310.,59.));
#4370 = DIRECTION('',(1.,0.,0.));
#4371 = DIRECTION('',(0.,0.,-1.));
#4372 = ADVANCED_FACE('',(#4373),#4398,.F.);
#4373 = FACE_BOUND('',#4374,.F.);
#4374 = EDGE_LOOP('',(#4375,#4376,#4384,#4392));
#4375 = ORIENTED_EDGE('',*,*,#4323,.T.);
#4376 = ORIENTED_EDGE('',*,*,#4377,.T.);
#4377 = EDGE_CURVE('',#4316,#4378,#4380,.T.);
#4378 = VERTEX_POINT('',#4379);
#4379 = CARTESIAN_POINT('',(911.,298.,59.));
#4380 = LINE('',#4381,#4382);
#4381 = CARTESIAN_POINT('',(911.,298.,9.));
#4382 = VECTOR('',#4383,1.);
#4383 = DIRECTION('',(0.,0.,1.));
#4384 = ORIENTED_EDGE('',*,*,#4385,.F.);
#4385 = EDGE_CURVE('',#4386,#4378,#4388,.T.);
#4386 = VERTEX_POINT('',#4387);
#4387 = CARTESIAN_POINT('',(911.,310.,59.));
#4388 = LINE('',#4389,#4390);
#4389 = CARTESIAN_POINT('',(911.,310.,59.));
#4390 = VECTOR('',#4391,1.);
#4391 = DIRECTION('',(0.,-1.,0.));
#4392 = ORIENTED_EDGE('',*,*,#4393,.F.);
#4393 = EDGE_CURVE('',#4324,#4386,#4394,.T.);
#4394 = LINE('',#4395,#4396);
#4395 = CARTESIAN_POINT('',(911.,310.,9.));
#4396 = VECTOR('',#4397,1.);
#4397 = DIRECTION('',(0.,0.,1.));
#4398 = PLANE('',#4399);
#4399 = AXIS2_PLACEMENT_3D('',#4400,#4401,#4402);
#4400 = CARTESIAN_POINT('',(911.,310.,9.));
#4401 = DIRECTION('',(-1.,0.,0.));
#4402 = DIRECTION('',(0.,0.,1.));
#4403 = ADVANCED_FACE('',(#4404,#4415,#4426,#4437,#4448,#4459,#4529,
    #4540,#4551,#4562),#4573,.F.);
#4404 = FACE_BOUND('',#4405,.F.);
#4405 = EDGE_LOOP('',(#4406,#4407,#4408,#4414));
#4406 = ORIENTED_EDGE('',*,*,#4331,.T.);
#4407 = ORIENTED_EDGE('',*,*,#4393,.T.);
#4408 = ORIENTED_EDGE('',*,*,#4409,.T.);
#4409 = EDGE_CURVE('',#4386,#4346,#4410,.T.);
#4410 = LINE('',#4411,#4412);
#4411 = CARTESIAN_POINT('',(911.,310.,59.));
#4412 = VECTOR('',#4413,1.);
#4413 = DIRECTION('',(-1.,0.,0.));
#4414 = ORIENTED_EDGE('',*,*,#4362,.T.);
#4415 = FACE_BOUND('',#4416,.F.);
#4416 = EDGE_LOOP('',(#4417));
#4417 = ORIENTED_EDGE('',*,*,#4418,.F.);
#4418 = EDGE_CURVE('',#4419,#4419,#4421,.T.);
#4419 = VERTEX_POINT('',#4420);
#4420 = CARTESIAN_POINT('',(6.,310.,40.));
#4421 = CIRCLE('',#4422,4.);
#4422 = AXIS2_PLACEMENT_3D('',#4423,#4424,#4425);
#4423 = CARTESIAN_POINT('',(6.,310.,44.));
#4424 = DIRECTION('',(0.,-1.,0.));
#4425 = DIRECTION('',(0.,-0.,-1.));
#4426 = FACE_BOUND('',#4427,.F.);
#4427 = EDGE_LOOP('',(#4428));
#4428 = ORIENTED_EDGE('',*,*,#4429,.F.);
#4429 = EDGE_CURVE('',#4430,#4430,#4432,.T.);
#4430 = VERTEX_POINT('',#4431);
#4431 = CARTESIAN_POINT('',(192.,310.,40.));
#4432 = CIRCLE('',#4433,4.);
#4433 = AXIS2_PLACEMENT_3D('',#4434,#4435,#4436);
#4434 = CARTESIAN_POINT('',(192.,310.,44.));
#4435 = DIRECTION('',(0.,-1.,0.));
#4436 = DIRECTION('',(0.,-0.,-1.));
#4437 = FACE_BOUND('',#4438,.F.);
#4438 = EDGE_LOOP('',(#4439));
#4439 = ORIENTED_EDGE('',*,*,#4440,.F.);
#4440 = EDGE_CURVE('',#4441,#4441,#4443,.T.);
#4441 = VERTEX_POINT('',#4442);
#4442 = CARTESIAN_POINT('',(6.,310.,20.));
#4443 = CIRCLE('',#4444,4.);
#4444 = AXIS2_PLACEMENT_3D('',#4445,#4446,#4447);
#4445 = CARTESIAN_POINT('',(6.,310.,24.));
#4446 = DIRECTION('',(0.,-1.,0.));
#4447 = DIRECTION('',(0.,-0.,-1.));
#4448 = FACE_BOUND('',#4449,.F.);
#4449 = EDGE_LOOP('',(#4450));
#4450 = ORIENTED_EDGE('',*,*,#4451,.F.);
#4451 = EDGE_CURVE('',#4452,#4452,#4454,.T.);
#4452 = VERTEX_POINT('',#4453);
#4453 = CARTESIAN_POINT('',(192.,310.,20.));
#4454 = CIRCLE('',#4455,4.);
#4455 = AXIS2_PLACEMENT_3D('',#4456,#4457,#4458);
#4456 = CARTESIAN_POINT('',(192.,310.,24.));
#4457 = DIRECTION('',(0.,-1.,0.));
#4458 = DIRECTION('',(0.,-0.,-1.));
#4459 = FACE_BOUND('',#4460,.F.);
#4460 = EDGE_LOOP('',(#4461,#4471,#4480,#4488,#4497,#4505,#4514,#4522));
#4461 = ORIENTED_EDGE('',*,*,#4462,.F.);
#4462 = EDGE_CURVE('',#4463,#4465,#4467,.T.);
#4463 = VERTEX_POINT('',#4464);
#4464 = CARTESIAN_POINT('',(266.,310.,21.));
#4465 = VERTEX_POINT('',#4466);
#4466 = CARTESIAN_POINT('',(443.,310.,21.));
#4467 = LINE('',#4468,#4469);
#4468 = CARTESIAN_POINT('',(266.,310.,21.));
#4469 = VECTOR('',#4470,1.);
#4470 = DIRECTION('',(1.,0.,0.));
#4471 = ORIENTED_EDGE('',*,*,#4472,.F.);
#4472 = EDGE_CURVE('',#4473,#4463,#4475,.T.);
#4473 = VERTEX_POINT('',#4474);
#4474 = CARTESIAN_POINT('',(261.,310.,26.));
#4475 = CIRCLE('',#4476,5.);
#4476 = AXIS2_PLACEMENT_3D('',#4477,#4478,#4479);
#4477 = CARTESIAN_POINT('',(266.,310.,26.));
#4478 = DIRECTION('',(0.,-1.,0.));
#4479 = DIRECTION('',(-1.,-0.,-9.947598300641E-15));
#4480 = ORIENTED_EDGE('',*,*,#4481,.F.);
#4481 = EDGE_CURVE('',#4482,#4473,#4484,.T.);
#4482 = VERTEX_POINT('',#4483);
#4483 = CARTESIAN_POINT('',(261.,310.,42.));
#4484 = LINE('',#4485,#4486);
#4485 = CARTESIAN_POINT('',(261.,310.,42.));
#4486 = VECTOR('',#4487,1.);
#4487 = DIRECTION('',(0.,0.,-1.));
#4488 = ORIENTED_EDGE('',*,*,#4489,.F.);
#4489 = EDGE_CURVE('',#4490,#4482,#4492,.T.);
#4490 = VERTEX_POINT('',#4491);
#4491 = CARTESIAN_POINT('',(266.,310.,47.));
#4492 = CIRCLE('',#4493,5.);
#4493 = AXIS2_PLACEMENT_3D('',#4494,#4495,#4496);
#4494 = CARTESIAN_POINT('',(266.,310.,42.));
#4495 = DIRECTION('',(0.,-1.,0.));
#4496 = DIRECTION('',(-1.136868377216E-14,0.,1.));
#4497 = ORIENTED_EDGE('',*,*,#4498,.F.);
#4498 = EDGE_CURVE('',#4499,#4490,#4501,.T.);
#4499 = VERTEX_POINT('',#4500);
#4500 = CARTESIAN_POINT('',(443.,310.,47.));
#4501 = LINE('',#4502,#4503);
#4502 = CARTESIAN_POINT('',(443.,310.,47.));
#4503 = VECTOR('',#4504,1.);
#4504 = DIRECTION('',(-1.,0.,0.));
#4505 = ORIENTED_EDGE('',*,*,#4506,.F.);
#4506 = EDGE_CURVE('',#4507,#4499,#4509,.T.);
#4507 = VERTEX_POINT('',#4508);
#4508 = CARTESIAN_POINT('',(448.,310.,42.));
#4509 = CIRCLE('',#4510,5.);
#4510 = AXIS2_PLACEMENT_3D('',#4511,#4512,#4513);
#4511 = CARTESIAN_POINT('',(443.,310.,42.));
#4512 = DIRECTION('',(0.,-1.,0.));
#4513 = DIRECTION('',(1.,0.,9.947598300641E-15));
#4514 = ORIENTED_EDGE('',*,*,#4515,.F.);
#4515 = EDGE_CURVE('',#4516,#4507,#4518,.T.);
#4516 = VERTEX_POINT('',#4517);
#4517 = CARTESIAN_POINT('',(448.,310.,26.));
#4518 = LINE('',#4519,#4520);
#4519 = CARTESIAN_POINT('',(448.,310.,26.));
#4520 = VECTOR('',#4521,1.);
#4521 = DIRECTION('',(0.,0.,1.));
#4522 = ORIENTED_EDGE('',*,*,#4523,.F.);
#4523 = EDGE_CURVE('',#4465,#4516,#4524,.T.);
#4524 = CIRCLE('',#4525,5.);
#4525 = AXIS2_PLACEMENT_3D('',#4526,#4527,#4528);
#4526 = CARTESIAN_POINT('',(443.,310.,26.));
#4527 = DIRECTION('',(0.,-1.,0.));
#4528 = DIRECTION('',(1.136868377216E-14,0.,-1.));
#4529 = FACE_BOUND('',#4530,.F.);
#4530 = EDGE_LOOP('',(#4531));
#4531 = ORIENTED_EDGE('',*,*,#4532,.F.);
#4532 = EDGE_CURVE('',#4533,#4533,#4535,.T.);
#4533 = VERTEX_POINT('',#4534);
#4534 = CARTESIAN_POINT('',(893.,310.,40.));
#4535 = CIRCLE('',#4536,4.);
#4536 = AXIS2_PLACEMENT_3D('',#4537,#4538,#4539);
#4537 = CARTESIAN_POINT('',(893.,310.,44.));
#4538 = DIRECTION('',(0.,-1.,0.));
#4539 = DIRECTION('',(0.,-0.,-1.));
#4540 = FACE_BOUND('',#4541,.F.);
#4541 = EDGE_LOOP('',(#4542));
#4542 = ORIENTED_EDGE('',*,*,#4543,.F.);
#4543 = EDGE_CURVE('',#4544,#4544,#4546,.T.);
#4544 = VERTEX_POINT('',#4545);
#4545 = CARTESIAN_POINT('',(905.,310.,40.));
#4546 = CIRCLE('',#4547,4.);
#4547 = AXIS2_PLACEMENT_3D('',#4548,#4549,#4550);
#4548 = CARTESIAN_POINT('',(905.,310.,44.));
#4549 = DIRECTION('',(0.,-1.,0.));
#4550 = DIRECTION('',(0.,-0.,-1.));
#4551 = FACE_BOUND('',#4552,.F.);
#4552 = EDGE_LOOP('',(#4553));
#4553 = ORIENTED_EDGE('',*,*,#4554,.F.);
#4554 = EDGE_CURVE('',#4555,#4555,#4557,.T.);
#4555 = VERTEX_POINT('',#4556);
#4556 = CARTESIAN_POINT('',(893.,310.,20.));
#4557 = CIRCLE('',#4558,4.);
#4558 = AXIS2_PLACEMENT_3D('',#4559,#4560,#4561);
#4559 = CARTESIAN_POINT('',(893.,310.,24.));
#4560 = DIRECTION('',(0.,-1.,0.));
#4561 = DIRECTION('',(0.,-0.,-1.));
#4562 = FACE_BOUND('',#4563,.F.);
#4563 = EDGE_LOOP('',(#4564));
#4564 = ORIENTED_EDGE('',*,*,#4565,.F.);
#4565 = EDGE_CURVE('',#4566,#4566,#4568,.T.);
#4566 = VERTEX_POINT('',#4567);
#4567 = CARTESIAN_POINT('',(905.,310.,20.));
#4568 = CIRCLE('',#4569,4.);
#4569 = AXIS2_PLACEMENT_3D('',#4570,#4571,#4572);
#4570 = CARTESIAN_POINT('',(905.,310.,24.));
#4571 = DIRECTION('',(0.,-1.,0.));
#4572 = DIRECTION('',(0.,-0.,-1.));
#4573 = PLANE('',#4574);
#4574 = AXIS2_PLACEMENT_3D('',#4575,#4576,#4577);
#4575 = CARTESIAN_POINT('',(455.5,310.,34.));
#4576 = DIRECTION('',(-0.,-1.,-0.));
#4577 = DIRECTION('',(0.,0.,-1.));
#4578 = ADVANCED_FACE('',(#4579,#4590,#4601,#4612,#4623,#4634,#4704,
    #4715,#4726,#4737),#4748,.T.);
#4579 = FACE_BOUND('',#4580,.T.);
#4580 = EDGE_LOOP('',(#4581,#4582,#4583,#4589));
#4581 = ORIENTED_EDGE('',*,*,#4315,.T.);
#4582 = ORIENTED_EDGE('',*,*,#4377,.T.);
#4583 = ORIENTED_EDGE('',*,*,#4584,.T.);
#4584 = EDGE_CURVE('',#4378,#4348,#4585,.T.);
#4585 = LINE('',#4586,#4587);
#4586 = CARTESIAN_POINT('',(911.,298.,59.));
#4587 = VECTOR('',#4588,1.);
#4588 = DIRECTION('',(-1.,0.,0.));
#4589 = ORIENTED_EDGE('',*,*,#4355,.T.);
#4590 = FACE_BOUND('',#4591,.T.);
#4591 = EDGE_LOOP('',(#4592));
#4592 = ORIENTED_EDGE('',*,*,#4593,.F.);
#4593 = EDGE_CURVE('',#4594,#4594,#4596,.T.);
#4594 = VERTEX_POINT('',#4595);
#4595 = CARTESIAN_POINT('',(6.,298.,42.));
#4596 = CIRCLE('',#4597,2.);
#4597 = AXIS2_PLACEMENT_3D('',#4598,#4599,#4600);
#4598 = CARTESIAN_POINT('',(6.,298.,44.));
#4599 = DIRECTION('',(0.,-1.,0.));
#4600 = DIRECTION('',(0.,-0.,-1.));
#4601 = FACE_BOUND('',#4602,.T.);
#4602 = EDGE_LOOP('',(#4603));
#4603 = ORIENTED_EDGE('',*,*,#4604,.F.);
#4604 = EDGE_CURVE('',#4605,#4605,#4607,.T.);
#4605 = VERTEX_POINT('',#4606);
#4606 = CARTESIAN_POINT('',(192.,298.,42.));
#4607 = CIRCLE('',#4608,2.);
#4608 = AXIS2_PLACEMENT_3D('',#4609,#4610,#4611);
#4609 = CARTESIAN_POINT('',(192.,298.,44.));
#4610 = DIRECTION('',(0.,-1.,0.));
#4611 = DIRECTION('',(0.,-0.,-1.));
#4612 = FACE_BOUND('',#4613,.T.);
#4613 = EDGE_LOOP('',(#4614));
#4614 = ORIENTED_EDGE('',*,*,#4615,.F.);
#4615 = EDGE_CURVE('',#4616,#4616,#4618,.T.);
#4616 = VERTEX_POINT('',#4617);
#4617 = CARTESIAN_POINT('',(6.,298.,22.));
#4618 = CIRCLE('',#4619,2.);
#4619 = AXIS2_PLACEMENT_3D('',#4620,#4621,#4622);
#4620 = CARTESIAN_POINT('',(6.,298.,24.));
#4621 = DIRECTION('',(0.,-1.,0.));
#4622 = DIRECTION('',(0.,-0.,-1.));
#4623 = FACE_BOUND('',#4624,.T.);
#4624 = EDGE_LOOP('',(#4625));
#4625 = ORIENTED_EDGE('',*,*,#4626,.F.);
#4626 = EDGE_CURVE('',#4627,#4627,#4629,.T.);
#4627 = VERTEX_POINT('',#4628);
#4628 = CARTESIAN_POINT('',(192.,298.,22.));
#4629 = CIRCLE('',#4630,2.);
#4630 = AXIS2_PLACEMENT_3D('',#4631,#4632,#4633);
#4631 = CARTESIAN_POINT('',(192.,298.,24.));
#4632 = DIRECTION('',(0.,-1.,0.));
#4633 = DIRECTION('',(0.,-0.,-1.));
#4634 = FACE_BOUND('',#4635,.T.);
#4635 = EDGE_LOOP('',(#4636,#4646,#4655,#4663,#4672,#4680,#4689,#4697));
#4636 = ORIENTED_EDGE('',*,*,#4637,.F.);
#4637 = EDGE_CURVE('',#4638,#4640,#4642,.T.);
#4638 = VERTEX_POINT('',#4639);
#4639 = CARTESIAN_POINT('',(266.,298.,21.));
#4640 = VERTEX_POINT('',#4641);
#4641 = CARTESIAN_POINT('',(443.,298.,21.));
#4642 = LINE('',#4643,#4644);
#4643 = CARTESIAN_POINT('',(266.,298.,21.));
#4644 = VECTOR('',#4645,1.);
#4645 = DIRECTION('',(1.,0.,0.));
#4646 = ORIENTED_EDGE('',*,*,#4647,.F.);
#4647 = EDGE_CURVE('',#4648,#4638,#4650,.T.);
#4648 = VERTEX_POINT('',#4649);
#4649 = CARTESIAN_POINT('',(261.,298.,26.));
#4650 = CIRCLE('',#4651,5.);
#4651 = AXIS2_PLACEMENT_3D('',#4652,#4653,#4654);
#4652 = CARTESIAN_POINT('',(266.,298.,26.));
#4653 = DIRECTION('',(0.,-1.,0.));
#4654 = DIRECTION('',(-1.,-0.,-9.947598300641E-15));
#4655 = ORIENTED_EDGE('',*,*,#4656,.F.);
#4656 = EDGE_CURVE('',#4657,#4648,#4659,.T.);
#4657 = VERTEX_POINT('',#4658);
#4658 = CARTESIAN_POINT('',(261.,298.,42.));
#4659 = LINE('',#4660,#4661);
#4660 = CARTESIAN_POINT('',(261.,298.,42.));
#4661 = VECTOR('',#4662,1.);
#4662 = DIRECTION('',(0.,0.,-1.));
#4663 = ORIENTED_EDGE('',*,*,#4664,.F.);
#4664 = EDGE_CURVE('',#4665,#4657,#4667,.T.);
#4665 = VERTEX_POINT('',#4666);
#4666 = CARTESIAN_POINT('',(266.,298.,47.));
#4667 = CIRCLE('',#4668,5.);
#4668 = AXIS2_PLACEMENT_3D('',#4669,#4670,#4671);
#4669 = CARTESIAN_POINT('',(266.,298.,42.));
#4670 = DIRECTION('',(0.,-1.,0.));
#4671 = DIRECTION('',(-1.136868377216E-14,0.,1.));
#4672 = ORIENTED_EDGE('',*,*,#4673,.F.);
#4673 = EDGE_CURVE('',#4674,#4665,#4676,.T.);
#4674 = VERTEX_POINT('',#4675);
#4675 = CARTESIAN_POINT('',(443.,298.,47.));
#4676 = LINE('',#4677,#4678);
#4677 = CARTESIAN_POINT('',(443.,298.,47.));
#4678 = VECTOR('',#4679,1.);
#4679 = DIRECTION('',(-1.,0.,0.));
#4680 = ORIENTED_EDGE('',*,*,#4681,.F.);
#4681 = EDGE_CURVE('',#4682,#4674,#4684,.T.);
#4682 = VERTEX_POINT('',#4683);
#4683 = CARTESIAN_POINT('',(448.,298.,42.));
#4684 = CIRCLE('',#4685,5.);
#4685 = AXIS2_PLACEMENT_3D('',#4686,#4687,#4688);
#4686 = CARTESIAN_POINT('',(443.,298.,42.));
#4687 = DIRECTION('',(0.,-1.,0.));
#4688 = DIRECTION('',(1.,0.,9.947598300641E-15));
#4689 = ORIENTED_EDGE('',*,*,#4690,.F.);
#4690 = EDGE_CURVE('',#4691,#4682,#4693,.T.);
#4691 = VERTEX_POINT('',#4692);
#4692 = CARTESIAN_POINT('',(448.,298.,26.));
#4693 = LINE('',#4694,#4695);
#4694 = CARTESIAN_POINT('',(448.,298.,26.));
#4695 = VECTOR('',#4696,1.);
#4696 = DIRECTION('',(0.,0.,1.));
#4697 = ORIENTED_EDGE('',*,*,#4698,.F.);
#4698 = EDGE_CURVE('',#4640,#4691,#4699,.T.);
#4699 = CIRCLE('',#4700,5.);
#4700 = AXIS2_PLACEMENT_3D('',#4701,#4702,#4703);
#4701 = CARTESIAN_POINT('',(443.,298.,26.));
#4702 = DIRECTION('',(0.,-1.,0.));
#4703 = DIRECTION('',(1.136868377216E-14,0.,-1.));
#4704 = FACE_BOUND('',#4705,.T.);
#4705 = EDGE_LOOP('',(#4706));
#4706 = ORIENTED_EDGE('',*,*,#4707,.F.);
#4707 = EDGE_CURVE('',#4708,#4708,#4710,.T.);
#4708 = VERTEX_POINT('',#4709);
#4709 = CARTESIAN_POINT('',(893.,298.,42.));
#4710 = CIRCLE('',#4711,2.);
#4711 = AXIS2_PLACEMENT_3D('',#4712,#4713,#4714);
#4712 = CARTESIAN_POINT('',(893.,298.,44.));
#4713 = DIRECTION('',(0.,-1.,0.));
#4714 = DIRECTION('',(0.,-0.,-1.));
#4715 = FACE_BOUND('',#4716,.T.);
#4716 = EDGE_LOOP('',(#4717));
#4717 = ORIENTED_EDGE('',*,*,#4718,.F.);
#4718 = EDGE_CURVE('',#4719,#4719,#4721,.T.);
#4719 = VERTEX_POINT('',#4720);
#4720 = CARTESIAN_POINT('',(905.,298.,42.));
#4721 = CIRCLE('',#4722,2.);
#4722 = AXIS2_PLACEMENT_3D('',#4723,#4724,#4725);
#4723 = CARTESIAN_POINT('',(905.,298.,44.));
#4724 = DIRECTION('',(0.,-1.,0.));
#4725 = DIRECTION('',(0.,-0.,-1.));
#4726 = FACE_BOUND('',#4727,.T.);
#4727 = EDGE_LOOP('',(#4728));
#4728 = ORIENTED_EDGE('',*,*,#4729,.F.);
#4729 = EDGE_CURVE('',#4730,#4730,#4732,.T.);
#4730 = VERTEX_POINT('',#4731);
#4731 = CARTESIAN_POINT('',(893.,298.,22.));
#4732 = CIRCLE('',#4733,2.);
#4733 = AXIS2_PLACEMENT_3D('',#4734,#4735,#4736);
#4734 = CARTESIAN_POINT('',(893.,298.,24.));
#4735 = DIRECTION('',(0.,-1.,0.));
#4736 = DIRECTION('',(0.,-0.,-1.));
#4737 = FACE_BOUND('',#4738,.T.);
#4738 = EDGE_LOOP('',(#4739));
#4739 = ORIENTED_EDGE('',*,*,#4740,.F.);
#4740 = EDGE_CURVE('',#4741,#4741,#4743,.T.);
#4741 = VERTEX_POINT('',#4742);
#4742 = CARTESIAN_POINT('',(905.,298.,22.));
#4743 = CIRCLE('',#4744,2.);
#4744 = AXIS2_PLACEMENT_3D('',#4745,#4746,#4747);
#4745 = CARTESIAN_POINT('',(905.,298.,24.));
#4746 = DIRECTION('',(0.,-1.,0.));
#4747 = DIRECTION('',(0.,-0.,-1.));
#4748 = PLANE('',#4749);
#4749 = AXIS2_PLACEMENT_3D('',#4750,#4751,#4752);
#4750 = CARTESIAN_POINT('',(455.5,298.,34.));
#4751 = DIRECTION('',(-0.,-1.,-0.));
#4752 = DIRECTION('',(0.,0.,-1.));
#4753 = ADVANCED_FACE('',(#4754),#4760,.F.);
#4754 = FACE_BOUND('',#4755,.F.);
#4755 = EDGE_LOOP('',(#4756,#4757,#4758,#4759));
#4756 = ORIENTED_EDGE('',*,*,#4385,.T.);
#4757 = ORIENTED_EDGE('',*,*,#4584,.T.);
#4758 = ORIENTED_EDGE('',*,*,#4345,.F.);
#4759 = ORIENTED_EDGE('',*,*,#4409,.F.);
#4760 = PLANE('',#4761);
#4761 = AXIS2_PLACEMENT_3D('',#4762,#4763,#4764);
#4762 = CARTESIAN_POINT('',(911.,310.,59.));
#4763 = DIRECTION('',(-0.,-0.,-1.));
#4764 = DIRECTION('',(-1.,0.,0.));
#4765 = ADVANCED_FACE('',(#4766),#4785,.F.);
#4766 = FACE_BOUND('',#4767,.F.);
#4767 = EDGE_LOOP('',(#4768,#4776,#4783,#4784));
#4768 = ORIENTED_EDGE('',*,*,#4769,.T.);
#4769 = EDGE_CURVE('',#4419,#4770,#4772,.T.);
#4770 = VERTEX_POINT('',#4771);
#4771 = CARTESIAN_POINT('',(6.,308.,42.));
#4772 = LINE('',#4773,#4774);
#4773 = CARTESIAN_POINT('',(6.,310.5,39.5));
#4774 = VECTOR('',#4775,1.);
#4775 = DIRECTION('',(1.731912112471E-16,-0.707106781187,0.707106781187)
  );
#4776 = ORIENTED_EDGE('',*,*,#4777,.F.);
#4777 = EDGE_CURVE('',#4770,#4770,#4778,.T.);
#4778 = CIRCLE('',#4779,2.);
#4779 = AXIS2_PLACEMENT_3D('',#4780,#4781,#4782);
#4780 = CARTESIAN_POINT('',(6.,308.,44.));
#4781 = DIRECTION('',(0.,-1.,0.));
#4782 = DIRECTION('',(0.,-0.,-1.));
#4783 = ORIENTED_EDGE('',*,*,#4769,.F.);
#4784 = ORIENTED_EDGE('',*,*,#4418,.T.);
#4785 = CONICAL_SURFACE('',#4786,4.5,0.785398163397);
#4786 = AXIS2_PLACEMENT_3D('',#4787,#4788,#4789);
#4787 = CARTESIAN_POINT('',(6.,310.5,44.));
#4788 = DIRECTION('',(-0.,1.,-0.));
#4789 = DIRECTION('',(0.,-0.,-1.));
#4790 = ADVANCED_FACE('',(#4791),#4810,.F.);
#4791 = FACE_BOUND('',#4792,.F.);
#4792 = EDGE_LOOP('',(#4793,#4801,#4808,#4809));
#4793 = ORIENTED_EDGE('',*,*,#4794,.T.);
#4794 = EDGE_CURVE('',#4430,#4795,#4797,.T.);
#4795 = VERTEX_POINT('',#4796);
#4796 = CARTESIAN_POINT('',(192.,308.,42.));
#4797 = LINE('',#4798,#4799);
#4798 = CARTESIAN_POINT('',(192.,310.5,39.5));
#4799 = VECTOR('',#4800,1.);
#4800 = DIRECTION('',(1.731912112471E-16,-0.707106781187,0.707106781187)
  );
#4801 = ORIENTED_EDGE('',*,*,#4802,.F.);
#4802 = EDGE_CURVE('',#4795,#4795,#4803,.T.);
#4803 = CIRCLE('',#4804,2.);
#4804 = AXIS2_PLACEMENT_3D('',#4805,#4806,#4807);
#4805 = CARTESIAN_POINT('',(192.,308.,44.));
#4806 = DIRECTION('',(0.,-1.,0.));
#4807 = DIRECTION('',(0.,-0.,-1.));
#4808 = ORIENTED_EDGE('',*,*,#4794,.F.);
#4809 = ORIENTED_EDGE('',*,*,#4429,.T.);
#4810 = CONICAL_SURFACE('',#4811,4.5,0.785398163397);
#4811 = AXIS2_PLACEMENT_3D('',#4812,#4813,#4814);
#4812 = CARTESIAN_POINT('',(192.,310.5,44.));
#4813 = DIRECTION('',(-0.,1.,-0.));
#4814 = DIRECTION('',(0.,-0.,-1.));
#4815 = ADVANCED_FACE('',(#4816),#4835,.F.);
#4816 = FACE_BOUND('',#4817,.F.);
#4817 = EDGE_LOOP('',(#4818,#4826,#4833,#4834));
#4818 = ORIENTED_EDGE('',*,*,#4819,.T.);
#4819 = EDGE_CURVE('',#4441,#4820,#4822,.T.);
#4820 = VERTEX_POINT('',#4821);
#4821 = CARTESIAN_POINT('',(6.,308.,22.));
#4822 = LINE('',#4823,#4824);
#4823 = CARTESIAN_POINT('',(6.,310.5,19.5));
#4824 = VECTOR('',#4825,1.);
#4825 = DIRECTION('',(1.731912112471E-16,-0.707106781187,0.707106781187)
  );
#4826 = ORIENTED_EDGE('',*,*,#4827,.F.);
#4827 = EDGE_CURVE('',#4820,#4820,#4828,.T.);
#4828 = CIRCLE('',#4829,2.);
#4829 = AXIS2_PLACEMENT_3D('',#4830,#4831,#4832);
#4830 = CARTESIAN_POINT('',(6.,308.,24.));
#4831 = DIRECTION('',(0.,-1.,0.));
#4832 = DIRECTION('',(0.,-0.,-1.));
#4833 = ORIENTED_EDGE('',*,*,#4819,.F.);
#4834 = ORIENTED_EDGE('',*,*,#4440,.T.);
#4835 = CONICAL_SURFACE('',#4836,4.5,0.785398163397);
#4836 = AXIS2_PLACEMENT_3D('',#4837,#4838,#4839);
#4837 = CARTESIAN_POINT('',(6.,310.5,24.));
#4838 = DIRECTION('',(-0.,1.,-0.));
#4839 = DIRECTION('',(0.,-0.,-1.));
#4840 = ADVANCED_FACE('',(#4841),#4860,.F.);
#4841 = FACE_BOUND('',#4842,.F.);
#4842 = EDGE_LOOP('',(#4843,#4851,#4858,#4859));
#4843 = ORIENTED_EDGE('',*,*,#4844,.T.);
#4844 = EDGE_CURVE('',#4452,#4845,#4847,.T.);
#4845 = VERTEX_POINT('',#4846);
#4846 = CARTESIAN_POINT('',(192.,308.,22.));
#4847 = LINE('',#4848,#4849);
#4848 = CARTESIAN_POINT('',(192.,310.5,19.5));
#4849 = VECTOR('',#4850,1.);
#4850 = DIRECTION('',(1.731912112471E-16,-0.707106781187,0.707106781187)
  );
#4851 = ORIENTED_EDGE('',*,*,#4852,.F.);
#4852 = EDGE_CURVE('',#4845,#4845,#4853,.T.);
#4853 = CIRCLE('',#4854,2.);
#4854 = AXIS2_PLACEMENT_3D('',#4855,#4856,#4857);
#4855 = CARTESIAN_POINT('',(192.,308.,24.));
#4856 = DIRECTION('',(0.,-1.,0.));
#4857 = DIRECTION('',(0.,-0.,-1.));
#4858 = ORIENTED_EDGE('',*,*,#4844,.F.);
#4859 = ORIENTED_EDGE('',*,*,#4451,.T.);
#4860 = CONICAL_SURFACE('',#4861,4.5,0.785398163397);
#4861 = AXIS2_PLACEMENT_3D('',#4862,#4863,#4864);
#4862 = CARTESIAN_POINT('',(192.,310.5,24.));
#4863 = DIRECTION('',(-0.,1.,-0.));
#4864 = DIRECTION('',(0.,-0.,-1.));
#4865 = ADVANCED_FACE('',(#4866),#4882,.T.);
#4866 = FACE_BOUND('',#4867,.T.);
#4867 = EDGE_LOOP('',(#4868,#4874,#4875,#4881));
#4868 = ORIENTED_EDGE('',*,*,#4869,.T.);
#4869 = EDGE_CURVE('',#4463,#4638,#4870,.T.);
#4870 = LINE('',#4871,#4872);
#4871 = CARTESIAN_POINT('',(266.,310.,21.));
#4872 = VECTOR('',#4873,1.);
#4873 = DIRECTION('',(0.,-1.,0.));
#4874 = ORIENTED_EDGE('',*,*,#4637,.T.);
#4875 = ORIENTED_EDGE('',*,*,#4876,.F.);
#4876 = EDGE_CURVE('',#4465,#4640,#4877,.T.);
#4877 = LINE('',#4878,#4879);
#4878 = CARTESIAN_POINT('',(443.,310.,21.));
#4879 = VECTOR('',#4880,1.);
#4880 = DIRECTION('',(0.,-1.,0.));
#4881 = ORIENTED_EDGE('',*,*,#4462,.F.);
#4882 = PLANE('',#4883);
#4883 = AXIS2_PLACEMENT_3D('',#4884,#4885,#4886);
#4884 = CARTESIAN_POINT('',(266.,310.,21.));
#4885 = DIRECTION('',(-0.,0.,1.));
#4886 = DIRECTION('',(1.,0.,0.));
#4887 = ADVANCED_FACE('',(#4888),#4899,.F.);
#4888 = FACE_BOUND('',#4889,.T.);
#4889 = EDGE_LOOP('',(#4890,#4891,#4892,#4898));
#4890 = ORIENTED_EDGE('',*,*,#4876,.T.);
#4891 = ORIENTED_EDGE('',*,*,#4698,.T.);
#4892 = ORIENTED_EDGE('',*,*,#4893,.F.);
#4893 = EDGE_CURVE('',#4516,#4691,#4894,.T.);
#4894 = LINE('',#4895,#4896);
#4895 = CARTESIAN_POINT('',(448.,310.,26.));
#4896 = VECTOR('',#4897,1.);
#4897 = DIRECTION('',(0.,-1.,0.));
#4898 = ORIENTED_EDGE('',*,*,#4523,.F.);
#4899 = CYLINDRICAL_SURFACE('',#4900,5.);
#4900 = AXIS2_PLACEMENT_3D('',#4901,#4902,#4903);
#4901 = CARTESIAN_POINT('',(443.,310.,26.));
#4902 = DIRECTION('',(-0.,1.,-0.));
#4903 = DIRECTION('',(1.136868377216E-14,0.,-1.));
#4904 = ADVANCED_FACE('',(#4905),#4916,.T.);
#4905 = FACE_BOUND('',#4906,.T.);
#4906 = EDGE_LOOP('',(#4907,#4908,#4909,#4915));
#4907 = ORIENTED_EDGE('',*,*,#4893,.T.);
#4908 = ORIENTED_EDGE('',*,*,#4690,.T.);
#4909 = ORIENTED_EDGE('',*,*,#4910,.F.);
#4910 = EDGE_CURVE('',#4507,#4682,#4911,.T.);
#4911 = LINE('',#4912,#4913);
#4912 = CARTESIAN_POINT('',(448.,310.,42.));
#4913 = VECTOR('',#4914,1.);
#4914 = DIRECTION('',(0.,-1.,0.));
#4915 = ORIENTED_EDGE('',*,*,#4515,.F.);
#4916 = PLANE('',#4917);
#4917 = AXIS2_PLACEMENT_3D('',#4918,#4919,#4920);
#4918 = CARTESIAN_POINT('',(448.,310.,26.));
#4919 = DIRECTION('',(-1.,0.,0.));
#4920 = DIRECTION('',(0.,0.,1.));
#4921 = ADVANCED_FACE('',(#4922),#4933,.F.);
#4922 = FACE_BOUND('',#4923,.T.);
#4923 = EDGE_LOOP('',(#4924,#4925,#4926,#4932));
#4924 = ORIENTED_EDGE('',*,*,#4910,.T.);
#4925 = ORIENTED_EDGE('',*,*,#4681,.T.);
#4926 = ORIENTED_EDGE('',*,*,#4927,.F.);
#4927 = EDGE_CURVE('',#4499,#4674,#4928,.T.);
#4928 = LINE('',#4929,#4930);
#4929 = CARTESIAN_POINT('',(443.,310.,47.));
#4930 = VECTOR('',#4931,1.);
#4931 = DIRECTION('',(0.,-1.,0.));
#4932 = ORIENTED_EDGE('',*,*,#4506,.F.);
#4933 = CYLINDRICAL_SURFACE('',#4934,5.);
#4934 = AXIS2_PLACEMENT_3D('',#4935,#4936,#4937);
#4935 = CARTESIAN_POINT('',(443.,310.,42.));
#4936 = DIRECTION('',(-0.,1.,-0.));
#4937 = DIRECTION('',(1.,0.,9.947598300641E-15));
#4938 = ADVANCED_FACE('',(#4939),#4950,.T.);
#4939 = FACE_BOUND('',#4940,.T.);
#4940 = EDGE_LOOP('',(#4941,#4942,#4943,#4949));
#4941 = ORIENTED_EDGE('',*,*,#4927,.T.);
#4942 = ORIENTED_EDGE('',*,*,#4673,.T.);
#4943 = ORIENTED_EDGE('',*,*,#4944,.F.);
#4944 = EDGE_CURVE('',#4490,#4665,#4945,.T.);
#4945 = LINE('',#4946,#4947);
#4946 = CARTESIAN_POINT('',(266.,310.,47.));
#4947 = VECTOR('',#4948,1.);
#4948 = DIRECTION('',(0.,-1.,0.));
#4949 = ORIENTED_EDGE('',*,*,#4498,.F.);
#4950 = PLANE('',#4951);
#4951 = AXIS2_PLACEMENT_3D('',#4952,#4953,#4954);
#4952 = CARTESIAN_POINT('',(443.,310.,47.));
#4953 = DIRECTION('',(-0.,-0.,-1.));
#4954 = DIRECTION('',(-1.,0.,0.));
#4955 = ADVANCED_FACE('',(#4956),#4967,.F.);
#4956 = FACE_BOUND('',#4957,.T.);
#4957 = EDGE_LOOP('',(#4958,#4959,#4960,#4966));
#4958 = ORIENTED_EDGE('',*,*,#4944,.T.);
#4959 = ORIENTED_EDGE('',*,*,#4664,.T.);
#4960 = ORIENTED_EDGE('',*,*,#4961,.F.);
#4961 = EDGE_CURVE('',#4482,#4657,#4962,.T.);
#4962 = LINE('',#4963,#4964);
#4963 = CARTESIAN_POINT('',(261.,310.,42.));
#4964 = VECTOR('',#4965,1.);
#4965 = DIRECTION('',(0.,-1.,0.));
#4966 = ORIENTED_EDGE('',*,*,#4489,.F.);
#4967 = CYLINDRICAL_SURFACE('',#4968,5.);
#4968 = AXIS2_PLACEMENT_3D('',#4969,#4970,#4971);
#4969 = CARTESIAN_POINT('',(266.,310.,42.));
#4970 = DIRECTION('',(-0.,1.,-0.));
#4971 = DIRECTION('',(-1.136868377216E-14,0.,1.));
#4972 = ADVANCED_FACE('',(#4973),#4984,.T.);
#4973 = FACE_BOUND('',#4974,.T.);
#4974 = EDGE_LOOP('',(#4975,#4976,#4977,#4983));
#4975 = ORIENTED_EDGE('',*,*,#4961,.T.);
#4976 = ORIENTED_EDGE('',*,*,#4656,.T.);
#4977 = ORIENTED_EDGE('',*,*,#4978,.F.);
#4978 = EDGE_CURVE('',#4473,#4648,#4979,.T.);
#4979 = LINE('',#4980,#4981);
#4980 = CARTESIAN_POINT('',(261.,310.,26.));
#4981 = VECTOR('',#4982,1.);
#4982 = DIRECTION('',(0.,-1.,0.));
#4983 = ORIENTED_EDGE('',*,*,#4481,.F.);
#4984 = PLANE('',#4985);
#4985 = AXIS2_PLACEMENT_3D('',#4986,#4987,#4988);
#4986 = CARTESIAN_POINT('',(261.,310.,42.));
#4987 = DIRECTION('',(1.,0.,0.));
#4988 = DIRECTION('',(0.,0.,-1.));
#4989 = ADVANCED_FACE('',(#4990),#4996,.F.);
#4990 = FACE_BOUND('',#4991,.T.);
#4991 = EDGE_LOOP('',(#4992,#4993,#4994,#4995));
#4992 = ORIENTED_EDGE('',*,*,#4978,.T.);
#4993 = ORIENTED_EDGE('',*,*,#4647,.T.);
#4994 = ORIENTED_EDGE('',*,*,#4869,.F.);
#4995 = ORIENTED_EDGE('',*,*,#4472,.F.);
#4996 = CYLINDRICAL_SURFACE('',#4997,5.);
#4997 = AXIS2_PLACEMENT_3D('',#4998,#4999,#5000);
#4998 = CARTESIAN_POINT('',(266.,310.,26.));
#4999 = DIRECTION('',(-0.,1.,-0.));
#5000 = DIRECTION('',(-1.,-0.,-9.947598300641E-15));
#5001 = ADVANCED_FACE('',(#5002),#5021,.F.);
#5002 = FACE_BOUND('',#5003,.F.);
#5003 = EDGE_LOOP('',(#5004,#5012,#5019,#5020));
#5004 = ORIENTED_EDGE('',*,*,#5005,.T.);
#5005 = EDGE_CURVE('',#4533,#5006,#5008,.T.);
#5006 = VERTEX_POINT('',#5007);
#5007 = CARTESIAN_POINT('',(893.,308.,42.));
#5008 = LINE('',#5009,#5010);
#5009 = CARTESIAN_POINT('',(893.,310.5,39.5));
#5010 = VECTOR('',#5011,1.);
#5011 = DIRECTION('',(1.731912112471E-16,-0.707106781187,0.707106781187)
  );
#5012 = ORIENTED_EDGE('',*,*,#5013,.F.);
#5013 = EDGE_CURVE('',#5006,#5006,#5014,.T.);
#5014 = CIRCLE('',#5015,2.);
#5015 = AXIS2_PLACEMENT_3D('',#5016,#5017,#5018);
#5016 = CARTESIAN_POINT('',(893.,308.,44.));
#5017 = DIRECTION('',(0.,-1.,0.));
#5018 = DIRECTION('',(0.,-0.,-1.));
#5019 = ORIENTED_EDGE('',*,*,#5005,.F.);
#5020 = ORIENTED_EDGE('',*,*,#4532,.T.);
#5021 = CONICAL_SURFACE('',#5022,4.5,0.785398163397);
#5022 = AXIS2_PLACEMENT_3D('',#5023,#5024,#5025);
#5023 = CARTESIAN_POINT('',(893.,310.5,44.));
#5024 = DIRECTION('',(-0.,1.,-0.));
#5025 = DIRECTION('',(0.,-0.,-1.));
#5026 = ADVANCED_FACE('',(#5027),#5046,.F.);
#5027 = FACE_BOUND('',#5028,.F.);
#5028 = EDGE_LOOP('',(#5029,#5037,#5044,#5045));
#5029 = ORIENTED_EDGE('',*,*,#5030,.T.);
#5030 = EDGE_CURVE('',#4544,#5031,#5033,.T.);
#5031 = VERTEX_POINT('',#5032);
#5032 = CARTESIAN_POINT('',(905.,308.,42.));
#5033 = LINE('',#5034,#5035);
#5034 = CARTESIAN_POINT('',(905.,310.5,39.5));
#5035 = VECTOR('',#5036,1.);
#5036 = DIRECTION('',(1.731912112471E-16,-0.707106781187,0.707106781187)
  );
#5037 = ORIENTED_EDGE('',*,*,#5038,.F.);
#5038 = EDGE_CURVE('',#5031,#5031,#5039,.T.);
#5039 = CIRCLE('',#5040,2.);
#5040 = AXIS2_PLACEMENT_3D('',#5041,#5042,#5043);
#5041 = CARTESIAN_POINT('',(905.,308.,44.));
#5042 = DIRECTION('',(0.,-1.,0.));
#5043 = DIRECTION('',(0.,-0.,-1.));
#5044 = ORIENTED_EDGE('',*,*,#5030,.F.);
#5045 = ORIENTED_EDGE('',*,*,#4543,.T.);
#5046 = CONICAL_SURFACE('',#5047,4.5,0.785398163397);
#5047 = AXIS2_PLACEMENT_3D('',#5048,#5049,#5050);
#5048 = CARTESIAN_POINT('',(905.,310.5,44.));
#5049 = DIRECTION('',(-0.,1.,-0.));
#5050 = DIRECTION('',(0.,-0.,-1.));
#5051 = ADVANCED_FACE('',(#5052),#5071,.F.);
#5052 = FACE_BOUND('',#5053,.F.);
#5053 = EDGE_LOOP('',(#5054,#5062,#5069,#5070));
#5054 = ORIENTED_EDGE('',*,*,#5055,.T.);
#5055 = EDGE_CURVE('',#4555,#5056,#5058,.T.);
#5056 = VERTEX_POINT('',#5057);
#5057 = CARTESIAN_POINT('',(893.,308.,22.));
#5058 = LINE('',#5059,#5060);
#5059 = CARTESIAN_POINT('',(893.,310.5,19.5));
#5060 = VECTOR('',#5061,1.);
#5061 = DIRECTION('',(1.731912112471E-16,-0.707106781187,0.707106781187)
  );
#5062 = ORIENTED_EDGE('',*,*,#5063,.F.);
#5063 = EDGE_CURVE('',#5056,#5056,#5064,.T.);
#5064 = CIRCLE('',#5065,2.);
#5065 = AXIS2_PLACEMENT_3D('',#5066,#5067,#5068);
#5066 = CARTESIAN_POINT('',(893.,308.,24.));
#5067 = DIRECTION('',(0.,-1.,0.));
#5068 = DIRECTION('',(0.,-0.,-1.));
#5069 = ORIENTED_EDGE('',*,*,#5055,.F.);
#5070 = ORIENTED_EDGE('',*,*,#4554,.T.);
#5071 = CONICAL_SURFACE('',#5072,4.5,0.785398163397);
#5072 = AXIS2_PLACEMENT_3D('',#5073,#5074,#5075);
#5073 = CARTESIAN_POINT('',(893.,310.5,24.));
#5074 = DIRECTION('',(-0.,1.,-0.));
#5075 = DIRECTION('',(0.,-0.,-1.));
#5076 = ADVANCED_FACE('',(#5077),#5096,.F.);
#5077 = FACE_BOUND('',#5078,.F.);
#5078 = EDGE_LOOP('',(#5079,#5087,#5094,#5095));
#5079 = ORIENTED_EDGE('',*,*,#5080,.T.);
#5080 = EDGE_CURVE('',#4566,#5081,#5083,.T.);
#5081 = VERTEX_POINT('',#5082);
#5082 = CARTESIAN_POINT('',(905.,308.,22.));
#5083 = LINE('',#5084,#5085);
#5084 = CARTESIAN_POINT('',(905.,310.5,19.5));
#5085 = VECTOR('',#5086,1.);
#5086 = DIRECTION('',(1.731912112471E-16,-0.707106781187,0.707106781187)
  );
#5087 = ORIENTED_EDGE('',*,*,#5088,.F.);
#5088 = EDGE_CURVE('',#5081,#5081,#5089,.T.);
#5089 = CIRCLE('',#5090,2.);
#5090 = AXIS2_PLACEMENT_3D('',#5091,#5092,#5093);
#5091 = CARTESIAN_POINT('',(905.,308.,24.));
#5092 = DIRECTION('',(0.,-1.,0.));
#5093 = DIRECTION('',(0.,-0.,-1.));
#5094 = ORIENTED_EDGE('',*,*,#5080,.F.);
#5095 = ORIENTED_EDGE('',*,*,#4565,.T.);
#5096 = CONICAL_SURFACE('',#5097,4.5,0.785398163397);
#5097 = AXIS2_PLACEMENT_3D('',#5098,#5099,#5100);
#5098 = CARTESIAN_POINT('',(905.,310.5,24.));
#5099 = DIRECTION('',(-0.,1.,-0.));
#5100 = DIRECTION('',(0.,-0.,-1.));
#5101 = ADVANCED_FACE('',(#5102),#5113,.F.);
#5102 = FACE_BOUND('',#5103,.F.);
#5103 = EDGE_LOOP('',(#5104,#5105,#5111,#5112));
#5104 = ORIENTED_EDGE('',*,*,#4593,.F.);
#5105 = ORIENTED_EDGE('',*,*,#5106,.F.);
#5106 = EDGE_CURVE('',#4770,#4594,#5107,.T.);
#5107 = LINE('',#5108,#5109);
#5108 = CARTESIAN_POINT('',(6.,311.,42.));
#5109 = VECTOR('',#5110,1.);
#5110 = DIRECTION('',(0.,-1.,0.));
#5111 = ORIENTED_EDGE('',*,*,#4777,.T.);
#5112 = ORIENTED_EDGE('',*,*,#5106,.T.);
#5113 = CYLINDRICAL_SURFACE('',#5114,2.);
#5114 = AXIS2_PLACEMENT_3D('',#5115,#5116,#5117);
#5115 = CARTESIAN_POINT('',(6.,311.,44.));
#5116 = DIRECTION('',(0.,-1.,0.));
#5117 = DIRECTION('',(0.,-0.,-1.));
#5118 = ADVANCED_FACE('',(#5119),#5130,.F.);
#5119 = FACE_BOUND('',#5120,.F.);
#5120 = EDGE_LOOP('',(#5121,#5122,#5128,#5129));
#5121 = ORIENTED_EDGE('',*,*,#4604,.F.);
#5122 = ORIENTED_EDGE('',*,*,#5123,.F.);
#5123 = EDGE_CURVE('',#4795,#4605,#5124,.T.);
#5124 = LINE('',#5125,#5126);
#5125 = CARTESIAN_POINT('',(192.,311.,42.));
#5126 = VECTOR('',#5127,1.);
#5127 = DIRECTION('',(0.,-1.,0.));
#5128 = ORIENTED_EDGE('',*,*,#4802,.T.);
#5129 = ORIENTED_EDGE('',*,*,#5123,.T.);
#5130 = CYLINDRICAL_SURFACE('',#5131,2.);
#5131 = AXIS2_PLACEMENT_3D('',#5132,#5133,#5134);
#5132 = CARTESIAN_POINT('',(192.,311.,44.));
#5133 = DIRECTION('',(0.,-1.,0.));
#5134 = DIRECTION('',(0.,-0.,-1.));
#5135 = ADVANCED_FACE('',(#5136),#5147,.F.);
#5136 = FACE_BOUND('',#5137,.F.);
#5137 = EDGE_LOOP('',(#5138,#5139,#5145,#5146));
#5138 = ORIENTED_EDGE('',*,*,#4615,.F.);
#5139 = ORIENTED_EDGE('',*,*,#5140,.F.);
#5140 = EDGE_CURVE('',#4820,#4616,#5141,.T.);
#5141 = LINE('',#5142,#5143);
#5142 = CARTESIAN_POINT('',(6.,311.,22.));
#5143 = VECTOR('',#5144,1.);
#5144 = DIRECTION('',(0.,-1.,0.));
#5145 = ORIENTED_EDGE('',*,*,#4827,.T.);
#5146 = ORIENTED_EDGE('',*,*,#5140,.T.);
#5147 = CYLINDRICAL_SURFACE('',#5148,2.);
#5148 = AXIS2_PLACEMENT_3D('',#5149,#5150,#5151);
#5149 = CARTESIAN_POINT('',(6.,311.,24.));
#5150 = DIRECTION('',(0.,-1.,0.));
#5151 = DIRECTION('',(0.,-0.,-1.));
#5152 = ADVANCED_FACE('',(#5153),#5164,.F.);
#5153 = FACE_BOUND('',#5154,.F.);
#5154 = EDGE_LOOP('',(#5155,#5156,#5162,#5163));
#5155 = ORIENTED_EDGE('',*,*,#4626,.F.);
#5156 = ORIENTED_EDGE('',*,*,#5157,.F.);
#5157 = EDGE_CURVE('',#4845,#4627,#5158,.T.);
#5158 = LINE('',#5159,#5160);
#5159 = CARTESIAN_POINT('',(192.,311.,22.));
#5160 = VECTOR('',#5161,1.);
#5161 = DIRECTION('',(0.,-1.,0.));
#5162 = ORIENTED_EDGE('',*,*,#4852,.T.);
#5163 = ORIENTED_EDGE('',*,*,#5157,.T.);
#5164 = CYLINDRICAL_SURFACE('',#5165,2.);
#5165 = AXIS2_PLACEMENT_3D('',#5166,#5167,#5168);
#5166 = CARTESIAN_POINT('',(192.,311.,24.));
#5167 = DIRECTION('',(0.,-1.,0.));
#5168 = DIRECTION('',(0.,-0.,-1.));
#5169 = ADVANCED_FACE('',(#5170),#5181,.F.);
#5170 = FACE_BOUND('',#5171,.F.);
#5171 = EDGE_LOOP('',(#5172,#5173,#5179,#5180));
#5172 = ORIENTED_EDGE('',*,*,#4707,.F.);
#5173 = ORIENTED_EDGE('',*,*,#5174,.F.);
#5174 = EDGE_CURVE('',#5006,#4708,#5175,.T.);
#5175 = LINE('',#5176,#5177);
#5176 = CARTESIAN_POINT('',(893.,311.,42.));
#5177 = VECTOR('',#5178,1.);
#5178 = DIRECTION('',(0.,-1.,0.));
#5179 = ORIENTED_EDGE('',*,*,#5013,.T.);
#5180 = ORIENTED_EDGE('',*,*,#5174,.T.);
#5181 = CYLINDRICAL_SURFACE('',#5182,2.);
#5182 = AXIS2_PLACEMENT_3D('',#5183,#5184,#5185);
#5183 = CARTESIAN_POINT('',(893.,311.,44.));
#5184 = DIRECTION('',(0.,-1.,0.));
#5185 = DIRECTION('',(0.,-0.,-1.));
#5186 = ADVANCED_FACE('',(#5187),#5198,.F.);
#5187 = FACE_BOUND('',#5188,.F.);
#5188 = EDGE_LOOP('',(#5189,#5190,#5196,#5197));
#5189 = ORIENTED_EDGE('',*,*,#4718,.F.);
#5190 = ORIENTED_EDGE('',*,*,#5191,.F.);
#5191 = EDGE_CURVE('',#5031,#4719,#5192,.T.);
#5192 = LINE('',#5193,#5194);
#5193 = CARTESIAN_POINT('',(905.,311.,42.));
#5194 = VECTOR('',#5195,1.);
#5195 = DIRECTION('',(0.,-1.,0.));
#5196 = ORIENTED_EDGE('',*,*,#5038,.T.);
#5197 = ORIENTED_EDGE('',*,*,#5191,.T.);
#5198 = CYLINDRICAL_SURFACE('',#5199,2.);
#5199 = AXIS2_PLACEMENT_3D('',#5200,#5201,#5202);
#5200 = CARTESIAN_POINT('',(905.,311.,44.));
#5201 = DIRECTION('',(0.,-1.,0.));
#5202 = DIRECTION('',(0.,-0.,-1.));
#5203 = ADVANCED_FACE('',(#5204),#5215,.F.);
#5204 = FACE_BOUND('',#5205,.F.);
#5205 = EDGE_LOOP('',(#5206,#5207,#5213,#5214));
#5206 = ORIENTED_EDGE('',*,*,#4729,.F.);
#5207 = ORIENTED_EDGE('',*,*,#5208,.F.);
#5208 = EDGE_CURVE('',#5056,#4730,#5209,.T.);
#5209 = LINE('',#5210,#5211);
#5210 = CARTESIAN_POINT('',(893.,311.,22.));
#5211 = VECTOR('',#5212,1.);
#5212 = DIRECTION('',(0.,-1.,0.));
#5213 = ORIENTED_EDGE('',*,*,#5063,.T.);
#5214 = ORIENTED_EDGE('',*,*,#5208,.T.);
#5215 = CYLINDRICAL_SURFACE('',#5216,2.);
#5216 = AXIS2_PLACEMENT_3D('',#5217,#5218,#5219);
#5217 = CARTESIAN_POINT('',(893.,311.,24.));
#5218 = DIRECTION('',(0.,-1.,0.));
#5219 = DIRECTION('',(0.,-0.,-1.));
#5220 = ADVANCED_FACE('',(#5221),#5232,.F.);
#5221 = FACE_BOUND('',#5222,.F.);
#5222 = EDGE_LOOP('',(#5223,#5224,#5230,#5231));
#5223 = ORIENTED_EDGE('',*,*,#4740,.F.);
#5224 = ORIENTED_EDGE('',*,*,#5225,.F.);
#5225 = EDGE_CURVE('',#5081,#4741,#5226,.T.);
#5226 = LINE('',#5227,#5228);
#5227 = CARTESIAN_POINT('',(905.,311.,22.));
#5228 = VECTOR('',#5229,1.);
#5229 = DIRECTION('',(0.,-1.,0.));
#5230 = ORIENTED_EDGE('',*,*,#5088,.T.);
#5231 = ORIENTED_EDGE('',*,*,#5225,.T.);
#5232 = CYLINDRICAL_SURFACE('',#5233,2.);
#5233 = AXIS2_PLACEMENT_3D('',#5234,#5235,#5236);
#5234 = CARTESIAN_POINT('',(905.,311.,24.));
#5235 = DIRECTION('',(0.,-1.,0.));
#5236 = DIRECTION('',(0.,-0.,-1.));
#5237 = ( GEOMETRIC_REPRESENTATION_CONTEXT(3) 
GLOBAL_UNCERTAINTY_ASSIGNED_CONTEXT((#5241)) 
GLOBAL_UNIT_ASSIGNED_CONTEXT((#5238,#5239,#5240)) REPRESENTATION_CONTEXT
('Context #1','3D Context with UNIT and UNCERTAINTY') );
#5238 = ( LENGTH_UNIT() NAMED_UNIT(*) SI_UNIT(.MILLI.,.METRE.) );
#5239 = ( NAMED_UNIT(*) PLANE_ANGLE_UNIT() SI_UNIT($,.RADIAN.) );
#5240 = ( NAMED_UNIT(*) SI_UNIT($,.STERADIAN.) SOLID_ANGLE_UNIT() );
#5241 = UNCERTAINTY_MEASURE_WITH_UNIT(LENGTH_MEASURE(1.E-07),#5238,
  'distance_accuracy_value','confusion accuracy');
#5242 = CONTEXT_DEPENDENT_SHAPE_REPRESENTATION(#5243,#5245);
#5243 = ( REPRESENTATION_RELATIONSHIP('','',#4298,#10) 
REPRESENTATION_RELATIONSHIP_WITH_TRANSFORMATION(#5244) 
SHAPE_REPRESENTATION_RELATIONSHIP() );
#5244 = ITEM_DEFINED_TRANSFORMATION('','',#11,#23);
#5245 = PRODUCT_DEFINITION_SHAPE('Placement','Placement of an item',
  #5246);
#5246 = NEXT_ASSEMBLY_USAGE_OCCURRENCE('25','Rear wall','',#5,#4293,$);
#5247 = PRODUCT_RELATED_PRODUCT_CATEGORY('part',$,(#4295));
#5248 = SHAPE_DEFINITION_REPRESENTATION(#5249,#5255);
#5249 = PRODUCT_DEFINITION_SHAPE('','',#5250);
#5250 = PRODUCT_DEFINITION('design','',#5251,#5254);
#5251 = PRODUCT_DEFINITION_FORMATION('','',#5252);
#5252 = PRODUCT('End wall','End wall','',(#5253));
#5253 = PRODUCT_CONTEXT('',#2,'mechanical');
#5254 = PRODUCT_DEFINITION_CONTEXT('part definition',#2,'design');
#5255 = ADVANCED_BREP_SHAPE_REPRESENTATION('',(#11,#5256),#5406);
#5256 = MANIFOLD_SOLID_BREP('',#5257);
#5257 = CLOSED_SHELL('',(#5258,#5298,#5329,#5360,#5382,#5394));
#5258 = ADVANCED_FACE('',(#5259),#5293,.F.);
#5259 = FACE_BOUND('',#5260,.F.);
#5260 = EDGE_LOOP('',(#5261,#5271,#5279,#5287));
#5261 = ORIENTED_EDGE('',*,*,#5262,.T.);
#5262 = EDGE_CURVE('',#5263,#5265,#5267,.T.);
#5263 = VERTEX_POINT('',#5264);
#5264 = CARTESIAN_POINT('',(0.,12.,9.));
#5265 = VERTEX_POINT('',#5266);
#5266 = CARTESIAN_POINT('',(12.,12.,9.));
#5267 = LINE('',#5268,#5269);
#5268 = CARTESIAN_POINT('',(0.,12.,9.));
#5269 = VECTOR('',#5270,1.);
#5270 = DIRECTION('',(1.,0.,0.));
#5271 = ORIENTED_EDGE('',*,*,#5272,.T.);
#5272 = EDGE_CURVE('',#5265,#5273,#5275,.T.);
#5273 = VERTEX_POINT('',#5274);
#5274 = CARTESIAN_POINT('',(12.,298.,9.));
#5275 = LINE('',#5276,#5277);
#5276 = CARTESIAN_POINT('',(12.,12.,9.));
#5277 = VECTOR('',#5278,1.);
#5278 = DIRECTION('',(0.,1.,0.));
#5279 = ORIENTED_EDGE('',*,*,#5280,.F.);
#5280 = EDGE_CURVE('',#5281,#5273,#5283,.T.);
#5281 = VERTEX_POINT('',#5282);
#5282 = CARTESIAN_POINT('',(0.,298.,9.));
#5283 = LINE('',#5284,#5285);
#5284 = CARTESIAN_POINT('',(0.,298.,9.));
#5285 = VECTOR('',#5286,1.);
#5286 = DIRECTION('',(1.,0.,0.));
#5287 = ORIENTED_EDGE('',*,*,#5288,.F.);
#5288 = EDGE_CURVE('',#5263,#5281,#5289,.T.);
#5289 = LINE('',#5290,#5291);
#5290 = CARTESIAN_POINT('',(0.,12.,9.));
#5291 = VECTOR('',#5292,1.);
#5292 = DIRECTION('',(0.,1.,0.));
#5293 = PLANE('',#5294);
#5294 = AXIS2_PLACEMENT_3D('',#5295,#5296,#5297);
#5295 = CARTESIAN_POINT('',(0.,12.,9.));
#5296 = DIRECTION('',(0.,0.,1.));
#5297 = DIRECTION('',(0.,1.,0.));
#5298 = ADVANCED_FACE('',(#5299),#5324,.F.);
#5299 = FACE_BOUND('',#5300,.F.);
#5300 = EDGE_LOOP('',(#5301,#5302,#5310,#5318));
#5301 = ORIENTED_EDGE('',*,*,#5280,.T.);
#5302 = ORIENTED_EDGE('',*,*,#5303,.T.);
#5303 = EDGE_CURVE('',#5273,#5304,#5306,.T.);
#5304 = VERTEX_POINT('',#5305);
#5305 = CARTESIAN_POINT('',(12.,298.,59.));
#5306 = LINE('',#5307,#5308);
#5307 = CARTESIAN_POINT('',(12.,298.,9.));
#5308 = VECTOR('',#5309,1.);
#5309 = DIRECTION('',(0.,0.,1.));
#5310 = ORIENTED_EDGE('',*,*,#5311,.F.);
#5311 = EDGE_CURVE('',#5312,#5304,#5314,.T.);
#5312 = VERTEX_POINT('',#5313);
#5313 = CARTESIAN_POINT('',(0.,298.,59.));
#5314 = LINE('',#5315,#5316);
#5315 = CARTESIAN_POINT('',(0.,298.,59.));
#5316 = VECTOR('',#5317,1.);
#5317 = DIRECTION('',(1.,0.,0.));
#5318 = ORIENTED_EDGE('',*,*,#5319,.F.);
#5319 = EDGE_CURVE('',#5281,#5312,#5320,.T.);
#5320 = LINE('',#5321,#5322);
#5321 = CARTESIAN_POINT('',(0.,298.,9.));
#5322 = VECTOR('',#5323,1.);
#5323 = DIRECTION('',(0.,0.,1.));
#5324 = PLANE('',#5325);
#5325 = AXIS2_PLACEMENT_3D('',#5326,#5327,#5328);
#5326 = CARTESIAN_POINT('',(0.,298.,9.));
#5327 = DIRECTION('',(0.,-1.,0.));
#5328 = DIRECTION('',(0.,0.,1.));
#5329 = ADVANCED_FACE('',(#5330),#5355,.F.);
#5330 = FACE_BOUND('',#5331,.F.);
#5331 = EDGE_LOOP('',(#5332,#5333,#5341,#5349));
#5332 = ORIENTED_EDGE('',*,*,#5311,.T.);
#5333 = ORIENTED_EDGE('',*,*,#5334,.T.);
#5334 = EDGE_CURVE('',#5304,#5335,#5337,.T.);
#5335 = VERTEX_POINT('',#5336);
#5336 = CARTESIAN_POINT('',(12.,12.,59.));
#5337 = LINE('',#5338,#5339);
#5338 = CARTESIAN_POINT('',(12.,298.,59.));
#5339 = VECTOR('',#5340,1.);
#5340 = DIRECTION('',(0.,-1.,0.));
#5341 = ORIENTED_EDGE('',*,*,#5342,.F.);
#5342 = EDGE_CURVE('',#5343,#5335,#5345,.T.);
#5343 = VERTEX_POINT('',#5344);
#5344 = CARTESIAN_POINT('',(0.,12.,59.));
#5345 = LINE('',#5346,#5347);
#5346 = CARTESIAN_POINT('',(0.,12.,59.));
#5347 = VECTOR('',#5348,1.);
#5348 = DIRECTION('',(1.,0.,0.));
#5349 = ORIENTED_EDGE('',*,*,#5350,.F.);
#5350 = EDGE_CURVE('',#5312,#5343,#5351,.T.);
#5351 = LINE('',#5352,#5353);
#5352 = CARTESIAN_POINT('',(0.,298.,59.));
#5353 = VECTOR('',#5354,1.);
#5354 = DIRECTION('',(0.,-1.,0.));
#5355 = PLANE('',#5356);
#5356 = AXIS2_PLACEMENT_3D('',#5357,#5358,#5359);
#5357 = CARTESIAN_POINT('',(0.,298.,59.));
#5358 = DIRECTION('',(0.,0.,-1.));
#5359 = DIRECTION('',(0.,-1.,0.));
#5360 = ADVANCED_FACE('',(#5361),#5377,.F.);
#5361 = FACE_BOUND('',#5362,.F.);
#5362 = EDGE_LOOP('',(#5363,#5364,#5370,#5371));
#5363 = ORIENTED_EDGE('',*,*,#5342,.T.);
#5364 = ORIENTED_EDGE('',*,*,#5365,.T.);
#5365 = EDGE_CURVE('',#5335,#5265,#5366,.T.);
#5366 = LINE('',#5367,#5368);
#5367 = CARTESIAN_POINT('',(12.,12.,59.));
#5368 = VECTOR('',#5369,1.);
#5369 = DIRECTION('',(0.,0.,-1.));
#5370 = ORIENTED_EDGE('',*,*,#5262,.F.);
#5371 = ORIENTED_EDGE('',*,*,#5372,.F.);
#5372 = EDGE_CURVE('',#5343,#5263,#5373,.T.);
#5373 = LINE('',#5374,#5375);
#5374 = CARTESIAN_POINT('',(0.,12.,59.));
#5375 = VECTOR('',#5376,1.);
#5376 = DIRECTION('',(0.,0.,-1.));
#5377 = PLANE('',#5378);
#5378 = AXIS2_PLACEMENT_3D('',#5379,#5380,#5381);
#5379 = CARTESIAN_POINT('',(0.,12.,59.));
#5380 = DIRECTION('',(-0.,1.,0.));
#5381 = DIRECTION('',(0.,0.,-1.));
#5382 = ADVANCED_FACE('',(#5383),#5389,.F.);
#5383 = FACE_BOUND('',#5384,.F.);
#5384 = EDGE_LOOP('',(#5385,#5386,#5387,#5388));
#5385 = ORIENTED_EDGE('',*,*,#5288,.T.);
#5386 = ORIENTED_EDGE('',*,*,#5319,.T.);
#5387 = ORIENTED_EDGE('',*,*,#5350,.T.);
#5388 = ORIENTED_EDGE('',*,*,#5372,.T.);
#5389 = PLANE('',#5390);
#5390 = AXIS2_PLACEMENT_3D('',#5391,#5392,#5393);
#5391 = CARTESIAN_POINT('',(0.,155.,34.));
#5392 = DIRECTION('',(1.,0.,0.));
#5393 = DIRECTION('',(-0.,0.,1.));
#5394 = ADVANCED_FACE('',(#5395),#5401,.T.);
#5395 = FACE_BOUND('',#5396,.T.);
#5396 = EDGE_LOOP('',(#5397,#5398,#5399,#5400));
#5397 = ORIENTED_EDGE('',*,*,#5272,.T.);
#5398 = ORIENTED_EDGE('',*,*,#5303,.T.);
#5399 = ORIENTED_EDGE('',*,*,#5334,.T.);
#5400 = ORIENTED_EDGE('',*,*,#5365,.T.);
#5401 = PLANE('',#5402);
#5402 = AXIS2_PLACEMENT_3D('',#5403,#5404,#5405);
#5403 = CARTESIAN_POINT('',(12.,155.,34.));
#5404 = DIRECTION('',(1.,0.,0.));
#5405 = DIRECTION('',(-0.,0.,1.));
#5406 = ( GEOMETRIC_REPRESENTATION_CONTEXT(3) 
GLOBAL_UNCERTAINTY_ASSIGNED_CONTEXT((#5410)) 
GLOBAL_UNIT_ASSIGNED_CONTEXT((#5407,#5408,#5409)) REPRESENTATION_CONTEXT
('Context #1','3D Context with UNIT and UNCERTAINTY') );
#5407 = ( LENGTH_UNIT() NAMED_UNIT(*) SI_UNIT(.MILLI.,.METRE.) );
#5408 = ( NAMED_UNIT(*) PLANE_ANGLE_UNIT() SI_UNIT($,.RADIAN.) );
#5409 = ( NAMED_UNIT(*) SI_UNIT($,.STERADIAN.) SOLID_ANGLE_UNIT() );
#5410 = UNCERTAINTY_MEASURE_WITH_UNIT(LENGTH_MEASURE(1.E-07),#5407,
  'distance_accuracy_value','confusion accuracy');
#5411 = CONTEXT_DEPENDENT_SHAPE_REPRESENTATION(#5412,#5414);
#5412 = ( REPRESENTATION_RELATIONSHIP('','',#5255,#10) 
REPRESENTATION_RELATIONSHIP_WITH_TRANSFORMATION(#5413) 
SHAPE_REPRESENTATION_RELATIONSHIP() );
#5413 = ITEM_DEFINED_TRANSFORMATION('','',#11,#27);
#5414 = PRODUCT_DEFINITION_SHAPE('Placement','Placement of an item',
  #5415);
#5415 = NEXT_ASSEMBLY_USAGE_OCCURRENCE('26','End wall','',#5,#5250,$);
#5416 = PRODUCT_RELATED_PRODUCT_CATEGORY('part',$,(#5252));
#5417 = SHAPE_DEFINITION_REPRESENTATION(#5418,#5424);
#5418 = PRODUCT_DEFINITION_SHAPE('','',#5419);
#5419 = PRODUCT_DEFINITION('design','',#5420,#5423);
#5420 = PRODUCT_DEFINITION_FORMATION('','',#5421);
#5421 = PRODUCT('End wall001','End wall001','',(#5422));
#5422 = PRODUCT_CONTEXT('',#2,'mechanical');
#5423 = PRODUCT_DEFINITION_CONTEXT('part definition',#2,'design');
#5424 = ADVANCED_BREP_SHAPE_REPRESENTATION('',(#11,#5425),#5575);
#5425 = MANIFOLD_SOLID_BREP('',#5426);
#5426 = CLOSED_SHELL('',(#5427,#5467,#5498,#5529,#5551,#5563));
#5427 = ADVANCED_FACE('',(#5428),#5462,.F.);
#5428 = FACE_BOUND('',#5429,.F.);
#5429 = EDGE_LOOP('',(#5430,#5440,#5448,#5456));
#5430 = ORIENTED_EDGE('',*,*,#5431,.T.);
#5431 = EDGE_CURVE('',#5432,#5434,#5436,.T.);
#5432 = VERTEX_POINT('',#5433);
#5433 = CARTESIAN_POINT('',(899.,12.,9.));
#5434 = VERTEX_POINT('',#5435);
#5435 = CARTESIAN_POINT('',(911.,12.,9.));
#5436 = LINE('',#5437,#5438);
#5437 = CARTESIAN_POINT('',(899.,12.,9.));
#5438 = VECTOR('',#5439,1.);
#5439 = DIRECTION('',(1.,0.,0.));
#5440 = ORIENTED_EDGE('',*,*,#5441,.T.);
#5441 = EDGE_CURVE('',#5434,#5442,#5444,.T.);
#5442 = VERTEX_POINT('',#5443);
#5443 = CARTESIAN_POINT('',(911.,298.,9.));
#5444 = LINE('',#5445,#5446);
#5445 = CARTESIAN_POINT('',(911.,12.,9.));
#5446 = VECTOR('',#5447,1.);
#5447 = DIRECTION('',(0.,1.,0.));
#5448 = ORIENTED_EDGE('',*,*,#5449,.F.);
#5449 = EDGE_CURVE('',#5450,#5442,#5452,.T.);
#5450 = VERTEX_POINT('',#5451);
#5451 = CARTESIAN_POINT('',(899.,298.,9.));
#5452 = LINE('',#5453,#5454);
#5453 = CARTESIAN_POINT('',(899.,298.,9.));
#5454 = VECTOR('',#5455,1.);
#5455 = DIRECTION('',(1.,0.,0.));
#5456 = ORIENTED_EDGE('',*,*,#5457,.F.);
#5457 = EDGE_CURVE('',#5432,#5450,#5458,.T.);
#5458 = LINE('',#5459,#5460);
#5459 = CARTESIAN_POINT('',(899.,12.,9.));
#5460 = VECTOR('',#5461,1.);
#5461 = DIRECTION('',(0.,1.,0.));
#5462 = PLANE('',#5463);
#5463 = AXIS2_PLACEMENT_3D('',#5464,#5465,#5466);
#5464 = CARTESIAN_POINT('',(899.,12.,9.));
#5465 = DIRECTION('',(0.,0.,1.));
#5466 = DIRECTION('',(0.,1.,0.));
#5467 = ADVANCED_FACE('',(#5468),#5493,.F.);
#5468 = FACE_BOUND('',#5469,.F.);
#5469 = EDGE_LOOP('',(#5470,#5471,#5479,#5487));
#5470 = ORIENTED_EDGE('',*,*,#5449,.T.);
#5471 = ORIENTED_EDGE('',*,*,#5472,.T.);
#5472 = EDGE_CURVE('',#5442,#5473,#5475,.T.);
#5473 = VERTEX_POINT('',#5474);
#5474 = CARTESIAN_POINT('',(911.,298.,59.));
#5475 = LINE('',#5476,#5477);
#5476 = CARTESIAN_POINT('',(911.,298.,9.));
#5477 = VECTOR('',#5478,1.);
#5478 = DIRECTION('',(0.,0.,1.));
#5479 = ORIENTED_EDGE('',*,*,#5480,.F.);
#5480 = EDGE_CURVE('',#5481,#5473,#5483,.T.);
#5481 = VERTEX_POINT('',#5482);
#5482 = CARTESIAN_POINT('',(899.,298.,59.));
#5483 = LINE('',#5484,#5485);
#5484 = CARTESIAN_POINT('',(899.,298.,59.));
#5485 = VECTOR('',#5486,1.);
#5486 = DIRECTION('',(1.,0.,0.));
#5487 = ORIENTED_EDGE('',*,*,#5488,.F.);
#5488 = EDGE_CURVE('',#5450,#5481,#5489,.T.);
#5489 = LINE('',#5490,#5491);
#5490 = CARTESIAN_POINT('',(899.,298.,9.));
#5491 = VECTOR('',#5492,1.);
#5492 = DIRECTION('',(0.,0.,1.));
#5493 = PLANE('',#5494);
#5494 = AXIS2_PLACEMENT_3D('',#5495,#5496,#5497);
#5495 = CARTESIAN_POINT('',(899.,298.,9.));
#5496 = DIRECTION('',(0.,-1.,0.));
#5497 = DIRECTION('',(0.,0.,1.));
#5498 = ADVANCED_FACE('',(#5499),#5524,.F.);
#5499 = FACE_BOUND('',#5500,.F.);
#5500 = EDGE_LOOP('',(#5501,#5502,#5510,#5518));
#5501 = ORIENTED_EDGE('',*,*,#5480,.T.);
#5502 = ORIENTED_EDGE('',*,*,#5503,.T.);
#5503 = EDGE_CURVE('',#5473,#5504,#5506,.T.);
#5504 = VERTEX_POINT('',#5505);
#5505 = CARTESIAN_POINT('',(911.,12.,59.));
#5506 = LINE('',#5507,#5508);
#5507 = CARTESIAN_POINT('',(911.,298.,59.));
#5508 = VECTOR('',#5509,1.);
#5509 = DIRECTION('',(0.,-1.,0.));
#5510 = ORIENTED_EDGE('',*,*,#5511,.F.);
#5511 = EDGE_CURVE('',#5512,#5504,#5514,.T.);
#5512 = VERTEX_POINT('',#5513);
#5513 = CARTESIAN_POINT('',(899.,12.,59.));
#5514 = LINE('',#5515,#5516);
#5515 = CARTESIAN_POINT('',(899.,12.,59.));
#5516 = VECTOR('',#5517,1.);
#5517 = DIRECTION('',(1.,0.,0.));
#5518 = ORIENTED_EDGE('',*,*,#5519,.F.);
#5519 = EDGE_CURVE('',#5481,#5512,#5520,.T.);
#5520 = LINE('',#5521,#5522);
#5521 = CARTESIAN_POINT('',(899.,298.,59.));
#5522 = VECTOR('',#5523,1.);
#5523 = DIRECTION('',(0.,-1.,0.));
#5524 = PLANE('',#5525);
#5525 = AXIS2_PLACEMENT_3D('',#5526,#5527,#5528);
#5526 = CARTESIAN_POINT('',(899.,298.,59.));
#5527 = DIRECTION('',(0.,0.,-1.));
#5528 = DIRECTION('',(0.,-1.,0.));
#5529 = ADVANCED_FACE('',(#5530),#5546,.F.);
#5530 = FACE_BOUND('',#5531,.F.);
#5531 = EDGE_LOOP('',(#5532,#5533,#5539,#5540));
#5532 = ORIENTED_EDGE('',*,*,#5511,.T.);
#5533 = ORIENTED_EDGE('',*,*,#5534,.T.);
#5534 = EDGE_CURVE('',#5504,#5434,#5535,.T.);
#5535 = LINE('',#5536,#5537);
#5536 = CARTESIAN_POINT('',(911.,12.,59.));
#5537 = VECTOR('',#5538,1.);
#5538 = DIRECTION('',(0.,0.,-1.));
#5539 = ORIENTED_EDGE('',*,*,#5431,.F.);
#5540 = ORIENTED_EDGE('',*,*,#5541,.F.);
#5541 = EDGE_CURVE('',#5512,#5432,#5542,.T.);
#5542 = LINE('',#5543,#5544);
#5543 = CARTESIAN_POINT('',(899.,12.,59.));
#5544 = VECTOR('',#5545,1.);
#5545 = DIRECTION('',(0.,0.,-1.));
#5546 = PLANE('',#5547);
#5547 = AXIS2_PLACEMENT_3D('',#5548,#5549,#5550);
#5548 = CARTESIAN_POINT('',(899.,12.,59.));
#5549 = DIRECTION('',(-0.,1.,0.));
#5550 = DIRECTION('',(0.,0.,-1.));
#5551 = ADVANCED_FACE('',(#5552),#5558,.F.);
#5552 = FACE_BOUND('',#5553,.F.);
#5553 = EDGE_LOOP('',(#5554,#5555,#5556,#5557));
#5554 = ORIENTED_EDGE('',*,*,#5457,.T.);
#5555 = ORIENTED_EDGE('',*,*,#5488,.T.);
#5556 = ORIENTED_EDGE('',*,*,#5519,.T.);
#5557 = ORIENTED_EDGE('',*,*,#5541,.T.);
#5558 = PLANE('',#5559);
#5559 = AXIS2_PLACEMENT_3D('',#5560,#5561,#5562);
#5560 = CARTESIAN_POINT('',(899.,155.,34.));
#5561 = DIRECTION('',(1.,0.,0.));
#5562 = DIRECTION('',(-0.,0.,1.));
#5563 = ADVANCED_FACE('',(#5564),#5570,.T.);
#5564 = FACE_BOUND('',#5565,.T.);
#5565 = EDGE_LOOP('',(#5566,#5567,#5568,#5569));
#5566 = ORIENTED_EDGE('',*,*,#5441,.T.);
#5567 = ORIENTED_EDGE('',*,*,#5472,.T.);
#5568 = ORIENTED_EDGE('',*,*,#5503,.T.);
#5569 = ORIENTED_EDGE('',*,*,#5534,.T.);
#5570 = PLANE('',#5571);
#5571 = AXIS2_PLACEMENT_3D('',#5572,#5573,#5574);
#5572 = CARTESIAN_POINT('',(911.,155.,34.));
#5573 = DIRECTION('',(1.,0.,0.));
#5574 = DIRECTION('',(-0.,0.,1.));
#5575 = ( GEOMETRIC_REPRESENTATION_CONTEXT(3) 
GLOBAL_UNCERTAINTY_ASSIGNED_CONTEXT((#5579)) 
GLOBAL_UNIT_ASSIGNED_CONTEXT((#5576,#5577,#5578)) REPRESENTATION_CONTEXT
('Context #1','3D Context with UNIT and UNCERTAINTY') );
#5576 = ( LENGTH_UNIT() NAMED_UNIT(*) SI_UNIT(.MILLI.,.METRE.) );
#5577 = ( NAMED_UNIT(*) PLANE_ANGLE_UNIT() SI_UNIT($,.RADIAN.) );
#5578 = ( NAMED_UNIT(*) SI_UNIT($,.STERADIAN.) SOLID_ANGLE_UNIT() );
#5579 = UNCERTAINTY_MEASURE_WITH_UNIT(LENGTH_MEASURE(1.E-07),#5576,
  'distance_accuracy_value','confusion accuracy');
#5580 = CONTEXT_DEPENDENT_SHAPE_REPRESENTATION(#5581,#5583);
#5581 = ( REPRESENTATION_RELATIONSHIP('','',#5424,#10) 
REPRESENTATION_RELATIONSHIP_WITH_TRANSFORMATION(#5582) 
SHAPE_REPRESENTATION_RELATIONSHIP() );
#5582 = ITEM_DEFINED_TRANSFORMATION('','',#11,#31);
#5583 = PRODUCT_DEFINITION_SHAPE('Placement','Placement of an item',
  #5584);
#5584 = NEXT_ASSEMBLY_USAGE_OCCURRENCE('27','End wall001','',#5,#5419,$
  );
#5585 = PRODUCT_RELATED_PRODUCT_CATEGORY('part',$,(#5421));
#5586 = SHAPE_DEFINITION_REPRESENTATION(#5587,#5593);
#5587 = PRODUCT_DEFINITION_SHAPE('','',#5588);
#5588 = PRODUCT_DEFINITION('design','',#5589,#5592);
#5589 = PRODUCT_DEFINITION_FORMATION('','',#5590);
#5590 = PRODUCT('Cheek left','Cheek left','',(#5591));
#5591 = PRODUCT_CONTEXT('',#2,'mechanical');
#5592 = PRODUCT_DEFINITION_CONTEXT('part definition',#2,'design');
#5593 = ADVANCED_BREP_SHAPE_REPRESENTATION('',(#11,#5594),#6014);
#5594 = MANIFOLD_SOLID_BREP('',#5595);
#5595 = CLOSED_SHELL('',(#5596,#5636,#5667,#5700,#5731,#5764,#5795,#5826
    ,#5857,#5888,#5921,#5952,#5974,#5994));
#5596 = ADVANCED_FACE('',(#5597),#5631,.F.);
#5597 = FACE_BOUND('',#5598,.F.);
#5598 = EDGE_LOOP('',(#5599,#5609,#5617,#5625));
#5599 = ORIENTED_EDGE('',*,*,#5600,.T.);
#5600 = EDGE_CURVE('',#5601,#5603,#5605,.T.);
#5601 = VERTEX_POINT('',#5602);
#5602 = CARTESIAN_POINT('',(186.,12.,9.));
#5603 = VERTEX_POINT('',#5604);
#5604 = CARTESIAN_POINT('',(198.,12.,9.));
#5605 = LINE('',#5606,#5607);
#5606 = CARTESIAN_POINT('',(186.,12.,9.));
#5607 = VECTOR('',#5608,1.);
#5608 = DIRECTION('',(1.,0.,0.));
#5609 = ORIENTED_EDGE('',*,*,#5610,.T.);
#5610 = EDGE_CURVE('',#5603,#5611,#5613,.T.);
#5611 = VERTEX_POINT('',#5612);
#5612 = CARTESIAN_POINT('',(198.,190.,9.));
#5613 = LINE('',#5614,#5615);
#5614 = CARTESIAN_POINT('',(198.,12.,9.));
#5615 = VECTOR('',#5616,1.);
#5616 = DIRECTION('',(0.,1.,0.));
#5617 = ORIENTED_EDGE('',*,*,#5618,.F.);
#5618 = EDGE_CURVE('',#5619,#5611,#5621,.T.);
#5619 = VERTEX_POINT('',#5620);
#5620 = CARTESIAN_POINT('',(186.,190.,9.));
#5621 = LINE('',#5622,#5623);
#5622 = CARTESIAN_POINT('',(186.,190.,9.));
#5623 = VECTOR('',#5624,1.);
#5624 = DIRECTION('',(1.,0.,0.));
#5625 = ORIENTED_EDGE('',*,*,#5626,.F.);
#5626 = EDGE_CURVE('',#5601,#5619,#5627,.T.);
#5627 = LINE('',#5628,#5629);
#5628 = CARTESIAN_POINT('',(186.,12.,9.));
#5629 = VECTOR('',#5630,1.);
#5630 = DIRECTION('',(0.,1.,0.));
#5631 = PLANE('',#5632);
#5632 = AXIS2_PLACEMENT_3D('',#5633,#5634,#5635);
#5633 = CARTESIAN_POINT('',(186.,12.,9.));
#5634 = DIRECTION('',(0.,0.,1.));
#5635 = DIRECTION('',(0.,1.,0.));
#5636 = ADVANCED_FACE('',(#5637),#5662,.F.);
#5637 = FACE_BOUND('',#5638,.F.);
#5638 = EDGE_LOOP('',(#5639,#5640,#5648,#5656));
#5639 = ORIENTED_EDGE('',*,*,#5618,.T.);
#5640 = ORIENTED_EDGE('',*,*,#5641,.T.);
#5641 = EDGE_CURVE('',#5611,#5642,#5644,.T.);
#5642 = VERTEX_POINT('',#5643);
#5643 = CARTESIAN_POINT('',(198.,190.,31.));
#5644 = LINE('',#5645,#5646);
#5645 = CARTESIAN_POINT('',(198.,190.,9.));
#5646 = VECTOR('',#5647,1.);
#5647 = DIRECTION('',(0.,0.,1.));
#5648 = ORIENTED_EDGE('',*,*,#5649,.F.);
#5649 = EDGE_CURVE('',#5650,#5642,#5652,.T.);
#5650 = VERTEX_POINT('',#5651);
#5651 = CARTESIAN_POINT('',(186.,190.,31.));
#5652 = LINE('',#5653,#5654);
#5653 = CARTESIAN_POINT('',(186.,190.,31.));
#5654 = VECTOR('',#5655,1.);
#5655 = DIRECTION('',(1.,0.,0.));
#5656 = ORIENTED_EDGE('',*,*,#5657,.F.);
#5657 = EDGE_CURVE('',#5619,#5650,#5658,.T.);
#5658 = LINE('',#5659,#5660);
#5659 = CARTESIAN_POINT('',(186.,190.,9.));
#5660 = VECTOR('',#5661,1.);
#5661 = DIRECTION('',(0.,0.,1.));
#5662 = PLANE('',#5663);
#5663 = AXIS2_PLACEMENT_3D('',#5664,#5665,#5666);
#5664 = CARTESIAN_POINT('',(186.,190.,9.));
#5665 = DIRECTION('',(0.,-1.,0.));
#5666 = DIRECTION('',(0.,0.,1.));
#5667 = ADVANCED_FACE('',(#5668),#5695,.F.);
#5668 = FACE_BOUND('',#5669,.F.);
#5669 = EDGE_LOOP('',(#5670,#5671,#5680,#5688));
#5670 = ORIENTED_EDGE('',*,*,#5649,.T.);
#5671 = ORIENTED_EDGE('',*,*,#5672,.T.);
#5672 = EDGE_CURVE('',#5642,#5673,#5675,.T.);
#5673 = VERTEX_POINT('',#5674);
#5674 = CARTESIAN_POINT('',(198.,198.,39.));
#5675 = CIRCLE('',#5676,8.);
#5676 = AXIS2_PLACEMENT_3D('',#5677,#5678,#5679);
#5677 = CARTESIAN_POINT('',(198.,198.,31.));
#5678 = DIRECTION('',(-1.,0.,0.));
#5679 = DIRECTION('',(0.,-1.,1.7763568394E-15));
#5680 = ORIENTED_EDGE('',*,*,#5681,.F.);
#5681 = EDGE_CURVE('',#5682,#5673,#5684,.T.);
#5682 = VERTEX_POINT('',#5683);
#5683 = CARTESIAN_POINT('',(186.,198.,39.));
#5684 = LINE('',#5685,#5686);
#5685 = CARTESIAN_POINT('',(186.,198.,39.));
#5686 = VECTOR('',#5687,1.);
#5687 = DIRECTION('',(1.,0.,0.));
#5688 = ORIENTED_EDGE('',*,*,#5689,.F.);
#5689 = EDGE_CURVE('',#5650,#5682,#5690,.T.);
#5690 = CIRCLE('',#5691,8.);
#5691 = AXIS2_PLACEMENT_3D('',#5692,#5693,#5694);
#5692 = CARTESIAN_POINT('',(186.,198.,31.));
#5693 = DIRECTION('',(-1.,0.,0.));
#5694 = DIRECTION('',(0.,-1.,1.7763568394E-15));
#5695 = CYLINDRICAL_SURFACE('',#5696,8.);
#5696 = AXIS2_PLACEMENT_3D('',#5697,#5698,#5699);
#5697 = CARTESIAN_POINT('',(186.,198.,31.));
#5698 = DIRECTION('',(-1.,0.,0.));
#5699 = DIRECTION('',(0.,-1.,1.7763568394E-15));
#5700 = ADVANCED_FACE('',(#5701),#5726,.F.);
#5701 = FACE_BOUND('',#5702,.F.);
#5702 = EDGE_LOOP('',(#5703,#5704,#5712,#5720));
#5703 = ORIENTED_EDGE('',*,*,#5681,.T.);
#5704 = ORIENTED_EDGE('',*,*,#5705,.T.);
#5705 = EDGE_CURVE('',#5673,#5706,#5708,.T.);
#5706 = VERTEX_POINT('',#5707);
#5707 = CARTESIAN_POINT('',(198.,282.,39.));
#5708 = LINE('',#5709,#5710);
#5709 = CARTESIAN_POINT('',(198.,198.,39.));
#5710 = VECTOR('',#5711,1.);
#5711 = DIRECTION('',(0.,1.,0.));
#5712 = ORIENTED_EDGE('',*,*,#5713,.F.);
#5713 = EDGE_CURVE('',#5714,#5706,#5716,.T.);
#5714 = VERTEX_POINT('',#5715);
#5715 = CARTESIAN_POINT('',(186.,282.,39.));
#5716 = LINE('',#5717,#5718);
#5717 = CARTESIAN_POINT('',(186.,282.,39.));
#5718 = VECTOR('',#5719,1.);
#5719 = DIRECTION('',(1.,0.,0.));
#5720 = ORIENTED_EDGE('',*,*,#5721,.F.);
#5721 = EDGE_CURVE('',#5682,#5714,#5722,.T.);
#5722 = LINE('',#5723,#5724);
#5723 = CARTESIAN_POINT('',(186.,198.,39.));
#5724 = VECTOR('',#5725,1.);
#5725 = DIRECTION('',(0.,1.,0.));
#5726 = PLANE('',#5727);
#5727 = AXIS2_PLACEMENT_3D('',#5728,#5729,#5730);
#5728 = CARTESIAN_POINT('',(186.,198.,39.));
#5729 = DIRECTION('',(0.,0.,1.));
#5730 = DIRECTION('',(0.,1.,0.));
#5731 = ADVANCED_FACE('',(#5732),#5759,.F.);
#5732 = FACE_BOUND('',#5733,.F.);
#5733 = EDGE_LOOP('',(#5734,#5735,#5744,#5752));
#5734 = ORIENTED_EDGE('',*,*,#5713,.T.);
#5735 = ORIENTED_EDGE('',*,*,#5736,.T.);
#5736 = EDGE_CURVE('',#5706,#5737,#5739,.T.);
#5737 = VERTEX_POINT('',#5738);
#5738 = CARTESIAN_POINT('',(198.,290.,31.));
#5739 = CIRCLE('',#5740,8.);
#5740 = AXIS2_PLACEMENT_3D('',#5741,#5742,#5743);
#5741 = CARTESIAN_POINT('',(198.,282.,31.));
#5742 = DIRECTION('',(-1.,0.,0.));
#5743 = DIRECTION('',(0.,0.,1.));
#5744 = ORIENTED_EDGE('',*,*,#5745,.F.);
#5745 = EDGE_CURVE('',#5746,#5737,#5748,.T.);
#5746 = VERTEX_POINT('',#5747);
#5747 = CARTESIAN_POINT('',(186.,290.,31.));
#5748 = LINE('',#5749,#5750);
#5749 = CARTESIAN_POINT('',(186.,290.,31.));
#5750 = VECTOR('',#5751,1.);
#5751 = DIRECTION('',(1.,0.,0.));
#5752 = ORIENTED_EDGE('',*,*,#5753,.F.);
#5753 = EDGE_CURVE('',#5714,#5746,#5754,.T.);
#5754 = CIRCLE('',#5755,8.);
#5755 = AXIS2_PLACEMENT_3D('',#5756,#5757,#5758);
#5756 = CARTESIAN_POINT('',(186.,282.,31.));
#5757 = DIRECTION('',(-1.,0.,0.));
#5758 = DIRECTION('',(0.,0.,1.));
#5759 = CYLINDRICAL_SURFACE('',#5760,8.);
#5760 = AXIS2_PLACEMENT_3D('',#5761,#5762,#5763);
#5761 = CARTESIAN_POINT('',(186.,282.,31.));
#5762 = DIRECTION('',(-1.,0.,0.));
#5763 = DIRECTION('',(0.,0.,1.));
#5764 = ADVANCED_FACE('',(#5765),#5790,.F.);
#5765 = FACE_BOUND('',#5766,.F.);
#5766 = EDGE_LOOP('',(#5767,#5768,#5776,#5784));
#5767 = ORIENTED_EDGE('',*,*,#5745,.T.);
#5768 = ORIENTED_EDGE('',*,*,#5769,.T.);
#5769 = EDGE_CURVE('',#5737,#5770,#5772,.T.);
#5770 = VERTEX_POINT('',#5771);
#5771 = CARTESIAN_POINT('',(198.,290.,9.));
#5772 = LINE('',#5773,#5774);
#5773 = CARTESIAN_POINT('',(198.,290.,31.));
#5774 = VECTOR('',#5775,1.);
#5775 = DIRECTION('',(0.,0.,-1.));
#5776 = ORIENTED_EDGE('',*,*,#5777,.F.);
#5777 = EDGE_CURVE('',#5778,#5770,#5780,.T.);
#5778 = VERTEX_POINT('',#5779);
#5779 = CARTESIAN_POINT('',(186.,290.,9.));
#5780 = LINE('',#5781,#5782);
#5781 = CARTESIAN_POINT('',(186.,290.,9.));
#5782 = VECTOR('',#5783,1.);
#5783 = DIRECTION('',(1.,0.,0.));
#5784 = ORIENTED_EDGE('',*,*,#5785,.F.);
#5785 = EDGE_CURVE('',#5746,#5778,#5786,.T.);
#5786 = LINE('',#5787,#5788);
#5787 = CARTESIAN_POINT('',(186.,290.,31.));
#5788 = VECTOR('',#5789,1.);
#5789 = DIRECTION('',(0.,0.,-1.));
#5790 = PLANE('',#5791);
#5791 = AXIS2_PLACEMENT_3D('',#5792,#5793,#5794);
#5792 = CARTESIAN_POINT('',(186.,290.,31.));
#5793 = DIRECTION('',(-0.,1.,0.));
#5794 = DIRECTION('',(0.,0.,-1.));
#5795 = ADVANCED_FACE('',(#5796),#5821,.F.);
#5796 = FACE_BOUND('',#5797,.F.);
#5797 = EDGE_LOOP('',(#5798,#5799,#5807,#5815));
#5798 = ORIENTED_EDGE('',*,*,#5777,.T.);
#5799 = ORIENTED_EDGE('',*,*,#5800,.T.);
#5800 = EDGE_CURVE('',#5770,#5801,#5803,.T.);
#5801 = VERTEX_POINT('',#5802);
#5802 = CARTESIAN_POINT('',(198.,298.,9.));
#5803 = LINE('',#5804,#5805);
#5804 = CARTESIAN_POINT('',(198.,290.,9.));
#5805 = VECTOR('',#5806,1.);
#5806 = DIRECTION('',(0.,1.,0.));
#5807 = ORIENTED_EDGE('',*,*,#5808,.F.);
#5808 = EDGE_CURVE('',#5809,#5801,#5811,.T.);
#5809 = VERTEX_POINT('',#5810);
#5810 = CARTESIAN_POINT('',(186.,298.,9.));
#5811 = LINE('',#5812,#5813);
#5812 = CARTESIAN_POINT('',(186.,298.,9.));
#5813 = VECTOR('',#5814,1.);
#5814 = DIRECTION('',(1.,0.,0.));
#5815 = ORIENTED_EDGE('',*,*,#5816,.F.);
#5816 = EDGE_CURVE('',#5778,#5809,#5817,.T.);
#5817 = LINE('',#5818,#5819);
#5818 = CARTESIAN_POINT('',(186.,290.,9.));
#5819 = VECTOR('',#5820,1.);
#5820 = DIRECTION('',(0.,1.,0.));
#5821 = PLANE('',#5822);
#5822 = AXIS2_PLACEMENT_3D('',#5823,#5824,#5825);
#5823 = CARTESIAN_POINT('',(186.,290.,9.));
#5824 = DIRECTION('',(0.,0.,1.));
#5825 = DIRECTION('',(0.,1.,0.));
#5826 = ADVANCED_FACE('',(#5827),#5852,.F.);
#5827 = FACE_BOUND('',#5828,.F.);
#5828 = EDGE_LOOP('',(#5829,#5830,#5838,#5846));
#5829 = ORIENTED_EDGE('',*,*,#5808,.T.);
#5830 = ORIENTED_EDGE('',*,*,#5831,.T.);
#5831 = EDGE_CURVE('',#5801,#5832,#5834,.T.);
#5832 = VERTEX_POINT('',#5833);
#5833 = CARTESIAN_POINT('',(198.,298.,82.));
#5834 = LINE('',#5835,#5836);
#5835 = CARTESIAN_POINT('',(198.,298.,9.));
#5836 = VECTOR('',#5837,1.);
#5837 = DIRECTION('',(0.,0.,1.));
#5838 = ORIENTED_EDGE('',*,*,#5839,.F.);
#5839 = EDGE_CURVE('',#5840,#5832,#5842,.T.);
#5840 = VERTEX_POINT('',#5841);
#5841 = CARTESIAN_POINT('',(186.,298.,82.));
#5842 = LINE('',#5843,#5844);
#5843 = CARTESIAN_POINT('',(186.,298.,82.));
#5844 = VECTOR('',#5845,1.);
#5845 = DIRECTION('',(1.,0.,0.));
#5846 = ORIENTED_EDGE('',*,*,#5847,.F.);
#5847 = EDGE_CURVE('',#5809,#5840,#5848,.T.);
#5848 = LINE('',#5849,#5850);
#5849 = CARTESIAN_POINT('',(186.,298.,9.));
#5850 = VECTOR('',#5851,1.);
#5851 = DIRECTION('',(0.,0.,1.));
#5852 = PLANE('',#5853);
#5853 = AXIS2_PLACEMENT_3D('',#5854,#5855,#5856);
#5854 = CARTESIAN_POINT('',(186.,298.,9.));
#5855 = DIRECTION('',(0.,-1.,0.));
#5856 = DIRECTION('',(0.,0.,1.));
#5857 = ADVANCED_FACE('',(#5858),#5883,.F.);
#5858 = FACE_BOUND('',#5859,.F.);
#5859 = EDGE_LOOP('',(#5860,#5861,#5869,#5877));
#5860 = ORIENTED_EDGE('',*,*,#5839,.T.);
#5861 = ORIENTED_EDGE('',*,*,#5862,.T.);
#5862 = EDGE_CURVE('',#5832,#5863,#5865,.T.);
#5863 = VERTEX_POINT('',#5864);
#5864 = CARTESIAN_POINT('',(198.,176.79464379659,82.));
#5865 = LINE('',#5866,#5867);
#5866 = CARTESIAN_POINT('',(198.,298.,82.));
#5867 = VECTOR('',#5868,1.);
#5868 = DIRECTION('',(0.,-1.,0.));
#5869 = ORIENTED_EDGE('',*,*,#5870,.F.);
#5870 = EDGE_CURVE('',#5871,#5863,#5873,.T.);
#5871 = VERTEX_POINT('',#5872);
#5872 = CARTESIAN_POINT('',(186.,176.79464379659,82.));
#5873 = LINE('',#5874,#5875);
#5874 = CARTESIAN_POINT('',(186.,176.79464379659,82.));
#5875 = VECTOR('',#5876,1.);
#5876 = DIRECTION('',(1.,0.,0.));
#5877 = ORIENTED_EDGE('',*,*,#5878,.F.);
#5878 = EDGE_CURVE('',#5840,#5871,#5879,.T.);
#5879 = LINE('',#5880,#5881);
#5880 = CARTESIAN_POINT('',(186.,298.,82.));
#5881 = VECTOR('',#5882,1.);
#5882 = DIRECTION('',(0.,-1.,0.));
#5883 = PLANE('',#5884);
#5884 = AXIS2_PLACEMENT_3D('',#5885,#5886,#5887);
#5885 = CARTESIAN_POINT('',(186.,298.,82.));
#5886 = DIRECTION('',(0.,0.,-1.));
#5887 = DIRECTION('',(0.,-1.,0.));
#5888 = ADVANCED_FACE('',(#5889),#5916,.T.);
#5889 = FACE_BOUND('',#5890,.F.);
#5890 = EDGE_LOOP('',(#5891,#5892,#5901,#5909));
#5891 = ORIENTED_EDGE('',*,*,#5870,.T.);
#5892 = ORIENTED_EDGE('',*,*,#5893,.T.);
#5893 = EDGE_CURVE('',#5863,#5894,#5896,.T.);
#5894 = VERTEX_POINT('',#5895);
#5895 = CARTESIAN_POINT('',(198.,146.3832069458,79.674339530123));
#5896 = CIRCLE('',#5897,200.00000000001);
#5897 = AXIS2_PLACEMENT_3D('',#5898,#5899,#5900);
#5898 = CARTESIAN_POINT('',(198.,176.79464379659,-118.));
#5899 = DIRECTION('',(1.,0.,0.));
#5900 = DIRECTION('',(0.,-5.826450433232E-15,1.));
#5901 = ORIENTED_EDGE('',*,*,#5902,.F.);
#5902 = EDGE_CURVE('',#5903,#5894,#5905,.T.);
#5903 = VERTEX_POINT('',#5904);
#5904 = CARTESIAN_POINT('',(186.,146.3832069458,79.674339530123));
#5905 = LINE('',#5906,#5907);
#5906 = CARTESIAN_POINT('',(186.,146.3832069458,79.674339530123));
#5907 = VECTOR('',#5908,1.);
#5908 = DIRECTION('',(1.,0.,0.));
#5909 = ORIENTED_EDGE('',*,*,#5910,.F.);
#5910 = EDGE_CURVE('',#5871,#5903,#5911,.T.);
#5911 = CIRCLE('',#5912,200.00000000001);
#5912 = AXIS2_PLACEMENT_3D('',#5913,#5914,#5915);
#5913 = CARTESIAN_POINT('',(186.,176.79464379659,-118.));
#5914 = DIRECTION('',(1.,0.,0.));
#5915 = DIRECTION('',(0.,-5.826450433232E-15,1.));
#5916 = CYLINDRICAL_SURFACE('',#5917,200.00000000001);
#5917 = AXIS2_PLACEMENT_3D('',#5918,#5919,#5920);
#5918 = CARTESIAN_POINT('',(186.,176.79464379659,-118.));
#5919 = DIRECTION('',(-1.,-0.,-0.));
#5920 = DIRECTION('',(0.,-5.826450433232E-15,1.));
#5921 = ADVANCED_FACE('',(#5922),#5947,.F.);
#5922 = FACE_BOUND('',#5923,.F.);
#5923 = EDGE_LOOP('',(#5924,#5925,#5933,#5941));
#5924 = ORIENTED_EDGE('',*,*,#5902,.T.);
#5925 = ORIENTED_EDGE('',*,*,#5926,.T.);
#5926 = EDGE_CURVE('',#5894,#5927,#5929,.T.);
#5927 = VERTEX_POINT('',#5928);
#5928 = CARTESIAN_POINT('',(198.,12.,59.));
#5929 = LINE('',#5930,#5931);
#5930 = CARTESIAN_POINT('',(198.,146.3832069458,79.674339530123));
#5931 = VECTOR('',#5932,1.);
#5932 = DIRECTION('',(0.,-0.988371697651,-0.152057184254));
#5933 = ORIENTED_EDGE('',*,*,#5934,.F.);
#5934 = EDGE_CURVE('',#5935,#5927,#5937,.T.);
#5935 = VERTEX_POINT('',#5936);
#5936 = CARTESIAN_POINT('',(186.,12.,59.));
#5937 = LINE('',#5938,#5939);
#5938 = CARTESIAN_POINT('',(186.,12.,59.));
#5939 = VECTOR('',#5940,1.);
#5940 = DIRECTION('',(1.,0.,0.));
#5941 = ORIENTED_EDGE('',*,*,#5942,.F.);
#5942 = EDGE_CURVE('',#5903,#5935,#5943,.T.);
#5943 = LINE('',#5944,#5945);
#5944 = CARTESIAN_POINT('',(186.,146.3832069458,79.674339530123));
#5945 = VECTOR('',#5946,1.);
#5946 = DIRECTION('',(0.,-0.988371697651,-0.152057184254));
#5947 = PLANE('',#5948);
#5948 = AXIS2_PLACEMENT_3D('',#5949,#5950,#5951);
#5949 = CARTESIAN_POINT('',(186.,146.3832069458,79.674339530123));
#5950 = DIRECTION('',(0.,0.152057184254,-0.988371697651));
#5951 = DIRECTION('',(0.,-0.988371697651,-0.152057184254));
#5952 = ADVANCED_FACE('',(#5953),#5969,.F.);
#5953 = FACE_BOUND('',#5954,.F.);
#5954 = EDGE_LOOP('',(#5955,#5956,#5962,#5963));
#5955 = ORIENTED_EDGE('',*,*,#5934,.T.);
#5956 = ORIENTED_EDGE('',*,*,#5957,.T.);
#5957 = EDGE_CURVE('',#5927,#5603,#5958,.T.);
#5958 = LINE('',#5959,#5960);
#5959 = CARTESIAN_POINT('',(198.,12.,59.));
#5960 = VECTOR('',#5961,1.);
#5961 = DIRECTION('',(0.,0.,-1.));
#5962 = ORIENTED_EDGE('',*,*,#5600,.F.);
#5963 = ORIENTED_EDGE('',*,*,#5964,.F.);
#5964 = EDGE_CURVE('',#5935,#5601,#5965,.T.);
#5965 = LINE('',#5966,#5967);
#5966 = CARTESIAN_POINT('',(186.,12.,59.));
#5967 = VECTOR('',#5968,1.);
#5968 = DIRECTION('',(0.,0.,-1.));
#5969 = PLANE('',#5970);
#5970 = AXIS2_PLACEMENT_3D('',#5971,#5972,#5973);
#5971 = CARTESIAN_POINT('',(186.,12.,59.));
#5972 = DIRECTION('',(-0.,1.,0.));
#5973 = DIRECTION('',(0.,0.,-1.));
#5974 = ADVANCED_FACE('',(#5975),#5989,.F.);
#5975 = FACE_BOUND('',#5976,.F.);
#5976 = EDGE_LOOP('',(#5977,#5978,#5979,#5980,#5981,#5982,#5983,#5984,
    #5985,#5986,#5987,#5988));
#5977 = ORIENTED_EDGE('',*,*,#5626,.T.);
#5978 = ORIENTED_EDGE('',*,*,#5657,.T.);
#5979 = ORIENTED_EDGE('',*,*,#5689,.T.);
#5980 = ORIENTED_EDGE('',*,*,#5721,.T.);
#5981 = ORIENTED_EDGE('',*,*,#5753,.T.);
#5982 = ORIENTED_EDGE('',*,*,#5785,.T.);
#5983 = ORIENTED_EDGE('',*,*,#5816,.T.);
#5984 = ORIENTED_EDGE('',*,*,#5847,.T.);
#5985 = ORIENTED_EDGE('',*,*,#5878,.T.);
#5986 = ORIENTED_EDGE('',*,*,#5910,.T.);
#5987 = ORIENTED_EDGE('',*,*,#5942,.T.);
#5988 = ORIENTED_EDGE('',*,*,#5964,.T.);
#5989 = PLANE('',#5990);
#5990 = AXIS2_PLACEMENT_3D('',#5991,#5992,#5993);
#5991 = CARTESIAN_POINT('',(186.,165.22098184644,44.813695006248));
#5992 = DIRECTION('',(1.,0.,0.));
#5993 = DIRECTION('',(-0.,0.,1.));
#5994 = ADVANCED_FACE('',(#5995),#6009,.T.);
#5995 = FACE_BOUND('',#5996,.T.);
#5996 = EDGE_LOOP('',(#5997,#5998,#5999,#6000,#6001,#6002,#6003,#6004,
    #6005,#6006,#6007,#6008));
#5997 = ORIENTED_EDGE('',*,*,#5610,.T.);
#5998 = ORIENTED_EDGE('',*,*,#5641,.T.);
#5999 = ORIENTED_EDGE('',*,*,#5672,.T.);
#6000 = ORIENTED_EDGE('',*,*,#5705,.T.);
#6001 = ORIENTED_EDGE('',*,*,#5736,.T.);
#6002 = ORIENTED_EDGE('',*,*,#5769,.T.);
#6003 = ORIENTED_EDGE('',*,*,#5800,.T.);
#6004 = ORIENTED_EDGE('',*,*,#5831,.T.);
#6005 = ORIENTED_EDGE('',*,*,#5862,.T.);
#6006 = ORIENTED_EDGE('',*,*,#5893,.T.);
#6007 = ORIENTED_EDGE('',*,*,#5926,.T.);
#6008 = ORIENTED_EDGE('',*,*,#5957,.T.);
#6009 = PLANE('',#6010);
#6010 = AXIS2_PLACEMENT_3D('',#6011,#6012,#6013);
#6011 = CARTESIAN_POINT('',(198.,165.22098184644,44.813695006248));
#6012 = DIRECTION('',(1.,0.,0.));
#6013 = DIRECTION('',(-0.,0.,1.));
#6014 = ( GEOMETRIC_REPRESENTATION_CONTEXT(3) 
GLOBAL_UNCERTAINTY_ASSIGNED_CONTEXT((#6018)) 
GLOBAL_UNIT_ASSIGNED_CONTEXT((#6015,#6016,#6017)) REPRESENTATION_CONTEXT
('Context #1','3D Context with UNIT and UNCERTAINTY') );
#6015 = ( LENGTH_UNIT() NAMED_UNIT(*) SI_UNIT(.MILLI.,.METRE.) );
#6016 = ( NAMED_UNIT(*) PLANE_ANGLE_UNIT() SI_UNIT($,.RADIAN.) );
#6017 = ( NAMED_UNIT(*) SI_UNIT($,.STERADIAN.) SOLID_ANGLE_UNIT() );
#6018 = UNCERTAINTY_MEASURE_WITH_UNIT(LENGTH_MEASURE(1.E-07),#6015,
  'distance_accuracy_value','confusion accuracy');
#6019 = CONTEXT_DEPENDENT_SHAPE_REPRESENTATION(#6020,#6022);
#6020 = ( REPRESENTATION_RELATIONSHIP('','',#5593,#10) 
REPRESENTATION_RELATIONSHIP_WITH_TRANSFORMATION(#6021) 
SHAPE_REPRESENTATION_RELATIONSHIP() );
#6021 = ITEM_DEFINED_TRANSFORMATION('','',#11,#35);
#6022 = PRODUCT_DEFINITION_SHAPE('Placement','Placement of an item',
  #6023);
#6023 = NEXT_ASSEMBLY_USAGE_OCCURRENCE('28','Cheek left','',#5,#5588,$);
#6024 = PRODUCT_RELATED_PRODUCT_CATEGORY('part',$,(#5590));
#6025 = SHAPE_DEFINITION_REPRESENTATION(#6026,#6032);
#6026 = PRODUCT_DEFINITION_SHAPE('','',#6027);
#6027 = PRODUCT_DEFINITION('design','',#6028,#6031);
#6028 = PRODUCT_DEFINITION_FORMATION('','',#6029);
#6029 = PRODUCT('Cheek right','Cheek right','',(#6030));
#6030 = PRODUCT_CONTEXT('',#2,'mechanical');
#6031 = PRODUCT_DEFINITION_CONTEXT('part definition',#2,'design');
#6032 = ADVANCED_BREP_SHAPE_REPRESENTATION('',(#11,#6033),#6251);
#6033 = MANIFOLD_SOLID_BREP('',#6034);
#6034 = CLOSED_SHELL('',(#6035,#6075,#6106,#6137,#6170,#6201,#6223,#6237
    ));
#6035 = ADVANCED_FACE('',(#6036),#6070,.F.);
#6036 = FACE_BOUND('',#6037,.F.);
#6037 = EDGE_LOOP('',(#6038,#6048,#6056,#6064));
#6038 = ORIENTED_EDGE('',*,*,#6039,.T.);
#6039 = EDGE_CURVE('',#6040,#6042,#6044,.T.);
#6040 = VERTEX_POINT('',#6041);
#6041 = CARTESIAN_POINT('',(887.,12.,9.));
#6042 = VERTEX_POINT('',#6043);
#6043 = CARTESIAN_POINT('',(899.,12.,9.));
#6044 = LINE('',#6045,#6046);
#6045 = CARTESIAN_POINT('',(887.,12.,9.));
#6046 = VECTOR('',#6047,1.);
#6047 = DIRECTION('',(1.,0.,0.));
#6048 = ORIENTED_EDGE('',*,*,#6049,.T.);
#6049 = EDGE_CURVE('',#6042,#6050,#6052,.T.);
#6050 = VERTEX_POINT('',#6051);
#6051 = CARTESIAN_POINT('',(899.,298.,9.));
#6052 = LINE('',#6053,#6054);
#6053 = CARTESIAN_POINT('',(899.,12.,9.));
#6054 = VECTOR('',#6055,1.);
#6055 = DIRECTION('',(0.,1.,0.));
#6056 = ORIENTED_EDGE('',*,*,#6057,.F.);
#6057 = EDGE_CURVE('',#6058,#6050,#6060,.T.);
#6058 = VERTEX_POINT('',#6059);
#6059 = CARTESIAN_POINT('',(887.,298.,9.));
#6060 = LINE('',#6061,#6062);
#6061 = CARTESIAN_POINT('',(887.,298.,9.));
#6062 = VECTOR('',#6063,1.);
#6063 = DIRECTION('',(1.,0.,0.));
#6064 = ORIENTED_EDGE('',*,*,#6065,.F.);
#6065 = EDGE_CURVE('',#6040,#6058,#6066,.T.);
#6066 = LINE('',#6067,#6068);
#6067 = CARTESIAN_POINT('',(887.,12.,9.));
#6068 = VECTOR('',#6069,1.);
#6069 = DIRECTION('',(0.,1.,0.));
#6070 = PLANE('',#6071);
#6071 = AXIS2_PLACEMENT_3D('',#6072,#6073,#6074);
#6072 = CARTESIAN_POINT('',(887.,12.,9.));
#6073 = DIRECTION('',(0.,0.,1.));
#6074 = DIRECTION('',(0.,1.,0.));
#6075 = ADVANCED_FACE('',(#6076),#6101,.F.);
#6076 = FACE_BOUND('',#6077,.F.);
#6077 = EDGE_LOOP('',(#6078,#6079,#6087,#6095));
#6078 = ORIENTED_EDGE('',*,*,#6057,.T.);
#6079 = ORIENTED_EDGE('',*,*,#6080,.T.);
#6080 = EDGE_CURVE('',#6050,#6081,#6083,.T.);
#6081 = VERTEX_POINT('',#6082);
#6082 = CARTESIAN_POINT('',(899.,298.,82.));
#6083 = LINE('',#6084,#6085);
#6084 = CARTESIAN_POINT('',(899.,298.,9.));
#6085 = VECTOR('',#6086,1.);
#6086 = DIRECTION('',(0.,0.,1.));
#6087 = ORIENTED_EDGE('',*,*,#6088,.F.);
#6088 = EDGE_CURVE('',#6089,#6081,#6091,.T.);
#6089 = VERTEX_POINT('',#6090);
#6090 = CARTESIAN_POINT('',(887.,298.,82.));
#6091 = LINE('',#6092,#6093);
#6092 = CARTESIAN_POINT('',(887.,298.,82.));
#6093 = VECTOR('',#6094,1.);
#6094 = DIRECTION('',(1.,0.,0.));
#6095 = ORIENTED_EDGE('',*,*,#6096,.F.);
#6096 = EDGE_CURVE('',#6058,#6089,#6097,.T.);
#6097 = LINE('',#6098,#6099);
#6098 = CARTESIAN_POINT('',(887.,298.,9.));
#6099 = VECTOR('',#6100,1.);
#6100 = DIRECTION('',(0.,0.,1.));
#6101 = PLANE('',#6102);
#6102 = AXIS2_PLACEMENT_3D('',#6103,#6104,#6105);
#6103 = CARTESIAN_POINT('',(887.,298.,9.));
#6104 = DIRECTION('',(0.,-1.,0.));
#6105 = DIRECTION('',(0.,0.,1.));
#6106 = ADVANCED_FACE('',(#6107),#6132,.F.);
#6107 = FACE_BOUND('',#6108,.F.);
#6108 = EDGE_LOOP('',(#6109,#6110,#6118,#6126));
#6109 = ORIENTED_EDGE('',*,*,#6088,.T.);
#6110 = ORIENTED_EDGE('',*,*,#6111,.T.);
#6111 = EDGE_CURVE('',#6081,#6112,#6114,.T.);
#6112 = VERTEX_POINT('',#6113);
#6113 = CARTESIAN_POINT('',(899.,176.79464379659,82.));
#6114 = LINE('',#6115,#6116);
#6115 = CARTESIAN_POINT('',(899.,298.,82.));
#6116 = VECTOR('',#6117,1.);
#6117 = DIRECTION('',(0.,-1.,0.));
#6118 = ORIENTED_EDGE('',*,*,#6119,.F.);
#6119 = EDGE_CURVE('',#6120,#6112,#6122,.T.);
#6120 = VERTEX_POINT('',#6121);
#6121 = CARTESIAN_POINT('',(887.,176.79464379659,82.));
#6122 = LINE('',#6123,#6124);
#6123 = CARTESIAN_POINT('',(887.,176.79464379659,82.));
#6124 = VECTOR('',#6125,1.);
#6125 = DIRECTION('',(1.,0.,0.));
#6126 = ORIENTED_EDGE('',*,*,#6127,.F.);
#6127 = EDGE_CURVE('',#6089,#6120,#6128,.T.);
#6128 = LINE('',#6129,#6130);
#6129 = CARTESIAN_POINT('',(887.,298.,82.));
#6130 = VECTOR('',#6131,1.);
#6131 = DIRECTION('',(0.,-1.,0.));
#6132 = PLANE('',#6133);
#6133 = AXIS2_PLACEMENT_3D('',#6134,#6135,#6136);
#6134 = CARTESIAN_POINT('',(887.,298.,82.));
#6135 = DIRECTION('',(0.,0.,-1.));
#6136 = DIRECTION('',(0.,-1.,0.));
#6137 = ADVANCED_FACE('',(#6138),#6165,.T.);
#6138 = FACE_BOUND('',#6139,.F.);
#6139 = EDGE_LOOP('',(#6140,#6141,#6150,#6158));
#6140 = ORIENTED_EDGE('',*,*,#6119,.T.);
#6141 = ORIENTED_EDGE('',*,*,#6142,.T.);
#6142 = EDGE_CURVE('',#6112,#6143,#6145,.T.);
#6143 = VERTEX_POINT('',#6144);
#6144 = CARTESIAN_POINT('',(899.,146.3832069458,79.674339530123));
#6145 = CIRCLE('',#6146,200.00000000001);
#6146 = AXIS2_PLACEMENT_3D('',#6147,#6148,#6149);
#6147 = CARTESIAN_POINT('',(899.,176.79464379659,-118.));
#6148 = DIRECTION('',(1.,0.,0.));
#6149 = DIRECTION('',(0.,-5.826450433232E-15,1.));
#6150 = ORIENTED_EDGE('',*,*,#6151,.F.);
#6151 = EDGE_CURVE('',#6152,#6143,#6154,.T.);
#6152 = VERTEX_POINT('',#6153);
#6153 = CARTESIAN_POINT('',(887.,146.3832069458,79.674339530123));
#6154 = LINE('',#6155,#6156);
#6155 = CARTESIAN_POINT('',(887.,146.3832069458,79.674339530123));
#6156 = VECTOR('',#6157,1.);
#6157 = DIRECTION('',(1.,0.,0.));
#6158 = ORIENTED_EDGE('',*,*,#6159,.F.);
#6159 = EDGE_CURVE('',#6120,#6152,#6160,.T.);
#6160 = CIRCLE('',#6161,200.00000000001);
#6161 = AXIS2_PLACEMENT_3D('',#6162,#6163,#6164);
#6162 = CARTESIAN_POINT('',(887.,176.79464379659,-118.));
#6163 = DIRECTION('',(1.,0.,0.));
#6164 = DIRECTION('',(0.,-5.826450433232E-15,1.));
#6165 = CYLINDRICAL_SURFACE('',#6166,200.00000000001);
#6166 = AXIS2_PLACEMENT_3D('',#6167,#6168,#6169);
#6167 = CARTESIAN_POINT('',(887.,176.79464379659,-118.));
#6168 = DIRECTION('',(-1.,-0.,-0.));
#6169 = DIRECTION('',(0.,-5.826450433232E-15,1.));
#6170 = ADVANCED_FACE('',(#6171),#6196,.F.);
#6171 = FACE_BOUND('',#6172,.F.);
#6172 = EDGE_LOOP('',(#6173,#6174,#6182,#6190));
#6173 = ORIENTED_EDGE('',*,*,#6151,.T.);
#6174 = ORIENTED_EDGE('',*,*,#6175,.T.);
#6175 = EDGE_CURVE('',#6143,#6176,#6178,.T.);
#6176 = VERTEX_POINT('',#6177);
#6177 = CARTESIAN_POINT('',(899.,12.,59.));
#6178 = LINE('',#6179,#6180);
#6179 = CARTESIAN_POINT('',(899.,146.3832069458,79.674339530123));
#6180 = VECTOR('',#6181,1.);
#6181 = DIRECTION('',(0.,-0.988371697651,-0.152057184254));
#6182 = ORIENTED_EDGE('',*,*,#6183,.F.);
#6183 = EDGE_CURVE('',#6184,#6176,#6186,.T.);
#6184 = VERTEX_POINT('',#6185);
#6185 = CARTESIAN_POINT('',(887.,12.,59.));
#6186 = LINE('',#6187,#6188);
#6187 = CARTESIAN_POINT('',(887.,12.,59.));
#6188 = VECTOR('',#6189,1.);
#6189 = DIRECTION('',(1.,0.,0.));
#6190 = ORIENTED_EDGE('',*,*,#6191,.F.);
#6191 = EDGE_CURVE('',#6152,#6184,#6192,.T.);
#6192 = LINE('',#6193,#6194);
#6193 = CARTESIAN_POINT('',(887.,146.3832069458,79.674339530123));
#6194 = VECTOR('',#6195,1.);
#6195 = DIRECTION('',(0.,-0.988371697651,-0.152057184254));
#6196 = PLANE('',#6197);
#6197 = AXIS2_PLACEMENT_3D('',#6198,#6199,#6200);
#6198 = CARTESIAN_POINT('',(887.,146.3832069458,79.674339530123));
#6199 = DIRECTION('',(0.,0.152057184254,-0.988371697651));
#6200 = DIRECTION('',(0.,-0.988371697651,-0.152057184254));
#6201 = ADVANCED_FACE('',(#6202),#6218,.F.);
#6202 = FACE_BOUND('',#6203,.F.);
#6203 = EDGE_LOOP('',(#6204,#6205,#6211,#6212));
#6204 = ORIENTED_EDGE('',*,*,#6183,.T.);
#6205 = ORIENTED_EDGE('',*,*,#6206,.T.);
#6206 = EDGE_CURVE('',#6176,#6042,#6207,.T.);
#6207 = LINE('',#6208,#6209);
#6208 = CARTESIAN_POINT('',(899.,12.,59.));
#6209 = VECTOR('',#6210,1.);
#6210 = DIRECTION('',(0.,0.,-1.));
#6211 = ORIENTED_EDGE('',*,*,#6039,.F.);
#6212 = ORIENTED_EDGE('',*,*,#6213,.F.);
#6213 = EDGE_CURVE('',#6184,#6040,#6214,.T.);
#6214 = LINE('',#6215,#6216);
#6215 = CARTESIAN_POINT('',(887.,12.,59.));
#6216 = VECTOR('',#6217,1.);
#6217 = DIRECTION('',(0.,0.,-1.));
#6218 = PLANE('',#6219);
#6219 = AXIS2_PLACEMENT_3D('',#6220,#6221,#6222);
#6220 = CARTESIAN_POINT('',(887.,12.,59.));
#6221 = DIRECTION('',(-0.,1.,0.));
#6222 = DIRECTION('',(0.,0.,-1.));
#6223 = ADVANCED_FACE('',(#6224),#6232,.F.);
#6224 = FACE_BOUND('',#6225,.F.);
#6225 = EDGE_LOOP('',(#6226,#6227,#6228,#6229,#6230,#6231));
#6226 = ORIENTED_EDGE('',*,*,#6065,.T.);
#6227 = ORIENTED_EDGE('',*,*,#6096,.T.);
#6228 = ORIENTED_EDGE('',*,*,#6127,.T.);
#6229 = ORIENTED_EDGE('',*,*,#6159,.T.);
#6230 = ORIENTED_EDGE('',*,*,#6191,.T.);
#6231 = ORIENTED_EDGE('',*,*,#6213,.T.);
#6232 = PLANE('',#6233);
#6233 = AXIS2_PLACEMENT_3D('',#6234,#6235,#6236);
#6234 = CARTESIAN_POINT('',(887.,159.54875461634,42.256437797239));
#6235 = DIRECTION('',(1.,0.,0.));
#6236 = DIRECTION('',(-0.,0.,1.));
#6237 = ADVANCED_FACE('',(#6238),#6246,.T.);
#6238 = FACE_BOUND('',#6239,.T.);
#6239 = EDGE_LOOP('',(#6240,#6241,#6242,#6243,#6244,#6245));
#6240 = ORIENTED_EDGE('',*,*,#6049,.T.);
#6241 = ORIENTED_EDGE('',*,*,#6080,.T.);
#6242 = ORIENTED_EDGE('',*,*,#6111,.T.);
#6243 = ORIENTED_EDGE('',*,*,#6142,.T.);
#6244 = ORIENTED_EDGE('',*,*,#6175,.T.);
#6245 = ORIENTED_EDGE('',*,*,#6206,.T.);
#6246 = PLANE('',#6247);
#6247 = AXIS2_PLACEMENT_3D('',#6248,#6249,#6250);
#6248 = CARTESIAN_POINT('',(899.,159.54875461634,42.256437797239));
#6249 = DIRECTION('',(1.,0.,0.));
#6250 = DIRECTION('',(-0.,0.,1.));
#6251 = ( GEOMETRIC_REPRESENTATION_CONTEXT(3) 
GLOBAL_UNCERTAINTY_ASSIGNED_CONTEXT((#6255)) 
GLOBAL_UNIT_ASSIGNED_CONTEXT((#6252,#6253,#6254)) REPRESENTATION_CONTEXT
('Context #1','3D Context with UNIT and UNCERTAINTY') );
#6252 = ( LENGTH_UNIT() NAMED_UNIT(*) SI_UNIT(.MILLI.,.METRE.) );
#6253 = ( NAMED_UNIT(*) PLANE_ANGLE_UNIT() SI_UNIT($,.RADIAN.) );
#6254 = ( NAMED_UNIT(*) SI_UNIT($,.STERADIAN.) SOLID_ANGLE_UNIT() );
#6255 = UNCERTAINTY_MEASURE_WITH_UNIT(LENGTH_MEASURE(1.E-07),#6252,
  'distance_accuracy_value','confusion accuracy');
#6256 = CONTEXT_DEPENDENT_SHAPE_REPRESENTATION(#6257,#6259);
#6257 = ( REPRESENTATION_RELATIONSHIP('','',#6032,#10) 
REPRESENTATION_RELATIONSHIP_WITH_TRANSFORMATION(#6258) 
SHAPE_REPRESENTATION_RELATIONSHIP() );
#6258 = ITEM_DEFINED_TRANSFORMATION('','',#11,#39);
#6259 = PRODUCT_DEFINITION_SHAPE('Placement','Placement of an item',
  #6260);
#6260 = NEXT_ASSEMBLY_USAGE_OCCURRENCE('29','Cheek right','',#5,#6027,$
  );
#6261 = PRODUCT_RELATED_PRODUCT_CATEGORY('part',$,(#6029));
#6262 = SHAPE_DEFINITION_REPRESENTATION(#6263,#6269);
#6263 = PRODUCT_DEFINITION_SHAPE('','',#6264);
#6264 = PRODUCT_DEFINITION('design','',#6265,#6268);
#6265 = PRODUCT_DEFINITION_FORMATION('','',#6266);
#6266 = PRODUCT('Keybed riser','Keybed riser','',(#6267));
#6267 = PRODUCT_CONTEXT('',#2,'mechanical');
#6268 = PRODUCT_DEFINITION_CONTEXT('part definition',#2,'design');
#6269 = ADVANCED_BREP_SHAPE_REPRESENTATION('',(#11,#6270),#6615);
#6270 = MANIFOLD_SOLID_BREP('',#6271);
#6271 = CLOSED_SHELL('',(#6272,#6312,#6343,#6374,#6446,#6518,#6530,#6547
    ,#6564,#6581,#6598));
#6272 = ADVANCED_FACE('',(#6273),#6307,.F.);
#6273 = FACE_BOUND('',#6274,.F.);
#6274 = EDGE_LOOP('',(#6275,#6285,#6293,#6301));
#6275 = ORIENTED_EDGE('',*,*,#6276,.T.);
#6276 = EDGE_CURVE('',#6277,#6279,#6281,.T.);
#6277 = VERTEX_POINT('',#6278);
#6278 = CARTESIAN_POINT('',(210.,71.5,9.));
#6279 = VERTEX_POINT('',#6280);
#6280 = CARTESIAN_POINT('',(210.,71.5,21.));
#6281 = LINE('',#6282,#6283);
#6282 = CARTESIAN_POINT('',(210.,71.5,9.));
#6283 = VECTOR('',#6284,1.);
#6284 = DIRECTION('',(0.,0.,1.));
#6285 = ORIENTED_EDGE('',*,*,#6286,.T.);
#6286 = EDGE_CURVE('',#6279,#6287,#6289,.T.);
#6287 = VERTEX_POINT('',#6288);
#6288 = CARTESIAN_POINT('',(880.,71.5,21.));
#6289 = LINE('',#6290,#6291);
#6290 = CARTESIAN_POINT('',(210.,71.5,21.));
#6291 = VECTOR('',#6292,1.);
#6292 = DIRECTION('',(1.,0.,0.));
#6293 = ORIENTED_EDGE('',*,*,#6294,.F.);
#6294 = EDGE_CURVE('',#6295,#6287,#6297,.T.);
#6295 = VERTEX_POINT('',#6296);
#6296 = CARTESIAN_POINT('',(880.,71.5,9.));
#6297 = LINE('',#6298,#6299);
#6298 = CARTESIAN_POINT('',(880.,71.5,9.));
#6299 = VECTOR('',#6300,1.);
#6300 = DIRECTION('',(0.,0.,1.));
#6301 = ORIENTED_EDGE('',*,*,#6302,.F.);
#6302 = EDGE_CURVE('',#6277,#6295,#6303,.T.);
#6303 = LINE('',#6304,#6305);
#6304 = CARTESIAN_POINT('',(210.,71.5,9.));
#6305 = VECTOR('',#6306,1.);
#6306 = DIRECTION('',(1.,0.,0.));
#6307 = PLANE('',#6308);
#6308 = AXIS2_PLACEMENT_3D('',#6309,#6310,#6311);
#6309 = CARTESIAN_POINT('',(210.,71.5,9.));
#6310 = DIRECTION('',(0.,1.,0.));
#6311 = DIRECTION('',(1.,0.,0.));
#6312 = ADVANCED_FACE('',(#6313),#6338,.F.);
#6313 = FACE_BOUND('',#6314,.F.);
#6314 = EDGE_LOOP('',(#6315,#6325,#6331,#6332));
#6315 = ORIENTED_EDGE('',*,*,#6316,.T.);
#6316 = EDGE_CURVE('',#6317,#6319,#6321,.T.);
#6317 = VERTEX_POINT('',#6318);
#6318 = CARTESIAN_POINT('',(210.,101.5,9.));
#6319 = VERTEX_POINT('',#6320);
#6320 = CARTESIAN_POINT('',(210.,101.5,21.));
#6321 = LINE('',#6322,#6323);
#6322 = CARTESIAN_POINT('',(210.,101.5,9.));
#6323 = VECTOR('',#6324,1.);
#6324 = DIRECTION('',(0.,0.,1.));
#6325 = ORIENTED_EDGE('',*,*,#6326,.T.);
#6326 = EDGE_CURVE('',#6319,#6279,#6327,.T.);
#6327 = LINE('',#6328,#6329);
#6328 = CARTESIAN_POINT('',(210.,101.5,21.));
#6329 = VECTOR('',#6330,1.);
#6330 = DIRECTION('',(0.,-1.,0.));
#6331 = ORIENTED_EDGE('',*,*,#6276,.F.);
#6332 = ORIENTED_EDGE('',*,*,#6333,.F.);
#6333 = EDGE_CURVE('',#6317,#6277,#6334,.T.);
#6334 = LINE('',#6335,#6336);
#6335 = CARTESIAN_POINT('',(210.,101.5,9.));
#6336 = VECTOR('',#6337,1.);
#6337 = DIRECTION('',(0.,-1.,0.));
#6338 = PLANE('',#6339);
#6339 = AXIS2_PLACEMENT_3D('',#6340,#6341,#6342);
#6340 = CARTESIAN_POINT('',(210.,101.5,9.));
#6341 = DIRECTION('',(1.,0.,-0.));
#6342 = DIRECTION('',(0.,-1.,0.));
#6343 = ADVANCED_FACE('',(#6344),#6369,.F.);
#6344 = FACE_BOUND('',#6345,.F.);
#6345 = EDGE_LOOP('',(#6346,#6347,#6355,#6363));
#6346 = ORIENTED_EDGE('',*,*,#6294,.T.);
#6347 = ORIENTED_EDGE('',*,*,#6348,.T.);
#6348 = EDGE_CURVE('',#6287,#6349,#6351,.T.);
#6349 = VERTEX_POINT('',#6350);
#6350 = CARTESIAN_POINT('',(880.,101.5,21.));
#6351 = LINE('',#6352,#6353);
#6352 = CARTESIAN_POINT('',(880.,71.5,21.));
#6353 = VECTOR('',#6354,1.);
#6354 = DIRECTION('',(0.,1.,0.));
#6355 = ORIENTED_EDGE('',*,*,#6356,.F.);
#6356 = EDGE_CURVE('',#6357,#6349,#6359,.T.);
#6357 = VERTEX_POINT('',#6358);
#6358 = CARTESIAN_POINT('',(880.,101.5,9.));
#6359 = LINE('',#6360,#6361);
#6360 = CARTESIAN_POINT('',(880.,101.5,9.));
#6361 = VECTOR('',#6362,1.);
#6362 = DIRECTION('',(0.,0.,1.));
#6363 = ORIENTED_EDGE('',*,*,#6364,.F.);
#6364 = EDGE_CURVE('',#6295,#6357,#6365,.T.);
#6365 = LINE('',#6366,#6367);
#6366 = CARTESIAN_POINT('',(880.,71.5,9.));
#6367 = VECTOR('',#6368,1.);
#6368 = DIRECTION('',(0.,1.,0.));
#6369 = PLANE('',#6370);
#6370 = AXIS2_PLACEMENT_3D('',#6371,#6372,#6373);
#6371 = CARTESIAN_POINT('',(880.,71.5,9.));
#6372 = DIRECTION('',(-1.,0.,0.));
#6373 = DIRECTION('',(0.,1.,0.));
#6374 = ADVANCED_FACE('',(#6375,#6386,#6397,#6408,#6419,#6430),#6441,.F.
  );
#6375 = FACE_BOUND('',#6376,.F.);
#6376 = EDGE_LOOP('',(#6377,#6378,#6379,#6385));
#6377 = ORIENTED_EDGE('',*,*,#6302,.T.);
#6378 = ORIENTED_EDGE('',*,*,#6364,.T.);
#6379 = ORIENTED_EDGE('',*,*,#6380,.T.);
#6380 = EDGE_CURVE('',#6357,#6317,#6381,.T.);
#6381 = LINE('',#6382,#6383);
#6382 = CARTESIAN_POINT('',(880.,101.5,9.));
#6383 = VECTOR('',#6384,1.);
#6384 = DIRECTION('',(-1.,0.,0.));
#6385 = ORIENTED_EDGE('',*,*,#6333,.T.);
#6386 = FACE_BOUND('',#6387,.F.);
#6387 = EDGE_LOOP('',(#6388));
#6388 = ORIENTED_EDGE('',*,*,#6389,.F.);
#6389 = EDGE_CURVE('',#6390,#6390,#6392,.T.);
#6390 = VERTEX_POINT('',#6391);
#6391 = CARTESIAN_POINT('',(224.15,86.5,9.));
#6392 = CIRCLE('',#6393,2.5);
#6393 = AXIS2_PLACEMENT_3D('',#6394,#6395,#6396);
#6394 = CARTESIAN_POINT('',(221.65,86.5,9.));
#6395 = DIRECTION('',(0.,0.,1.));
#6396 = DIRECTION('',(1.,0.,-0.));
#6397 = FACE_BOUND('',#6398,.F.);
#6398 = EDGE_LOOP('',(#6399));
#6399 = ORIENTED_EDGE('',*,*,#6400,.F.);
#6400 = EDGE_CURVE('',#6401,#6401,#6403,.T.);
#6401 = VERTEX_POINT('',#6402);
#6402 = CARTESIAN_POINT('',(361.22,86.5,9.));
#6403 = CIRCLE('',#6404,2.5);
#6404 = AXIS2_PLACEMENT_3D('',#6405,#6406,#6407);
#6405 = CARTESIAN_POINT('',(358.72,86.5,9.));
#6406 = DIRECTION('',(0.,0.,1.));
#6407 = DIRECTION('',(1.,0.,-0.));
#6408 = FACE_BOUND('',#6409,.F.);
#6409 = EDGE_LOOP('',(#6410));
#6410 = ORIENTED_EDGE('',*,*,#6411,.F.);
#6411 = EDGE_CURVE('',#6412,#6412,#6414,.T.);
#6412 = VERTEX_POINT('',#6413);
#6413 = CARTESIAN_POINT('',(526.11,86.5,9.));
#6414 = CIRCLE('',#6415,2.5);
#6415 = AXIS2_PLACEMENT_3D('',#6416,#6417,#6418);
#6416 = CARTESIAN_POINT('',(523.61,86.5,9.));
#6417 = DIRECTION('',(0.,0.,1.));
#6418 = DIRECTION('',(1.,0.,-0.));
#6419 = FACE_BOUND('',#6420,.F.);
#6420 = EDGE_LOOP('',(#6421));
#6421 = ORIENTED_EDGE('',*,*,#6422,.F.);
#6422 = EDGE_CURVE('',#6423,#6423,#6425,.T.);
#6423 = VERTEX_POINT('',#6424);
#6424 = CARTESIAN_POINT('',(705.7,86.5,9.));
#6425 = CIRCLE('',#6426,2.5);
#6426 = AXIS2_PLACEMENT_3D('',#6427,#6428,#6429);
#6427 = CARTESIAN_POINT('',(703.2,86.5,9.));
#6428 = DIRECTION('',(0.,0.,1.));
#6429 = DIRECTION('',(1.,0.,-0.));
#6430 = FACE_BOUND('',#6431,.F.);
#6431 = EDGE_LOOP('',(#6432));
#6432 = ORIENTED_EDGE('',*,*,#6433,.F.);
#6433 = EDGE_CURVE('',#6434,#6434,#6436,.T.);
#6434 = VERTEX_POINT('',#6435);
#6435 = CARTESIAN_POINT('',(870.9,86.5,9.));
#6436 = CIRCLE('',#6437,2.5);
#6437 = AXIS2_PLACEMENT_3D('',#6438,#6439,#6440);
#6438 = CARTESIAN_POINT('',(868.4,86.5,9.));
#6439 = DIRECTION('',(0.,0.,1.));
#6440 = DIRECTION('',(1.,0.,-0.));
#6441 = PLANE('',#6442);
#6442 = AXIS2_PLACEMENT_3D('',#6443,#6444,#6445);
#6443 = CARTESIAN_POINT('',(545.,86.5,9.));
#6444 = DIRECTION('',(0.,0.,1.));
#6445 = DIRECTION('',(1.,0.,-0.));
#6446 = ADVANCED_FACE('',(#6447,#6458,#6469,#6480,#6491,#6502),#6513,.T.
  );
#6447 = FACE_BOUND('',#6448,.T.);
#6448 = EDGE_LOOP('',(#6449,#6450,#6451,#6457));
#6449 = ORIENTED_EDGE('',*,*,#6286,.T.);
#6450 = ORIENTED_EDGE('',*,*,#6348,.T.);
#6451 = ORIENTED_EDGE('',*,*,#6452,.T.);
#6452 = EDGE_CURVE('',#6349,#6319,#6453,.T.);
#6453 = LINE('',#6454,#6455);
#6454 = CARTESIAN_POINT('',(880.,101.5,21.));
#6455 = VECTOR('',#6456,1.);
#6456 = DIRECTION('',(-1.,0.,0.));
#6457 = ORIENTED_EDGE('',*,*,#6326,.T.);
#6458 = FACE_BOUND('',#6459,.T.);
#6459 = EDGE_LOOP('',(#6460));
#6460 = ORIENTED_EDGE('',*,*,#6461,.F.);
#6461 = EDGE_CURVE('',#6462,#6462,#6464,.T.);
#6462 = VERTEX_POINT('',#6463);
#6463 = CARTESIAN_POINT('',(224.15,86.5,21.));
#6464 = CIRCLE('',#6465,2.5);
#6465 = AXIS2_PLACEMENT_3D('',#6466,#6467,#6468);
#6466 = CARTESIAN_POINT('',(221.65,86.5,21.));
#6467 = DIRECTION('',(0.,0.,1.));
#6468 = DIRECTION('',(1.,0.,-0.));
#6469 = FACE_BOUND('',#6470,.T.);
#6470 = EDGE_LOOP('',(#6471));
#6471 = ORIENTED_EDGE('',*,*,#6472,.F.);
#6472 = EDGE_CURVE('',#6473,#6473,#6475,.T.);
#6473 = VERTEX_POINT('',#6474);
#6474 = CARTESIAN_POINT('',(361.22,86.5,21.));
#6475 = CIRCLE('',#6476,2.5);
#6476 = AXIS2_PLACEMENT_3D('',#6477,#6478,#6479);
#6477 = CARTESIAN_POINT('',(358.72,86.5,21.));
#6478 = DIRECTION('',(0.,0.,1.));
#6479 = DIRECTION('',(1.,0.,-0.));
#6480 = FACE_BOUND('',#6481,.T.);
#6481 = EDGE_LOOP('',(#6482));
#6482 = ORIENTED_EDGE('',*,*,#6483,.F.);
#6483 = EDGE_CURVE('',#6484,#6484,#6486,.T.);
#6484 = VERTEX_POINT('',#6485);
#6485 = CARTESIAN_POINT('',(526.11,86.5,21.));
#6486 = CIRCLE('',#6487,2.5);
#6487 = AXIS2_PLACEMENT_3D('',#6488,#6489,#6490);
#6488 = CARTESIAN_POINT('',(523.61,86.5,21.));
#6489 = DIRECTION('',(0.,0.,1.));
#6490 = DIRECTION('',(1.,0.,-0.));
#6491 = FACE_BOUND('',#6492,.T.);
#6492 = EDGE_LOOP('',(#6493));
#6493 = ORIENTED_EDGE('',*,*,#6494,.F.);
#6494 = EDGE_CURVE('',#6495,#6495,#6497,.T.);
#6495 = VERTEX_POINT('',#6496);
#6496 = CARTESIAN_POINT('',(705.7,86.5,21.));
#6497 = CIRCLE('',#6498,2.5);
#6498 = AXIS2_PLACEMENT_3D('',#6499,#6500,#6501);
#6499 = CARTESIAN_POINT('',(703.2,86.5,21.));
#6500 = DIRECTION('',(0.,0.,1.));
#6501 = DIRECTION('',(1.,0.,-0.));
#6502 = FACE_BOUND('',#6503,.T.);
#6503 = EDGE_LOOP('',(#6504));
#6504 = ORIENTED_EDGE('',*,*,#6505,.F.);
#6505 = EDGE_CURVE('',#6506,#6506,#6508,.T.);
#6506 = VERTEX_POINT('',#6507);
#6507 = CARTESIAN_POINT('',(870.9,86.5,21.));
#6508 = CIRCLE('',#6509,2.5);
#6509 = AXIS2_PLACEMENT_3D('',#6510,#6511,#6512);
#6510 = CARTESIAN_POINT('',(868.4,86.5,21.));
#6511 = DIRECTION('',(0.,0.,1.));
#6512 = DIRECTION('',(1.,0.,-0.));
#6513 = PLANE('',#6514);
#6514 = AXIS2_PLACEMENT_3D('',#6515,#6516,#6517);
#6515 = CARTESIAN_POINT('',(545.,86.5,21.));
#6516 = DIRECTION('',(0.,0.,1.));
#6517 = DIRECTION('',(1.,0.,-0.));
#6518 = ADVANCED_FACE('',(#6519),#6525,.F.);
#6519 = FACE_BOUND('',#6520,.F.);
#6520 = EDGE_LOOP('',(#6521,#6522,#6523,#6524));
#6521 = ORIENTED_EDGE('',*,*,#6356,.T.);
#6522 = ORIENTED_EDGE('',*,*,#6452,.T.);
#6523 = ORIENTED_EDGE('',*,*,#6316,.F.);
#6524 = ORIENTED_EDGE('',*,*,#6380,.F.);
#6525 = PLANE('',#6526);
#6526 = AXIS2_PLACEMENT_3D('',#6527,#6528,#6529);
#6527 = CARTESIAN_POINT('',(880.,101.5,9.));
#6528 = DIRECTION('',(0.,-1.,0.));
#6529 = DIRECTION('',(-1.,0.,0.));
#6530 = ADVANCED_FACE('',(#6531),#6542,.F.);
#6531 = FACE_BOUND('',#6532,.F.);
#6532 = EDGE_LOOP('',(#6533,#6534,#6540,#6541));
#6533 = ORIENTED_EDGE('',*,*,#6461,.F.);
#6534 = ORIENTED_EDGE('',*,*,#6535,.F.);
#6535 = EDGE_CURVE('',#6390,#6462,#6536,.T.);
#6536 = LINE('',#6537,#6538);
#6537 = CARTESIAN_POINT('',(224.15,86.5,8.));
#6538 = VECTOR('',#6539,1.);
#6539 = DIRECTION('',(0.,0.,1.));
#6540 = ORIENTED_EDGE('',*,*,#6389,.T.);
#6541 = ORIENTED_EDGE('',*,*,#6535,.T.);
#6542 = CYLINDRICAL_SURFACE('',#6543,2.5);
#6543 = AXIS2_PLACEMENT_3D('',#6544,#6545,#6546);
#6544 = CARTESIAN_POINT('',(221.65,86.5,8.));
#6545 = DIRECTION('',(0.,0.,1.));
#6546 = DIRECTION('',(1.,0.,-0.));
#6547 = ADVANCED_FACE('',(#6548),#6559,.F.);
#6548 = FACE_BOUND('',#6549,.F.);
#6549 = EDGE_LOOP('',(#6550,#6551,#6557,#6558));
#6550 = ORIENTED_EDGE('',*,*,#6472,.F.);
#6551 = ORIENTED_EDGE('',*,*,#6552,.F.);
#6552 = EDGE_CURVE('',#6401,#6473,#6553,.T.);
#6553 = LINE('',#6554,#6555);
#6554 = CARTESIAN_POINT('',(361.22,86.5,8.));
#6555 = VECTOR('',#6556,1.);
#6556 = DIRECTION('',(0.,0.,1.));
#6557 = ORIENTED_EDGE('',*,*,#6400,.T.);
#6558 = ORIENTED_EDGE('',*,*,#6552,.T.);
#6559 = CYLINDRICAL_SURFACE('',#6560,2.5);
#6560 = AXIS2_PLACEMENT_3D('',#6561,#6562,#6563);
#6561 = CARTESIAN_POINT('',(358.72,86.5,8.));
#6562 = DIRECTION('',(0.,0.,1.));
#6563 = DIRECTION('',(1.,0.,-0.));
#6564 = ADVANCED_FACE('',(#6565),#6576,.F.);
#6565 = FACE_BOUND('',#6566,.F.);
#6566 = EDGE_LOOP('',(#6567,#6568,#6574,#6575));
#6567 = ORIENTED_EDGE('',*,*,#6483,.F.);
#6568 = ORIENTED_EDGE('',*,*,#6569,.F.);
#6569 = EDGE_CURVE('',#6412,#6484,#6570,.T.);
#6570 = LINE('',#6571,#6572);
#6571 = CARTESIAN_POINT('',(526.11,86.5,8.));
#6572 = VECTOR('',#6573,1.);
#6573 = DIRECTION('',(0.,0.,1.));
#6574 = ORIENTED_EDGE('',*,*,#6411,.T.);
#6575 = ORIENTED_EDGE('',*,*,#6569,.T.);
#6576 = CYLINDRICAL_SURFACE('',#6577,2.5);
#6577 = AXIS2_PLACEMENT_3D('',#6578,#6579,#6580);
#6578 = CARTESIAN_POINT('',(523.61,86.5,8.));
#6579 = DIRECTION('',(0.,0.,1.));
#6580 = DIRECTION('',(1.,0.,-0.));
#6581 = ADVANCED_FACE('',(#6582),#6593,.F.);
#6582 = FACE_BOUND('',#6583,.F.);
#6583 = EDGE_LOOP('',(#6584,#6585,#6591,#6592));
#6584 = ORIENTED_EDGE('',*,*,#6494,.F.);
#6585 = ORIENTED_EDGE('',*,*,#6586,.F.);
#6586 = EDGE_CURVE('',#6423,#6495,#6587,.T.);
#6587 = LINE('',#6588,#6589);
#6588 = CARTESIAN_POINT('',(705.7,86.5,8.));
#6589 = VECTOR('',#6590,1.);
#6590 = DIRECTION('',(0.,0.,1.));
#6591 = ORIENTED_EDGE('',*,*,#6422,.T.);
#6592 = ORIENTED_EDGE('',*,*,#6586,.T.);
#6593 = CYLINDRICAL_SURFACE('',#6594,2.5);
#6594 = AXIS2_PLACEMENT_3D('',#6595,#6596,#6597);
#6595 = CARTESIAN_POINT('',(703.2,86.5,8.));
#6596 = DIRECTION('',(0.,0.,1.));
#6597 = DIRECTION('',(1.,0.,-0.));
#6598 = ADVANCED_FACE('',(#6599),#6610,.F.);
#6599 = FACE_BOUND('',#6600,.F.);
#6600 = EDGE_LOOP('',(#6601,#6602,#6608,#6609));
#6601 = ORIENTED_EDGE('',*,*,#6505,.F.);
#6602 = ORIENTED_EDGE('',*,*,#6603,.F.);
#6603 = EDGE_CURVE('',#6434,#6506,#6604,.T.);
#6604 = LINE('',#6605,#6606);
#6605 = CARTESIAN_POINT('',(870.9,86.5,8.));
#6606 = VECTOR('',#6607,1.);
#6607 = DIRECTION('',(0.,0.,1.));
#6608 = ORIENTED_EDGE('',*,*,#6433,.T.);
#6609 = ORIENTED_EDGE('',*,*,#6603,.T.);
#6610 = CYLINDRICAL_SURFACE('',#6611,2.5);
#6611 = AXIS2_PLACEMENT_3D('',#6612,#6613,#6614);
#6612 = CARTESIAN_POINT('',(868.4,86.5,8.));
#6613 = DIRECTION('',(0.,0.,1.));
#6614 = DIRECTION('',(1.,0.,-0.));
#6615 = ( GEOMETRIC_REPRESENTATION_CONTEXT(3) 
GLOBAL_UNCERTAINTY_ASSIGNED_CONTEXT((#6619)) 
GLOBAL_UNIT_ASSIGNED_CONTEXT((#6616,#6617,#6618)) REPRESENTATION_CONTEXT
('Context #1','3D Context with UNIT and UNCERTAINTY') );
#6616 = ( LENGTH_UNIT() NAMED_UNIT(*) SI_UNIT(.MILLI.,.METRE.) );
#6617 = ( NAMED_UNIT(*) PLANE_ANGLE_UNIT() SI_UNIT($,.RADIAN.) );
#6618 = ( NAMED_UNIT(*) SI_UNIT($,.STERADIAN.) SOLID_ANGLE_UNIT() );
#6619 = UNCERTAINTY_MEASURE_WITH_UNIT(LENGTH_MEASURE(1.E-07),#6616,
  'distance_accuracy_value','confusion accuracy');
#6620 = CONTEXT_DEPENDENT_SHAPE_REPRESENTATION(#6621,#6623);
#6621 = ( REPRESENTATION_RELATIONSHIP('','',#6269,#10) 
REPRESENTATION_RELATIONSHIP_WITH_TRANSFORMATION(#6622) 
SHAPE_REPRESENTATION_RELATIONSHIP() );
#6622 = ITEM_DEFINED_TRANSFORMATION('','',#11,#43);
#6623 = PRODUCT_DEFINITION_SHAPE('Placement','Placement of an item',
  #6624);
#6624 = NEXT_ASSEMBLY_USAGE_OCCURRENCE('30','Keybed riser','',#5,#6264,$
  );
#6625 = PRODUCT_RELATED_PRODUCT_CATEGORY('part',$,(#6266));
#6626 = SHAPE_DEFINITION_REPRESENTATION(#6627,#6633);
#6627 = PRODUCT_DEFINITION_SHAPE('','',#6628);
#6628 = PRODUCT_DEFINITION('design','',#6629,#6632);
#6629 = PRODUCT_DEFINITION_FORMATION('','',#6630);
#6630 = PRODUCT('Keybed riser001','Keybed riser001','',(#6631));
#6631 = PRODUCT_CONTEXT('',#2,'mechanical');
#6632 = PRODUCT_DEFINITION_CONTEXT('part definition',#2,'design');
#6633 = ADVANCED_BREP_SHAPE_REPRESENTATION('',(#11,#6634),#6979);
#6634 = MANIFOLD_SOLID_BREP('',#6635);
#6635 = CLOSED_SHELL('',(#6636,#6676,#6707,#6738,#6810,#6882,#6894,#6911
    ,#6928,#6945,#6962));
#6636 = ADVANCED_FACE('',(#6637),#6671,.F.);
#6637 = FACE_BOUND('',#6638,.F.);
#6638 = EDGE_LOOP('',(#6639,#6649,#6657,#6665));
#6639 = ORIENTED_EDGE('',*,*,#6640,.T.);
#6640 = EDGE_CURVE('',#6641,#6643,#6645,.T.);
#6641 = VERTEX_POINT('',#6642);
#6642 = CARTESIAN_POINT('',(210.,147.,9.));
#6643 = VERTEX_POINT('',#6644);
#6644 = CARTESIAN_POINT('',(210.,147.,21.));
#6645 = LINE('',#6646,#6647);
#6646 = CARTESIAN_POINT('',(210.,147.,9.));
#6647 = VECTOR('',#6648,1.);
#6648 = DIRECTION('',(0.,0.,1.));
#6649 = ORIENTED_EDGE('',*,*,#6650,.T.);
#6650 = EDGE_CURVE('',#6643,#6651,#6653,.T.);
#6651 = VERTEX_POINT('',#6652);
#6652 = CARTESIAN_POINT('',(880.,147.,21.));
#6653 = LINE('',#6654,#6655);
#6654 = CARTESIAN_POINT('',(210.,147.,21.));
#6655 = VECTOR('',#6656,1.);
#6656 = DIRECTION('',(1.,0.,0.));
#6657 = ORIENTED_EDGE('',*,*,#6658,.F.);
#6658 = EDGE_CURVE('',#6659,#6651,#6661,.T.);
#6659 = VERTEX_POINT('',#6660);
#6660 = CARTESIAN_POINT('',(880.,147.,9.));
#6661 = LINE('',#6662,#6663);
#6662 = CARTESIAN_POINT('',(880.,147.,9.));
#6663 = VECTOR('',#6664,1.);
#6664 = DIRECTION('',(0.,0.,1.));
#6665 = ORIENTED_EDGE('',*,*,#6666,.F.);
#6666 = EDGE_CURVE('',#6641,#6659,#6667,.T.);
#6667 = LINE('',#6668,#6669);
#6668 = CARTESIAN_POINT('',(210.,147.,9.));
#6669 = VECTOR('',#6670,1.);
#6670 = DIRECTION('',(1.,0.,0.));
#6671 = PLANE('',#6672);
#6672 = AXIS2_PLACEMENT_3D('',#6673,#6674,#6675);
#6673 = CARTESIAN_POINT('',(210.,147.,9.));
#6674 = DIRECTION('',(0.,1.,0.));
#6675 = DIRECTION('',(1.,0.,0.));
#6676 = ADVANCED_FACE('',(#6677),#6702,.F.);
#6677 = FACE_BOUND('',#6678,.F.);
#6678 = EDGE_LOOP('',(#6679,#6689,#6695,#6696));
#6679 = ORIENTED_EDGE('',*,*,#6680,.T.);
#6680 = EDGE_CURVE('',#6681,#6683,#6685,.T.);
#6681 = VERTEX_POINT('',#6682);
#6682 = CARTESIAN_POINT('',(210.,177.,9.));
#6683 = VERTEX_POINT('',#6684);
#6684 = CARTESIAN_POINT('',(210.,177.,21.));
#6685 = LINE('',#6686,#6687);
#6686 = CARTESIAN_POINT('',(210.,177.,9.));
#6687 = VECTOR('',#6688,1.);
#6688 = DIRECTION('',(0.,0.,1.));
#6689 = ORIENTED_EDGE('',*,*,#6690,.T.);
#6690 = EDGE_CURVE('',#6683,#6643,#6691,.T.);
#6691 = LINE('',#6692,#6693);
#6692 = CARTESIAN_POINT('',(210.,177.,21.));
#6693 = VECTOR('',#6694,1.);
#6694 = DIRECTION('',(0.,-1.,0.));
#6695 = ORIENTED_EDGE('',*,*,#6640,.F.);
#6696 = ORIENTED_EDGE('',*,*,#6697,.F.);
#6697 = EDGE_CURVE('',#6681,#6641,#6698,.T.);
#6698 = LINE('',#6699,#6700);
#6699 = CARTESIAN_POINT('',(210.,177.,9.));
#6700 = VECTOR('',#6701,1.);
#6701 = DIRECTION('',(0.,-1.,0.));
#6702 = PLANE('',#6703);
#6703 = AXIS2_PLACEMENT_3D('',#6704,#6705,#6706);
#6704 = CARTESIAN_POINT('',(210.,177.,9.));
#6705 = DIRECTION('',(1.,0.,-0.));
#6706 = DIRECTION('',(0.,-1.,0.));
#6707 = ADVANCED_FACE('',(#6708),#6733,.F.);
#6708 = FACE_BOUND('',#6709,.F.);
#6709 = EDGE_LOOP('',(#6710,#6711,#6719,#6727));
#6710 = ORIENTED_EDGE('',*,*,#6658,.T.);
#6711 = ORIENTED_EDGE('',*,*,#6712,.T.);
#6712 = EDGE_CURVE('',#6651,#6713,#6715,.T.);
#6713 = VERTEX_POINT('',#6714);
#6714 = CARTESIAN_POINT('',(880.,177.,21.));
#6715 = LINE('',#6716,#6717);
#6716 = CARTESIAN_POINT('',(880.,147.,21.));
#6717 = VECTOR('',#6718,1.);
#6718 = DIRECTION('',(0.,1.,0.));
#6719 = ORIENTED_EDGE('',*,*,#6720,.F.);
#6720 = EDGE_CURVE('',#6721,#6713,#6723,.T.);
#6721 = VERTEX_POINT('',#6722);
#6722 = CARTESIAN_POINT('',(880.,177.,9.));
#6723 = LINE('',#6724,#6725);
#6724 = CARTESIAN_POINT('',(880.,177.,9.));
#6725 = VECTOR('',#6726,1.);
#6726 = DIRECTION('',(0.,0.,1.));
#6727 = ORIENTED_EDGE('',*,*,#6728,.F.);
#6728 = EDGE_CURVE('',#6659,#6721,#6729,.T.);
#6729 = LINE('',#6730,#6731);
#6730 = CARTESIAN_POINT('',(880.,147.,9.));
#6731 = VECTOR('',#6732,1.);
#6732 = DIRECTION('',(0.,1.,0.));
#6733 = PLANE('',#6734);
#6734 = AXIS2_PLACEMENT_3D('',#6735,#6736,#6737);
#6735 = CARTESIAN_POINT('',(880.,147.,9.));
#6736 = DIRECTION('',(-1.,0.,0.));
#6737 = DIRECTION('',(0.,1.,0.));
#6738 = ADVANCED_FACE('',(#6739,#6750,#6761,#6772,#6783,#6794),#6805,.F.
  );
#6739 = FACE_BOUND('',#6740,.F.);
#6740 = EDGE_LOOP('',(#6741,#6742,#6743,#6749));
#6741 = ORIENTED_EDGE('',*,*,#6666,.T.);
#6742 = ORIENTED_EDGE('',*,*,#6728,.T.);
#6743 = ORIENTED_EDGE('',*,*,#6744,.T.);
#6744 = EDGE_CURVE('',#6721,#6681,#6745,.T.);
#6745 = LINE('',#6746,#6747);
#6746 = CARTESIAN_POINT('',(880.,177.,9.));
#6747 = VECTOR('',#6748,1.);
#6748 = DIRECTION('',(-1.,0.,0.));
#6749 = ORIENTED_EDGE('',*,*,#6697,.T.);
#6750 = FACE_BOUND('',#6751,.F.);
#6751 = EDGE_LOOP('',(#6752));
#6752 = ORIENTED_EDGE('',*,*,#6753,.F.);
#6753 = EDGE_CURVE('',#6754,#6754,#6756,.T.);
#6754 = VERTEX_POINT('',#6755);
#6755 = CARTESIAN_POINT('',(224.15,162.,9.));
#6756 = CIRCLE('',#6757,2.5);
#6757 = AXIS2_PLACEMENT_3D('',#6758,#6759,#6760);
#6758 = CARTESIAN_POINT('',(221.65,162.,9.));
#6759 = DIRECTION('',(0.,0.,1.));
#6760 = DIRECTION('',(1.,0.,-0.));
#6761 = FACE_BOUND('',#6762,.F.);
#6762 = EDGE_LOOP('',(#6763));
#6763 = ORIENTED_EDGE('',*,*,#6764,.F.);
#6764 = EDGE_CURVE('',#6765,#6765,#6767,.T.);
#6765 = VERTEX_POINT('',#6766);
#6766 = CARTESIAN_POINT('',(361.22,162.,9.));
#6767 = CIRCLE('',#6768,2.5);
#6768 = AXIS2_PLACEMENT_3D('',#6769,#6770,#6771);
#6769 = CARTESIAN_POINT('',(358.72,162.,9.));
#6770 = DIRECTION('',(0.,0.,1.));
#6771 = DIRECTION('',(1.,0.,-0.));
#6772 = FACE_BOUND('',#6773,.F.);
#6773 = EDGE_LOOP('',(#6774));
#6774 = ORIENTED_EDGE('',*,*,#6775,.F.);
#6775 = EDGE_CURVE('',#6776,#6776,#6778,.T.);
#6776 = VERTEX_POINT('',#6777);
#6777 = CARTESIAN_POINT('',(526.11,162.,9.));
#6778 = CIRCLE('',#6779,2.5);
#6779 = AXIS2_PLACEMENT_3D('',#6780,#6781,#6782);
#6780 = CARTESIAN_POINT('',(523.61,162.,9.));
#6781 = DIRECTION('',(0.,0.,1.));
#6782 = DIRECTION('',(1.,0.,-0.));
#6783 = FACE_BOUND('',#6784,.F.);
#6784 = EDGE_LOOP('',(#6785));
#6785 = ORIENTED_EDGE('',*,*,#6786,.F.);
#6786 = EDGE_CURVE('',#6787,#6787,#6789,.T.);
#6787 = VERTEX_POINT('',#6788);
#6788 = CARTESIAN_POINT('',(705.7,162.,9.));
#6789 = CIRCLE('',#6790,2.5);
#6790 = AXIS2_PLACEMENT_3D('',#6791,#6792,#6793);
#6791 = CARTESIAN_POINT('',(703.2,162.,9.));
#6792 = DIRECTION('',(0.,0.,1.));
#6793 = DIRECTION('',(1.,0.,-0.));
#6794 = FACE_BOUND('',#6795,.F.);
#6795 = EDGE_LOOP('',(#6796));
#6796 = ORIENTED_EDGE('',*,*,#6797,.F.);
#6797 = EDGE_CURVE('',#6798,#6798,#6800,.T.);
#6798 = VERTEX_POINT('',#6799);
#6799 = CARTESIAN_POINT('',(870.9,162.,9.));
#6800 = CIRCLE('',#6801,2.5);
#6801 = AXIS2_PLACEMENT_3D('',#6802,#6803,#6804);
#6802 = CARTESIAN_POINT('',(868.4,162.,9.));
#6803 = DIRECTION('',(0.,0.,1.));
#6804 = DIRECTION('',(1.,0.,-0.));
#6805 = PLANE('',#6806);
#6806 = AXIS2_PLACEMENT_3D('',#6807,#6808,#6809);
#6807 = CARTESIAN_POINT('',(545.,162.,9.));
#6808 = DIRECTION('',(0.,0.,1.));
#6809 = DIRECTION('',(1.,0.,-0.));
#6810 = ADVANCED_FACE('',(#6811,#6822,#6833,#6844,#6855,#6866),#6877,.T.
  );
#6811 = FACE_BOUND('',#6812,.T.);
#6812 = EDGE_LOOP('',(#6813,#6814,#6815,#6821));
#6813 = ORIENTED_EDGE('',*,*,#6650,.T.);
#6814 = ORIENTED_EDGE('',*,*,#6712,.T.);
#6815 = ORIENTED_EDGE('',*,*,#6816,.T.);
#6816 = EDGE_CURVE('',#6713,#6683,#6817,.T.);
#6817 = LINE('',#6818,#6819);
#6818 = CARTESIAN_POINT('',(880.,177.,21.));
#6819 = VECTOR('',#6820,1.);
#6820 = DIRECTION('',(-1.,0.,0.));
#6821 = ORIENTED_EDGE('',*,*,#6690,.T.);
#6822 = FACE_BOUND('',#6823,.T.);
#6823 = EDGE_LOOP('',(#6824));
#6824 = ORIENTED_EDGE('',*,*,#6825,.F.);
#6825 = EDGE_CURVE('',#6826,#6826,#6828,.T.);
#6826 = VERTEX_POINT('',#6827);
#6827 = CARTESIAN_POINT('',(224.15,162.,21.));
#6828 = CIRCLE('',#6829,2.5);
#6829 = AXIS2_PLACEMENT_3D('',#6830,#6831,#6832);
#6830 = CARTESIAN_POINT('',(221.65,162.,21.));
#6831 = DIRECTION('',(0.,0.,1.));
#6832 = DIRECTION('',(1.,0.,-0.));
#6833 = FACE_BOUND('',#6834,.T.);
#6834 = EDGE_LOOP('',(#6835));
#6835 = ORIENTED_EDGE('',*,*,#6836,.F.);
#6836 = EDGE_CURVE('',#6837,#6837,#6839,.T.);
#6837 = VERTEX_POINT('',#6838);
#6838 = CARTESIAN_POINT('',(361.22,162.,21.));
#6839 = CIRCLE('',#6840,2.5);
#6840 = AXIS2_PLACEMENT_3D('',#6841,#6842,#6843);
#6841 = CARTESIAN_POINT('',(358.72,162.,21.));
#6842 = DIRECTION('',(0.,0.,1.));
#6843 = DIRECTION('',(1.,0.,-0.));
#6844 = FACE_BOUND('',#6845,.T.);
#6845 = EDGE_LOOP('',(#6846));
#6846 = ORIENTED_EDGE('',*,*,#6847,.F.);
#6847 = EDGE_CURVE('',#6848,#6848,#6850,.T.);
#6848 = VERTEX_POINT('',#6849);
#6849 = CARTESIAN_POINT('',(526.11,162.,21.));
#6850 = CIRCLE('',#6851,2.5);
#6851 = AXIS2_PLACEMENT_3D('',#6852,#6853,#6854);
#6852 = CARTESIAN_POINT('',(523.61,162.,21.));
#6853 = DIRECTION('',(0.,0.,1.));
#6854 = DIRECTION('',(1.,0.,-0.));
#6855 = FACE_BOUND('',#6856,.T.);
#6856 = EDGE_LOOP('',(#6857));
#6857 = ORIENTED_EDGE('',*,*,#6858,.F.);
#6858 = EDGE_CURVE('',#6859,#6859,#6861,.T.);
#6859 = VERTEX_POINT('',#6860);
#6860 = CARTESIAN_POINT('',(705.7,162.,21.));
#6861 = CIRCLE('',#6862,2.5);
#6862 = AXIS2_PLACEMENT_3D('',#6863,#6864,#6865);
#6863 = CARTESIAN_POINT('',(703.2,162.,21.));
#6864 = DIRECTION('',(0.,0.,1.));
#6865 = DIRECTION('',(1.,0.,-0.));
#6866 = FACE_BOUND('',#6867,.T.);
#6867 = EDGE_LOOP('',(#6868));
#6868 = ORIENTED_EDGE('',*,*,#6869,.F.);
#6869 = EDGE_CURVE('',#6870,#6870,#6872,.T.);
#6870 = VERTEX_POINT('',#6871);
#6871 = CARTESIAN_POINT('',(870.9,162.,21.));
#6872 = CIRCLE('',#6873,2.5);
#6873 = AXIS2_PLACEMENT_3D('',#6874,#6875,#6876);
#6874 = CARTESIAN_POINT('',(868.4,162.,21.));
#6875 = DIRECTION('',(0.,0.,1.));
#6876 = DIRECTION('',(1.,0.,-0.));
#6877 = PLANE('',#6878);
#6878 = AXIS2_PLACEMENT_3D('',#6879,#6880,#6881);
#6879 = CARTESIAN_POINT('',(545.,162.,21.));
#6880 = DIRECTION('',(0.,0.,1.));
#6881 = DIRECTION('',(1.,0.,-0.));
#6882 = ADVANCED_FACE('',(#6883),#6889,.F.);
#6883 = FACE_BOUND('',#6884,.F.);
#6884 = EDGE_LOOP('',(#6885,#6886,#6887,#6888));
#6885 = ORIENTED_EDGE('',*,*,#6720,.T.);
#6886 = ORIENTED_EDGE('',*,*,#6816,.T.);
#6887 = ORIENTED_EDGE('',*,*,#6680,.F.);
#6888 = ORIENTED_EDGE('',*,*,#6744,.F.);
#6889 = PLANE('',#6890);
#6890 = AXIS2_PLACEMENT_3D('',#6891,#6892,#6893);
#6891 = CARTESIAN_POINT('',(880.,177.,9.));
#6892 = DIRECTION('',(0.,-1.,0.));
#6893 = DIRECTION('',(-1.,0.,0.));
#6894 = ADVANCED_FACE('',(#6895),#6906,.F.);
#6895 = FACE_BOUND('',#6896,.F.);
#6896 = EDGE_LOOP('',(#6897,#6898,#6904,#6905));
#6897 = ORIENTED_EDGE('',*,*,#6825,.F.);
#6898 = ORIENTED_EDGE('',*,*,#6899,.F.);
#6899 = EDGE_CURVE('',#6754,#6826,#6900,.T.);
#6900 = LINE('',#6901,#6902);
#6901 = CARTESIAN_POINT('',(224.15,162.,8.));
#6902 = VECTOR('',#6903,1.);
#6903 = DIRECTION('',(0.,0.,1.));
#6904 = ORIENTED_EDGE('',*,*,#6753,.T.);
#6905 = ORIENTED_EDGE('',*,*,#6899,.T.);
#6906 = CYLINDRICAL_SURFACE('',#6907,2.5);
#6907 = AXIS2_PLACEMENT_3D('',#6908,#6909,#6910);
#6908 = CARTESIAN_POINT('',(221.65,162.,8.));
#6909 = DIRECTION('',(0.,0.,1.));
#6910 = DIRECTION('',(1.,0.,-0.));
#6911 = ADVANCED_FACE('',(#6912),#6923,.F.);
#6912 = FACE_BOUND('',#6913,.F.);
#6913 = EDGE_LOOP('',(#6914,#6915,#6921,#6922));
#6914 = ORIENTED_EDGE('',*,*,#6836,.F.);
#6915 = ORIENTED_EDGE('',*,*,#6916,.F.);
#6916 = EDGE_CURVE('',#6765,#6837,#6917,.T.);
#6917 = LINE('',#6918,#6919);
#6918 = CARTESIAN_POINT('',(361.22,162.,8.));
#6919 = VECTOR('',#6920,1.);
#6920 = DIRECTION('',(0.,0.,1.));
#6921 = ORIENTED_EDGE('',*,*,#6764,.T.);
#6922 = ORIENTED_EDGE('',*,*,#6916,.T.);
#6923 = CYLINDRICAL_SURFACE('',#6924,2.5);
#6924 = AXIS2_PLACEMENT_3D('',#6925,#6926,#6927);
#6925 = CARTESIAN_POINT('',(358.72,162.,8.));
#6926 = DIRECTION('',(0.,0.,1.));
#6927 = DIRECTION('',(1.,0.,-0.));
#6928 = ADVANCED_FACE('',(#6929),#6940,.F.);
#6929 = FACE_BOUND('',#6930,.F.);
#6930 = EDGE_LOOP('',(#6931,#6932,#6938,#6939));
#6931 = ORIENTED_EDGE('',*,*,#6847,.F.);
#6932 = ORIENTED_EDGE('',*,*,#6933,.F.);
#6933 = EDGE_CURVE('',#6776,#6848,#6934,.T.);
#6934 = LINE('',#6935,#6936);
#6935 = CARTESIAN_POINT('',(526.11,162.,8.));
#6936 = VECTOR('',#6937,1.);
#6937 = DIRECTION('',(0.,0.,1.));
#6938 = ORIENTED_EDGE('',*,*,#6775,.T.);
#6939 = ORIENTED_EDGE('',*,*,#6933,.T.);
#6940 = CYLINDRICAL_SURFACE('',#6941,2.5);
#6941 = AXIS2_PLACEMENT_3D('',#6942,#6943,#6944);
#6942 = CARTESIAN_POINT('',(523.61,162.,8.));
#6943 = DIRECTION('',(0.,0.,1.));
#6944 = DIRECTION('',(1.,0.,-0.));
#6945 = ADVANCED_FACE('',(#6946),#6957,.F.);
#6946 = FACE_BOUND('',#6947,.F.);
#6947 = EDGE_LOOP('',(#6948,#6949,#6955,#6956));
#6948 = ORIENTED_EDGE('',*,*,#6858,.F.);
#6949 = ORIENTED_EDGE('',*,*,#6950,.F.);
#6950 = EDGE_CURVE('',#6787,#6859,#6951,.T.);
#6951 = LINE('',#6952,#6953);
#6952 = CARTESIAN_POINT('',(705.7,162.,8.));
#6953 = VECTOR('',#6954,1.);
#6954 = DIRECTION('',(0.,0.,1.));
#6955 = ORIENTED_EDGE('',*,*,#6786,.T.);
#6956 = ORIENTED_EDGE('',*,*,#6950,.T.);
#6957 = CYLINDRICAL_SURFACE('',#6958,2.5);
#6958 = AXIS2_PLACEMENT_3D('',#6959,#6960,#6961);
#6959 = CARTESIAN_POINT('',(703.2,162.,8.));
#6960 = DIRECTION('',(0.,0.,1.));
#6961 = DIRECTION('',(1.,0.,-0.));
#6962 = ADVANCED_FACE('',(#6963),#6974,.F.);
#6963 = FACE_BOUND('',#6964,.F.);
#6964 = EDGE_LOOP('',(#6965,#6966,#6972,#6973));
#6965 = ORIENTED_EDGE('',*,*,#6869,.F.);
#6966 = ORIENTED_EDGE('',*,*,#6967,.F.);
#6967 = EDGE_CURVE('',#6798,#6870,#6968,.T.);
#6968 = LINE('',#6969,#6970);
#6969 = CARTESIAN_POINT('',(870.9,162.,8.));
#6970 = VECTOR('',#6971,1.);
#6971 = DIRECTION('',(0.,0.,1.));
#6972 = ORIENTED_EDGE('',*,*,#6797,.T.);
#6973 = ORIENTED_EDGE('',*,*,#6967,.T.);
#6974 = CYLINDRICAL_SURFACE('',#6975,2.5);
#6975 = AXIS2_PLACEMENT_3D('',#6976,#6977,#6978);
#6976 = CARTESIAN_POINT('',(868.4,162.,8.));
#6977 = DIRECTION('',(0.,0.,1.));
#6978 = DIRECTION('',(1.,0.,-0.));
#6979 = ( GEOMETRIC_REPRESENTATION_CONTEXT(3) 
GLOBAL_UNCERTAINTY_ASSIGNED_CONTEXT((#6983)) 
GLOBAL_UNIT_ASSIGNED_CONTEXT((#6980,#6981,#6982)) REPRESENTATION_CONTEXT
('Context #1','3D Context with UNIT and UNCERTAINTY') );
#6980 = ( LENGTH_UNIT() NAMED_UNIT(*) SI_UNIT(.MILLI.,.METRE.) );
#6981 = ( NAMED_UNIT(*) PLANE_ANGLE_UNIT() SI_UNIT($,.RADIAN.) );
#6982 = ( NAMED_UNIT(*) SI_UNIT($,.STERADIAN.) SOLID_ANGLE_UNIT() );
#6983 = UNCERTAINTY_MEASURE_WITH_UNIT(LENGTH_MEASURE(1.E-07),#6980,
  'distance_accuracy_value','confusion accuracy');
#6984 = CONTEXT_DEPENDENT_SHAPE_REPRESENTATION(#6985,#6987);
#6985 = ( REPRESENTATION_RELATIONSHIP('','',#6633,#10) 
REPRESENTATION_RELATIONSHIP_WITH_TRANSFORMATION(#6986) 
SHAPE_REPRESENTATION_RELATIONSHIP() );
#6986 = ITEM_DEFINED_TRANSFORMATION('','',#11,#47);
#6987 = PRODUCT_DEFINITION_SHAPE('Placement','Placement of an item',
  #6988);
#6988 = NEXT_ASSEMBLY_USAGE_OCCURRENCE('31','Keybed riser001','',#5,
  #6628,$);
#6989 = PRODUCT_RELATED_PRODUCT_CATEGORY('part',$,(#6630));
#6990 = SHAPE_DEFINITION_REPRESENTATION(#6991,#6997);
#6991 = PRODUCT_DEFINITION_SHAPE('','',#6992);
#6992 = PRODUCT_DEFINITION('design','',#6993,#6996);
#6993 = PRODUCT_DEFINITION_FORMATION('','',#6994);
#6994 = PRODUCT('Strip behind the keys','Strip behind the keys','',(
    #6995));
#6995 = PRODUCT_CONTEXT('',#2,'mechanical');
#6996 = PRODUCT_DEFINITION_CONTEXT('part definition',#2,'design');
#6997 = ADVANCED_BREP_SHAPE_REPRESENTATION('',(#11,#6998),#7532);
#6998 = MANIFOLD_SOLID_BREP('',#6999);
#6999 = CLOSED_SHELL('',(#7000,#7040,#7071,#7102,#7185,#7268,#7280,#7305
    ,#7330,#7355,#7380,#7405,#7430,#7447,#7464,#7481,#7498,#7515));
#7000 = ADVANCED_FACE('',(#7001),#7035,.F.);
#7001 = FACE_BOUND('',#7002,.F.);
#7002 = EDGE_LOOP('',(#7003,#7013,#7021,#7029));
#7003 = ORIENTED_EDGE('',*,*,#7004,.T.);
#7004 = EDGE_CURVE('',#7005,#7007,#7009,.T.);
#7005 = VERTEX_POINT('',#7006);
#7006 = CARTESIAN_POINT('',(198.,161.5,73.));
#7007 = VERTEX_POINT('',#7008);
#7008 = CARTESIAN_POINT('',(198.,161.5,82.));
#7009 = LINE('',#7010,#7011);
#7010 = CARTESIAN_POINT('',(198.,161.5,73.));
#7011 = VECTOR('',#7012,1.);
#7012 = DIRECTION('',(0.,0.,1.));
#7013 = ORIENTED_EDGE('',*,*,#7014,.T.);
#7014 = EDGE_CURVE('',#7007,#7015,#7017,.T.);
#7015 = VERTEX_POINT('',#7016);
#7016 = CARTESIAN_POINT('',(887.,161.5,82.));
#7017 = LINE('',#7018,#7019);
#7018 = CARTESIAN_POINT('',(198.,161.5,82.));
#7019 = VECTOR('',#7020,1.);
#7020 = DIRECTION('',(1.,0.,0.));
#7021 = ORIENTED_EDGE('',*,*,#7022,.F.);
#7022 = EDGE_CURVE('',#7023,#7015,#7025,.T.);
#7023 = VERTEX_POINT('',#7024);
#7024 = CARTESIAN_POINT('',(887.,161.5,73.));
#7025 = LINE('',#7026,#7027);
#7026 = CARTESIAN_POINT('',(887.,161.5,73.));
#7027 = VECTOR('',#7028,1.);
#7028 = DIRECTION('',(0.,0.,1.));
#7029 = ORIENTED_EDGE('',*,*,#7030,.F.);
#7030 = EDGE_CURVE('',#7005,#7023,#7031,.T.);
#7031 = LINE('',#7032,#7033);
#7032 = CARTESIAN_POINT('',(198.,161.5,73.));
#7033 = VECTOR('',#7034,1.);
#7034 = DIRECTION('',(1.,0.,0.));
#7035 = PLANE('',#7036);
#7036 = AXIS2_PLACEMENT_3D('',#7037,#7038,#7039);
#7037 = CARTESIAN_POINT('',(198.,161.5,73.));
#7038 = DIRECTION('',(0.,1.,0.));
#7039 = DIRECTION('',(1.,0.,0.));
#7040 = ADVANCED_FACE('',(#7041),#7066,.F.);
#7041 = FACE_BOUND('',#7042,.F.);
#7042 = EDGE_LOOP('',(#7043,#7053,#7059,#7060));
#7043 = ORIENTED_EDGE('',*,*,#7044,.T.);
#7044 = EDGE_CURVE('',#7045,#7047,#7049,.T.);
#7045 = VERTEX_POINT('',#7046);
#7046 = CARTESIAN_POINT('',(198.,298.,73.));
#7047 = VERTEX_POINT('',#7048);
#7048 = CARTESIAN_POINT('',(198.,298.,82.));
#7049 = LINE('',#7050,#7051);
#7050 = CARTESIAN_POINT('',(198.,298.,73.));
#7051 = VECTOR('',#7052,1.);
#7052 = DIRECTION('',(0.,0.,1.));
#7053 = ORIENTED_EDGE('',*,*,#7054,.T.);
#7054 = EDGE_CURVE('',#7047,#7007,#7055,.T.);
#7055 = LINE('',#7056,#7057);
#7056 = CARTESIAN_POINT('',(198.,298.,82.));
#7057 = VECTOR('',#7058,1.);
#7058 = DIRECTION('',(0.,-1.,0.));
#7059 = ORIENTED_EDGE('',*,*,#7004,.F.);
#7060 = ORIENTED_EDGE('',*,*,#7061,.F.);
#7061 = EDGE_CURVE('',#7045,#7005,#7062,.T.);
#7062 = LINE('',#7063,#7064);
#7063 = CARTESIAN_POINT('',(198.,298.,73.));
#7064 = VECTOR('',#7065,1.);
#7065 = DIRECTION('',(0.,-1.,0.));
#7066 = PLANE('',#7067);
#7067 = AXIS2_PLACEMENT_3D('',#7068,#7069,#7070);
#7068 = CARTESIAN_POINT('',(198.,298.,73.));
#7069 = DIRECTION('',(1.,0.,-0.));
#7070 = DIRECTION('',(0.,-1.,0.));
#7071 = ADVANCED_FACE('',(#7072),#7097,.F.);
#7072 = FACE_BOUND('',#7073,.F.);
#7073 = EDGE_LOOP('',(#7074,#7075,#7083,#7091));
#7074 = ORIENTED_EDGE('',*,*,#7022,.T.);
#7075 = ORIENTED_EDGE('',*,*,#7076,.T.);
#7076 = EDGE_CURVE('',#7015,#7077,#7079,.T.);
#7077 = VERTEX_POINT('',#7078);
#7078 = CARTESIAN_POINT('',(887.,298.,82.));
#7079 = LINE('',#7080,#7081);
#7080 = CARTESIAN_POINT('',(887.,161.5,82.));
#7081 = VECTOR('',#7082,1.);
#7082 = DIRECTION('',(0.,1.,0.));
#7083 = ORIENTED_EDGE('',*,*,#7084,.F.);
#7084 = EDGE_CURVE('',#7085,#7077,#7087,.T.);
#7085 = VERTEX_POINT('',#7086);
#7086 = CARTESIAN_POINT('',(887.,298.,73.));
#7087 = LINE('',#7088,#7089);
#7088 = CARTESIAN_POINT('',(887.,298.,73.));
#7089 = VECTOR('',#7090,1.);
#7090 = DIRECTION('',(0.,0.,1.));
#7091 = ORIENTED_EDGE('',*,*,#7092,.F.);
#7092 = EDGE_CURVE('',#7023,#7085,#7093,.T.);
#7093 = LINE('',#7094,#7095);
#7094 = CARTESIAN_POINT('',(887.,161.5,73.));
#7095 = VECTOR('',#7096,1.);
#7096 = DIRECTION('',(0.,1.,0.));
#7097 = PLANE('',#7098);
#7098 = AXIS2_PLACEMENT_3D('',#7099,#7100,#7101);
#7099 = CARTESIAN_POINT('',(887.,161.5,73.));
#7100 = DIRECTION('',(-1.,0.,0.));
#7101 = DIRECTION('',(0.,1.,0.));
#7102 = ADVANCED_FACE('',(#7103,#7114,#7125,#7136,#7147,#7158,#7169),
  #7180,.F.);
#7103 = FACE_BOUND('',#7104,.F.);
#7104 = EDGE_LOOP('',(#7105,#7106,#7107,#7113));
#7105 = ORIENTED_EDGE('',*,*,#7030,.T.);
#7106 = ORIENTED_EDGE('',*,*,#7092,.T.);
#7107 = ORIENTED_EDGE('',*,*,#7108,.T.);
#7108 = EDGE_CURVE('',#7085,#7045,#7109,.T.);
#7109 = LINE('',#7110,#7111);
#7110 = CARTESIAN_POINT('',(887.,298.,73.));
#7111 = VECTOR('',#7112,1.);
#7112 = DIRECTION('',(-1.,0.,0.));
#7113 = ORIENTED_EDGE('',*,*,#7061,.T.);
#7114 = FACE_BOUND('',#7115,.F.);
#7115 = EDGE_LOOP('',(#7116));
#7116 = ORIENTED_EDGE('',*,*,#7117,.F.);
#7117 = EDGE_CURVE('',#7118,#7118,#7120,.T.);
#7118 = VERTEX_POINT('',#7119);
#7119 = CARTESIAN_POINT('',(207.5,195.,73.));
#7120 = CIRCLE('',#7121,2.);
#7121 = AXIS2_PLACEMENT_3D('',#7122,#7123,#7124);
#7122 = CARTESIAN_POINT('',(205.5,195.,73.));
#7123 = DIRECTION('',(0.,0.,1.));
#7124 = DIRECTION('',(1.,0.,-0.));
#7125 = FACE_BOUND('',#7126,.F.);
#7126 = EDGE_LOOP('',(#7127));
#7127 = ORIENTED_EDGE('',*,*,#7128,.F.);
#7128 = EDGE_CURVE('',#7129,#7129,#7131,.T.);
#7129 = VERTEX_POINT('',#7130);
#7130 = CARTESIAN_POINT('',(881.5,195.,73.));
#7131 = CIRCLE('',#7132,2.);
#7132 = AXIS2_PLACEMENT_3D('',#7133,#7134,#7135);
#7133 = CARTESIAN_POINT('',(879.5,195.,73.));
#7134 = DIRECTION('',(0.,0.,1.));
#7135 = DIRECTION('',(1.,0.,-0.));
#7136 = FACE_BOUND('',#7137,.F.);
#7137 = EDGE_LOOP('',(#7138));
#7138 = ORIENTED_EDGE('',*,*,#7139,.F.);
#7139 = EDGE_CURVE('',#7140,#7140,#7142,.T.);
#7140 = VERTEX_POINT('',#7141);
#7141 = CARTESIAN_POINT('',(207.5,235.,73.));
#7142 = CIRCLE('',#7143,2.);
#7143 = AXIS2_PLACEMENT_3D('',#7144,#7145,#7146);
#7144 = CARTESIAN_POINT('',(205.5,235.,73.));
#7145 = DIRECTION('',(0.,0.,1.));
#7146 = DIRECTION('',(1.,0.,-0.));
#7147 = FACE_BOUND('',#7148,.F.);
#7148 = EDGE_LOOP('',(#7149));
#7149 = ORIENTED_EDGE('',*,*,#7150,.F.);
#7150 = EDGE_CURVE('',#7151,#7151,#7153,.T.);
#7151 = VERTEX_POINT('',#7152);
#7152 = CARTESIAN_POINT('',(207.5,275.,73.));
#7153 = CIRCLE('',#7154,2.);
#7154 = AXIS2_PLACEMENT_3D('',#7155,#7156,#7157);
#7155 = CARTESIAN_POINT('',(205.5,275.,73.));
#7156 = DIRECTION('',(0.,0.,1.));
#7157 = DIRECTION('',(1.,0.,-0.));
#7158 = FACE_BOUND('',#7159,.F.);
#7159 = EDGE_LOOP('',(#7160));
#7160 = ORIENTED_EDGE('',*,*,#7161,.F.);
#7161 = EDGE_CURVE('',#7162,#7162,#7164,.T.);
#7162 = VERTEX_POINT('',#7163);
#7163 = CARTESIAN_POINT('',(881.5,235.,73.));
#7164 = CIRCLE('',#7165,2.);
#7165 = AXIS2_PLACEMENT_3D('',#7166,#7167,#7168);
#7166 = CARTESIAN_POINT('',(879.5,235.,73.));
#7167 = DIRECTION('',(0.,0.,1.));
#7168 = DIRECTION('',(1.,0.,-0.));
#7169 = FACE_BOUND('',#7170,.F.);
#7170 = EDGE_LOOP('',(#7171));
#7171 = ORIENTED_EDGE('',*,*,#7172,.F.);
#7172 = EDGE_CURVE('',#7173,#7173,#7175,.T.);
#7173 = VERTEX_POINT('',#7174);
#7174 = CARTESIAN_POINT('',(881.5,275.,73.));
#7175 = CIRCLE('',#7176,2.);
#7176 = AXIS2_PLACEMENT_3D('',#7177,#7178,#7179);
#7177 = CARTESIAN_POINT('',(879.5,275.,73.));
#7178 = DIRECTION('',(0.,0.,1.));
#7179 = DIRECTION('',(1.,0.,-0.));
#7180 = PLANE('',#7181);
#7181 = AXIS2_PLACEMENT_3D('',#7182,#7183,#7184);
#7182 = CARTESIAN_POINT('',(542.5,229.75,73.));
#7183 = DIRECTION('',(0.,0.,1.));
#7184 = DIRECTION('',(1.,0.,-0.));
#7185 = ADVANCED_FACE('',(#7186,#7197,#7208,#7219,#7230,#7241,#7252),
  #7263,.T.);
#7186 = FACE_BOUND('',#7187,.T.);
#7187 = EDGE_LOOP('',(#7188,#7189,#7190,#7196));
#7188 = ORIENTED_EDGE('',*,*,#7014,.T.);
#7189 = ORIENTED_EDGE('',*,*,#7076,.T.);
#7190 = ORIENTED_EDGE('',*,*,#7191,.T.);
#7191 = EDGE_CURVE('',#7077,#7047,#7192,.T.);
#7192 = LINE('',#7193,#7194);
#7193 = CARTESIAN_POINT('',(887.,298.,82.));
#7194 = VECTOR('',#7195,1.);
#7195 = DIRECTION('',(-1.,0.,0.));
#7196 = ORIENTED_EDGE('',*,*,#7054,.T.);
#7197 = FACE_BOUND('',#7198,.T.);
#7198 = EDGE_LOOP('',(#7199));
#7199 = ORIENTED_EDGE('',*,*,#7200,.F.);
#7200 = EDGE_CURVE('',#7201,#7201,#7203,.T.);
#7201 = VERTEX_POINT('',#7202);
#7202 = CARTESIAN_POINT('',(209.5,195.,82.));
#7203 = CIRCLE('',#7204,4.);
#7204 = AXIS2_PLACEMENT_3D('',#7205,#7206,#7207);
#7205 = CARTESIAN_POINT('',(205.5,195.,82.));
#7206 = DIRECTION('',(0.,0.,1.));
#7207 = DIRECTION('',(1.,0.,-0.));
#7208 = FACE_BOUND('',#7209,.T.);
#7209 = EDGE_LOOP('',(#7210));
#7210 = ORIENTED_EDGE('',*,*,#7211,.F.);
#7211 = EDGE_CURVE('',#7212,#7212,#7214,.T.);
#7212 = VERTEX_POINT('',#7213);
#7213 = CARTESIAN_POINT('',(883.5,195.,82.));
#7214 = CIRCLE('',#7215,4.);
#7215 = AXIS2_PLACEMENT_3D('',#7216,#7217,#7218);
#7216 = CARTESIAN_POINT('',(879.5,195.,82.));
#7217 = DIRECTION('',(0.,0.,1.));
#7218 = DIRECTION('',(1.,0.,-0.));
#7219 = FACE_BOUND('',#7220,.T.);
#7220 = EDGE_LOOP('',(#7221));
#7221 = ORIENTED_EDGE('',*,*,#7222,.F.);
#7222 = EDGE_CURVE('',#7223,#7223,#7225,.T.);
#7223 = VERTEX_POINT('',#7224);
#7224 = CARTESIAN_POINT('',(209.5,235.,82.));
#7225 = CIRCLE('',#7226,4.);
#7226 = AXIS2_PLACEMENT_3D('',#7227,#7228,#7229);
#7227 = CARTESIAN_POINT('',(205.5,235.,82.));
#7228 = DIRECTION('',(0.,0.,1.));
#7229 = DIRECTION('',(1.,0.,-0.));
#7230 = FACE_BOUND('',#7231,.T.);
#7231 = EDGE_LOOP('',(#7232));
#7232 = ORIENTED_EDGE('',*,*,#7233,.F.);
#7233 = EDGE_CURVE('',#7234,#7234,#7236,.T.);
#7234 = VERTEX_POINT('',#7235);
#7235 = CARTESIAN_POINT('',(209.5,275.,82.));
#7236 = CIRCLE('',#7237,4.);
#7237 = AXIS2_PLACEMENT_3D('',#7238,#7239,#7240);
#7238 = CARTESIAN_POINT('',(205.5,275.,82.));
#7239 = DIRECTION('',(0.,0.,1.));
#7240 = DIRECTION('',(1.,0.,-0.));
#7241 = FACE_BOUND('',#7242,.T.);
#7242 = EDGE_LOOP('',(#7243));
#7243 = ORIENTED_EDGE('',*,*,#7244,.F.);
#7244 = EDGE_CURVE('',#7245,#7245,#7247,.T.);
#7245 = VERTEX_POINT('',#7246);
#7246 = CARTESIAN_POINT('',(883.5,235.,82.));
#7247 = CIRCLE('',#7248,4.);
#7248 = AXIS2_PLACEMENT_3D('',#7249,#7250,#7251);
#7249 = CARTESIAN_POINT('',(879.5,235.,82.));
#7250 = DIRECTION('',(0.,0.,1.));
#7251 = DIRECTION('',(1.,0.,-0.));
#7252 = FACE_BOUND('',#7253,.T.);
#7253 = EDGE_LOOP('',(#7254));
#7254 = ORIENTED_EDGE('',*,*,#7255,.F.);
#7255 = EDGE_CURVE('',#7256,#7256,#7258,.T.);
#7256 = VERTEX_POINT('',#7257);
#7257 = CARTESIAN_POINT('',(883.5,275.,82.));
#7258 = CIRCLE('',#7259,4.);
#7259 = AXIS2_PLACEMENT_3D('',#7260,#7261,#7262);
#7260 = CARTESIAN_POINT('',(879.5,275.,82.));
#7261 = DIRECTION('',(0.,0.,1.));
#7262 = DIRECTION('',(1.,0.,-0.));
#7263 = PLANE('',#7264);
#7264 = AXIS2_PLACEMENT_3D('',#7265,#7266,#7267);
#7265 = CARTESIAN_POINT('',(542.5,229.75,82.));
#7266 = DIRECTION('',(0.,0.,1.));
#7267 = DIRECTION('',(1.,0.,-0.));
#7268 = ADVANCED_FACE('',(#7269),#7275,.F.);
#7269 = FACE_BOUND('',#7270,.F.);
#7270 = EDGE_LOOP('',(#7271,#7272,#7273,#7274));
#7271 = ORIENTED_EDGE('',*,*,#7084,.T.);
#7272 = ORIENTED_EDGE('',*,*,#7191,.T.);
#7273 = ORIENTED_EDGE('',*,*,#7044,.F.);
#7274 = ORIENTED_EDGE('',*,*,#7108,.F.);
#7275 = PLANE('',#7276);
#7276 = AXIS2_PLACEMENT_3D('',#7277,#7278,#7279);
#7277 = CARTESIAN_POINT('',(887.,298.,73.));
#7278 = DIRECTION('',(0.,-1.,0.));
#7279 = DIRECTION('',(-1.,0.,0.));
#7280 = ADVANCED_FACE('',(#7281),#7300,.F.);
#7281 = FACE_BOUND('',#7282,.F.);
#7282 = EDGE_LOOP('',(#7283,#7292,#7298,#7299));
#7283 = ORIENTED_EDGE('',*,*,#7284,.F.);
#7284 = EDGE_CURVE('',#7285,#7285,#7287,.T.);
#7285 = VERTEX_POINT('',#7286);
#7286 = CARTESIAN_POINT('',(207.5,195.,80.));
#7287 = CIRCLE('',#7288,2.);
#7288 = AXIS2_PLACEMENT_3D('',#7289,#7290,#7291);
#7289 = CARTESIAN_POINT('',(205.5,195.,80.));
#7290 = DIRECTION('',(0.,0.,1.));
#7291 = DIRECTION('',(1.,0.,-0.));
#7292 = ORIENTED_EDGE('',*,*,#7293,.F.);
#7293 = EDGE_CURVE('',#7118,#7285,#7294,.T.);
#7294 = LINE('',#7295,#7296);
#7295 = CARTESIAN_POINT('',(207.5,195.,72.));
#7296 = VECTOR('',#7297,1.);
#7297 = DIRECTION('',(0.,0.,1.));
#7298 = ORIENTED_EDGE('',*,*,#7117,.T.);
#7299 = ORIENTED_EDGE('',*,*,#7293,.T.);
#7300 = CYLINDRICAL_SURFACE('',#7301,2.);
#7301 = AXIS2_PLACEMENT_3D('',#7302,#7303,#7304);
#7302 = CARTESIAN_POINT('',(205.5,195.,72.));
#7303 = DIRECTION('',(0.,0.,1.));
#7304 = DIRECTION('',(1.,0.,-0.));
#7305 = ADVANCED_FACE('',(#7306),#7325,.F.);
#7306 = FACE_BOUND('',#7307,.F.);
#7307 = EDGE_LOOP('',(#7308,#7317,#7323,#7324));
#7308 = ORIENTED_EDGE('',*,*,#7309,.F.);
#7309 = EDGE_CURVE('',#7310,#7310,#7312,.T.);
#7310 = VERTEX_POINT('',#7311);
#7311 = CARTESIAN_POINT('',(881.5,195.,80.));
#7312 = CIRCLE('',#7313,2.);
#7313 = AXIS2_PLACEMENT_3D('',#7314,#7315,#7316);
#7314 = CARTESIAN_POINT('',(879.5,195.,80.));
#7315 = DIRECTION('',(0.,0.,1.));
#7316 = DIRECTION('',(1.,0.,-0.));
#7317 = ORIENTED_EDGE('',*,*,#7318,.F.);
#7318 = EDGE_CURVE('',#7129,#7310,#7319,.T.);
#7319 = LINE('',#7320,#7321);
#7320 = CARTESIAN_POINT('',(881.5,195.,72.));
#7321 = VECTOR('',#7322,1.);
#7322 = DIRECTION('',(0.,0.,1.));
#7323 = ORIENTED_EDGE('',*,*,#7128,.T.);
#7324 = ORIENTED_EDGE('',*,*,#7318,.T.);
#7325 = CYLINDRICAL_SURFACE('',#7326,2.);
#7326 = AXIS2_PLACEMENT_3D('',#7327,#7328,#7329);
#7327 = CARTESIAN_POINT('',(879.5,195.,72.));
#7328 = DIRECTION('',(0.,0.,1.));
#7329 = DIRECTION('',(1.,0.,-0.));
#7330 = ADVANCED_FACE('',(#7331),#7350,.F.);
#7331 = FACE_BOUND('',#7332,.F.);
#7332 = EDGE_LOOP('',(#7333,#7342,#7348,#7349));
#7333 = ORIENTED_EDGE('',*,*,#7334,.F.);
#7334 = EDGE_CURVE('',#7335,#7335,#7337,.T.);
#7335 = VERTEX_POINT('',#7336);
#7336 = CARTESIAN_POINT('',(207.5,235.,80.));
#7337 = CIRCLE('',#7338,2.);
#7338 = AXIS2_PLACEMENT_3D('',#7339,#7340,#7341);
#7339 = CARTESIAN_POINT('',(205.5,235.,80.));
#7340 = DIRECTION('',(0.,0.,1.));
#7341 = DIRECTION('',(1.,0.,-0.));
#7342 = ORIENTED_EDGE('',*,*,#7343,.F.);
#7343 = EDGE_CURVE('',#7140,#7335,#7344,.T.);
#7344 = LINE('',#7345,#7346);
#7345 = CARTESIAN_POINT('',(207.5,235.,72.));
#7346 = VECTOR('',#7347,1.);
#7347 = DIRECTION('',(0.,0.,1.));
#7348 = ORIENTED_EDGE('',*,*,#7139,.T.);
#7349 = ORIENTED_EDGE('',*,*,#7343,.T.);
#7350 = CYLINDRICAL_SURFACE('',#7351,2.);
#7351 = AXIS2_PLACEMENT_3D('',#7352,#7353,#7354);
#7352 = CARTESIAN_POINT('',(205.5,235.,72.));
#7353 = DIRECTION('',(0.,0.,1.));
#7354 = DIRECTION('',(1.,0.,-0.));
#7355 = ADVANCED_FACE('',(#7356),#7375,.F.);
#7356 = FACE_BOUND('',#7357,.F.);
#7357 = EDGE_LOOP('',(#7358,#7367,#7373,#7374));
#7358 = ORIENTED_EDGE('',*,*,#7359,.F.);
#7359 = EDGE_CURVE('',#7360,#7360,#7362,.T.);
#7360 = VERTEX_POINT('',#7361);
#7361 = CARTESIAN_POINT('',(207.5,275.,80.));
#7362 = CIRCLE('',#7363,2.);
#7363 = AXIS2_PLACEMENT_3D('',#7364,#7365,#7366);
#7364 = CARTESIAN_POINT('',(205.5,275.,80.));
#7365 = DIRECTION('',(0.,0.,1.));
#7366 = DIRECTION('',(1.,0.,-0.));
#7367 = ORIENTED_EDGE('',*,*,#7368,.F.);
#7368 = EDGE_CURVE('',#7151,#7360,#7369,.T.);
#7369 = LINE('',#7370,#7371);
#7370 = CARTESIAN_POINT('',(207.5,275.,72.));
#7371 = VECTOR('',#7372,1.);
#7372 = DIRECTION('',(0.,0.,1.));
#7373 = ORIENTED_EDGE('',*,*,#7150,.T.);
#7374 = ORIENTED_EDGE('',*,*,#7368,.T.);
#7375 = CYLINDRICAL_SURFACE('',#7376,2.);
#7376 = AXIS2_PLACEMENT_3D('',#7377,#7378,#7379);
#7377 = CARTESIAN_POINT('',(205.5,275.,72.));
#7378 = DIRECTION('',(0.,0.,1.));
#7379 = DIRECTION('',(1.,0.,-0.));
#7380 = ADVANCED_FACE('',(#7381),#7400,.F.);
#7381 = FACE_BOUND('',#7382,.F.);
#7382 = EDGE_LOOP('',(#7383,#7392,#7398,#7399));
#7383 = ORIENTED_EDGE('',*,*,#7384,.F.);
#7384 = EDGE_CURVE('',#7385,#7385,#7387,.T.);
#7385 = VERTEX_POINT('',#7386);
#7386 = CARTESIAN_POINT('',(881.5,235.,80.));
#7387 = CIRCLE('',#7388,2.);
#7388 = AXIS2_PLACEMENT_3D('',#7389,#7390,#7391);
#7389 = CARTESIAN_POINT('',(879.5,235.,80.));
#7390 = DIRECTION('',(0.,0.,1.));
#7391 = DIRECTION('',(1.,0.,-0.));
#7392 = ORIENTED_EDGE('',*,*,#7393,.F.);
#7393 = EDGE_CURVE('',#7162,#7385,#7394,.T.);
#7394 = LINE('',#7395,#7396);
#7395 = CARTESIAN_POINT('',(881.5,235.,72.));
#7396 = VECTOR('',#7397,1.);
#7397 = DIRECTION('',(0.,0.,1.));
#7398 = ORIENTED_EDGE('',*,*,#7161,.T.);
#7399 = ORIENTED_EDGE('',*,*,#7393,.T.);
#7400 = CYLINDRICAL_SURFACE('',#7401,2.);
#7401 = AXIS2_PLACEMENT_3D('',#7402,#7403,#7404);
#7402 = CARTESIAN_POINT('',(879.5,235.,72.));
#7403 = DIRECTION('',(0.,0.,1.));
#7404 = DIRECTION('',(1.,0.,-0.));
#7405 = ADVANCED_FACE('',(#7406),#7425,.F.);
#7406 = FACE_BOUND('',#7407,.F.);
#7407 = EDGE_LOOP('',(#7408,#7417,#7423,#7424));
#7408 = ORIENTED_EDGE('',*,*,#7409,.F.);
#7409 = EDGE_CURVE('',#7410,#7410,#7412,.T.);
#7410 = VERTEX_POINT('',#7411);
#7411 = CARTESIAN_POINT('',(881.5,275.,80.));
#7412 = CIRCLE('',#7413,2.);
#7413 = AXIS2_PLACEMENT_3D('',#7414,#7415,#7416);
#7414 = CARTESIAN_POINT('',(879.5,275.,80.));
#7415 = DIRECTION('',(0.,0.,1.));
#7416 = DIRECTION('',(1.,0.,-0.));
#7417 = ORIENTED_EDGE('',*,*,#7418,.F.);
#7418 = EDGE_CURVE('',#7173,#7410,#7419,.T.);
#7419 = LINE('',#7420,#7421);
#7420 = CARTESIAN_POINT('',(881.5,275.,72.));
#7421 = VECTOR('',#7422,1.);
#7422 = DIRECTION('',(0.,0.,1.));
#7423 = ORIENTED_EDGE('',*,*,#7172,.T.);
#7424 = ORIENTED_EDGE('',*,*,#7418,.T.);
#7425 = CYLINDRICAL_SURFACE('',#7426,2.);
#7426 = AXIS2_PLACEMENT_3D('',#7427,#7428,#7429);
#7427 = CARTESIAN_POINT('',(879.5,275.,72.));
#7428 = DIRECTION('',(0.,0.,1.));
#7429 = DIRECTION('',(1.,0.,-0.));
#7430 = ADVANCED_FACE('',(#7431),#7442,.F.);
#7431 = FACE_BOUND('',#7432,.F.);
#7432 = EDGE_LOOP('',(#7433,#7434,#7440,#7441));
#7433 = ORIENTED_EDGE('',*,*,#7200,.F.);
#7434 = ORIENTED_EDGE('',*,*,#7435,.F.);
#7435 = EDGE_CURVE('',#7285,#7201,#7436,.T.);
#7436 = LINE('',#7437,#7438);
#7437 = CARTESIAN_POINT('',(207.5,195.,80.));
#7438 = VECTOR('',#7439,1.);
#7439 = DIRECTION('',(0.707106781187,-1.731912112471E-16,0.707106781187)
  );
#7440 = ORIENTED_EDGE('',*,*,#7284,.T.);
#7441 = ORIENTED_EDGE('',*,*,#7435,.T.);
#7442 = CONICAL_SURFACE('',#7443,2.,0.785398163397);
#7443 = AXIS2_PLACEMENT_3D('',#7444,#7445,#7446);
#7444 = CARTESIAN_POINT('',(205.5,195.,80.));
#7445 = DIRECTION('',(0.,0.,1.));
#7446 = DIRECTION('',(1.,0.,-0.));
#7447 = ADVANCED_FACE('',(#7448),#7459,.F.);
#7448 = FACE_BOUND('',#7449,.F.);
#7449 = EDGE_LOOP('',(#7450,#7451,#7457,#7458));
#7450 = ORIENTED_EDGE('',*,*,#7211,.F.);
#7451 = ORIENTED_EDGE('',*,*,#7452,.F.);
#7452 = EDGE_CURVE('',#7310,#7212,#7453,.T.);
#7453 = LINE('',#7454,#7455);
#7454 = CARTESIAN_POINT('',(881.5,195.,80.));
#7455 = VECTOR('',#7456,1.);
#7456 = DIRECTION('',(0.707106781187,-1.731912112471E-16,0.707106781187)
  );
#7457 = ORIENTED_EDGE('',*,*,#7309,.T.);
#7458 = ORIENTED_EDGE('',*,*,#7452,.T.);
#7459 = CONICAL_SURFACE('',#7460,2.,0.785398163397);
#7460 = AXIS2_PLACEMENT_3D('',#7461,#7462,#7463);
#7461 = CARTESIAN_POINT('',(879.5,195.,80.));
#7462 = DIRECTION('',(0.,0.,1.));
#7463 = DIRECTION('',(1.,0.,-0.));
#7464 = ADVANCED_FACE('',(#7465),#7476,.F.);
#7465 = FACE_BOUND('',#7466,.F.);
#7466 = EDGE_LOOP('',(#7467,#7468,#7474,#7475));
#7467 = ORIENTED_EDGE('',*,*,#7222,.F.);
#7468 = ORIENTED_EDGE('',*,*,#7469,.F.);
#7469 = EDGE_CURVE('',#7335,#7223,#7470,.T.);
#7470 = LINE('',#7471,#7472);
#7471 = CARTESIAN_POINT('',(207.5,235.,80.));
#7472 = VECTOR('',#7473,1.);
#7473 = DIRECTION('',(0.707106781187,-1.731912112471E-16,0.707106781187)
  );
#7474 = ORIENTED_EDGE('',*,*,#7334,.T.);
#7475 = ORIENTED_EDGE('',*,*,#7469,.T.);
#7476 = CONICAL_SURFACE('',#7477,2.,0.785398163397);
#7477 = AXIS2_PLACEMENT_3D('',#7478,#7479,#7480);
#7478 = CARTESIAN_POINT('',(205.5,235.,80.));
#7479 = DIRECTION('',(0.,0.,1.));
#7480 = DIRECTION('',(1.,0.,-0.));
#7481 = ADVANCED_FACE('',(#7482),#7493,.F.);
#7482 = FACE_BOUND('',#7483,.F.);
#7483 = EDGE_LOOP('',(#7484,#7485,#7491,#7492));
#7484 = ORIENTED_EDGE('',*,*,#7233,.F.);
#7485 = ORIENTED_EDGE('',*,*,#7486,.F.);
#7486 = EDGE_CURVE('',#7360,#7234,#7487,.T.);
#7487 = LINE('',#7488,#7489);
#7488 = CARTESIAN_POINT('',(207.5,275.,80.));
#7489 = VECTOR('',#7490,1.);
#7490 = DIRECTION('',(0.707106781187,-1.731912112471E-16,0.707106781187)
  );
#7491 = ORIENTED_EDGE('',*,*,#7359,.T.);
#7492 = ORIENTED_EDGE('',*,*,#7486,.T.);
#7493 = CONICAL_SURFACE('',#7494,2.,0.785398163397);
#7494 = AXIS2_PLACEMENT_3D('',#7495,#7496,#7497);
#7495 = CARTESIAN_POINT('',(205.5,275.,80.));
#7496 = DIRECTION('',(0.,0.,1.));
#7497 = DIRECTION('',(1.,0.,-0.));
#7498 = ADVANCED_FACE('',(#7499),#7510,.F.);
#7499 = FACE_BOUND('',#7500,.F.);
#7500 = EDGE_LOOP('',(#7501,#7502,#7508,#7509));
#7501 = ORIENTED_EDGE('',*,*,#7244,.F.);
#7502 = ORIENTED_EDGE('',*,*,#7503,.F.);
#7503 = EDGE_CURVE('',#7385,#7245,#7504,.T.);
#7504 = LINE('',#7505,#7506);
#7505 = CARTESIAN_POINT('',(881.5,235.,80.));
#7506 = VECTOR('',#7507,1.);
#7507 = DIRECTION('',(0.707106781187,-1.731912112471E-16,0.707106781187)
  );
#7508 = ORIENTED_EDGE('',*,*,#7384,.T.);
#7509 = ORIENTED_EDGE('',*,*,#7503,.T.);
#7510 = CONICAL_SURFACE('',#7511,2.,0.785398163397);
#7511 = AXIS2_PLACEMENT_3D('',#7512,#7513,#7514);
#7512 = CARTESIAN_POINT('',(879.5,235.,80.));
#7513 = DIRECTION('',(0.,0.,1.));
#7514 = DIRECTION('',(1.,0.,-0.));
#7515 = ADVANCED_FACE('',(#7516),#7527,.F.);
#7516 = FACE_BOUND('',#7517,.F.);
#7517 = EDGE_LOOP('',(#7518,#7519,#7525,#7526));
#7518 = ORIENTED_EDGE('',*,*,#7255,.F.);
#7519 = ORIENTED_EDGE('',*,*,#7520,.F.);
#7520 = EDGE_CURVE('',#7410,#7256,#7521,.T.);
#7521 = LINE('',#7522,#7523);
#7522 = CARTESIAN_POINT('',(881.5,275.,80.));
#7523 = VECTOR('',#7524,1.);
#7524 = DIRECTION('',(0.707106781187,-1.731912112471E-16,0.707106781187)
  );
#7525 = ORIENTED_EDGE('',*,*,#7409,.T.);
#7526 = ORIENTED_EDGE('',*,*,#7520,.T.);
#7527 = CONICAL_SURFACE('',#7528,2.,0.785398163397);
#7528 = AXIS2_PLACEMENT_3D('',#7529,#7530,#7531);
#7529 = CARTESIAN_POINT('',(879.5,275.,80.));
#7530 = DIRECTION('',(0.,0.,1.));
#7531 = DIRECTION('',(1.,0.,-0.));
#7532 = ( GEOMETRIC_REPRESENTATION_CONTEXT(3) 
GLOBAL_UNCERTAINTY_ASSIGNED_CONTEXT((#7536)) 
GLOBAL_UNIT_ASSIGNED_CONTEXT((#7533,#7534,#7535)) REPRESENTATION_CONTEXT
('Context #1','3D Context with UNIT and UNCERTAINTY') );
#7533 = ( LENGTH_UNIT() NAMED_UNIT(*) SI_UNIT(.MILLI.,.METRE.) );
#7534 = ( NAMED_UNIT(*) PLANE_ANGLE_UNIT() SI_UNIT($,.RADIAN.) );
#7535 = ( NAMED_UNIT(*) SI_UNIT($,.STERADIAN.) SOLID_ANGLE_UNIT() );
#7536 = UNCERTAINTY_MEASURE_WITH_UNIT(LENGTH_MEASURE(1.E-07),#7533,
  'distance_accuracy_value','confusion accuracy');
#7537 = CONTEXT_DEPENDENT_SHAPE_REPRESENTATION(#7538,#7540);
#7538 = ( REPRESENTATION_RELATIONSHIP('','',#6997,#10) 
REPRESENTATION_RELATIONSHIP_WITH_TRANSFORMATION(#7539) 
SHAPE_REPRESENTATION_RELATIONSHIP() );
#7539 = ITEM_DEFINED_TRANSFORMATION('','',#11,#51);
#7540 = PRODUCT_DEFINITION_SHAPE('Placement','Placement of an item',
  #7541);
#7541 = NEXT_ASSEMBLY_USAGE_OCCURRENCE('32','Strip behind the keys','',
  #5,#6992,$);
#7542 = PRODUCT_RELATED_PRODUCT_CATEGORY('part',$,(#6994));
#7543 = SHAPE_DEFINITION_REPRESENTATION(#7544,#7550);
#7544 = PRODUCT_DEFINITION_SHAPE('','',#7545);
#7545 = PRODUCT_DEFINITION('design','',#7546,#7549);
#7546 = PRODUCT_DEFINITION_FORMATION('','',#7547);
#7547 = PRODUCT('Apron under the strip','Apron under the strip','',(
    #7548));
#7548 = PRODUCT_CONTEXT('',#2,'mechanical');
#7549 = PRODUCT_DEFINITION_CONTEXT('part definition',#2,'design');
#7550 = ADVANCED_BREP_SHAPE_REPRESENTATION('',(#11,#7551),#7701);
#7551 = MANIFOLD_SOLID_BREP('',#7552);
#7552 = CLOSED_SHELL('',(#7553,#7593,#7624,#7655,#7677,#7689));
#7553 = ADVANCED_FACE('',(#7554),#7588,.F.);
#7554 = FACE_BOUND('',#7555,.F.);
#7555 = EDGE_LOOP('',(#7556,#7566,#7574,#7582));
#7556 = ORIENTED_EDGE('',*,*,#7557,.T.);
#7557 = EDGE_CURVE('',#7558,#7560,#7562,.T.);
#7558 = VERTEX_POINT('',#7559);
#7559 = CARTESIAN_POINT('',(198.,298.,49.));
#7560 = VERTEX_POINT('',#7561);
#7561 = CARTESIAN_POINT('',(198.,289.,49.));
#7562 = LINE('',#7563,#7564);
#7563 = CARTESIAN_POINT('',(198.,298.,49.));
#7564 = VECTOR('',#7565,1.);
#7565 = DIRECTION('',(0.,-1.,0.));
#7566 = ORIENTED_EDGE('',*,*,#7567,.T.);
#7567 = EDGE_CURVE('',#7560,#7568,#7570,.T.);
#7568 = VERTEX_POINT('',#7569);
#7569 = CARTESIAN_POINT('',(887.,289.,49.));
#7570 = LINE('',#7571,#7572);
#7571 = CARTESIAN_POINT('',(198.,289.,49.));
#7572 = VECTOR('',#7573,1.);
#7573 = DIRECTION('',(1.,0.,0.));
#7574 = ORIENTED_EDGE('',*,*,#7575,.F.);
#7575 = EDGE_CURVE('',#7576,#7568,#7578,.T.);
#7576 = VERTEX_POINT('',#7577);
#7577 = CARTESIAN_POINT('',(887.,298.,49.));
#7578 = LINE('',#7579,#7580);
#7579 = CARTESIAN_POINT('',(887.,298.,49.));
#7580 = VECTOR('',#7581,1.);
#7581 = DIRECTION('',(0.,-1.,0.));
#7582 = ORIENTED_EDGE('',*,*,#7583,.F.);
#7583 = EDGE_CURVE('',#7558,#7576,#7584,.T.);
#7584 = LINE('',#7585,#7586);
#7585 = CARTESIAN_POINT('',(198.,298.,49.));
#7586 = VECTOR('',#7587,1.);
#7587 = DIRECTION('',(1.,0.,0.));
#7588 = PLANE('',#7589);
#7589 = AXIS2_PLACEMENT_3D('',#7590,#7591,#7592);
#7590 = CARTESIAN_POINT('',(198.,298.,49.));
#7591 = DIRECTION('',(-0.,0.,1.));
#7592 = DIRECTION('',(1.,0.,0.));
#7593 = ADVANCED_FACE('',(#7594),#7619,.F.);
#7594 = FACE_BOUND('',#7595,.F.);
#7595 = EDGE_LOOP('',(#7596,#7597,#7605,#7613));
#7596 = ORIENTED_EDGE('',*,*,#7575,.T.);
#7597 = ORIENTED_EDGE('',*,*,#7598,.T.);
#7598 = EDGE_CURVE('',#7568,#7599,#7601,.T.);
#7599 = VERTEX_POINT('',#7600);
#7600 = CARTESIAN_POINT('',(887.,289.,73.));
#7601 = LINE('',#7602,#7603);
#7602 = CARTESIAN_POINT('',(887.,289.,49.));
#7603 = VECTOR('',#7604,1.);
#7604 = DIRECTION('',(0.,0.,1.));
#7605 = ORIENTED_EDGE('',*,*,#7606,.F.);
#7606 = EDGE_CURVE('',#7607,#7599,#7609,.T.);
#7607 = VERTEX_POINT('',#7608);
#7608 = CARTESIAN_POINT('',(887.,298.,73.));
#7609 = LINE('',#7610,#7611);
#7610 = CARTESIAN_POINT('',(887.,298.,73.));
#7611 = VECTOR('',#7612,1.);
#7612 = DIRECTION('',(0.,-1.,0.));
#7613 = ORIENTED_EDGE('',*,*,#7614,.F.);
#7614 = EDGE_CURVE('',#7576,#7607,#7615,.T.);
#7615 = LINE('',#7616,#7617);
#7616 = CARTESIAN_POINT('',(887.,298.,49.));
#7617 = VECTOR('',#7618,1.);
#7618 = DIRECTION('',(0.,0.,1.));
#7619 = PLANE('',#7620);
#7620 = AXIS2_PLACEMENT_3D('',#7621,#7622,#7623);
#7621 = CARTESIAN_POINT('',(887.,298.,49.));
#7622 = DIRECTION('',(-1.,0.,0.));
#7623 = DIRECTION('',(0.,0.,1.));
#7624 = ADVANCED_FACE('',(#7625),#7650,.F.);
#7625 = FACE_BOUND('',#7626,.F.);
#7626 = EDGE_LOOP('',(#7627,#7628,#7636,#7644));
#7627 = ORIENTED_EDGE('',*,*,#7606,.T.);
#7628 = ORIENTED_EDGE('',*,*,#7629,.T.);
#7629 = EDGE_CURVE('',#7599,#7630,#7632,.T.);
#7630 = VERTEX_POINT('',#7631);
#7631 = CARTESIAN_POINT('',(198.,289.,73.));
#7632 = LINE('',#7633,#7634);
#7633 = CARTESIAN_POINT('',(887.,289.,73.));
#7634 = VECTOR('',#7635,1.);
#7635 = DIRECTION('',(-1.,0.,0.));
#7636 = ORIENTED_EDGE('',*,*,#7637,.F.);
#7637 = EDGE_CURVE('',#7638,#7630,#7640,.T.);
#7638 = VERTEX_POINT('',#7639);
#7639 = CARTESIAN_POINT('',(198.,298.,73.));
#7640 = LINE('',#7641,#7642);
#7641 = CARTESIAN_POINT('',(198.,298.,73.));
#7642 = VECTOR('',#7643,1.);
#7643 = DIRECTION('',(0.,-1.,0.));
#7644 = ORIENTED_EDGE('',*,*,#7645,.F.);
#7645 = EDGE_CURVE('',#7607,#7638,#7646,.T.);
#7646 = LINE('',#7647,#7648);
#7647 = CARTESIAN_POINT('',(887.,298.,73.));
#7648 = VECTOR('',#7649,1.);
#7649 = DIRECTION('',(-1.,0.,0.));
#7650 = PLANE('',#7651);
#7651 = AXIS2_PLACEMENT_3D('',#7652,#7653,#7654);
#7652 = CARTESIAN_POINT('',(887.,298.,73.));
#7653 = DIRECTION('',(-0.,-0.,-1.));
#7654 = DIRECTION('',(-1.,0.,0.));
#7655 = ADVANCED_FACE('',(#7656),#7672,.F.);
#7656 = FACE_BOUND('',#7657,.F.);
#7657 = EDGE_LOOP('',(#7658,#7659,#7665,#7666));
#7658 = ORIENTED_EDGE('',*,*,#7637,.T.);
#7659 = ORIENTED_EDGE('',*,*,#7660,.T.);
#7660 = EDGE_CURVE('',#7630,#7560,#7661,.T.);
#7661 = LINE('',#7662,#7663);
#7662 = CARTESIAN_POINT('',(198.,289.,73.));
#7663 = VECTOR('',#7664,1.);
#7664 = DIRECTION('',(0.,0.,-1.));
#7665 = ORIENTED_EDGE('',*,*,#7557,.F.);
#7666 = ORIENTED_EDGE('',*,*,#7667,.F.);
#7667 = EDGE_CURVE('',#7638,#7558,#7668,.T.);
#7668 = LINE('',#7669,#7670);
#7669 = CARTESIAN_POINT('',(198.,298.,73.));
#7670 = VECTOR('',#7671,1.);
#7671 = DIRECTION('',(0.,0.,-1.));
#7672 = PLANE('',#7673);
#7673 = AXIS2_PLACEMENT_3D('',#7674,#7675,#7676);
#7674 = CARTESIAN_POINT('',(198.,298.,73.));
#7675 = DIRECTION('',(1.,0.,0.));
#7676 = DIRECTION('',(0.,0.,-1.));
#7677 = ADVANCED_FACE('',(#7678),#7684,.F.);
#7678 = FACE_BOUND('',#7679,.F.);
#7679 = EDGE_LOOP('',(#7680,#7681,#7682,#7683));
#7680 = ORIENTED_EDGE('',*,*,#7583,.T.);
#7681 = ORIENTED_EDGE('',*,*,#7614,.T.);
#7682 = ORIENTED_EDGE('',*,*,#7645,.T.);
#7683 = ORIENTED_EDGE('',*,*,#7667,.T.);
#7684 = PLANE('',#7685);
#7685 = AXIS2_PLACEMENT_3D('',#7686,#7687,#7688);
#7686 = CARTESIAN_POINT('',(542.5,298.,61.));
#7687 = DIRECTION('',(-0.,-1.,-0.));
#7688 = DIRECTION('',(0.,0.,-1.));
#7689 = ADVANCED_FACE('',(#7690),#7696,.T.);
#7690 = FACE_BOUND('',#7691,.T.);
#7691 = EDGE_LOOP('',(#7692,#7693,#7694,#7695));
#7692 = ORIENTED_EDGE('',*,*,#7567,.T.);
#7693 = ORIENTED_EDGE('',*,*,#7598,.T.);
#7694 = ORIENTED_EDGE('',*,*,#7629,.T.);
#7695 = ORIENTED_EDGE('',*,*,#7660,.T.);
#7696 = PLANE('',#7697);
#7697 = AXIS2_PLACEMENT_3D('',#7698,#7699,#7700);
#7698 = CARTESIAN_POINT('',(542.5,289.,61.));
#7699 = DIRECTION('',(-0.,-1.,-0.));
#7700 = DIRECTION('',(0.,0.,-1.));
#7701 = ( GEOMETRIC_REPRESENTATION_CONTEXT(3) 
GLOBAL_UNCERTAINTY_ASSIGNED_CONTEXT((#7705)) 
GLOBAL_UNIT_ASSIGNED_CONTEXT((#7702,#7703,#7704)) REPRESENTATION_CONTEXT
('Context #1','3D Context with UNIT and UNCERTAINTY') );
#7702 = ( LENGTH_UNIT() NAMED_UNIT(*) SI_UNIT(.MILLI.,.METRE.) );
#7703 = ( NAMED_UNIT(*) PLANE_ANGLE_UNIT() SI_UNIT($,.RADIAN.) );
#7704 = ( NAMED_UNIT(*) SI_UNIT($,.STERADIAN.) SOLID_ANGLE_UNIT() );
#7705 = UNCERTAINTY_MEASURE_WITH_UNIT(LENGTH_MEASURE(1.E-07),#7702,
  'distance_accuracy_value','confusion accuracy');
#7706 = CONTEXT_DEPENDENT_SHAPE_REPRESENTATION(#7707,#7709);
#7707 = ( REPRESENTATION_RELATIONSHIP('','',#7550,#10) 
REPRESENTATION_RELATIONSHIP_WITH_TRANSFORMATION(#7708) 
SHAPE_REPRESENTATION_RELATIONSHIP() );
#7708 = ITEM_DEFINED_TRANSFORMATION('','',#11,#55);
#7709 = PRODUCT_DEFINITION_SHAPE('Placement','Placement of an item',
  #7710);
#7710 = NEXT_ASSEMBLY_USAGE_OCCURRENCE('33','Apron under the strip','',
  #5,#7545,$);
#7711 = PRODUCT_RELATED_PRODUCT_CATEGORY('part',$,(#7547));
#7712 = SHAPE_DEFINITION_REPRESENTATION(#7713,#7719);
#7713 = PRODUCT_DEFINITION_SHAPE('','',#7714);
#7714 = PRODUCT_DEFINITION('design','',#7715,#7718);
#7715 = PRODUCT_DEFINITION_FORMATION('','',#7716);
#7716 = PRODUCT('Strip cleat','Strip cleat','',(#7717));
#7717 = PRODUCT_CONTEXT('',#2,'mechanical');
#7718 = PRODUCT_DEFINITION_CONTEXT('part definition',#2,'design');
#7719 = ADVANCED_BREP_SHAPE_REPRESENTATION('',(#11,#7720),#7870);
#7720 = MANIFOLD_SOLID_BREP('',#7721);
#7721 = CLOSED_SHELL('',(#7722,#7762,#7793,#7824,#7846,#7858));
#7722 = ADVANCED_FACE('',(#7723),#7757,.F.);
#7723 = FACE_BOUND('',#7724,.F.);
#7724 = EDGE_LOOP('',(#7725,#7735,#7743,#7751));
#7725 = ORIENTED_EDGE('',*,*,#7726,.T.);
#7726 = EDGE_CURVE('',#7727,#7729,#7731,.T.);
#7727 = VERTEX_POINT('',#7728);
#7728 = CARTESIAN_POINT('',(198.,180.,61.));
#7729 = VERTEX_POINT('',#7730);
#7730 = CARTESIAN_POINT('',(213.,180.,61.));
#7731 = LINE('',#7732,#7733);
#7732 = CARTESIAN_POINT('',(198.,180.,61.));
#7733 = VECTOR('',#7734,1.);
#7734 = DIRECTION('',(1.,0.,0.));
#7735 = ORIENTED_EDGE('',*,*,#7736,.T.);
#7736 = EDGE_CURVE('',#7729,#7737,#7739,.T.);
#7737 = VERTEX_POINT('',#7738);
#7738 = CARTESIAN_POINT('',(213.,289.,61.));
#7739 = LINE('',#7740,#7741);
#7740 = CARTESIAN_POINT('',(213.,180.,61.));
#7741 = VECTOR('',#7742,1.);
#7742 = DIRECTION('',(0.,1.,0.));
#7743 = ORIENTED_EDGE('',*,*,#7744,.F.);
#7744 = EDGE_CURVE('',#7745,#7737,#7747,.T.);
#7745 = VERTEX_POINT('',#7746);
#7746 = CARTESIAN_POINT('',(198.,289.,61.));
#7747 = LINE('',#7748,#7749);
#7748 = CARTESIAN_POINT('',(198.,289.,61.));
#7749 = VECTOR('',#7750,1.);
#7750 = DIRECTION('',(1.,0.,0.));
#7751 = ORIENTED_EDGE('',*,*,#7752,.F.);
#7752 = EDGE_CURVE('',#7727,#7745,#7753,.T.);
#7753 = LINE('',#7754,#7755);
#7754 = CARTESIAN_POINT('',(198.,180.,61.));
#7755 = VECTOR('',#7756,1.);
#7756 = DIRECTION('',(0.,1.,0.));
#7757 = PLANE('',#7758);
#7758 = AXIS2_PLACEMENT_3D('',#7759,#7760,#7761);
#7759 = CARTESIAN_POINT('',(198.,180.,61.));
#7760 = DIRECTION('',(0.,0.,1.));
#7761 = DIRECTION('',(0.,1.,0.));
#7762 = ADVANCED_FACE('',(#7763),#7788,.F.);
#7763 = FACE_BOUND('',#7764,.F.);
#7764 = EDGE_LOOP('',(#7765,#7766,#7774,#7782));
#7765 = ORIENTED_EDGE('',*,*,#7744,.T.);
#7766 = ORIENTED_EDGE('',*,*,#7767,.T.);
#7767 = EDGE_CURVE('',#7737,#7768,#7770,.T.);
#7768 = VERTEX_POINT('',#7769);
#7769 = CARTESIAN_POINT('',(213.,289.,73.));
#7770 = LINE('',#7771,#7772);
#7771 = CARTESIAN_POINT('',(213.,289.,61.));
#7772 = VECTOR('',#7773,1.);
#7773 = DIRECTION('',(0.,0.,1.));
#7774 = ORIENTED_EDGE('',*,*,#7775,.F.);
#7775 = EDGE_CURVE('',#7776,#7768,#7778,.T.);
#7776 = VERTEX_POINT('',#7777);
#7777 = CARTESIAN_POINT('',(198.,289.,73.));
#7778 = LINE('',#7779,#7780);
#7779 = CARTESIAN_POINT('',(198.,289.,73.));
#7780 = VECTOR('',#7781,1.);
#7781 = DIRECTION('',(1.,0.,0.));
#7782 = ORIENTED_EDGE('',*,*,#7783,.F.);
#7783 = EDGE_CURVE('',#7745,#7776,#7784,.T.);
#7784 = LINE('',#7785,#7786);
#7785 = CARTESIAN_POINT('',(198.,289.,61.));
#7786 = VECTOR('',#7787,1.);
#7787 = DIRECTION('',(0.,0.,1.));
#7788 = PLANE('',#7789);
#7789 = AXIS2_PLACEMENT_3D('',#7790,#7791,#7792);
#7790 = CARTESIAN_POINT('',(198.,289.,61.));
#7791 = DIRECTION('',(0.,-1.,0.));
#7792 = DIRECTION('',(0.,0.,1.));
#7793 = ADVANCED_FACE('',(#7794),#7819,.F.);
#7794 = FACE_BOUND('',#7795,.F.);
#7795 = EDGE_LOOP('',(#7796,#7797,#7805,#7813));
#7796 = ORIENTED_EDGE('',*,*,#7775,.T.);
#7797 = ORIENTED_EDGE('',*,*,#7798,.T.);
#7798 = EDGE_CURVE('',#7768,#7799,#7801,.T.);
#7799 = VERTEX_POINT('',#7800);
#7800 = CARTESIAN_POINT('',(213.,180.,73.));
#7801 = LINE('',#7802,#7803);
#7802 = CARTESIAN_POINT('',(213.,289.,73.));
#7803 = VECTOR('',#7804,1.);
#7804 = DIRECTION('',(0.,-1.,0.));
#7805 = ORIENTED_EDGE('',*,*,#7806,.F.);
#7806 = EDGE_CURVE('',#7807,#7799,#7809,.T.);
#7807 = VERTEX_POINT('',#7808);
#7808 = CARTESIAN_POINT('',(198.,180.,73.));
#7809 = LINE('',#7810,#7811);
#7810 = CARTESIAN_POINT('',(198.,180.,73.));
#7811 = VECTOR('',#7812,1.);
#7812 = DIRECTION('',(1.,0.,0.));
#7813 = ORIENTED_EDGE('',*,*,#7814,.F.);
#7814 = EDGE_CURVE('',#7776,#7807,#7815,.T.);
#7815 = LINE('',#7816,#7817);
#7816 = CARTESIAN_POINT('',(198.,289.,73.));
#7817 = VECTOR('',#7818,1.);
#7818 = DIRECTION('',(0.,-1.,0.));
#7819 = PLANE('',#7820);
#7820 = AXIS2_PLACEMENT_3D('',#7821,#7822,#7823);
#7821 = CARTESIAN_POINT('',(198.,289.,73.));
#7822 = DIRECTION('',(0.,0.,-1.));
#7823 = DIRECTION('',(0.,-1.,0.));
#7824 = ADVANCED_FACE('',(#7825),#7841,.F.);
#7825 = FACE_BOUND('',#7826,.F.);
#7826 = EDGE_LOOP('',(#7827,#7828,#7834,#7835));
#7827 = ORIENTED_EDGE('',*,*,#7806,.T.);
#7828 = ORIENTED_EDGE('',*,*,#7829,.T.);
#7829 = EDGE_CURVE('',#7799,#7729,#7830,.T.);
#7830 = LINE('',#7831,#7832);
#7831 = CARTESIAN_POINT('',(213.,180.,73.));
#7832 = VECTOR('',#7833,1.);
#7833 = DIRECTION('',(0.,0.,-1.));
#7834 = ORIENTED_EDGE('',*,*,#7726,.F.);
#7835 = ORIENTED_EDGE('',*,*,#7836,.F.);
#7836 = EDGE_CURVE('',#7807,#7727,#7837,.T.);
#7837 = LINE('',#7838,#7839);
#7838 = CARTESIAN_POINT('',(198.,180.,73.));
#7839 = VECTOR('',#7840,1.);
#7840 = DIRECTION('',(0.,0.,-1.));
#7841 = PLANE('',#7842);
#7842 = AXIS2_PLACEMENT_3D('',#7843,#7844,#7845);
#7843 = CARTESIAN_POINT('',(198.,180.,73.));
#7844 = DIRECTION('',(-0.,1.,0.));
#7845 = DIRECTION('',(0.,0.,-1.));
#7846 = ADVANCED_FACE('',(#7847),#7853,.F.);
#7847 = FACE_BOUND('',#7848,.F.);
#7848 = EDGE_LOOP('',(#7849,#7850,#7851,#7852));
#7849 = ORIENTED_EDGE('',*,*,#7752,.T.);
#7850 = ORIENTED_EDGE('',*,*,#7783,.T.);
#7851 = ORIENTED_EDGE('',*,*,#7814,.T.);
#7852 = ORIENTED_EDGE('',*,*,#7836,.T.);
#7853 = PLANE('',#7854);
#7854 = AXIS2_PLACEMENT_3D('',#7855,#7856,#7857);
#7855 = CARTESIAN_POINT('',(198.,234.5,67.));
#7856 = DIRECTION('',(1.,0.,0.));
#7857 = DIRECTION('',(-0.,0.,1.));
#7858 = ADVANCED_FACE('',(#7859),#7865,.T.);
#7859 = FACE_BOUND('',#7860,.T.);
#7860 = EDGE_LOOP('',(#7861,#7862,#7863,#7864));
#7861 = ORIENTED_EDGE('',*,*,#7736,.T.);
#7862 = ORIENTED_EDGE('',*,*,#7767,.T.);
#7863 = ORIENTED_EDGE('',*,*,#7798,.T.);
#7864 = ORIENTED_EDGE('',*,*,#7829,.T.);
#7865 = PLANE('',#7866);
#7866 = AXIS2_PLACEMENT_3D('',#7867,#7868,#7869);
#7867 = CARTESIAN_POINT('',(213.,234.5,67.));
#7868 = DIRECTION('',(1.,0.,0.));
#7869 = DIRECTION('',(-0.,0.,1.));
#7870 = ( GEOMETRIC_REPRESENTATION_CONTEXT(3) 
GLOBAL_UNCERTAINTY_ASSIGNED_CONTEXT((#7874)) 
GLOBAL_UNIT_ASSIGNED_CONTEXT((#7871,#7872,#7873)) REPRESENTATION_CONTEXT
('Context #1','3D Context with UNIT and UNCERTAINTY') );
#7871 = ( LENGTH_UNIT() NAMED_UNIT(*) SI_UNIT(.MILLI.,.METRE.) );
#7872 = ( NAMED_UNIT(*) PLANE_ANGLE_UNIT() SI_UNIT($,.RADIAN.) );
#7873 = ( NAMED_UNIT(*) SI_UNIT($,.STERADIAN.) SOLID_ANGLE_UNIT() );
#7874 = UNCERTAINTY_MEASURE_WITH_UNIT(LENGTH_MEASURE(1.E-07),#7871,
  'distance_accuracy_value','confusion accuracy');
#7875 = CONTEXT_DEPENDENT_SHAPE_REPRESENTATION(#7876,#7878);
#7876 = ( REPRESENTATION_RELATIONSHIP('','',#7719,#10) 
REPRESENTATION_RELATIONSHIP_WITH_TRANSFORMATION(#7877) 
SHAPE_REPRESENTATION_RELATIONSHIP() );
#7877 = ITEM_DEFINED_TRANSFORMATION('','',#11,#59);
#7878 = PRODUCT_DEFINITION_SHAPE('Placement','Placement of an item',
  #7879);
#7879 = NEXT_ASSEMBLY_USAGE_OCCURRENCE('34','Strip cleat','',#5,#7714,$
  );
#7880 = PRODUCT_RELATED_PRODUCT_CATEGORY('part',$,(#7716));
#7881 = SHAPE_DEFINITION_REPRESENTATION(#7882,#7888);
#7882 = PRODUCT_DEFINITION_SHAPE('','',#7883);
#7883 = PRODUCT_DEFINITION('design','',#7884,#7887);
#7884 = PRODUCT_DEFINITION_FORMATION('','',#7885);
#7885 = PRODUCT('Strip cleat001','Strip cleat001','',(#7886));
#7886 = PRODUCT_CONTEXT('',#2,'mechanical');
#7887 = PRODUCT_DEFINITION_CONTEXT('part definition',#2,'design');
#7888 = ADVANCED_BREP_SHAPE_REPRESENTATION('',(#11,#7889),#8039);
#7889 = MANIFOLD_SOLID_BREP('',#7890);
#7890 = CLOSED_SHELL('',(#7891,#7931,#7962,#7993,#8015,#8027));
#7891 = ADVANCED_FACE('',(#7892),#7926,.F.);
#7892 = FACE_BOUND('',#7893,.F.);
#7893 = EDGE_LOOP('',(#7894,#7904,#7912,#7920));
#7894 = ORIENTED_EDGE('',*,*,#7895,.T.);
#7895 = EDGE_CURVE('',#7896,#7898,#7900,.T.);
#7896 = VERTEX_POINT('',#7897);
#7897 = CARTESIAN_POINT('',(872.,180.,61.));
#7898 = VERTEX_POINT('',#7899);
#7899 = CARTESIAN_POINT('',(887.,180.,61.));
#7900 = LINE('',#7901,#7902);
#7901 = CARTESIAN_POINT('',(872.,180.,61.));
#7902 = VECTOR('',#7903,1.);
#7903 = DIRECTION('',(1.,0.,0.));
#7904 = ORIENTED_EDGE('',*,*,#7905,.T.);
#7905 = EDGE_CURVE('',#7898,#7906,#7908,.T.);
#7906 = VERTEX_POINT('',#7907);
#7907 = CARTESIAN_POINT('',(887.,289.,61.));
#7908 = LINE('',#7909,#7910);
#7909 = CARTESIAN_POINT('',(887.,180.,61.));
#7910 = VECTOR('',#7911,1.);
#7911 = DIRECTION('',(0.,1.,0.));
#7912 = ORIENTED_EDGE('',*,*,#7913,.F.);
#7913 = EDGE_CURVE('',#7914,#7906,#7916,.T.);
#7914 = VERTEX_POINT('',#7915);
#7915 = CARTESIAN_POINT('',(872.,289.,61.));
#7916 = LINE('',#7917,#7918);
#7917 = CARTESIAN_POINT('',(872.,289.,61.));
#7918 = VECTOR('',#7919,1.);
#7919 = DIRECTION('',(1.,0.,0.));
#7920 = ORIENTED_EDGE('',*,*,#7921,.F.);
#7921 = EDGE_CURVE('',#7896,#7914,#7922,.T.);
#7922 = LINE('',#7923,#7924);
#7923 = CARTESIAN_POINT('',(872.,180.,61.));
#7924 = VECTOR('',#7925,1.);
#7925 = DIRECTION('',(0.,1.,0.));
#7926 = PLANE('',#7927);
#7927 = AXIS2_PLACEMENT_3D('',#7928,#7929,#7930);
#7928 = CARTESIAN_POINT('',(872.,180.,61.));
#7929 = DIRECTION('',(0.,0.,1.));
#7930 = DIRECTION('',(0.,1.,0.));
#7931 = ADVANCED_FACE('',(#7932),#7957,.F.);
#7932 = FACE_BOUND('',#7933,.F.);
#7933 = EDGE_LOOP('',(#7934,#7935,#7943,#7951));
#7934 = ORIENTED_EDGE('',*,*,#7913,.T.);
#7935 = ORIENTED_EDGE('',*,*,#7936,.T.);
#7936 = EDGE_CURVE('',#7906,#7937,#7939,.T.);
#7937 = VERTEX_POINT('',#7938);
#7938 = CARTESIAN_POINT('',(887.,289.,73.));
#7939 = LINE('',#7940,#7941);
#7940 = CARTESIAN_POINT('',(887.,289.,61.));
#7941 = VECTOR('',#7942,1.);
#7942 = DIRECTION('',(0.,0.,1.));
#7943 = ORIENTED_EDGE('',*,*,#7944,.F.);
#7944 = EDGE_CURVE('',#7945,#7937,#7947,.T.);
#7945 = VERTEX_POINT('',#7946);
#7946 = CARTESIAN_POINT('',(872.,289.,73.));
#7947 = LINE('',#7948,#7949);
#7948 = CARTESIAN_POINT('',(872.,289.,73.));
#7949 = VECTOR('',#7950,1.);
#7950 = DIRECTION('',(1.,0.,0.));
#7951 = ORIENTED_EDGE('',*,*,#7952,.F.);
#7952 = EDGE_CURVE('',#7914,#7945,#7953,.T.);
#7953 = LINE('',#7954,#7955);
#7954 = CARTESIAN_POINT('',(872.,289.,61.));
#7955 = VECTOR('',#7956,1.);
#7956 = DIRECTION('',(0.,0.,1.));
#7957 = PLANE('',#7958);
#7958 = AXIS2_PLACEMENT_3D('',#7959,#7960,#7961);
#7959 = CARTESIAN_POINT('',(872.,289.,61.));
#7960 = DIRECTION('',(0.,-1.,0.));
#7961 = DIRECTION('',(0.,0.,1.));
#7962 = ADVANCED_FACE('',(#7963),#7988,.F.);
#7963 = FACE_BOUND('',#7964,.F.);
#7964 = EDGE_LOOP('',(#7965,#7966,#7974,#7982));
#7965 = ORIENTED_EDGE('',*,*,#7944,.T.);
#7966 = ORIENTED_EDGE('',*,*,#7967,.T.);
#7967 = EDGE_CURVE('',#7937,#7968,#7970,.T.);
#7968 = VERTEX_POINT('',#7969);
#7969 = CARTESIAN_POINT('',(887.,180.,73.));
#7970 = LINE('',#7971,#7972);
#7971 = CARTESIAN_POINT('',(887.,289.,73.));
#7972 = VECTOR('',#7973,1.);
#7973 = DIRECTION('',(0.,-1.,0.));
#7974 = ORIENTED_EDGE('',*,*,#7975,.F.);
#7975 = EDGE_CURVE('',#7976,#7968,#7978,.T.);
#7976 = VERTEX_POINT('',#7977);
#7977 = CARTESIAN_POINT('',(872.,180.,73.));
#7978 = LINE('',#7979,#7980);
#7979 = CARTESIAN_POINT('',(872.,180.,73.));
#7980 = VECTOR('',#7981,1.);
#7981 = DIRECTION('',(1.,0.,0.));
#7982 = ORIENTED_EDGE('',*,*,#7983,.F.);
#7983 = EDGE_CURVE('',#7945,#7976,#7984,.T.);
#7984 = LINE('',#7985,#7986);
#7985 = CARTESIAN_POINT('',(872.,289.,73.));
#7986 = VECTOR('',#7987,1.);
#7987 = DIRECTION('',(0.,-1.,0.));
#7988 = PLANE('',#7989);
#7989 = AXIS2_PLACEMENT_3D('',#7990,#7991,#7992);
#7990 = CARTESIAN_POINT('',(872.,289.,73.));
#7991 = DIRECTION('',(0.,0.,-1.));
#7992 = DIRECTION('',(0.,-1.,0.));
#7993 = ADVANCED_FACE('',(#7994),#8010,.F.);
#7994 = FACE_BOUND('',#7995,.F.);
#7995 = EDGE_LOOP('',(#7996,#7997,#8003,#8004));
#7996 = ORIENTED_EDGE('',*,*,#7975,.T.);
#7997 = ORIENTED_EDGE('',*,*,#7998,.T.);
#7998 = EDGE_CURVE('',#7968,#7898,#7999,.T.);
#7999 = LINE('',#8000,#8001);
#8000 = CARTESIAN_POINT('',(887.,180.,73.));
#8001 = VECTOR('',#8002,1.);
#8002 = DIRECTION('',(0.,0.,-1.));
#8003 = ORIENTED_EDGE('',*,*,#7895,.F.);
#8004 = ORIENTED_EDGE('',*,*,#8005,.F.);
#8005 = EDGE_CURVE('',#7976,#7896,#8006,.T.);
#8006 = LINE('',#8007,#8008);
#8007 = CARTESIAN_POINT('',(872.,180.,73.));
#8008 = VECTOR('',#8009,1.);
#8009 = DIRECTION('',(0.,0.,-1.));
#8010 = PLANE('',#8011);
#8011 = AXIS2_PLACEMENT_3D('',#8012,#8013,#8014);
#8012 = CARTESIAN_POINT('',(872.,180.,73.));
#8013 = DIRECTION('',(-0.,1.,0.));
#8014 = DIRECTION('',(0.,0.,-1.));
#8015 = ADVANCED_FACE('',(#8016),#8022,.F.);
#8016 = FACE_BOUND('',#8017,.F.);
#8017 = EDGE_LOOP('',(#8018,#8019,#8020,#8021));
#8018 = ORIENTED_EDGE('',*,*,#7921,.T.);
#8019 = ORIENTED_EDGE('',*,*,#7952,.T.);
#8020 = ORIENTED_EDGE('',*,*,#7983,.T.);
#8021 = ORIENTED_EDGE('',*,*,#8005,.T.);
#8022 = PLANE('',#8023);
#8023 = AXIS2_PLACEMENT_3D('',#8024,#8025,#8026);
#8024 = CARTESIAN_POINT('',(872.,234.5,67.));
#8025 = DIRECTION('',(1.,0.,0.));
#8026 = DIRECTION('',(-0.,0.,1.));
#8027 = ADVANCED_FACE('',(#8028),#8034,.T.);
#8028 = FACE_BOUND('',#8029,.T.);
#8029 = EDGE_LOOP('',(#8030,#8031,#8032,#8033));
#8030 = ORIENTED_EDGE('',*,*,#7905,.T.);
#8031 = ORIENTED_EDGE('',*,*,#7936,.T.);
#8032 = ORIENTED_EDGE('',*,*,#7967,.T.);
#8033 = ORIENTED_EDGE('',*,*,#7998,.T.);
#8034 = PLANE('',#8035);
#8035 = AXIS2_PLACEMENT_3D('',#8036,#8037,#8038);
#8036 = CARTESIAN_POINT('',(887.,234.5,67.));
#8037 = DIRECTION('',(1.,0.,0.));
#8038 = DIRECTION('',(-0.,0.,1.));
#8039 = ( GEOMETRIC_REPRESENTATION_CONTEXT(3) 
GLOBAL_UNCERTAINTY_ASSIGNED_CONTEXT((#8043)) 
GLOBAL_UNIT_ASSIGNED_CONTEXT((#8040,#8041,#8042)) REPRESENTATION_CONTEXT
('Context #1','3D Context with UNIT and UNCERTAINTY') );
#8040 = ( LENGTH_UNIT() NAMED_UNIT(*) SI_UNIT(.MILLI.,.METRE.) );
#8041 = ( NAMED_UNIT(*) PLANE_ANGLE_UNIT() SI_UNIT($,.RADIAN.) );
#8042 = ( NAMED_UNIT(*) SI_UNIT($,.STERADIAN.) SOLID_ANGLE_UNIT() );
#8043 = UNCERTAINTY_MEASURE_WITH_UNIT(LENGTH_MEASURE(1.E-07),#8040,
  'distance_accuracy_value','confusion accuracy');
#8044 = CONTEXT_DEPENDENT_SHAPE_REPRESENTATION(#8045,#8047);
#8045 = ( REPRESENTATION_RELATIONSHIP('','',#7888,#10) 
REPRESENTATION_RELATIONSHIP_WITH_TRANSFORMATION(#8046) 
SHAPE_REPRESENTATION_RELATIONSHIP() );
#8046 = ITEM_DEFINED_TRANSFORMATION('','',#11,#63);
#8047 = PRODUCT_DEFINITION_SHAPE('Placement','Placement of an item',
  #8048);
#8048 = NEXT_ASSEMBLY_USAGE_OCCURRENCE('35','Strip cleat001','',#5,#7883
  ,$);
#8049 = PRODUCT_RELATED_PRODUCT_CATEGORY('part',$,(#7885));
#8050 = SHAPE_DEFINITION_REPRESENTATION(#8051,#8057);
#8051 = PRODUCT_DEFINITION_SHAPE('','',#8052);
#8052 = PRODUCT_DEFINITION('design','',#8053,#8056);
#8053 = PRODUCT_DEFINITION_FORMATION('','',#8054);
#8054 = PRODUCT('Filler behind the panel','Filler behind the panel','',(
    #8055));
#8055 = PRODUCT_CONTEXT('',#2,'mechanical');
#8056 = PRODUCT_DEFINITION_CONTEXT('part definition',#2,'design');
#8057 = ADVANCED_BREP_SHAPE_REPRESENTATION('',(#11,#8058),#8208);
#8058 = MANIFOLD_SOLID_BREP('',#8059);
#8059 = CLOSED_SHELL('',(#8060,#8100,#8131,#8162,#8184,#8196));
#8060 = ADVANCED_FACE('',(#8061),#8095,.F.);
#8061 = FACE_BOUND('',#8062,.F.);
#8062 = EDGE_LOOP('',(#8063,#8073,#8081,#8089));
#8063 = ORIENTED_EDGE('',*,*,#8064,.T.);
#8064 = EDGE_CURVE('',#8065,#8067,#8069,.T.);
#8065 = VERTEX_POINT('',#8066);
#8066 = CARTESIAN_POINT('',(12.,246.,50.));
#8067 = VERTEX_POINT('',#8068);
#8068 = CARTESIAN_POINT('',(12.,246.,59.));
#8069 = LINE('',#8070,#8071);
#8070 = CARTESIAN_POINT('',(12.,246.,50.));
#8071 = VECTOR('',#8072,1.);
#8072 = DIRECTION('',(0.,0.,1.));
#8073 = ORIENTED_EDGE('',*,*,#8074,.T.);
#8074 = EDGE_CURVE('',#8067,#8075,#8077,.T.);
#8075 = VERTEX_POINT('',#8076);
#8076 = CARTESIAN_POINT('',(186.,246.,59.));
#8077 = LINE('',#8078,#8079);
#8078 = CARTESIAN_POINT('',(12.,246.,59.));
#8079 = VECTOR('',#8080,1.);
#8080 = DIRECTION('',(1.,0.,0.));
#8081 = ORIENTED_EDGE('',*,*,#8082,.F.);
#8082 = EDGE_CURVE('',#8083,#8075,#8085,.T.);
#8083 = VERTEX_POINT('',#8084);
#8084 = CARTESIAN_POINT('',(186.,246.,50.));
#8085 = LINE('',#8086,#8087);
#8086 = CARTESIAN_POINT('',(186.,246.,50.));
#8087 = VECTOR('',#8088,1.);
#8088 = DIRECTION('',(0.,0.,1.));
#8089 = ORIENTED_EDGE('',*,*,#8090,.F.);
#8090 = EDGE_CURVE('',#8065,#8083,#8091,.T.);
#8091 = LINE('',#8092,#8093);
#8092 = CARTESIAN_POINT('',(12.,246.,50.));
#8093 = VECTOR('',#8094,1.);
#8094 = DIRECTION('',(1.,0.,0.));
#8095 = PLANE('',#8096);
#8096 = AXIS2_PLACEMENT_3D('',#8097,#8098,#8099);
#8097 = CARTESIAN_POINT('',(12.,246.,50.));
#8098 = DIRECTION('',(0.,1.,0.));
#8099 = DIRECTION('',(1.,0.,0.));
#8100 = ADVANCED_FACE('',(#8101),#8126,.F.);
#8101 = FACE_BOUND('',#8102,.F.);
#8102 = EDGE_LOOP('',(#8103,#8104,#8112,#8120));
#8103 = ORIENTED_EDGE('',*,*,#8082,.T.);
#8104 = ORIENTED_EDGE('',*,*,#8105,.T.);
#8105 = EDGE_CURVE('',#8075,#8106,#8108,.T.);
#8106 = VERTEX_POINT('',#8107);
#8107 = CARTESIAN_POINT('',(186.,298.,59.));
#8108 = LINE('',#8109,#8110);
#8109 = CARTESIAN_POINT('',(186.,246.,59.));
#8110 = VECTOR('',#8111,1.);
#8111 = DIRECTION('',(0.,1.,0.));
#8112 = ORIENTED_EDGE('',*,*,#8113,.F.);
#8113 = EDGE_CURVE('',#8114,#8106,#8116,.T.);
#8114 = VERTEX_POINT('',#8115);
#8115 = CARTESIAN_POINT('',(186.,298.,50.));
#8116 = LINE('',#8117,#8118);
#8117 = CARTESIAN_POINT('',(186.,298.,50.));
#8118 = VECTOR('',#8119,1.);
#8119 = DIRECTION('',(0.,0.,1.));
#8120 = ORIENTED_EDGE('',*,*,#8121,.F.);
#8121 = EDGE_CURVE('',#8083,#8114,#8122,.T.);
#8122 = LINE('',#8123,#8124);
#8123 = CARTESIAN_POINT('',(186.,246.,50.));
#8124 = VECTOR('',#8125,1.);
#8125 = DIRECTION('',(0.,1.,0.));
#8126 = PLANE('',#8127);
#8127 = AXIS2_PLACEMENT_3D('',#8128,#8129,#8130);
#8128 = CARTESIAN_POINT('',(186.,246.,50.));
#8129 = DIRECTION('',(-1.,0.,0.));
#8130 = DIRECTION('',(0.,1.,0.));
#8131 = ADVANCED_FACE('',(#8132),#8157,.F.);
#8132 = FACE_BOUND('',#8133,.F.);
#8133 = EDGE_LOOP('',(#8134,#8135,#8143,#8151));
#8134 = ORIENTED_EDGE('',*,*,#8113,.T.);
#8135 = ORIENTED_EDGE('',*,*,#8136,.T.);
#8136 = EDGE_CURVE('',#8106,#8137,#8139,.T.);
#8137 = VERTEX_POINT('',#8138);
#8138 = CARTESIAN_POINT('',(12.,298.,59.));
#8139 = LINE('',#8140,#8141);
#8140 = CARTESIAN_POINT('',(186.,298.,59.));
#8141 = VECTOR('',#8142,1.);
#8142 = DIRECTION('',(-1.,0.,0.));
#8143 = ORIENTED_EDGE('',*,*,#8144,.F.);
#8144 = EDGE_CURVE('',#8145,#8137,#8147,.T.);
#8145 = VERTEX_POINT('',#8146);
#8146 = CARTESIAN_POINT('',(12.,298.,50.));
#8147 = LINE('',#8148,#8149);
#8148 = CARTESIAN_POINT('',(12.,298.,50.));
#8149 = VECTOR('',#8150,1.);
#8150 = DIRECTION('',(0.,0.,1.));
#8151 = ORIENTED_EDGE('',*,*,#8152,.F.);
#8152 = EDGE_CURVE('',#8114,#8145,#8153,.T.);
#8153 = LINE('',#8154,#8155);
#8154 = CARTESIAN_POINT('',(186.,298.,50.));
#8155 = VECTOR('',#8156,1.);
#8156 = DIRECTION('',(-1.,0.,0.));
#8157 = PLANE('',#8158);
#8158 = AXIS2_PLACEMENT_3D('',#8159,#8160,#8161);
#8159 = CARTESIAN_POINT('',(186.,298.,50.));
#8160 = DIRECTION('',(0.,-1.,0.));
#8161 = DIRECTION('',(-1.,0.,0.));
#8162 = ADVANCED_FACE('',(#8163),#8179,.F.);
#8163 = FACE_BOUND('',#8164,.F.);
#8164 = EDGE_LOOP('',(#8165,#8166,#8172,#8173));
#8165 = ORIENTED_EDGE('',*,*,#8144,.T.);
#8166 = ORIENTED_EDGE('',*,*,#8167,.T.);
#8167 = EDGE_CURVE('',#8137,#8067,#8168,.T.);
#8168 = LINE('',#8169,#8170);
#8169 = CARTESIAN_POINT('',(12.,298.,59.));
#8170 = VECTOR('',#8171,1.);
#8171 = DIRECTION('',(0.,-1.,0.));
#8172 = ORIENTED_EDGE('',*,*,#8064,.F.);
#8173 = ORIENTED_EDGE('',*,*,#8174,.F.);
#8174 = EDGE_CURVE('',#8145,#8065,#8175,.T.);
#8175 = LINE('',#8176,#8177);
#8176 = CARTESIAN_POINT('',(12.,298.,50.));
#8177 = VECTOR('',#8178,1.);
#8178 = DIRECTION('',(0.,-1.,0.));
#8179 = PLANE('',#8180);
#8180 = AXIS2_PLACEMENT_3D('',#8181,#8182,#8183);
#8181 = CARTESIAN_POINT('',(12.,298.,50.));
#8182 = DIRECTION('',(1.,0.,-0.));
#8183 = DIRECTION('',(0.,-1.,0.));
#8184 = ADVANCED_FACE('',(#8185),#8191,.F.);
#8185 = FACE_BOUND('',#8186,.F.);
#8186 = EDGE_LOOP('',(#8187,#8188,#8189,#8190));
#8187 = ORIENTED_EDGE('',*,*,#8090,.T.);
#8188 = ORIENTED_EDGE('',*,*,#8121,.T.);
#8189 = ORIENTED_EDGE('',*,*,#8152,.T.);
#8190 = ORIENTED_EDGE('',*,*,#8174,.T.);
#8191 = PLANE('',#8192);
#8192 = AXIS2_PLACEMENT_3D('',#8193,#8194,#8195);
#8193 = CARTESIAN_POINT('',(99.,272.,50.));
#8194 = DIRECTION('',(0.,0.,1.));
#8195 = DIRECTION('',(1.,0.,-0.));
#8196 = ADVANCED_FACE('',(#8197),#8203,.T.);
#8197 = FACE_BOUND('',#8198,.T.);
#8198 = EDGE_LOOP('',(#8199,#8200,#8201,#8202));
#8199 = ORIENTED_EDGE('',*,*,#8074,.T.);
#8200 = ORIENTED_EDGE('',*,*,#8105,.T.);
#8201 = ORIENTED_EDGE('',*,*,#8136,.T.);
#8202 = ORIENTED_EDGE('',*,*,#8167,.T.);
#8203 = PLANE('',#8204);
#8204 = AXIS2_PLACEMENT_3D('',#8205,#8206,#8207);
#8205 = CARTESIAN_POINT('',(99.,272.,59.));
#8206 = DIRECTION('',(0.,0.,1.));
#8207 = DIRECTION('',(1.,0.,-0.));
#8208 = ( GEOMETRIC_REPRESENTATION_CONTEXT(3) 
GLOBAL_UNCERTAINTY_ASSIGNED_CONTEXT((#8212)) 
GLOBAL_UNIT_ASSIGNED_CONTEXT((#8209,#8210,#8211)) REPRESENTATION_CONTEXT
('Context #1','3D Context with UNIT and UNCERTAINTY') );
#8209 = ( LENGTH_UNIT() NAMED_UNIT(*) SI_UNIT(.MILLI.,.METRE.) );
#8210 = ( NAMED_UNIT(*) PLANE_ANGLE_UNIT() SI_UNIT($,.RADIAN.) );
#8211 = ( NAMED_UNIT(*) SI_UNIT($,.STERADIAN.) SOLID_ANGLE_UNIT() );
#8212 = UNCERTAINTY_MEASURE_WITH_UNIT(LENGTH_MEASURE(1.E-07),#8209,
  'distance_accuracy_value','confusion accuracy');
#8213 = CONTEXT_DEPENDENT_SHAPE_REPRESENTATION(#8214,#8216);
#8214 = ( REPRESENTATION_RELATIONSHIP('','',#8057,#10) 
REPRESENTATION_RELATIONSHIP_WITH_TRANSFORMATION(#8215) 
SHAPE_REPRESENTATION_RELATIONSHIP() );
#8215 = ITEM_DEFINED_TRANSFORMATION('','',#11,#67);
#8216 = PRODUCT_DEFINITION_SHAPE('Placement','Placement of an item',
  #8217);
#8217 = NEXT_ASSEMBLY_USAGE_OCCURRENCE('36','Filler behind the panel',''
  ,#5,#8052,$);
#8218 = PRODUCT_RELATED_PRODUCT_CATEGORY('part',$,(#8054));
#8219 = SHAPE_DEFINITION_REPRESENTATION(#8220,#8226);
#8220 = PRODUCT_DEFINITION_SHAPE('','',#8221);
#8221 = PRODUCT_DEFINITION('design','',#8222,#8225);
#8222 = PRODUCT_DEFINITION_FORMATION('','',#8223);
#8223 = PRODUCT('Filler cleat','Filler cleat','',(#8224));
#8224 = PRODUCT_CONTEXT('',#2,'mechanical');
#8225 = PRODUCT_DEFINITION_CONTEXT('part definition',#2,'design');
#8226 = ADVANCED_BREP_SHAPE_REPRESENTATION('',(#11,#8227),#8377);
#8227 = MANIFOLD_SOLID_BREP('',#8228);
#8228 = CLOSED_SHELL('',(#8229,#8269,#8300,#8331,#8353,#8365));
#8229 = ADVANCED_FACE('',(#8230),#8264,.F.);
#8230 = FACE_BOUND('',#8231,.F.);
#8231 = EDGE_LOOP('',(#8232,#8242,#8250,#8258));
#8232 = ORIENTED_EDGE('',*,*,#8233,.T.);
#8233 = EDGE_CURVE('',#8234,#8236,#8238,.T.);
#8234 = VERTEX_POINT('',#8235);
#8235 = CARTESIAN_POINT('',(12.,246.,38.));
#8236 = VERTEX_POINT('',#8237);
#8237 = CARTESIAN_POINT('',(24.,246.,38.));
#8238 = LINE('',#8239,#8240);
#8239 = CARTESIAN_POINT('',(12.,246.,38.));
#8240 = VECTOR('',#8241,1.);
#8241 = DIRECTION('',(1.,0.,0.));
#8242 = ORIENTED_EDGE('',*,*,#8243,.T.);
#8243 = EDGE_CURVE('',#8236,#8244,#8246,.T.);
#8244 = VERTEX_POINT('',#8245);
#8245 = CARTESIAN_POINT('',(24.,298.,38.));
#8246 = LINE('',#8247,#8248);
#8247 = CARTESIAN_POINT('',(24.,246.,38.));
#8248 = VECTOR('',#8249,1.);
#8249 = DIRECTION('',(0.,1.,0.));
#8250 = ORIENTED_EDGE('',*,*,#8251,.F.);
#8251 = EDGE_CURVE('',#8252,#8244,#8254,.T.);
#8252 = VERTEX_POINT('',#8253);
#8253 = CARTESIAN_POINT('',(12.,298.,38.));
#8254 = LINE('',#8255,#8256);
#8255 = CARTESIAN_POINT('',(12.,298.,38.));
#8256 = VECTOR('',#8257,1.);
#8257 = DIRECTION('',(1.,0.,0.));
#8258 = ORIENTED_EDGE('',*,*,#8259,.F.);
#8259 = EDGE_CURVE('',#8234,#8252,#8260,.T.);
#8260 = LINE('',#8261,#8262);
#8261 = CARTESIAN_POINT('',(12.,246.,38.));
#8262 = VECTOR('',#8263,1.);
#8263 = DIRECTION('',(0.,1.,0.));
#8264 = PLANE('',#8265);
#8265 = AXIS2_PLACEMENT_3D('',#8266,#8267,#8268);
#8266 = CARTESIAN_POINT('',(12.,246.,38.));
#8267 = DIRECTION('',(0.,0.,1.));
#8268 = DIRECTION('',(0.,1.,0.));
#8269 = ADVANCED_FACE('',(#8270),#8295,.F.);
#8270 = FACE_BOUND('',#8271,.F.);
#8271 = EDGE_LOOP('',(#8272,#8273,#8281,#8289));
#8272 = ORIENTED_EDGE('',*,*,#8251,.T.);
#8273 = ORIENTED_EDGE('',*,*,#8274,.T.);
#8274 = EDGE_CURVE('',#8244,#8275,#8277,.T.);
#8275 = VERTEX_POINT('',#8276);
#8276 = CARTESIAN_POINT('',(24.,298.,50.));
#8277 = LINE('',#8278,#8279);
#8278 = CARTESIAN_POINT('',(24.,298.,38.));
#8279 = VECTOR('',#8280,1.);
#8280 = DIRECTION('',(0.,0.,1.));
#8281 = ORIENTED_EDGE('',*,*,#8282,.F.);
#8282 = EDGE_CURVE('',#8283,#8275,#8285,.T.);
#8283 = VERTEX_POINT('',#8284);
#8284 = CARTESIAN_POINT('',(12.,298.,50.));
#8285 = LINE('',#8286,#8287);
#8286 = CARTESIAN_POINT('',(12.,298.,50.));
#8287 = VECTOR('',#8288,1.);
#8288 = DIRECTION('',(1.,0.,0.));
#8289 = ORIENTED_EDGE('',*,*,#8290,.F.);
#8290 = EDGE_CURVE('',#8252,#8283,#8291,.T.);
#8291 = LINE('',#8292,#8293);
#8292 = CARTESIAN_POINT('',(12.,298.,38.));
#8293 = VECTOR('',#8294,1.);
#8294 = DIRECTION('',(0.,0.,1.));
#8295 = PLANE('',#8296);
#8296 = AXIS2_PLACEMENT_3D('',#8297,#8298,#8299);
#8297 = CARTESIAN_POINT('',(12.,298.,38.));
#8298 = DIRECTION('',(0.,-1.,0.));
#8299 = DIRECTION('',(0.,0.,1.));
#8300 = ADVANCED_FACE('',(#8301),#8326,.F.);
#8301 = FACE_BOUND('',#8302,.F.);
#8302 = EDGE_LOOP('',(#8303,#8304,#8312,#8320));
#8303 = ORIENTED_EDGE('',*,*,#8282,.T.);
#8304 = ORIENTED_EDGE('',*,*,#8305,.T.);
#8305 = EDGE_CURVE('',#8275,#8306,#8308,.T.);
#8306 = VERTEX_POINT('',#8307);
#8307 = CARTESIAN_POINT('',(24.,246.,50.));
#8308 = LINE('',#8309,#8310);
#8309 = CARTESIAN_POINT('',(24.,298.,50.));
#8310 = VECTOR('',#8311,1.);
#8311 = DIRECTION('',(0.,-1.,0.));
#8312 = ORIENTED_EDGE('',*,*,#8313,.F.);
#8313 = EDGE_CURVE('',#8314,#8306,#8316,.T.);
#8314 = VERTEX_POINT('',#8315);
#8315 = CARTESIAN_POINT('',(12.,246.,50.));
#8316 = LINE('',#8317,#8318);
#8317 = CARTESIAN_POINT('',(12.,246.,50.));
#8318 = VECTOR('',#8319,1.);
#8319 = DIRECTION('',(1.,0.,0.));
#8320 = ORIENTED_EDGE('',*,*,#8321,.F.);
#8321 = EDGE_CURVE('',#8283,#8314,#8322,.T.);
#8322 = LINE('',#8323,#8324);
#8323 = CARTESIAN_POINT('',(12.,298.,50.));
#8324 = VECTOR('',#8325,1.);
#8325 = DIRECTION('',(0.,-1.,0.));
#8326 = PLANE('',#8327);
#8327 = AXIS2_PLACEMENT_3D('',#8328,#8329,#8330);
#8328 = CARTESIAN_POINT('',(12.,298.,50.));
#8329 = DIRECTION('',(0.,0.,-1.));
#8330 = DIRECTION('',(0.,-1.,0.));
#8331 = ADVANCED_FACE('',(#8332),#8348,.F.);
#8332 = FACE_BOUND('',#8333,.F.);
#8333 = EDGE_LOOP('',(#8334,#8335,#8341,#8342));
#8334 = ORIENTED_EDGE('',*,*,#8313,.T.);
#8335 = ORIENTED_EDGE('',*,*,#8336,.T.);
#8336 = EDGE_CURVE('',#8306,#8236,#8337,.T.);
#8337 = LINE('',#8338,#8339);
#8338 = CARTESIAN_POINT('',(24.,246.,50.));
#8339 = VECTOR('',#8340,1.);
#8340 = DIRECTION('',(0.,0.,-1.));
#8341 = ORIENTED_EDGE('',*,*,#8233,.F.);
#8342 = ORIENTED_EDGE('',*,*,#8343,.F.);
#8343 = EDGE_CURVE('',#8314,#8234,#8344,.T.);
#8344 = LINE('',#8345,#8346);
#8345 = CARTESIAN_POINT('',(12.,246.,50.));
#8346 = VECTOR('',#8347,1.);
#8347 = DIRECTION('',(0.,0.,-1.));
#8348 = PLANE('',#8349);
#8349 = AXIS2_PLACEMENT_3D('',#8350,#8351,#8352);
#8350 = CARTESIAN_POINT('',(12.,246.,50.));
#8351 = DIRECTION('',(-0.,1.,0.));
#8352 = DIRECTION('',(0.,0.,-1.));
#8353 = ADVANCED_FACE('',(#8354),#8360,.F.);
#8354 = FACE_BOUND('',#8355,.F.);
#8355 = EDGE_LOOP('',(#8356,#8357,#8358,#8359));
#8356 = ORIENTED_EDGE('',*,*,#8259,.T.);
#8357 = ORIENTED_EDGE('',*,*,#8290,.T.);
#8358 = ORIENTED_EDGE('',*,*,#8321,.T.);
#8359 = ORIENTED_EDGE('',*,*,#8343,.T.);
#8360 = PLANE('',#8361);
#8361 = AXIS2_PLACEMENT_3D('',#8362,#8363,#8364);
#8362 = CARTESIAN_POINT('',(12.,272.,44.));
#8363 = DIRECTION('',(1.,0.,0.));
#8364 = DIRECTION('',(-0.,0.,1.));
#8365 = ADVANCED_FACE('',(#8366),#8372,.T.);
#8366 = FACE_BOUND('',#8367,.T.);
#8367 = EDGE_LOOP('',(#8368,#8369,#8370,#8371));
#8368 = ORIENTED_EDGE('',*,*,#8243,.T.);
#8369 = ORIENTED_EDGE('',*,*,#8274,.T.);
#8370 = ORIENTED_EDGE('',*,*,#8305,.T.);
#8371 = ORIENTED_EDGE('',*,*,#8336,.T.);
#8372 = PLANE('',#8373);
#8373 = AXIS2_PLACEMENT_3D('',#8374,#8375,#8376);
#8374 = CARTESIAN_POINT('',(24.,272.,44.));
#8375 = DIRECTION('',(1.,0.,0.));
#8376 = DIRECTION('',(-0.,0.,1.));
#8377 = ( GEOMETRIC_REPRESENTATION_CONTEXT(3) 
GLOBAL_UNCERTAINTY_ASSIGNED_CONTEXT((#8381)) 
GLOBAL_UNIT_ASSIGNED_CONTEXT((#8378,#8379,#8380)) REPRESENTATION_CONTEXT
('Context #1','3D Context with UNIT and UNCERTAINTY') );
#8378 = ( LENGTH_UNIT() NAMED_UNIT(*) SI_UNIT(.MILLI.,.METRE.) );
#8379 = ( NAMED_UNIT(*) PLANE_ANGLE_UNIT() SI_UNIT($,.RADIAN.) );
#8380 = ( NAMED_UNIT(*) SI_UNIT($,.STERADIAN.) SOLID_ANGLE_UNIT() );
#8381 = UNCERTAINTY_MEASURE_WITH_UNIT(LENGTH_MEASURE(1.E-07),#8378,
  'distance_accuracy_value','confusion accuracy');
#8382 = CONTEXT_DEPENDENT_SHAPE_REPRESENTATION(#8383,#8385);
#8383 = ( REPRESENTATION_RELATIONSHIP('','',#8226,#10) 
REPRESENTATION_RELATIONSHIP_WITH_TRANSFORMATION(#8384) 
SHAPE_REPRESENTATION_RELATIONSHIP() );
#8384 = ITEM_DEFINED_TRANSFORMATION('','',#11,#71);
#8385 = PRODUCT_DEFINITION_SHAPE('Placement','Placement of an item',
  #8386);
#8386 = NEXT_ASSEMBLY_USAGE_OCCURRENCE('37','Filler cleat','',#5,#8221,$
  );
#8387 = PRODUCT_RELATED_PRODUCT_CATEGORY('part',$,(#8223));
#8388 = SHAPE_DEFINITION_REPRESENTATION(#8389,#8395);
#8389 = PRODUCT_DEFINITION_SHAPE('','',#8390);
#8390 = PRODUCT_DEFINITION('design','',#8391,#8394);
#8391 = PRODUCT_DEFINITION_FORMATION('','',#8392);
#8392 = PRODUCT('Filler cleat001','Filler cleat001','',(#8393));
#8393 = PRODUCT_CONTEXT('',#2,'mechanical');
#8394 = PRODUCT_DEFINITION_CONTEXT('part definition',#2,'design');
#8395 = ADVANCED_BREP_SHAPE_REPRESENTATION('',(#11,#8396),#8546);
#8396 = MANIFOLD_SOLID_BREP('',#8397);
#8397 = CLOSED_SHELL('',(#8398,#8438,#8469,#8500,#8522,#8534));
#8398 = ADVANCED_FACE('',(#8399),#8433,.F.);
#8399 = FACE_BOUND('',#8400,.F.);
#8400 = EDGE_LOOP('',(#8401,#8411,#8419,#8427));
#8401 = ORIENTED_EDGE('',*,*,#8402,.T.);
#8402 = EDGE_CURVE('',#8403,#8405,#8407,.T.);
#8403 = VERTEX_POINT('',#8404);
#8404 = CARTESIAN_POINT('',(174.,246.,38.));
#8405 = VERTEX_POINT('',#8406);
#8406 = CARTESIAN_POINT('',(186.,246.,38.));
#8407 = LINE('',#8408,#8409);
#8408 = CARTESIAN_POINT('',(174.,246.,38.));
#8409 = VECTOR('',#8410,1.);
#8410 = DIRECTION('',(1.,0.,0.));
#8411 = ORIENTED_EDGE('',*,*,#8412,.T.);
#8412 = EDGE_CURVE('',#8405,#8413,#8415,.T.);
#8413 = VERTEX_POINT('',#8414);
#8414 = CARTESIAN_POINT('',(186.,298.,38.));
#8415 = LINE('',#8416,#8417);
#8416 = CARTESIAN_POINT('',(186.,246.,38.));
#8417 = VECTOR('',#8418,1.);
#8418 = DIRECTION('',(0.,1.,0.));
#8419 = ORIENTED_EDGE('',*,*,#8420,.F.);
#8420 = EDGE_CURVE('',#8421,#8413,#8423,.T.);
#8421 = VERTEX_POINT('',#8422);
#8422 = CARTESIAN_POINT('',(174.,298.,38.));
#8423 = LINE('',#8424,#8425);
#8424 = CARTESIAN_POINT('',(174.,298.,38.));
#8425 = VECTOR('',#8426,1.);
#8426 = DIRECTION('',(1.,0.,0.));
#8427 = ORIENTED_EDGE('',*,*,#8428,.F.);
#8428 = EDGE_CURVE('',#8403,#8421,#8429,.T.);
#8429 = LINE('',#8430,#8431);
#8430 = CARTESIAN_POINT('',(174.,246.,38.));
#8431 = VECTOR('',#8432,1.);
#8432 = DIRECTION('',(0.,1.,0.));
#8433 = PLANE('',#8434);
#8434 = AXIS2_PLACEMENT_3D('',#8435,#8436,#8437);
#8435 = CARTESIAN_POINT('',(174.,246.,38.));
#8436 = DIRECTION('',(0.,0.,1.));
#8437 = DIRECTION('',(0.,1.,0.));
#8438 = ADVANCED_FACE('',(#8439),#8464,.F.);
#8439 = FACE_BOUND('',#8440,.F.);
#8440 = EDGE_LOOP('',(#8441,#8442,#8450,#8458));
#8441 = ORIENTED_EDGE('',*,*,#8420,.T.);
#8442 = ORIENTED_EDGE('',*,*,#8443,.T.);
#8443 = EDGE_CURVE('',#8413,#8444,#8446,.T.);
#8444 = VERTEX_POINT('',#8445);
#8445 = CARTESIAN_POINT('',(186.,298.,50.));
#8446 = LINE('',#8447,#8448);
#8447 = CARTESIAN_POINT('',(186.,298.,38.));
#8448 = VECTOR('',#8449,1.);
#8449 = DIRECTION('',(0.,0.,1.));
#8450 = ORIENTED_EDGE('',*,*,#8451,.F.);
#8451 = EDGE_CURVE('',#8452,#8444,#8454,.T.);
#8452 = VERTEX_POINT('',#8453);
#8453 = CARTESIAN_POINT('',(174.,298.,50.));
#8454 = LINE('',#8455,#8456);
#8455 = CARTESIAN_POINT('',(174.,298.,50.));
#8456 = VECTOR('',#8457,1.);
#8457 = DIRECTION('',(1.,0.,0.));
#8458 = ORIENTED_EDGE('',*,*,#8459,.F.);
#8459 = EDGE_CURVE('',#8421,#8452,#8460,.T.);
#8460 = LINE('',#8461,#8462);
#8461 = CARTESIAN_POINT('',(174.,298.,38.));
#8462 = VECTOR('',#8463,1.);
#8463 = DIRECTION('',(0.,0.,1.));
#8464 = PLANE('',#8465);
#8465 = AXIS2_PLACEMENT_3D('',#8466,#8467,#8468);
#8466 = CARTESIAN_POINT('',(174.,298.,38.));
#8467 = DIRECTION('',(0.,-1.,0.));
#8468 = DIRECTION('',(0.,0.,1.));
#8469 = ADVANCED_FACE('',(#8470),#8495,.F.);
#8470 = FACE_BOUND('',#8471,.F.);
#8471 = EDGE_LOOP('',(#8472,#8473,#8481,#8489));
#8472 = ORIENTED_EDGE('',*,*,#8451,.T.);
#8473 = ORIENTED_EDGE('',*,*,#8474,.T.);
#8474 = EDGE_CURVE('',#8444,#8475,#8477,.T.);
#8475 = VERTEX_POINT('',#8476);
#8476 = CARTESIAN_POINT('',(186.,246.,50.));
#8477 = LINE('',#8478,#8479);
#8478 = CARTESIAN_POINT('',(186.,298.,50.));
#8479 = VECTOR('',#8480,1.);
#8480 = DIRECTION('',(0.,-1.,0.));
#8481 = ORIENTED_EDGE('',*,*,#8482,.F.);
#8482 = EDGE_CURVE('',#8483,#8475,#8485,.T.);
#8483 = VERTEX_POINT('',#8484);
#8484 = CARTESIAN_POINT('',(174.,246.,50.));
#8485 = LINE('',#8486,#8487);
#8486 = CARTESIAN_POINT('',(174.,246.,50.));
#8487 = VECTOR('',#8488,1.);
#8488 = DIRECTION('',(1.,0.,0.));
#8489 = ORIENTED_EDGE('',*,*,#8490,.F.);
#8490 = EDGE_CURVE('',#8452,#8483,#8491,.T.);
#8491 = LINE('',#8492,#8493);
#8492 = CARTESIAN_POINT('',(174.,298.,50.));
#8493 = VECTOR('',#8494,1.);
#8494 = DIRECTION('',(0.,-1.,0.));
#8495 = PLANE('',#8496);
#8496 = AXIS2_PLACEMENT_3D('',#8497,#8498,#8499);
#8497 = CARTESIAN_POINT('',(174.,298.,50.));
#8498 = DIRECTION('',(0.,0.,-1.));
#8499 = DIRECTION('',(0.,-1.,0.));
#8500 = ADVANCED_FACE('',(#8501),#8517,.F.);
#8501 = FACE_BOUND('',#8502,.F.);
#8502 = EDGE_LOOP('',(#8503,#8504,#8510,#8511));
#8503 = ORIENTED_EDGE('',*,*,#8482,.T.);
#8504 = ORIENTED_EDGE('',*,*,#8505,.T.);
#8505 = EDGE_CURVE('',#8475,#8405,#8506,.T.);
#8506 = LINE('',#8507,#8508);
#8507 = CARTESIAN_POINT('',(186.,246.,50.));
#8508 = VECTOR('',#8509,1.);
#8509 = DIRECTION('',(0.,0.,-1.));
#8510 = ORIENTED_EDGE('',*,*,#8402,.F.);
#8511 = ORIENTED_EDGE('',*,*,#8512,.F.);
#8512 = EDGE_CURVE('',#8483,#8403,#8513,.T.);
#8513 = LINE('',#8514,#8515);
#8514 = CARTESIAN_POINT('',(174.,246.,50.));
#8515 = VECTOR('',#8516,1.);
#8516 = DIRECTION('',(0.,0.,-1.));
#8517 = PLANE('',#8518);
#8518 = AXIS2_PLACEMENT_3D('',#8519,#8520,#8521);
#8519 = CARTESIAN_POINT('',(174.,246.,50.));
#8520 = DIRECTION('',(-0.,1.,0.));
#8521 = DIRECTION('',(0.,0.,-1.));
#8522 = ADVANCED_FACE('',(#8523),#8529,.F.);
#8523 = FACE_BOUND('',#8524,.F.);
#8524 = EDGE_LOOP('',(#8525,#8526,#8527,#8528));
#8525 = ORIENTED_EDGE('',*,*,#8428,.T.);
#8526 = ORIENTED_EDGE('',*,*,#8459,.T.);
#8527 = ORIENTED_EDGE('',*,*,#8490,.T.);
#8528 = ORIENTED_EDGE('',*,*,#8512,.T.);
#8529 = PLANE('',#8530);
#8530 = AXIS2_PLACEMENT_3D('',#8531,#8532,#8533);
#8531 = CARTESIAN_POINT('',(174.,272.,44.));
#8532 = DIRECTION('',(1.,0.,0.));
#8533 = DIRECTION('',(-0.,0.,1.));
#8534 = ADVANCED_FACE('',(#8535),#8541,.T.);
#8535 = FACE_BOUND('',#8536,.T.);
#8536 = EDGE_LOOP('',(#8537,#8538,#8539,#8540));
#8537 = ORIENTED_EDGE('',*,*,#8412,.T.);
#8538 = ORIENTED_EDGE('',*,*,#8443,.T.);
#8539 = ORIENTED_EDGE('',*,*,#8474,.T.);
#8540 = ORIENTED_EDGE('',*,*,#8505,.T.);
#8541 = PLANE('',#8542);
#8542 = AXIS2_PLACEMENT_3D('',#8543,#8544,#8545);
#8543 = CARTESIAN_POINT('',(186.,272.,44.));
#8544 = DIRECTION('',(1.,0.,0.));
#8545 = DIRECTION('',(-0.,0.,1.));
#8546 = ( GEOMETRIC_REPRESENTATION_CONTEXT(3) 
GLOBAL_UNCERTAINTY_ASSIGNED_CONTEXT((#8550)) 
GLOBAL_UNIT_ASSIGNED_CONTEXT((#8547,#8548,#8549)) REPRESENTATION_CONTEXT
('Context #1','3D Context with UNIT and UNCERTAINTY') );
#8547 = ( LENGTH_UNIT() NAMED_UNIT(*) SI_UNIT(.MILLI.,.METRE.) );
#8548 = ( NAMED_UNIT(*) PLANE_ANGLE_UNIT() SI_UNIT($,.RADIAN.) );
#8549 = ( NAMED_UNIT(*) SI_UNIT($,.STERADIAN.) SOLID_ANGLE_UNIT() );
#8550 = UNCERTAINTY_MEASURE_WITH_UNIT(LENGTH_MEASURE(1.E-07),#8547,
  'distance_accuracy_value','confusion accuracy');
#8551 = CONTEXT_DEPENDENT_SHAPE_REPRESENTATION(#8552,#8554);
#8552 = ( REPRESENTATION_RELATIONSHIP('','',#8395,#10) 
REPRESENTATION_RELATIONSHIP_WITH_TRANSFORMATION(#8553) 
SHAPE_REPRESENTATION_RELATIONSHIP() );
#8553 = ITEM_DEFINED_TRANSFORMATION('','',#11,#75);
#8554 = PRODUCT_DEFINITION_SHAPE('Placement','Placement of an item',
  #8555);
#8555 = NEXT_ASSEMBLY_USAGE_OCCURRENCE('38','Filler cleat001','',#5,
  #8390,$);
#8556 = PRODUCT_RELATED_PRODUCT_CATEGORY('part',$,(#8392));
#8557 = SHAPE_DEFINITION_REPRESENTATION(#8558,#8564);
#8558 = PRODUCT_DEFINITION_SHAPE('','',#8559);
#8559 = PRODUCT_DEFINITION('design','',#8560,#8563);
#8560 = PRODUCT_DEFINITION_FORMATION('','',#8561);
#8561 = PRODUCT('Lid top','Lid top','',(#8562));
#8562 = PRODUCT_CONTEXT('',#2,'mechanical');
#8563 = PRODUCT_DEFINITION_CONTEXT('part definition',#2,'design');
#8564 = ADVANCED_BREP_SHAPE_REPRESENTATION('',(#11,#8565),#8715);
#8565 = MANIFOLD_SOLID_BREP('',#8566);
#8566 = CLOSED_SHELL('',(#8567,#8607,#8638,#8669,#8691,#8703));
#8567 = ADVANCED_FACE('',(#8568),#8602,.F.);
#8568 = FACE_BOUND('',#8569,.F.);
#8569 = EDGE_LOOP('',(#8570,#8580,#8588,#8596));
#8570 = ORIENTED_EDGE('',*,*,#8571,.T.);
#8571 = EDGE_CURVE('',#8572,#8574,#8576,.T.);
#8572 = VERTEX_POINT('',#8573);
#8573 = CARTESIAN_POINT('',(0.,0.,89.));
#8574 = VERTEX_POINT('',#8575);
#8575 = CARTESIAN_POINT('',(0.,0.,95.));
#8576 = LINE('',#8577,#8578);
#8577 = CARTESIAN_POINT('',(0.,0.,89.));
#8578 = VECTOR('',#8579,1.);
#8579 = DIRECTION('',(0.,0.,1.));
#8580 = ORIENTED_EDGE('',*,*,#8581,.T.);
#8581 = EDGE_CURVE('',#8574,#8582,#8584,.T.);
#8582 = VERTEX_POINT('',#8583);
#8583 = CARTESIAN_POINT('',(911.,0.,95.));
#8584 = LINE('',#8585,#8586);
#8585 = CARTESIAN_POINT('',(0.,0.,95.));
#8586 = VECTOR('',#8587,1.);
#8587 = DIRECTION('',(1.,0.,0.));
#8588 = ORIENTED_EDGE('',*,*,#8589,.F.);
#8589 = EDGE_CURVE('',#8590,#8582,#8592,.T.);
#8590 = VERTEX_POINT('',#8591);
#8591 = CARTESIAN_POINT('',(911.,0.,89.));
#8592 = LINE('',#8593,#8594);
#8593 = CARTESIAN_POINT('',(911.,0.,89.));
#8594 = VECTOR('',#8595,1.);
#8595 = DIRECTION('',(0.,0.,1.));
#8596 = ORIENTED_EDGE('',*,*,#8597,.F.);
#8597 = EDGE_CURVE('',#8572,#8590,#8598,.T.);
#8598 = LINE('',#8599,#8600);
#8599 = CARTESIAN_POINT('',(0.,0.,89.));
#8600 = VECTOR('',#8601,1.);
#8601 = DIRECTION('',(1.,0.,0.));
#8602 = PLANE('',#8603);
#8603 = AXIS2_PLACEMENT_3D('',#8604,#8605,#8606);
#8604 = CARTESIAN_POINT('',(0.,0.,89.));
#8605 = DIRECTION('',(0.,1.,0.));
#8606 = DIRECTION('',(1.,0.,0.));
#8607 = ADVANCED_FACE('',(#8608),#8633,.F.);
#8608 = FACE_BOUND('',#8609,.F.);
#8609 = EDGE_LOOP('',(#8610,#8611,#8619,#8627));
#8610 = ORIENTED_EDGE('',*,*,#8589,.T.);
#8611 = ORIENTED_EDGE('',*,*,#8612,.T.);
#8612 = EDGE_CURVE('',#8582,#8613,#8615,.T.);
#8613 = VERTEX_POINT('',#8614);
#8614 = CARTESIAN_POINT('',(911.,310.,95.));
#8615 = LINE('',#8616,#8617);
#8616 = CARTESIAN_POINT('',(911.,0.,95.));
#8617 = VECTOR('',#8618,1.);
#8618 = DIRECTION('',(0.,1.,0.));
#8619 = ORIENTED_EDGE('',*,*,#8620,.F.);
#8620 = EDGE_CURVE('',#8621,#8613,#8623,.T.);
#8621 = VERTEX_POINT('',#8622);
#8622 = CARTESIAN_POINT('',(911.,310.,89.));
#8623 = LINE('',#8624,#8625);
#8624 = CARTESIAN_POINT('',(911.,310.,89.));
#8625 = VECTOR('',#8626,1.);
#8626 = DIRECTION('',(0.,0.,1.));
#8627 = ORIENTED_EDGE('',*,*,#8628,.F.);
#8628 = EDGE_CURVE('',#8590,#8621,#8629,.T.);
#8629 = LINE('',#8630,#8631);
#8630 = CARTESIAN_POINT('',(911.,0.,89.));
#8631 = VECTOR('',#8632,1.);
#8632 = DIRECTION('',(0.,1.,0.));
#8633 = PLANE('',#8634);
#8634 = AXIS2_PLACEMENT_3D('',#8635,#8636,#8637);
#8635 = CARTESIAN_POINT('',(911.,0.,89.));
#8636 = DIRECTION('',(-1.,0.,0.));
#8637 = DIRECTION('',(0.,1.,0.));
#8638 = ADVANCED_FACE('',(#8639),#8664,.F.);
#8639 = FACE_BOUND('',#8640,.F.);
#8640 = EDGE_LOOP('',(#8641,#8642,#8650,#8658));
#8641 = ORIENTED_EDGE('',*,*,#8620,.T.);
#8642 = ORIENTED_EDGE('',*,*,#8643,.T.);
#8643 = EDGE_CURVE('',#8613,#8644,#8646,.T.);
#8644 = VERTEX_POINT('',#8645);
#8645 = CARTESIAN_POINT('',(0.,310.,95.));
#8646 = LINE('',#8647,#8648);
#8647 = CARTESIAN_POINT('',(911.,310.,95.));
#8648 = VECTOR('',#8649,1.);
#8649 = DIRECTION('',(-1.,0.,0.));
#8650 = ORIENTED_EDGE('',*,*,#8651,.F.);
#8651 = EDGE_CURVE('',#8652,#8644,#8654,.T.);
#8652 = VERTEX_POINT('',#8653);
#8653 = CARTESIAN_POINT('',(0.,310.,89.));
#8654 = LINE('',#8655,#8656);
#8655 = CARTESIAN_POINT('',(0.,310.,89.));
#8656 = VECTOR('',#8657,1.);
#8657 = DIRECTION('',(0.,0.,1.));
#8658 = ORIENTED_EDGE('',*,*,#8659,.F.);
#8659 = EDGE_CURVE('',#8621,#8652,#8660,.T.);
#8660 = LINE('',#8661,#8662);
#8661 = CARTESIAN_POINT('',(911.,310.,89.));
#8662 = VECTOR('',#8663,1.);
#8663 = DIRECTION('',(-1.,0.,0.));
#8664 = PLANE('',#8665);
#8665 = AXIS2_PLACEMENT_3D('',#8666,#8667,#8668);
#8666 = CARTESIAN_POINT('',(911.,310.,89.));
#8667 = DIRECTION('',(0.,-1.,0.));
#8668 = DIRECTION('',(-1.,0.,0.));
#8669 = ADVANCED_FACE('',(#8670),#8686,.F.);
#8670 = FACE_BOUND('',#8671,.F.);
#8671 = EDGE_LOOP('',(#8672,#8673,#8679,#8680));
#8672 = ORIENTED_EDGE('',*,*,#8651,.T.);
#8673 = ORIENTED_EDGE('',*,*,#8674,.T.);
#8674 = EDGE_CURVE('',#8644,#8574,#8675,.T.);
#8675 = LINE('',#8676,#8677);
#8676 = CARTESIAN_POINT('',(0.,310.,95.));
#8677 = VECTOR('',#8678,1.);
#8678 = DIRECTION('',(0.,-1.,0.));
#8679 = ORIENTED_EDGE('',*,*,#8571,.F.);
#8680 = ORIENTED_EDGE('',*,*,#8681,.F.);
#8681 = EDGE_CURVE('',#8652,#8572,#8682,.T.);
#8682 = LINE('',#8683,#8684);
#8683 = CARTESIAN_POINT('',(0.,310.,89.));
#8684 = VECTOR('',#8685,1.);
#8685 = DIRECTION('',(0.,-1.,0.));
#8686 = PLANE('',#8687);
#8687 = AXIS2_PLACEMENT_3D('',#8688,#8689,#8690);
#8688 = CARTESIAN_POINT('',(0.,310.,89.));
#8689 = DIRECTION('',(1.,0.,-0.));
#8690 = DIRECTION('',(0.,-1.,0.));
#8691 = ADVANCED_FACE('',(#8692),#8698,.F.);
#8692 = FACE_BOUND('',#8693,.F.);
#8693 = EDGE_LOOP('',(#8694,#8695,#8696,#8697));
#8694 = ORIENTED_EDGE('',*,*,#8597,.T.);
#8695 = ORIENTED_EDGE('',*,*,#8628,.T.);
#8696 = ORIENTED_EDGE('',*,*,#8659,.T.);
#8697 = ORIENTED_EDGE('',*,*,#8681,.T.);
#8698 = PLANE('',#8699);
#8699 = AXIS2_PLACEMENT_3D('',#8700,#8701,#8702);
#8700 = CARTESIAN_POINT('',(455.5,155.,89.));
#8701 = DIRECTION('',(0.,0.,1.));
#8702 = DIRECTION('',(1.,0.,-0.));
#8703 = ADVANCED_FACE('',(#8704),#8710,.T.);
#8704 = FACE_BOUND('',#8705,.T.);
#8705 = EDGE_LOOP('',(#8706,#8707,#8708,#8709));
#8706 = ORIENTED_EDGE('',*,*,#8581,.T.);
#8707 = ORIENTED_EDGE('',*,*,#8612,.T.);
#8708 = ORIENTED_EDGE('',*,*,#8643,.T.);
#8709 = ORIENTED_EDGE('',*,*,#8674,.T.);
#8710 = PLANE('',#8711);
#8711 = AXIS2_PLACEMENT_3D('',#8712,#8713,#8714);
#8712 = CARTESIAN_POINT('',(455.5,155.,95.));
#8713 = DIRECTION('',(0.,0.,1.));
#8714 = DIRECTION('',(1.,0.,-0.));
#8715 = ( GEOMETRIC_REPRESENTATION_CONTEXT(3) 
GLOBAL_UNCERTAINTY_ASSIGNED_CONTEXT((#8719)) 
GLOBAL_UNIT_ASSIGNED_CONTEXT((#8716,#8717,#8718)) REPRESENTATION_CONTEXT
('Context #1','3D Context with UNIT and UNCERTAINTY') );
#8716 = ( LENGTH_UNIT() NAMED_UNIT(*) SI_UNIT(.MILLI.,.METRE.) );
#8717 = ( NAMED_UNIT(*) PLANE_ANGLE_UNIT() SI_UNIT($,.RADIAN.) );
#8718 = ( NAMED_UNIT(*) SI_UNIT($,.STERADIAN.) SOLID_ANGLE_UNIT() );
#8719 = UNCERTAINTY_MEASURE_WITH_UNIT(LENGTH_MEASURE(1.E-07),#8716,
  'distance_accuracy_value','confusion accuracy');
#8720 = CONTEXT_DEPENDENT_SHAPE_REPRESENTATION(#8721,#8723);
#8721 = ( REPRESENTATION_RELATIONSHIP('','',#8564,#10) 
REPRESENTATION_RELATIONSHIP_WITH_TRANSFORMATION(#8722) 
SHAPE_REPRESENTATION_RELATIONSHIP() );
#8722 = ITEM_DEFINED_TRANSFORMATION('','',#11,#79);
#8723 = PRODUCT_DEFINITION_SHAPE('Placement','Placement of an item',
  #8724);
#8724 = NEXT_ASSEMBLY_USAGE_OCCURRENCE('39','Lid top','',#5,#8559,$);
#8725 = PRODUCT_RELATED_PRODUCT_CATEGORY('part',$,(#8561));
#8726 = SHAPE_DEFINITION_REPRESENTATION(#8727,#8733);
#8727 = PRODUCT_DEFINITION_SHAPE('','',#8728);
#8728 = PRODUCT_DEFINITION('design','',#8729,#8732);
#8729 = PRODUCT_DEFINITION_FORMATION('','',#8730);
#8730 = PRODUCT('Lid front/rear','Lid front/rear','',(#8731));
#8731 = PRODUCT_CONTEXT('',#2,'mechanical');
#8732 = PRODUCT_DEFINITION_CONTEXT('part definition',#2,'design');
#8733 = ADVANCED_BREP_SHAPE_REPRESENTATION('',(#11,#8734),#8884);
#8734 = MANIFOLD_SOLID_BREP('',#8735);
#8735 = CLOSED_SHELL('',(#8736,#8776,#8807,#8838,#8860,#8872));
#8736 = ADVANCED_FACE('',(#8737),#8771,.F.);
#8737 = FACE_BOUND('',#8738,.F.);
#8738 = EDGE_LOOP('',(#8739,#8749,#8757,#8765));
#8739 = ORIENTED_EDGE('',*,*,#8740,.T.);
#8740 = EDGE_CURVE('',#8741,#8743,#8745,.T.);
#8741 = VERTEX_POINT('',#8742);
#8742 = CARTESIAN_POINT('',(0.,9.,59.));
#8743 = VERTEX_POINT('',#8744);
#8744 = CARTESIAN_POINT('',(0.,0.,59.));
#8745 = LINE('',#8746,#8747);
#8746 = CARTESIAN_POINT('',(0.,9.,59.));
#8747 = VECTOR('',#8748,1.);
#8748 = DIRECTION('',(0.,-1.,0.));
#8749 = ORIENTED_EDGE('',*,*,#8750,.T.);
#8750 = EDGE_CURVE('',#8743,#8751,#8753,.T.);
#8751 = VERTEX_POINT('',#8752);
#8752 = CARTESIAN_POINT('',(911.,0.,59.));
#8753 = LINE('',#8754,#8755);
#8754 = CARTESIAN_POINT('',(0.,0.,59.));
#8755 = VECTOR('',#8756,1.);
#8756 = DIRECTION('',(1.,0.,0.));
#8757 = ORIENTED_EDGE('',*,*,#8758,.F.);
#8758 = EDGE_CURVE('',#8759,#8751,#8761,.T.);
#8759 = VERTEX_POINT('',#8760);
#8760 = CARTESIAN_POINT('',(911.,9.,59.));
#8761 = LINE('',#8762,#8763);
#8762 = CARTESIAN_POINT('',(911.,9.,59.));
#8763 = VECTOR('',#8764,1.);
#8764 = DIRECTION('',(0.,-1.,0.));
#8765 = ORIENTED_EDGE('',*,*,#8766,.F.);
#8766 = EDGE_CURVE('',#8741,#8759,#8767,.T.);
#8767 = LINE('',#8768,#8769);
#8768 = CARTESIAN_POINT('',(0.,9.,59.));
#8769 = VECTOR('',#8770,1.);
#8770 = DIRECTION('',(1.,0.,0.));
#8771 = PLANE('',#8772);
#8772 = AXIS2_PLACEMENT_3D('',#8773,#8774,#8775);
#8773 = CARTESIAN_POINT('',(0.,9.,59.));
#8774 = DIRECTION('',(-0.,0.,1.));
#8775 = DIRECTION('',(1.,0.,0.));
#8776 = ADVANCED_FACE('',(#8777),#8802,.F.);
#8777 = FACE_BOUND('',#8778,.F.);
#8778 = EDGE_LOOP('',(#8779,#8780,#8788,#8796));
#8779 = ORIENTED_EDGE('',*,*,#8758,.T.);
#8780 = ORIENTED_EDGE('',*,*,#8781,.T.);
#8781 = EDGE_CURVE('',#8751,#8782,#8784,.T.);
#8782 = VERTEX_POINT('',#8783);
#8783 = CARTESIAN_POINT('',(911.,0.,89.));
#8784 = LINE('',#8785,#8786);
#8785 = CARTESIAN_POINT('',(911.,0.,59.));
#8786 = VECTOR('',#8787,1.);
#8787 = DIRECTION('',(0.,0.,1.));
#8788 = ORIENTED_EDGE('',*,*,#8789,.F.);
#8789 = EDGE_CURVE('',#8790,#8782,#8792,.T.);
#8790 = VERTEX_POINT('',#8791);
#8791 = CARTESIAN_POINT('',(911.,9.,89.));
#8792 = LINE('',#8793,#8794);
#8793 = CARTESIAN_POINT('',(911.,9.,89.));
#8794 = VECTOR('',#8795,1.);
#8795 = DIRECTION('',(0.,-1.,0.));
#8796 = ORIENTED_EDGE('',*,*,#8797,.F.);
#8797 = EDGE_CURVE('',#8759,#8790,#8798,.T.);
#8798 = LINE('',#8799,#8800);
#8799 = CARTESIAN_POINT('',(911.,9.,59.));
#8800 = VECTOR('',#8801,1.);
#8801 = DIRECTION('',(0.,0.,1.));
#8802 = PLANE('',#8803);
#8803 = AXIS2_PLACEMENT_3D('',#8804,#8805,#8806);
#8804 = CARTESIAN_POINT('',(911.,9.,59.));
#8805 = DIRECTION('',(-1.,0.,0.));
#8806 = DIRECTION('',(0.,0.,1.));
#8807 = ADVANCED_FACE('',(#8808),#8833,.F.);
#8808 = FACE_BOUND('',#8809,.F.);
#8809 = EDGE_LOOP('',(#8810,#8811,#8819,#8827));
#8810 = ORIENTED_EDGE('',*,*,#8789,.T.);
#8811 = ORIENTED_EDGE('',*,*,#8812,.T.);
#8812 = EDGE_CURVE('',#8782,#8813,#8815,.T.);
#8813 = VERTEX_POINT('',#8814);
#8814 = CARTESIAN_POINT('',(0.,0.,89.));
#8815 = LINE('',#8816,#8817);
#8816 = CARTESIAN_POINT('',(911.,0.,89.));
#8817 = VECTOR('',#8818,1.);
#8818 = DIRECTION('',(-1.,0.,0.));
#8819 = ORIENTED_EDGE('',*,*,#8820,.F.);
#8820 = EDGE_CURVE('',#8821,#8813,#8823,.T.);
#8821 = VERTEX_POINT('',#8822);
#8822 = CARTESIAN_POINT('',(0.,9.,89.));
#8823 = LINE('',#8824,#8825);
#8824 = CARTESIAN_POINT('',(0.,9.,89.));
#8825 = VECTOR('',#8826,1.);
#8826 = DIRECTION('',(0.,-1.,0.));
#8827 = ORIENTED_EDGE('',*,*,#8828,.F.);
#8828 = EDGE_CURVE('',#8790,#8821,#8829,.T.);
#8829 = LINE('',#8830,#8831);
#8830 = CARTESIAN_POINT('',(911.,9.,89.));
#8831 = VECTOR('',#8832,1.);
#8832 = DIRECTION('',(-1.,0.,0.));
#8833 = PLANE('',#8834);
#8834 = AXIS2_PLACEMENT_3D('',#8835,#8836,#8837);
#8835 = CARTESIAN_POINT('',(911.,9.,89.));
#8836 = DIRECTION('',(-0.,-0.,-1.));
#8837 = DIRECTION('',(-1.,0.,0.));
#8838 = ADVANCED_FACE('',(#8839),#8855,.F.);
#8839 = FACE_BOUND('',#8840,.F.);
#8840 = EDGE_LOOP('',(#8841,#8842,#8848,#8849));
#8841 = ORIENTED_EDGE('',*,*,#8820,.T.);
#8842 = ORIENTED_EDGE('',*,*,#8843,.T.);
#8843 = EDGE_CURVE('',#8813,#8743,#8844,.T.);
#8844 = LINE('',#8845,#8846);
#8845 = CARTESIAN_POINT('',(0.,0.,89.));
#8846 = VECTOR('',#8847,1.);
#8847 = DIRECTION('',(0.,0.,-1.));
#8848 = ORIENTED_EDGE('',*,*,#8740,.F.);
#8849 = ORIENTED_EDGE('',*,*,#8850,.F.);
#8850 = EDGE_CURVE('',#8821,#8741,#8851,.T.);
#8851 = LINE('',#8852,#8853);
#8852 = CARTESIAN_POINT('',(0.,9.,89.));
#8853 = VECTOR('',#8854,1.);
#8854 = DIRECTION('',(0.,0.,-1.));
#8855 = PLANE('',#8856);
#8856 = AXIS2_PLACEMENT_3D('',#8857,#8858,#8859);
#8857 = CARTESIAN_POINT('',(0.,9.,89.));
#8858 = DIRECTION('',(1.,0.,0.));
#8859 = DIRECTION('',(0.,0.,-1.));
#8860 = ADVANCED_FACE('',(#8861),#8867,.F.);
#8861 = FACE_BOUND('',#8862,.F.);
#8862 = EDGE_LOOP('',(#8863,#8864,#8865,#8866));
#8863 = ORIENTED_EDGE('',*,*,#8766,.T.);
#8864 = ORIENTED_EDGE('',*,*,#8797,.T.);
#8865 = ORIENTED_EDGE('',*,*,#8828,.T.);
#8866 = ORIENTED_EDGE('',*,*,#8850,.T.);
#8867 = PLANE('',#8868);
#8868 = AXIS2_PLACEMENT_3D('',#8869,#8870,#8871);
#8869 = CARTESIAN_POINT('',(455.5,9.,74.));
#8870 = DIRECTION('',(-0.,-1.,-0.));
#8871 = DIRECTION('',(0.,0.,-1.));
#8872 = ADVANCED_FACE('',(#8873),#8879,.T.);
#8873 = FACE_BOUND('',#8874,.T.);
#8874 = EDGE_LOOP('',(#8875,#8876,#8877,#8878));
#8875 = ORIENTED_EDGE('',*,*,#8750,.T.);
#8876 = ORIENTED_EDGE('',*,*,#8781,.T.);
#8877 = ORIENTED_EDGE('',*,*,#8812,.T.);
#8878 = ORIENTED_EDGE('',*,*,#8843,.T.);
#8879 = PLANE('',#8880);
#8880 = AXIS2_PLACEMENT_3D('',#8881,#8882,#8883);
#8881 = CARTESIAN_POINT('',(455.5,0.,74.));
#8882 = DIRECTION('',(-0.,-1.,-0.));
#8883 = DIRECTION('',(0.,0.,-1.));
#8884 = ( GEOMETRIC_REPRESENTATION_CONTEXT(3) 
GLOBAL_UNCERTAINTY_ASSIGNED_CONTEXT((#8888)) 
GLOBAL_UNIT_ASSIGNED_CONTEXT((#8885,#8886,#8887)) REPRESENTATION_CONTEXT
('Context #1','3D Context with UNIT and UNCERTAINTY') );
#8885 = ( LENGTH_UNIT() NAMED_UNIT(*) SI_UNIT(.MILLI.,.METRE.) );
#8886 = ( NAMED_UNIT(*) PLANE_ANGLE_UNIT() SI_UNIT($,.RADIAN.) );
#8887 = ( NAMED_UNIT(*) SI_UNIT($,.STERADIAN.) SOLID_ANGLE_UNIT() );
#8888 = UNCERTAINTY_MEASURE_WITH_UNIT(LENGTH_MEASURE(1.E-07),#8885,
  'distance_accuracy_value','confusion accuracy');
#8889 = CONTEXT_DEPENDENT_SHAPE_REPRESENTATION(#8890,#8892);
#8890 = ( REPRESENTATION_RELATIONSHIP('','',#8733,#10) 
REPRESENTATION_RELATIONSHIP_WITH_TRANSFORMATION(#8891) 
SHAPE_REPRESENTATION_RELATIONSHIP() );
#8891 = ITEM_DEFINED_TRANSFORMATION('','',#11,#83);
#8892 = PRODUCT_DEFINITION_SHAPE('Placement','Placement of an item',
  #8893);
#8893 = NEXT_ASSEMBLY_USAGE_OCCURRENCE('40','Lid front/rear','',#5,#8728
  ,$);
#8894 = PRODUCT_RELATED_PRODUCT_CATEGORY('part',$,(#8730));
#8895 = SHAPE_DEFINITION_REPRESENTATION(#8896,#8902);
#8896 = PRODUCT_DEFINITION_SHAPE('','',#8897);
#8897 = PRODUCT_DEFINITION('design','',#8898,#8901);
#8898 = PRODUCT_DEFINITION_FORMATION('','',#8899);
#8899 = PRODUCT('Lid front/rear001','Lid front/rear001','',(#8900));
#8900 = PRODUCT_CONTEXT('',#2,'mechanical');
#8901 = PRODUCT_DEFINITION_CONTEXT('part definition',#2,'design');
#8902 = ADVANCED_BREP_SHAPE_REPRESENTATION('',(#11,#8903),#9053);
#8903 = MANIFOLD_SOLID_BREP('',#8904);
#8904 = CLOSED_SHELL('',(#8905,#8945,#8976,#9007,#9029,#9041));
#8905 = ADVANCED_FACE('',(#8906),#8940,.F.);
#8906 = FACE_BOUND('',#8907,.F.);
#8907 = EDGE_LOOP('',(#8908,#8918,#8926,#8934));
#8908 = ORIENTED_EDGE('',*,*,#8909,.T.);
#8909 = EDGE_CURVE('',#8910,#8912,#8914,.T.);
#8910 = VERTEX_POINT('',#8911);
#8911 = CARTESIAN_POINT('',(0.,310.,59.));
#8912 = VERTEX_POINT('',#8913);
#8913 = CARTESIAN_POINT('',(0.,301.,59.));
#8914 = LINE('',#8915,#8916);
#8915 = CARTESIAN_POINT('',(0.,310.,59.));
#8916 = VECTOR('',#8917,1.);
#8917 = DIRECTION('',(0.,-1.,0.));
#8918 = ORIENTED_EDGE('',*,*,#8919,.T.);
#8919 = EDGE_CURVE('',#8912,#8920,#8922,.T.);
#8920 = VERTEX_POINT('',#8921);
#8921 = CARTESIAN_POINT('',(911.,301.,59.));
#8922 = LINE('',#8923,#8924);
#8923 = CARTESIAN_POINT('',(0.,301.,59.));
#8924 = VECTOR('',#8925,1.);
#8925 = DIRECTION('',(1.,0.,0.));
#8926 = ORIENTED_EDGE('',*,*,#8927,.F.);
#8927 = EDGE_CURVE('',#8928,#8920,#8930,.T.);
#8928 = VERTEX_POINT('',#8929);
#8929 = CARTESIAN_POINT('',(911.,310.,59.));
#8930 = LINE('',#8931,#8932);
#8931 = CARTESIAN_POINT('',(911.,310.,59.));
#8932 = VECTOR('',#8933,1.);
#8933 = DIRECTION('',(0.,-1.,0.));
#8934 = ORIENTED_EDGE('',*,*,#8935,.F.);
#8935 = EDGE_CURVE('',#8910,#8928,#8936,.T.);
#8936 = LINE('',#8937,#8938);
#8937 = CARTESIAN_POINT('',(0.,310.,59.));
#8938 = VECTOR('',#8939,1.);
#8939 = DIRECTION('',(1.,0.,0.));
#8940 = PLANE('',#8941);
#8941 = AXIS2_PLACEMENT_3D('',#8942,#8943,#8944);
#8942 = CARTESIAN_POINT('',(0.,310.,59.));
#8943 = DIRECTION('',(-0.,0.,1.));
#8944 = DIRECTION('',(1.,0.,0.));
#8945 = ADVANCED_FACE('',(#8946),#8971,.F.);
#8946 = FACE_BOUND('',#8947,.F.);
#8947 = EDGE_LOOP('',(#8948,#8949,#8957,#8965));
#8948 = ORIENTED_EDGE('',*,*,#8927,.T.);
#8949 = ORIENTED_EDGE('',*,*,#8950,.T.);
#8950 = EDGE_CURVE('',#8920,#8951,#8953,.T.);
#8951 = VERTEX_POINT('',#8952);
#8952 = CARTESIAN_POINT('',(911.,301.,89.));
#8953 = LINE('',#8954,#8955);
#8954 = CARTESIAN_POINT('',(911.,301.,59.));
#8955 = VECTOR('',#8956,1.);
#8956 = DIRECTION('',(0.,0.,1.));
#8957 = ORIENTED_EDGE('',*,*,#8958,.F.);
#8958 = EDGE_CURVE('',#8959,#8951,#8961,.T.);
#8959 = VERTEX_POINT('',#8960);
#8960 = CARTESIAN_POINT('',(911.,310.,89.));
#8961 = LINE('',#8962,#8963);
#8962 = CARTESIAN_POINT('',(911.,310.,89.));
#8963 = VECTOR('',#8964,1.);
#8964 = DIRECTION('',(0.,-1.,0.));
#8965 = ORIENTED_EDGE('',*,*,#8966,.F.);
#8966 = EDGE_CURVE('',#8928,#8959,#8967,.T.);
#8967 = LINE('',#8968,#8969);
#8968 = CARTESIAN_POINT('',(911.,310.,59.));
#8969 = VECTOR('',#8970,1.);
#8970 = DIRECTION('',(0.,0.,1.));
#8971 = PLANE('',#8972);
#8972 = AXIS2_PLACEMENT_3D('',#8973,#8974,#8975);
#8973 = CARTESIAN_POINT('',(911.,310.,59.));
#8974 = DIRECTION('',(-1.,0.,0.));
#8975 = DIRECTION('',(0.,0.,1.));
#8976 = ADVANCED_FACE('',(#8977),#9002,.F.);
#8977 = FACE_BOUND('',#8978,.F.);
#8978 = EDGE_LOOP('',(#8979,#8980,#8988,#8996));
#8979 = ORIENTED_EDGE('',*,*,#8958,.T.);
#8980 = ORIENTED_EDGE('',*,*,#8981,.T.);
#8981 = EDGE_CURVE('',#8951,#8982,#8984,.T.);
#8982 = VERTEX_POINT('',#8983);
#8983 = CARTESIAN_POINT('',(0.,301.,89.));
#8984 = LINE('',#8985,#8986);
#8985 = CARTESIAN_POINT('',(911.,301.,89.));
#8986 = VECTOR('',#8987,1.);
#8987 = DIRECTION('',(-1.,0.,0.));
#8988 = ORIENTED_EDGE('',*,*,#8989,.F.);
#8989 = EDGE_CURVE('',#8990,#8982,#8992,.T.);
#8990 = VERTEX_POINT('',#8991);
#8991 = CARTESIAN_POINT('',(0.,310.,89.));
#8992 = LINE('',#8993,#8994);
#8993 = CARTESIAN_POINT('',(0.,310.,89.));
#8994 = VECTOR('',#8995,1.);
#8995 = DIRECTION('',(0.,-1.,0.));
#8996 = ORIENTED_EDGE('',*,*,#8997,.F.);
#8997 = EDGE_CURVE('',#8959,#8990,#8998,.T.);
#8998 = LINE('',#8999,#9000);
#8999 = CARTESIAN_POINT('',(911.,310.,89.));
#9000 = VECTOR('',#9001,1.);
#9001 = DIRECTION('',(-1.,0.,0.));
#9002 = PLANE('',#9003);
#9003 = AXIS2_PLACEMENT_3D('',#9004,#9005,#9006);
#9004 = CARTESIAN_POINT('',(911.,310.,89.));
#9005 = DIRECTION('',(-0.,-0.,-1.));
#9006 = DIRECTION('',(-1.,0.,0.));
#9007 = ADVANCED_FACE('',(#9008),#9024,.F.);
#9008 = FACE_BOUND('',#9009,.F.);
#9009 = EDGE_LOOP('',(#9010,#9011,#9017,#9018));
#9010 = ORIENTED_EDGE('',*,*,#8989,.T.);
#9011 = ORIENTED_EDGE('',*,*,#9012,.T.);
#9012 = EDGE_CURVE('',#8982,#8912,#9013,.T.);
#9013 = LINE('',#9014,#9015);
#9014 = CARTESIAN_POINT('',(0.,301.,89.));
#9015 = VECTOR('',#9016,1.);
#9016 = DIRECTION('',(0.,0.,-1.));
#9017 = ORIENTED_EDGE('',*,*,#8909,.F.);
#9018 = ORIENTED_EDGE('',*,*,#9019,.F.);
#9019 = EDGE_CURVE('',#8990,#8910,#9020,.T.);
#9020 = LINE('',#9021,#9022);
#9021 = CARTESIAN_POINT('',(0.,310.,89.));
#9022 = VECTOR('',#9023,1.);
#9023 = DIRECTION('',(0.,0.,-1.));
#9024 = PLANE('',#9025);
#9025 = AXIS2_PLACEMENT_3D('',#9026,#9027,#9028);
#9026 = CARTESIAN_POINT('',(0.,310.,89.));
#9027 = DIRECTION('',(1.,0.,0.));
#9028 = DIRECTION('',(0.,0.,-1.));
#9029 = ADVANCED_FACE('',(#9030),#9036,.F.);
#9030 = FACE_BOUND('',#9031,.F.);
#9031 = EDGE_LOOP('',(#9032,#9033,#9034,#9035));
#9032 = ORIENTED_EDGE('',*,*,#8935,.T.);
#9033 = ORIENTED_EDGE('',*,*,#8966,.T.);
#9034 = ORIENTED_EDGE('',*,*,#8997,.T.);
#9035 = ORIENTED_EDGE('',*,*,#9019,.T.);
#9036 = PLANE('',#9037);
#9037 = AXIS2_PLACEMENT_3D('',#9038,#9039,#9040);
#9038 = CARTESIAN_POINT('',(455.5,310.,74.));
#9039 = DIRECTION('',(-0.,-1.,-0.));
#9040 = DIRECTION('',(0.,0.,-1.));
#9041 = ADVANCED_FACE('',(#9042),#9048,.T.);
#9042 = FACE_BOUND('',#9043,.T.);
#9043 = EDGE_LOOP('',(#9044,#9045,#9046,#9047));
#9044 = ORIENTED_EDGE('',*,*,#8919,.T.);
#9045 = ORIENTED_EDGE('',*,*,#8950,.T.);
#9046 = ORIENTED_EDGE('',*,*,#8981,.T.);
#9047 = ORIENTED_EDGE('',*,*,#9012,.T.);
#9048 = PLANE('',#9049);
#9049 = AXIS2_PLACEMENT_3D('',#9050,#9051,#9052);
#9050 = CARTESIAN_POINT('',(455.5,301.,74.));
#9051 = DIRECTION('',(-0.,-1.,-0.));
#9052 = DIRECTION('',(0.,0.,-1.));
#9053 = ( GEOMETRIC_REPRESENTATION_CONTEXT(3) 
GLOBAL_UNCERTAINTY_ASSIGNED_CONTEXT((#9057)) 
GLOBAL_UNIT_ASSIGNED_CONTEXT((#9054,#9055,#9056)) REPRESENTATION_CONTEXT
('Context #1','3D Context with UNIT and UNCERTAINTY') );
#9054 = ( LENGTH_UNIT() NAMED_UNIT(*) SI_UNIT(.MILLI.,.METRE.) );
#9055 = ( NAMED_UNIT(*) PLANE_ANGLE_UNIT() SI_UNIT($,.RADIAN.) );
#9056 = ( NAMED_UNIT(*) SI_UNIT($,.STERADIAN.) SOLID_ANGLE_UNIT() );
#9057 = UNCERTAINTY_MEASURE_WITH_UNIT(LENGTH_MEASURE(1.E-07),#9054,
  'distance_accuracy_value','confusion accuracy');
#9058 = CONTEXT_DEPENDENT_SHAPE_REPRESENTATION(#9059,#9061);
#9059 = ( REPRESENTATION_RELATIONSHIP('','',#8902,#10) 
REPRESENTATION_RELATIONSHIP_WITH_TRANSFORMATION(#9060) 
SHAPE_REPRESENTATION_RELATIONSHIP() );
#9060 = ITEM_DEFINED_TRANSFORMATION('','',#11,#87);
#9061 = PRODUCT_DEFINITION_SHAPE('Placement','Placement of an item',
  #9062);
#9062 = NEXT_ASSEMBLY_USAGE_OCCURRENCE('41','Lid front/rear001','',#5,
  #8897,$);
#9063 = PRODUCT_RELATED_PRODUCT_CATEGORY('part',$,(#8899));
#9064 = SHAPE_DEFINITION_REPRESENTATION(#9065,#9071);
#9065 = PRODUCT_DEFINITION_SHAPE('','',#9066);
#9066 = PRODUCT_DEFINITION('design','',#9067,#9070);
#9067 = PRODUCT_DEFINITION_FORMATION('','',#9068);
#9068 = PRODUCT('Lid end','Lid end','',(#9069));
#9069 = PRODUCT_CONTEXT('',#2,'mechanical');
#9070 = PRODUCT_DEFINITION_CONTEXT('part definition',#2,'design');
#9071 = ADVANCED_BREP_SHAPE_REPRESENTATION('',(#11,#9072),#9222);
#9072 = MANIFOLD_SOLID_BREP('',#9073);
#9073 = CLOSED_SHELL('',(#9074,#9114,#9145,#9176,#9198,#9210));
#9074 = ADVANCED_FACE('',(#9075),#9109,.F.);
#9075 = FACE_BOUND('',#9076,.F.);
#9076 = EDGE_LOOP('',(#9077,#9087,#9095,#9103));
#9077 = ORIENTED_EDGE('',*,*,#9078,.T.);
#9078 = EDGE_CURVE('',#9079,#9081,#9083,.T.);
#9079 = VERTEX_POINT('',#9080);
#9080 = CARTESIAN_POINT('',(0.,9.,59.));
#9081 = VERTEX_POINT('',#9082);
#9082 = CARTESIAN_POINT('',(9.,9.,59.));
#9083 = LINE('',#9084,#9085);
#9084 = CARTESIAN_POINT('',(0.,9.,59.));
#9085 = VECTOR('',#9086,1.);
#9086 = DIRECTION('',(1.,0.,0.));
#9087 = ORIENTED_EDGE('',*,*,#9088,.T.);
#9088 = EDGE_CURVE('',#9081,#9089,#9091,.T.);
#9089 = VERTEX_POINT('',#9090);
#9090 = CARTESIAN_POINT('',(9.,301.,59.));
#9091 = LINE('',#9092,#9093);
#9092 = CARTESIAN_POINT('',(9.,9.,59.));
#9093 = VECTOR('',#9094,1.);
#9094 = DIRECTION('',(0.,1.,0.));
#9095 = ORIENTED_EDGE('',*,*,#9096,.F.);
#9096 = EDGE_CURVE('',#9097,#9089,#9099,.T.);
#9097 = VERTEX_POINT('',#9098);
#9098 = CARTESIAN_POINT('',(0.,301.,59.));
#9099 = LINE('',#9100,#9101);
#9100 = CARTESIAN_POINT('',(0.,301.,59.));
#9101 = VECTOR('',#9102,1.);
#9102 = DIRECTION('',(1.,0.,0.));
#9103 = ORIENTED_EDGE('',*,*,#9104,.F.);
#9104 = EDGE_CURVE('',#9079,#9097,#9105,.T.);
#9105 = LINE('',#9106,#9107);
#9106 = CARTESIAN_POINT('',(0.,9.,59.));
#9107 = VECTOR('',#9108,1.);
#9108 = DIRECTION('',(0.,1.,0.));
#9109 = PLANE('',#9110);
#9110 = AXIS2_PLACEMENT_3D('',#9111,#9112,#9113);
#9111 = CARTESIAN_POINT('',(0.,9.,59.));
#9112 = DIRECTION('',(0.,0.,1.));
#9113 = DIRECTION('',(0.,1.,0.));
#9114 = ADVANCED_FACE('',(#9115),#9140,.F.);
#9115 = FACE_BOUND('',#9116,.F.);
#9116 = EDGE_LOOP('',(#9117,#9118,#9126,#9134));
#9117 = ORIENTED_EDGE('',*,*,#9096,.T.);
#9118 = ORIENTED_EDGE('',*,*,#9119,.T.);
#9119 = EDGE_CURVE('',#9089,#9120,#9122,.T.);
#9120 = VERTEX_POINT('',#9121);
#9121 = CARTESIAN_POINT('',(9.,301.,89.));
#9122 = LINE('',#9123,#9124);
#9123 = CARTESIAN_POINT('',(9.,301.,59.));
#9124 = VECTOR('',#9125,1.);
#9125 = DIRECTION('',(0.,0.,1.));
#9126 = ORIENTED_EDGE('',*,*,#9127,.F.);
#9127 = EDGE_CURVE('',#9128,#9120,#9130,.T.);
#9128 = VERTEX_POINT('',#9129);
#9129 = CARTESIAN_POINT('',(0.,301.,89.));
#9130 = LINE('',#9131,#9132);
#9131 = CARTESIAN_POINT('',(0.,301.,89.));
#9132 = VECTOR('',#9133,1.);
#9133 = DIRECTION('',(1.,0.,0.));
#9134 = ORIENTED_EDGE('',*,*,#9135,.F.);
#9135 = EDGE_CURVE('',#9097,#9128,#9136,.T.);
#9136 = LINE('',#9137,#9138);
#9137 = CARTESIAN_POINT('',(0.,301.,59.));
#9138 = VECTOR('',#9139,1.);
#9139 = DIRECTION('',(0.,0.,1.));
#9140 = PLANE('',#9141);
#9141 = AXIS2_PLACEMENT_3D('',#9142,#9143,#9144);
#9142 = CARTESIAN_POINT('',(0.,301.,59.));
#9143 = DIRECTION('',(0.,-1.,0.));
#9144 = DIRECTION('',(0.,0.,1.));
#9145 = ADVANCED_FACE('',(#9146),#9171,.F.);
#9146 = FACE_BOUND('',#9147,.F.);
#9147 = EDGE_LOOP('',(#9148,#9149,#9157,#9165));
#9148 = ORIENTED_EDGE('',*,*,#9127,.T.);
#9149 = ORIENTED_EDGE('',*,*,#9150,.T.);
#9150 = EDGE_CURVE('',#9120,#9151,#9153,.T.);
#9151 = VERTEX_POINT('',#9152);
#9152 = CARTESIAN_POINT('',(9.,9.,89.));
#9153 = LINE('',#9154,#9155);
#9154 = CARTESIAN_POINT('',(9.,301.,89.));
#9155 = VECTOR('',#9156,1.);
#9156 = DIRECTION('',(0.,-1.,0.));
#9157 = ORIENTED_EDGE('',*,*,#9158,.F.);
#9158 = EDGE_CURVE('',#9159,#9151,#9161,.T.);
#9159 = VERTEX_POINT('',#9160);
#9160 = CARTESIAN_POINT('',(0.,9.,89.));
#9161 = LINE('',#9162,#9163);
#9162 = CARTESIAN_POINT('',(0.,9.,89.));
#9163 = VECTOR('',#9164,1.);
#9164 = DIRECTION('',(1.,0.,0.));
#9165 = ORIENTED_EDGE('',*,*,#9166,.F.);
#9166 = EDGE_CURVE('',#9128,#9159,#9167,.T.);
#9167 = LINE('',#9168,#9169);
#9168 = CARTESIAN_POINT('',(0.,301.,89.));
#9169 = VECTOR('',#9170,1.);
#9170 = DIRECTION('',(0.,-1.,0.));
#9171 = PLANE('',#9172);
#9172 = AXIS2_PLACEMENT_3D('',#9173,#9174,#9175);
#9173 = CARTESIAN_POINT('',(0.,301.,89.));
#9174 = DIRECTION('',(0.,0.,-1.));
#9175 = DIRECTION('',(0.,-1.,0.));
#9176 = ADVANCED_FACE('',(#9177),#9193,.F.);
#9177 = FACE_BOUND('',#9178,.F.);
#9178 = EDGE_LOOP('',(#9179,#9180,#9186,#9187));
#9179 = ORIENTED_EDGE('',*,*,#9158,.T.);
#9180 = ORIENTED_EDGE('',*,*,#9181,.T.);
#9181 = EDGE_CURVE('',#9151,#9081,#9182,.T.);
#9182 = LINE('',#9183,#9184);
#9183 = CARTESIAN_POINT('',(9.,9.,89.));
#9184 = VECTOR('',#9185,1.);
#9185 = DIRECTION('',(0.,0.,-1.));
#9186 = ORIENTED_EDGE('',*,*,#9078,.F.);
#9187 = ORIENTED_EDGE('',*,*,#9188,.F.);
#9188 = EDGE_CURVE('',#9159,#9079,#9189,.T.);
#9189 = LINE('',#9190,#9191);
#9190 = CARTESIAN_POINT('',(0.,9.,89.));
#9191 = VECTOR('',#9192,1.);
#9192 = DIRECTION('',(0.,0.,-1.));
#9193 = PLANE('',#9194);
#9194 = AXIS2_PLACEMENT_3D('',#9195,#9196,#9197);
#9195 = CARTESIAN_POINT('',(0.,9.,89.));
#9196 = DIRECTION('',(-0.,1.,0.));
#9197 = DIRECTION('',(0.,0.,-1.));
#9198 = ADVANCED_FACE('',(#9199),#9205,.F.);
#9199 = FACE_BOUND('',#9200,.F.);
#9200 = EDGE_LOOP('',(#9201,#9202,#9203,#9204));
#9201 = ORIENTED_EDGE('',*,*,#9104,.T.);
#9202 = ORIENTED_EDGE('',*,*,#9135,.T.);
#9203 = ORIENTED_EDGE('',*,*,#9166,.T.);
#9204 = ORIENTED_EDGE('',*,*,#9188,.T.);
#9205 = PLANE('',#9206);
#9206 = AXIS2_PLACEMENT_3D('',#9207,#9208,#9209);
#9207 = CARTESIAN_POINT('',(0.,155.,74.));
#9208 = DIRECTION('',(1.,0.,0.));
#9209 = DIRECTION('',(-0.,0.,1.));
#9210 = ADVANCED_FACE('',(#9211),#9217,.T.);
#9211 = FACE_BOUND('',#9212,.T.);
#9212 = EDGE_LOOP('',(#9213,#9214,#9215,#9216));
#9213 = ORIENTED_EDGE('',*,*,#9088,.T.);
#9214 = ORIENTED_EDGE('',*,*,#9119,.T.);
#9215 = ORIENTED_EDGE('',*,*,#9150,.T.);
#9216 = ORIENTED_EDGE('',*,*,#9181,.T.);
#9217 = PLANE('',#9218);
#9218 = AXIS2_PLACEMENT_3D('',#9219,#9220,#9221);
#9219 = CARTESIAN_POINT('',(9.,155.,74.));
#9220 = DIRECTION('',(1.,0.,0.));
#9221 = DIRECTION('',(-0.,0.,1.));
#9222 = ( GEOMETRIC_REPRESENTATION_CONTEXT(3) 
GLOBAL_UNCERTAINTY_ASSIGNED_CONTEXT((#9226)) 
GLOBAL_UNIT_ASSIGNED_CONTEXT((#9223,#9224,#9225)) REPRESENTATION_CONTEXT
('Context #1','3D Context with UNIT and UNCERTAINTY') );
#9223 = ( LENGTH_UNIT() NAMED_UNIT(*) SI_UNIT(.MILLI.,.METRE.) );
#9224 = ( NAMED_UNIT(*) PLANE_ANGLE_UNIT() SI_UNIT($,.RADIAN.) );
#9225 = ( NAMED_UNIT(*) SI_UNIT($,.STERADIAN.) SOLID_ANGLE_UNIT() );
#9226 = UNCERTAINTY_MEASURE_WITH_UNIT(LENGTH_MEASURE(1.E-07),#9223,
  'distance_accuracy_value','confusion accuracy');
#9227 = CONTEXT_DEPENDENT_SHAPE_REPRESENTATION(#9228,#9230);
#9228 = ( REPRESENTATION_RELATIONSHIP('','',#9071,#10) 
REPRESENTATION_RELATIONSHIP_WITH_TRANSFORMATION(#9229) 
SHAPE_REPRESENTATION_RELATIONSHIP() );
#9229 = ITEM_DEFINED_TRANSFORMATION('','',#11,#91);
#9230 = PRODUCT_DEFINITION_SHAPE('Placement','Placement of an item',
  #9231);
#9231 = NEXT_ASSEMBLY_USAGE_OCCURRENCE('42','Lid end','',#5,#9066,$);
#9232 = PRODUCT_RELATED_PRODUCT_CATEGORY('part',$,(#9068));
#9233 = SHAPE_DEFINITION_REPRESENTATION(#9234,#9240);
#9234 = PRODUCT_DEFINITION_SHAPE('','',#9235);
#9235 = PRODUCT_DEFINITION('design','',#9236,#9239);
#9236 = PRODUCT_DEFINITION_FORMATION('','',#9237);
#9237 = PRODUCT('Lid end001','Lid end001','',(#9238));
#9238 = PRODUCT_CONTEXT('',#2,'mechanical');
#9239 = PRODUCT_DEFINITION_CONTEXT('part definition',#2,'design');
#9240 = ADVANCED_BREP_SHAPE_REPRESENTATION('',(#11,#9241),#9391);
#9241 = MANIFOLD_SOLID_BREP('',#9242);
#9242 = CLOSED_SHELL('',(#9243,#9283,#9314,#9345,#9367,#9379));
#9243 = ADVANCED_FACE('',(#9244),#9278,.F.);
#9244 = FACE_BOUND('',#9245,.F.);
#9245 = EDGE_LOOP('',(#9246,#9256,#9264,#9272));
#9246 = ORIENTED_EDGE('',*,*,#9247,.T.);
#9247 = EDGE_CURVE('',#9248,#9250,#9252,.T.);
#9248 = VERTEX_POINT('',#9249);
#9249 = CARTESIAN_POINT('',(902.,9.,59.));
#9250 = VERTEX_POINT('',#9251);
#9251 = CARTESIAN_POINT('',(911.,9.,59.));
#9252 = LINE('',#9253,#9254);
#9253 = CARTESIAN_POINT('',(902.,9.,59.));
#9254 = VECTOR('',#9255,1.);
#9255 = DIRECTION('',(1.,0.,0.));
#9256 = ORIENTED_EDGE('',*,*,#9257,.T.);
#9257 = EDGE_CURVE('',#9250,#9258,#9260,.T.);
#9258 = VERTEX_POINT('',#9259);
#9259 = CARTESIAN_POINT('',(911.,301.,59.));
#9260 = LINE('',#9261,#9262);
#9261 = CARTESIAN_POINT('',(911.,9.,59.));
#9262 = VECTOR('',#9263,1.);
#9263 = DIRECTION('',(0.,1.,0.));
#9264 = ORIENTED_EDGE('',*,*,#9265,.F.);
#9265 = EDGE_CURVE('',#9266,#9258,#9268,.T.);
#9266 = VERTEX_POINT('',#9267);
#9267 = CARTESIAN_POINT('',(902.,301.,59.));
#9268 = LINE('',#9269,#9270);
#9269 = CARTESIAN_POINT('',(902.,301.,59.));
#9270 = VECTOR('',#9271,1.);
#9271 = DIRECTION('',(1.,0.,0.));
#9272 = ORIENTED_EDGE('',*,*,#9273,.F.);
#9273 = EDGE_CURVE('',#9248,#9266,#9274,.T.);
#9274 = LINE('',#9275,#9276);
#9275 = CARTESIAN_POINT('',(902.,9.,59.));
#9276 = VECTOR('',#9277,1.);
#9277 = DIRECTION('',(0.,1.,0.));
#9278 = PLANE('',#9279);
#9279 = AXIS2_PLACEMENT_3D('',#9280,#9281,#9282);
#9280 = CARTESIAN_POINT('',(902.,9.,59.));
#9281 = DIRECTION('',(0.,0.,1.));
#9282 = DIRECTION('',(0.,1.,0.));
#9283 = ADVANCED_FACE('',(#9284),#9309,.F.);
#9284 = FACE_BOUND('',#9285,.F.);
#9285 = EDGE_LOOP('',(#9286,#9287,#9295,#9303));
#9286 = ORIENTED_EDGE('',*,*,#9265,.T.);
#9287 = ORIENTED_EDGE('',*,*,#9288,.T.);
#9288 = EDGE_CURVE('',#9258,#9289,#9291,.T.);
#9289 = VERTEX_POINT('',#9290);
#9290 = CARTESIAN_POINT('',(911.,301.,89.));
#9291 = LINE('',#9292,#9293);
#9292 = CARTESIAN_POINT('',(911.,301.,59.));
#9293 = VECTOR('',#9294,1.);
#9294 = DIRECTION('',(0.,0.,1.));
#9295 = ORIENTED_EDGE('',*,*,#9296,.F.);
#9296 = EDGE_CURVE('',#9297,#9289,#9299,.T.);
#9297 = VERTEX_POINT('',#9298);
#9298 = CARTESIAN_POINT('',(902.,301.,89.));
#9299 = LINE('',#9300,#9301);
#9300 = CARTESIAN_POINT('',(902.,301.,89.));
#9301 = VECTOR('',#9302,1.);
#9302 = DIRECTION('',(1.,0.,0.));
#9303 = ORIENTED_EDGE('',*,*,#9304,.F.);
#9304 = EDGE_CURVE('',#9266,#9297,#9305,.T.);
#9305 = LINE('',#9306,#9307);
#9306 = CARTESIAN_POINT('',(902.,301.,59.));
#9307 = VECTOR('',#9308,1.);
#9308 = DIRECTION('',(0.,0.,1.));
#9309 = PLANE('',#9310);
#9310 = AXIS2_PLACEMENT_3D('',#9311,#9312,#9313);
#9311 = CARTESIAN_POINT('',(902.,301.,59.));
#9312 = DIRECTION('',(0.,-1.,0.));
#9313 = DIRECTION('',(0.,0.,1.));
#9314 = ADVANCED_FACE('',(#9315),#9340,.F.);
#9315 = FACE_BOUND('',#9316,.F.);
#9316 = EDGE_LOOP('',(#9317,#9318,#9326,#9334));
#9317 = ORIENTED_EDGE('',*,*,#9296,.T.);
#9318 = ORIENTED_EDGE('',*,*,#9319,.T.);
#9319 = EDGE_CURVE('',#9289,#9320,#9322,.T.);
#9320 = VERTEX_POINT('',#9321);
#9321 = CARTESIAN_POINT('',(911.,9.,89.));
#9322 = LINE('',#9323,#9324);
#9323 = CARTESIAN_POINT('',(911.,301.,89.));
#9324 = VECTOR('',#9325,1.);
#9325 = DIRECTION('',(0.,-1.,0.));
#9326 = ORIENTED_EDGE('',*,*,#9327,.F.);
#9327 = EDGE_CURVE('',#9328,#9320,#9330,.T.);
#9328 = VERTEX_POINT('',#9329);
#9329 = CARTESIAN_POINT('',(902.,9.,89.));
#9330 = LINE('',#9331,#9332);
#9331 = CARTESIAN_POINT('',(902.,9.,89.));
#9332 = VECTOR('',#9333,1.);
#9333 = DIRECTION('',(1.,0.,0.));
#9334 = ORIENTED_EDGE('',*,*,#9335,.F.);
#9335 = EDGE_CURVE('',#9297,#9328,#9336,.T.);
#9336 = LINE('',#9337,#9338);
#9337 = CARTESIAN_POINT('',(902.,301.,89.));
#9338 = VECTOR('',#9339,1.);
#9339 = DIRECTION('',(0.,-1.,0.));
#9340 = PLANE('',#9341);
#9341 = AXIS2_PLACEMENT_3D('',#9342,#9343,#9344);
#9342 = CARTESIAN_POINT('',(902.,301.,89.));
#9343 = DIRECTION('',(0.,0.,-1.));
#9344 = DIRECTION('',(0.,-1.,0.));
#9345 = ADVANCED_FACE('',(#9346),#9362,.F.);
#9346 = FACE_BOUND('',#9347,.F.);
#9347 = EDGE_LOOP('',(#9348,#9349,#9355,#9356));
#9348 = ORIENTED_EDGE('',*,*,#9327,.T.);
#9349 = ORIENTED_EDGE('',*,*,#9350,.T.);
#9350 = EDGE_CURVE('',#9320,#9250,#9351,.T.);
#9351 = LINE('',#9352,#9353);
#9352 = CARTESIAN_POINT('',(911.,9.,89.));
#9353 = VECTOR('',#9354,1.);
#9354 = DIRECTION('',(0.,0.,-1.));
#9355 = ORIENTED_EDGE('',*,*,#9247,.F.);
#9356 = ORIENTED_EDGE('',*,*,#9357,.F.);
#9357 = EDGE_CURVE('',#9328,#9248,#9358,.T.);
#9358 = LINE('',#9359,#9360);
#9359 = CARTESIAN_POINT('',(902.,9.,89.));
#9360 = VECTOR('',#9361,1.);
#9361 = DIRECTION('',(0.,0.,-1.));
#9362 = PLANE('',#9363);
#9363 = AXIS2_PLACEMENT_3D('',#9364,#9365,#9366);
#9364 = CARTESIAN_POINT('',(902.,9.,89.));
#9365 = DIRECTION('',(-0.,1.,0.));
#9366 = DIRECTION('',(0.,0.,-1.));
#9367 = ADVANCED_FACE('',(#9368),#9374,.F.);
#9368 = FACE_BOUND('',#9369,.F.);
#9369 = EDGE_LOOP('',(#9370,#9371,#9372,#9373));
#9370 = ORIENTED_EDGE('',*,*,#9273,.T.);
#9371 = ORIENTED_EDGE('',*,*,#9304,.T.);
#9372 = ORIENTED_EDGE('',*,*,#9335,.T.);
#9373 = ORIENTED_EDGE('',*,*,#9357,.T.);
#9374 = PLANE('',#9375);
#9375 = AXIS2_PLACEMENT_3D('',#9376,#9377,#9378);
#9376 = CARTESIAN_POINT('',(902.,155.,74.));
#9377 = DIRECTION('',(1.,0.,0.));
#9378 = DIRECTION('',(-0.,0.,1.));
#9379 = ADVANCED_FACE('',(#9380),#9386,.T.);
#9380 = FACE_BOUND('',#9381,.T.);
#9381 = EDGE_LOOP('',(#9382,#9383,#9384,#9385));
#9382 = ORIENTED_EDGE('',*,*,#9257,.T.);
#9383 = ORIENTED_EDGE('',*,*,#9288,.T.);
#9384 = ORIENTED_EDGE('',*,*,#9319,.T.);
#9385 = ORIENTED_EDGE('',*,*,#9350,.T.);
#9386 = PLANE('',#9387);
#9387 = AXIS2_PLACEMENT_3D('',#9388,#9389,#9390);
#9388 = CARTESIAN_POINT('',(911.,155.,74.));
#9389 = DIRECTION('',(1.,0.,0.));
#9390 = DIRECTION('',(-0.,0.,1.));
#9391 = ( GEOMETRIC_REPRESENTATION_CONTEXT(3) 
GLOBAL_UNCERTAINTY_ASSIGNED_CONTEXT((#9395)) 
GLOBAL_UNIT_ASSIGNED_CONTEXT((#9392,#9393,#9394)) REPRESENTATION_CONTEXT
('Context #1','3D Context with UNIT and UNCERTAINTY') );
#9392 = ( LENGTH_UNIT() NAMED_UNIT(*) SI_UNIT(.MILLI.,.METRE.) );
#9393 = ( NAMED_UNIT(*) PLANE_ANGLE_UNIT() SI_UNIT($,.RADIAN.) );
#9394 = ( NAMED_UNIT(*) SI_UNIT($,.STERADIAN.) SOLID_ANGLE_UNIT() );
#9395 = UNCERTAINTY_MEASURE_WITH_UNIT(LENGTH_MEASURE(1.E-07),#9392,
  'distance_accuracy_value','confusion accuracy');
#9396 = CONTEXT_DEPENDENT_SHAPE_REPRESENTATION(#9397,#9399);
#9397 = ( REPRESENTATION_RELATIONSHIP('','',#9240,#10) 
REPRESENTATION_RELATIONSHIP_WITH_TRANSFORMATION(#9398) 
SHAPE_REPRESENTATION_RELATIONSHIP() );
#9398 = ITEM_DEFINED_TRANSFORMATION('','',#11,#95);
#9399 = PRODUCT_DEFINITION_SHAPE('Placement','Placement of an item',
  #9400);
#9400 = NEXT_ASSEMBLY_USAGE_OCCURRENCE('43','Lid end001','',#5,#9235,$);
#9401 = PRODUCT_RELATED_PRODUCT_CATEGORY('part',$,(#9237));
#9402 = SHAPE_DEFINITION_REPRESENTATION(#9403,#9409);
#9403 = PRODUCT_DEFINITION_SHAPE('','',#9404);
#9404 = PRODUCT_DEFINITION('design','',#9405,#9408);
#9405 = PRODUCT_DEFINITION_FORMATION('','',#9406);
#9406 = PRODUCT('Rear plate','Rear plate','',(#9407));
#9407 = PRODUCT_CONTEXT('',#2,'mechanical');
#9408 = PRODUCT_DEFINITION_CONTEXT('part definition',#2,'design');
#9409 = ADVANCED_BREP_SHAPE_REPRESENTATION('',(#11,#9410),#10424);
#9410 = MANIFOLD_SOLID_BREP('',#9411);
#9411 = CLOSED_SHELL('',(#9412,#9452,#9485,#9518,#9745,#9972,#9989,
    #10006,#10023,#10040,#10052,#10077,#10094,#10111,#10128,#10153,
    #10170,#10187,#10204,#10221,#10246,#10263,#10280,#10297,#10314,
    #10331,#10356,#10373,#10390,#10407));
#9412 = ADVANCED_FACE('',(#9413),#9447,.F.);
#9413 = FACE_BOUND('',#9414,.F.);
#9414 = EDGE_LOOP('',(#9415,#9425,#9433,#9441));
#9415 = ORIENTED_EDGE('',*,*,#9416,.T.);
#9416 = EDGE_CURVE('',#9417,#9419,#9421,.T.);
#9417 = VERTEX_POINT('',#9418);
#9418 = CARTESIAN_POINT('',(457.,311.,14.));
#9419 = VERTEX_POINT('',#9420);
#9420 = CARTESIAN_POINT('',(457.,313.,14.));
#9421 = LINE('',#9422,#9423);
#9422 = CARTESIAN_POINT('',(457.,311.,14.));
#9423 = VECTOR('',#9424,1.);
#9424 = DIRECTION('',(0.,1.,0.));
#9425 = ORIENTED_EDGE('',*,*,#9426,.T.);
#9426 = EDGE_CURVE('',#9419,#9427,#9429,.T.);
#9427 = VERTEX_POINT('',#9428);
#9428 = CARTESIAN_POINT('',(252.,313.,14.));
#9429 = LINE('',#9430,#9431);
#9430 = CARTESIAN_POINT('',(457.,313.,14.));
#9431 = VECTOR('',#9432,1.);
#9432 = DIRECTION('',(-1.,0.,0.));
#9433 = ORIENTED_EDGE('',*,*,#9434,.F.);
#9434 = EDGE_CURVE('',#9435,#9427,#9437,.T.);
#9435 = VERTEX_POINT('',#9436);
#9436 = CARTESIAN_POINT('',(252.,311.,14.));
#9437 = LINE('',#9438,#9439);
#9438 = CARTESIAN_POINT('',(252.,311.,14.));
#9439 = VECTOR('',#9440,1.);
#9440 = DIRECTION('',(0.,1.,0.));
#9441 = ORIENTED_EDGE('',*,*,#9442,.F.);
#9442 = EDGE_CURVE('',#9417,#9435,#9443,.T.);
#9443 = LINE('',#9444,#9445);
#9444 = CARTESIAN_POINT('',(457.,311.,14.));
#9445 = VECTOR('',#9446,1.);
#9446 = DIRECTION('',(-1.,0.,0.));
#9447 = PLANE('',#9448);
#9448 = AXIS2_PLACEMENT_3D('',#9449,#9450,#9451);
#9449 = CARTESIAN_POINT('',(457.,311.,14.));
#9450 = DIRECTION('',(0.,-0.,1.));
#9451 = DIRECTION('',(-1.,0.,0.));
#9452 = ADVANCED_FACE('',(#9453),#9480,.T.);
#9453 = FACE_BOUND('',#9454,.F.);
#9454 = EDGE_LOOP('',(#9455,#9465,#9472,#9473));
#9455 = ORIENTED_EDGE('',*,*,#9456,.T.);
#9456 = EDGE_CURVE('',#9457,#9459,#9461,.T.);
#9457 = VERTEX_POINT('',#9458);
#9458 = CARTESIAN_POINT('',(460.,311.,17.));
#9459 = VERTEX_POINT('',#9460);
#9460 = CARTESIAN_POINT('',(460.,313.,17.));
#9461 = LINE('',#9462,#9463);
#9462 = CARTESIAN_POINT('',(460.,311.,17.));
#9463 = VECTOR('',#9464,1.);
#9464 = DIRECTION('',(0.,1.,0.));
#9465 = ORIENTED_EDGE('',*,*,#9466,.T.);
#9466 = EDGE_CURVE('',#9459,#9419,#9467,.T.);
#9467 = CIRCLE('',#9468,3.);
#9468 = AXIS2_PLACEMENT_3D('',#9469,#9470,#9471);
#9469 = CARTESIAN_POINT('',(457.,313.,17.));
#9470 = DIRECTION('',(0.,1.,0.));
#9471 = DIRECTION('',(1.,-0.,9.473903143468E-15));
#9472 = ORIENTED_EDGE('',*,*,#9416,.F.);
#9473 = ORIENTED_EDGE('',*,*,#9474,.F.);
#9474 = EDGE_CURVE('',#9457,#9417,#9475,.T.);
#9475 = CIRCLE('',#9476,3.);
#9476 = AXIS2_PLACEMENT_3D('',#9477,#9478,#9479);
#9477 = CARTESIAN_POINT('',(457.,311.,17.));
#9478 = DIRECTION('',(0.,1.,0.));
#9479 = DIRECTION('',(1.,-0.,9.473903143468E-15));
#9480 = CYLINDRICAL_SURFACE('',#9481,3.);
#9481 = AXIS2_PLACEMENT_3D('',#9482,#9483,#9484);
#9482 = CARTESIAN_POINT('',(457.,311.,17.));
#9483 = DIRECTION('',(-0.,-1.,-0.));
#9484 = DIRECTION('',(1.,-0.,9.473903143468E-15));
#9485 = ADVANCED_FACE('',(#9486),#9513,.T.);
#9486 = FACE_BOUND('',#9487,.F.);
#9487 = EDGE_LOOP('',(#9488,#9489,#9498,#9506));
#9488 = ORIENTED_EDGE('',*,*,#9434,.T.);
#9489 = ORIENTED_EDGE('',*,*,#9490,.T.);
#9490 = EDGE_CURVE('',#9427,#9491,#9493,.T.);
#9491 = VERTEX_POINT('',#9492);
#9492 = CARTESIAN_POINT('',(249.,313.,17.));
#9493 = CIRCLE('',#9494,3.);
#9494 = AXIS2_PLACEMENT_3D('',#9495,#9496,#9497);
#9495 = CARTESIAN_POINT('',(252.,313.,17.));
#9496 = DIRECTION('',(0.,1.,0.));
#9497 = DIRECTION('',(0.,0.,-1.));
#9498 = ORIENTED_EDGE('',*,*,#9499,.F.);
#9499 = EDGE_CURVE('',#9500,#9491,#9502,.T.);
#9500 = VERTEX_POINT('',#9501);
#9501 = CARTESIAN_POINT('',(249.,311.,17.));
#9502 = LINE('',#9503,#9504);
#9503 = CARTESIAN_POINT('',(249.,311.,17.));
#9504 = VECTOR('',#9505,1.);
#9505 = DIRECTION('',(0.,1.,0.));
#9506 = ORIENTED_EDGE('',*,*,#9507,.F.);
#9507 = EDGE_CURVE('',#9435,#9500,#9508,.T.);
#9508 = CIRCLE('',#9509,3.);
#9509 = AXIS2_PLACEMENT_3D('',#9510,#9511,#9512);
#9510 = CARTESIAN_POINT('',(252.,311.,17.));
#9511 = DIRECTION('',(0.,1.,0.));
#9512 = DIRECTION('',(0.,0.,-1.));
#9513 = CYLINDRICAL_SURFACE('',#9514,3.);
#9514 = AXIS2_PLACEMENT_3D('',#9515,#9516,#9517);
#9515 = CARTESIAN_POINT('',(252.,311.,17.));
#9516 = DIRECTION('',(-0.,-1.,-0.));
#9517 = DIRECTION('',(0.,0.,-1.));
#9518 = ADVANCED_FACE('',(#9519,#9564,#9575,#9586,#9597,#9608,#9619,
    #9630,#9641,#9652,#9663,#9674,#9685,#9696,#9707,#9718,#9729),#9740,
  .F.);
#9519 = FACE_BOUND('',#9520,.F.);
#9520 = EDGE_LOOP('',(#9521,#9522,#9523,#9531,#9540,#9548,#9557,#9563));
#9521 = ORIENTED_EDGE('',*,*,#9442,.T.);
#9522 = ORIENTED_EDGE('',*,*,#9507,.T.);
#9523 = ORIENTED_EDGE('',*,*,#9524,.T.);
#9524 = EDGE_CURVE('',#9500,#9525,#9527,.T.);
#9525 = VERTEX_POINT('',#9526);
#9526 = CARTESIAN_POINT('',(249.,311.,51.));
#9527 = LINE('',#9528,#9529);
#9528 = CARTESIAN_POINT('',(249.,311.,17.));
#9529 = VECTOR('',#9530,1.);
#9530 = DIRECTION('',(0.,0.,1.));
#9531 = ORIENTED_EDGE('',*,*,#9532,.T.);
#9532 = EDGE_CURVE('',#9525,#9533,#9535,.T.);
#9533 = VERTEX_POINT('',#9534);
#9534 = CARTESIAN_POINT('',(252.,311.,54.));
#9535 = CIRCLE('',#9536,3.);
#9536 = AXIS2_PLACEMENT_3D('',#9537,#9538,#9539);
#9537 = CARTESIAN_POINT('',(252.,311.,51.));
#9538 = DIRECTION('',(0.,1.,0.));
#9539 = DIRECTION('',(-1.,0.,4.736951571734E-15));
#9540 = ORIENTED_EDGE('',*,*,#9541,.T.);
#9541 = EDGE_CURVE('',#9533,#9542,#9544,.T.);
#9542 = VERTEX_POINT('',#9543);
#9543 = CARTESIAN_POINT('',(457.,311.,54.));
#9544 = LINE('',#9545,#9546);
#9545 = CARTESIAN_POINT('',(252.,311.,54.));
#9546 = VECTOR('',#9547,1.);
#9547 = DIRECTION('',(1.,0.,0.));
#9548 = ORIENTED_EDGE('',*,*,#9549,.T.);
#9549 = EDGE_CURVE('',#9542,#9550,#9552,.T.);
#9550 = VERTEX_POINT('',#9551);
#9551 = CARTESIAN_POINT('',(460.,311.,51.));
#9552 = CIRCLE('',#9553,3.);
#9553 = AXIS2_PLACEMENT_3D('',#9554,#9555,#9556);
#9554 = CARTESIAN_POINT('',(457.,311.,51.));
#9555 = DIRECTION('',(0.,1.,0.));
#9556 = DIRECTION('',(-1.894780628694E-14,0.,1.));
#9557 = ORIENTED_EDGE('',*,*,#9558,.T.);
#9558 = EDGE_CURVE('',#9550,#9457,#9559,.T.);
#9559 = LINE('',#9560,#9561);
#9560 = CARTESIAN_POINT('',(460.,311.,51.));
#9561 = VECTOR('',#9562,1.);
#9562 = DIRECTION('',(0.,0.,-1.));
#9563 = ORIENTED_EDGE('',*,*,#9474,.T.);
#9564 = FACE_BOUND('',#9565,.F.);
#9565 = EDGE_LOOP('',(#9566));
#9566 = ORIENTED_EDGE('',*,*,#9567,.F.);
#9567 = EDGE_CURVE('',#9568,#9568,#9570,.T.);
#9568 = VERTEX_POINT('',#9569);
#9569 = CARTESIAN_POINT('',(255.,311.,21.75));
#9570 = CIRCLE('',#9571,1.75);
#9571 = AXIS2_PLACEMENT_3D('',#9572,#9573,#9574);
#9572 = CARTESIAN_POINT('',(255.,311.,20.));
#9573 = DIRECTION('',(0.,1.,0.));
#9574 = DIRECTION('',(0.,-0.,1.));
#9575 = FACE_BOUND('',#9576,.F.);
#9576 = EDGE_LOOP('',(#9577));
#9577 = ORIENTED_EDGE('',*,*,#9578,.F.);
#9578 = EDGE_CURVE('',#9579,#9579,#9581,.T.);
#9579 = VERTEX_POINT('',#9580);
#9580 = CARTESIAN_POINT('',(266.5,311.,35.6));
#9581 = CIRCLE('',#9582,1.6);
#9582 = AXIS2_PLACEMENT_3D('',#9583,#9584,#9585);
#9583 = CARTESIAN_POINT('',(266.5,311.,34.));
#9584 = DIRECTION('',(0.,1.,0.));
#9585 = DIRECTION('',(0.,-0.,1.));
#9586 = FACE_BOUND('',#9587,.F.);
#9587 = EDGE_LOOP('',(#9588));
#9588 = ORIENTED_EDGE('',*,*,#9589,.F.);
#9589 = EDGE_CURVE('',#9590,#9590,#9592,.T.);
#9590 = VERTEX_POINT('',#9591);
#9591 = CARTESIAN_POINT('',(279.,311.,42.));
#9592 = CIRCLE('',#9593,8.);
#9593 = AXIS2_PLACEMENT_3D('',#9594,#9595,#9596);
#9594 = CARTESIAN_POINT('',(279.,311.,34.));
#9595 = DIRECTION('',(0.,1.,0.));
#9596 = DIRECTION('',(0.,-0.,1.));
#9597 = FACE_BOUND('',#9598,.F.);
#9598 = EDGE_LOOP('',(#9599));
#9599 = ORIENTED_EDGE('',*,*,#9600,.F.);
#9600 = EDGE_CURVE('',#9601,#9601,#9603,.T.);
#9601 = VERTEX_POINT('',#9602);
#9602 = CARTESIAN_POINT('',(291.5,311.,35.6));
#9603 = CIRCLE('',#9604,1.6);
#9604 = AXIS2_PLACEMENT_3D('',#9605,#9606,#9607);
#9605 = CARTESIAN_POINT('',(291.5,311.,34.));
#9606 = DIRECTION('',(0.,1.,0.));
#9607 = DIRECTION('',(0.,-0.,1.));
#9608 = FACE_BOUND('',#9609,.F.);
#9609 = EDGE_LOOP('',(#9610));
#9610 = ORIENTED_EDGE('',*,*,#9611,.F.);
#9611 = EDGE_CURVE('',#9612,#9612,#9614,.T.);
#9612 = VERTEX_POINT('',#9613);
#9613 = CARTESIAN_POINT('',(255.,311.,49.75));
#9614 = CIRCLE('',#9615,1.75);
#9615 = AXIS2_PLACEMENT_3D('',#9616,#9617,#9618);
#9616 = CARTESIAN_POINT('',(255.,311.,48.));
#9617 = DIRECTION('',(0.,1.,0.));
#9618 = DIRECTION('',(0.,-0.,1.));
#9619 = FACE_BOUND('',#9620,.F.);
#9620 = EDGE_LOOP('',(#9621));
#9621 = ORIENTED_EDGE('',*,*,#9622,.F.);
#9622 = EDGE_CURVE('',#9623,#9623,#9625,.T.);
#9623 = VERTEX_POINT('',#9624);
#9624 = CARTESIAN_POINT('',(306.5,311.,35.6));
#9625 = CIRCLE('',#9626,1.6);
#9626 = AXIS2_PLACEMENT_3D('',#9627,#9628,#9629);
#9627 = CARTESIAN_POINT('',(306.5,311.,34.));
#9628 = DIRECTION('',(0.,1.,0.));
#9629 = DIRECTION('',(0.,-0.,1.));
#9630 = FACE_BOUND('',#9631,.F.);
#9631 = EDGE_LOOP('',(#9632));
#9632 = ORIENTED_EDGE('',*,*,#9633,.F.);
#9633 = EDGE_CURVE('',#9634,#9634,#9636,.T.);
#9634 = VERTEX_POINT('',#9635);
#9635 = CARTESIAN_POINT('',(319.,311.,42.));
#9636 = CIRCLE('',#9637,8.);
#9637 = AXIS2_PLACEMENT_3D('',#9638,#9639,#9640);
#9638 = CARTESIAN_POINT('',(319.,311.,34.));
#9639 = DIRECTION('',(0.,1.,0.));
#9640 = DIRECTION('',(0.,-0.,1.));
#9641 = FACE_BOUND('',#9642,.F.);
#9642 = EDGE_LOOP('',(#9643));
#9643 = ORIENTED_EDGE('',*,*,#9644,.F.);
#9644 = EDGE_CURVE('',#9645,#9645,#9647,.T.);
#9645 = VERTEX_POINT('',#9646);
#9646 = CARTESIAN_POINT('',(331.5,311.,35.6));
#9647 = CIRCLE('',#9648,1.6);
#9648 = AXIS2_PLACEMENT_3D('',#9649,#9650,#9651);
#9649 = CARTESIAN_POINT('',(331.5,311.,34.));
#9650 = DIRECTION('',(0.,1.,0.));
#9651 = DIRECTION('',(0.,-0.,1.));
#9652 = FACE_BOUND('',#9653,.F.);
#9653 = EDGE_LOOP('',(#9654));
#9654 = ORIENTED_EDGE('',*,*,#9655,.F.);
#9655 = EDGE_CURVE('',#9656,#9656,#9658,.T.);
#9656 = VERTEX_POINT('',#9657);
#9657 = CARTESIAN_POINT('',(424.5,311.,23.6));
#9658 = CIRCLE('',#9659,1.6);
#9659 = AXIS2_PLACEMENT_3D('',#9660,#9661,#9662);
#9660 = CARTESIAN_POINT('',(424.5,311.,22.));
#9661 = DIRECTION('',(0.,1.,0.));
#9662 = DIRECTION('',(0.,-0.,1.));
#9663 = FACE_BOUND('',#9664,.F.);
#9664 = EDGE_LOOP('',(#9665));
#9665 = ORIENTED_EDGE('',*,*,#9666,.F.);
#9666 = EDGE_CURVE('',#9667,#9667,#9669,.T.);
#9667 = VERTEX_POINT('',#9668);
#9668 = CARTESIAN_POINT('',(454.,311.,21.75));
#9669 = CIRCLE('',#9670,1.75);
#9670 = AXIS2_PLACEMENT_3D('',#9671,#9672,#9673);
#9671 = CARTESIAN_POINT('',(454.,311.,20.));
#9672 = DIRECTION('',(0.,1.,0.));
#9673 = DIRECTION('',(0.,-0.,1.));
#9674 = FACE_BOUND('',#9675,.F.);
#9675 = EDGE_LOOP('',(#9676));
#9676 = ORIENTED_EDGE('',*,*,#9677,.F.);
#9677 = EDGE_CURVE('',#9678,#9678,#9680,.T.);
#9678 = VERTEX_POINT('',#9679);
#9679 = CARTESIAN_POINT('',(358.,311.,37.25));
#9680 = CIRCLE('',#9681,3.25);
#9681 = AXIS2_PLACEMENT_3D('',#9682,#9683,#9684);
#9682 = CARTESIAN_POINT('',(358.,311.,34.));
#9683 = DIRECTION('',(0.,1.,0.));
#9684 = DIRECTION('',(0.,-0.,1.));
#9685 = FACE_BOUND('',#9686,.F.);
#9686 = EDGE_LOOP('',(#9687));
#9687 = ORIENTED_EDGE('',*,*,#9688,.F.);
#9688 = EDGE_CURVE('',#9689,#9689,#9691,.T.);
#9689 = VERTEX_POINT('',#9690);
#9690 = CARTESIAN_POINT('',(382.,311.,37.25));
#9691 = CIRCLE('',#9692,3.25);
#9692 = AXIS2_PLACEMENT_3D('',#9693,#9694,#9695);
#9693 = CARTESIAN_POINT('',(382.,311.,34.));
#9694 = DIRECTION('',(0.,1.,0.));
#9695 = DIRECTION('',(0.,-0.,1.));
#9696 = FACE_BOUND('',#9697,.F.);
#9697 = EDGE_LOOP('',(#9698));
#9698 = ORIENTED_EDGE('',*,*,#9699,.F.);
#9699 = EDGE_CURVE('',#9700,#9700,#9702,.T.);
#9700 = VERTEX_POINT('',#9701);
#9701 = CARTESIAN_POINT('',(406.,311.,39.5));
#9702 = CIRCLE('',#9703,5.5);
#9703 = AXIS2_PLACEMENT_3D('',#9704,#9705,#9706);
#9704 = CARTESIAN_POINT('',(406.,311.,34.));
#9705 = DIRECTION('',(0.,1.,0.));
#9706 = DIRECTION('',(0.,-0.,1.));
#9707 = FACE_BOUND('',#9708,.F.);
#9708 = EDGE_LOOP('',(#9709));
#9709 = ORIENTED_EDGE('',*,*,#9710,.F.);
#9710 = EDGE_CURVE('',#9711,#9711,#9713,.T.);
#9711 = VERTEX_POINT('',#9712);
#9712 = CARTESIAN_POINT('',(434.,311.,46.));
#9713 = CIRCLE('',#9714,12.);
#9714 = AXIS2_PLACEMENT_3D('',#9715,#9716,#9717);
#9715 = CARTESIAN_POINT('',(434.,311.,34.));
#9716 = DIRECTION('',(0.,1.,0.));
#9717 = DIRECTION('',(0.,-0.,1.));
#9718 = FACE_BOUND('',#9719,.F.);
#9719 = EDGE_LOOP('',(#9720));
#9720 = ORIENTED_EDGE('',*,*,#9721,.F.);
#9721 = EDGE_CURVE('',#9722,#9722,#9724,.T.);
#9722 = VERTEX_POINT('',#9723);
#9723 = CARTESIAN_POINT('',(443.5,311.,47.6));
#9724 = CIRCLE('',#9725,1.6);
#9725 = AXIS2_PLACEMENT_3D('',#9726,#9727,#9728);
#9726 = CARTESIAN_POINT('',(443.5,311.,46.));
#9727 = DIRECTION('',(0.,1.,0.));
#9728 = DIRECTION('',(0.,-0.,1.));
#9729 = FACE_BOUND('',#9730,.F.);
#9730 = EDGE_LOOP('',(#9731));
#9731 = ORIENTED_EDGE('',*,*,#9732,.F.);
#9732 = EDGE_CURVE('',#9733,#9733,#9735,.T.);
#9733 = VERTEX_POINT('',#9734);
#9734 = CARTESIAN_POINT('',(454.,311.,49.75));
#9735 = CIRCLE('',#9736,1.75);
#9736 = AXIS2_PLACEMENT_3D('',#9737,#9738,#9739);
#9737 = CARTESIAN_POINT('',(454.,311.,48.));
#9738 = DIRECTION('',(0.,1.,0.));
#9739 = DIRECTION('',(0.,-0.,1.));
#9740 = PLANE('',#9741);
#9741 = AXIS2_PLACEMENT_3D('',#9742,#9743,#9744);
#9742 = CARTESIAN_POINT('',(354.5,311.,34.));
#9743 = DIRECTION('',(0.,1.,0.));
#9744 = DIRECTION('',(0.,-0.,1.));
#9745 = ADVANCED_FACE('',(#9746,#9791,#9802,#9813,#9824,#9835,#9846,
    #9857,#9868,#9879,#9890,#9901,#9912,#9923,#9934,#9945,#9956),#9967,
  .T.);
#9746 = FACE_BOUND('',#9747,.T.);
#9747 = EDGE_LOOP('',(#9748,#9749,#9750,#9758,#9767,#9775,#9784,#9790));
#9748 = ORIENTED_EDGE('',*,*,#9426,.T.);
#9749 = ORIENTED_EDGE('',*,*,#9490,.T.);
#9750 = ORIENTED_EDGE('',*,*,#9751,.T.);
#9751 = EDGE_CURVE('',#9491,#9752,#9754,.T.);
#9752 = VERTEX_POINT('',#9753);
#9753 = CARTESIAN_POINT('',(249.,313.,51.));
#9754 = LINE('',#9755,#9756);
#9755 = CARTESIAN_POINT('',(249.,313.,17.));
#9756 = VECTOR('',#9757,1.);
#9757 = DIRECTION('',(0.,0.,1.));
#9758 = ORIENTED_EDGE('',*,*,#9759,.T.);
#9759 = EDGE_CURVE('',#9752,#9760,#9762,.T.);
#9760 = VERTEX_POINT('',#9761);
#9761 = CARTESIAN_POINT('',(252.,313.,54.));
#9762 = CIRCLE('',#9763,3.);
#9763 = AXIS2_PLACEMENT_3D('',#9764,#9765,#9766);
#9764 = CARTESIAN_POINT('',(252.,313.,51.));
#9765 = DIRECTION('',(0.,1.,0.));
#9766 = DIRECTION('',(-1.,0.,4.736951571734E-15));
#9767 = ORIENTED_EDGE('',*,*,#9768,.T.);
#9768 = EDGE_CURVE('',#9760,#9769,#9771,.T.);
#9769 = VERTEX_POINT('',#9770);
#9770 = CARTESIAN_POINT('',(457.,313.,54.));
#9771 = LINE('',#9772,#9773);
#9772 = CARTESIAN_POINT('',(252.,313.,54.));
#9773 = VECTOR('',#9774,1.);
#9774 = DIRECTION('',(1.,0.,0.));
#9775 = ORIENTED_EDGE('',*,*,#9776,.T.);
#9776 = EDGE_CURVE('',#9769,#9777,#9779,.T.);
#9777 = VERTEX_POINT('',#9778);
#9778 = CARTESIAN_POINT('',(460.,313.,51.));
#9779 = CIRCLE('',#9780,3.);
#9780 = AXIS2_PLACEMENT_3D('',#9781,#9782,#9783);
#9781 = CARTESIAN_POINT('',(457.,313.,51.));
#9782 = DIRECTION('',(0.,1.,0.));
#9783 = DIRECTION('',(-1.894780628694E-14,0.,1.));
#9784 = ORIENTED_EDGE('',*,*,#9785,.T.);
#9785 = EDGE_CURVE('',#9777,#9459,#9786,.T.);
#9786 = LINE('',#9787,#9788);
#9787 = CARTESIAN_POINT('',(460.,313.,51.));
#9788 = VECTOR('',#9789,1.);
#9789 = DIRECTION('',(0.,0.,-1.));
#9790 = ORIENTED_EDGE('',*,*,#9466,.T.);
#9791 = FACE_BOUND('',#9792,.T.);
#9792 = EDGE_LOOP('',(#9793));
#9793 = ORIENTED_EDGE('',*,*,#9794,.F.);
#9794 = EDGE_CURVE('',#9795,#9795,#9797,.T.);
#9795 = VERTEX_POINT('',#9796);
#9796 = CARTESIAN_POINT('',(255.,313.,23.5));
#9797 = CIRCLE('',#9798,3.5);
#9798 = AXIS2_PLACEMENT_3D('',#9799,#9800,#9801);
#9799 = CARTESIAN_POINT('',(255.,313.,20.));
#9800 = DIRECTION('',(0.,1.,0.));
#9801 = DIRECTION('',(0.,-0.,1.));
#9802 = FACE_BOUND('',#9803,.T.);
#9803 = EDGE_LOOP('',(#9804));
#9804 = ORIENTED_EDGE('',*,*,#9805,.F.);
#9805 = EDGE_CURVE('',#9806,#9806,#9808,.T.);
#9806 = VERTEX_POINT('',#9807);
#9807 = CARTESIAN_POINT('',(266.5,313.,35.6));
#9808 = CIRCLE('',#9809,1.6);
#9809 = AXIS2_PLACEMENT_3D('',#9810,#9811,#9812);
#9810 = CARTESIAN_POINT('',(266.5,313.,34.));
#9811 = DIRECTION('',(0.,1.,0.));
#9812 = DIRECTION('',(0.,-0.,1.));
#9813 = FACE_BOUND('',#9814,.T.);
#9814 = EDGE_LOOP('',(#9815));
#9815 = ORIENTED_EDGE('',*,*,#9816,.F.);
#9816 = EDGE_CURVE('',#9817,#9817,#9819,.T.);
#9817 = VERTEX_POINT('',#9818);
#9818 = CARTESIAN_POINT('',(279.,313.,42.));
#9819 = CIRCLE('',#9820,8.);
#9820 = AXIS2_PLACEMENT_3D('',#9821,#9822,#9823);
#9821 = CARTESIAN_POINT('',(279.,313.,34.));
#9822 = DIRECTION('',(0.,1.,0.));
#9823 = DIRECTION('',(0.,-0.,1.));
#9824 = FACE_BOUND('',#9825,.T.);
#9825 = EDGE_LOOP('',(#9826));
#9826 = ORIENTED_EDGE('',*,*,#9827,.F.);
#9827 = EDGE_CURVE('',#9828,#9828,#9830,.T.);
#9828 = VERTEX_POINT('',#9829);
#9829 = CARTESIAN_POINT('',(291.5,313.,35.6));
#9830 = CIRCLE('',#9831,1.6);
#9831 = AXIS2_PLACEMENT_3D('',#9832,#9833,#9834);
#9832 = CARTESIAN_POINT('',(291.5,313.,34.));
#9833 = DIRECTION('',(0.,1.,0.));
#9834 = DIRECTION('',(0.,-0.,1.));
#9835 = FACE_BOUND('',#9836,.T.);
#9836 = EDGE_LOOP('',(#9837));
#9837 = ORIENTED_EDGE('',*,*,#9838,.F.);
#9838 = EDGE_CURVE('',#9839,#9839,#9841,.T.);
#9839 = VERTEX_POINT('',#9840);
#9840 = CARTESIAN_POINT('',(255.,313.,51.5));
#9841 = CIRCLE('',#9842,3.5);
#9842 = AXIS2_PLACEMENT_3D('',#9843,#9844,#9845);
#9843 = CARTESIAN_POINT('',(255.,313.,48.));
#9844 = DIRECTION('',(0.,1.,0.));
#9845 = DIRECTION('',(0.,-0.,1.));
#9846 = FACE_BOUND('',#9847,.T.);
#9847 = EDGE_LOOP('',(#9848));
#9848 = ORIENTED_EDGE('',*,*,#9849,.F.);
#9849 = EDGE_CURVE('',#9850,#9850,#9852,.T.);
#9850 = VERTEX_POINT('',#9851);
#9851 = CARTESIAN_POINT('',(306.5,313.,35.6));
#9852 = CIRCLE('',#9853,1.6);
#9853 = AXIS2_PLACEMENT_3D('',#9854,#9855,#9856);
#9854 = CARTESIAN_POINT('',(306.5,313.,34.));
#9855 = DIRECTION('',(0.,1.,0.));
#9856 = DIRECTION('',(0.,-0.,1.));
#9857 = FACE_BOUND('',#9858,.T.);
#9858 = EDGE_LOOP('',(#9859));
#9859 = ORIENTED_EDGE('',*,*,#9860,.F.);
#9860 = EDGE_CURVE('',#9861,#9861,#9863,.T.);
#9861 = VERTEX_POINT('',#9862);
#9862 = CARTESIAN_POINT('',(319.,313.,42.));
#9863 = CIRCLE('',#9864,8.);
#9864 = AXIS2_PLACEMENT_3D('',#9865,#9866,#9867);
#9865 = CARTESIAN_POINT('',(319.,313.,34.));
#9866 = DIRECTION('',(0.,1.,0.));
#9867 = DIRECTION('',(0.,-0.,1.));
#9868 = FACE_BOUND('',#9869,.T.);
#9869 = EDGE_LOOP('',(#9870));
#9870 = ORIENTED_EDGE('',*,*,#9871,.F.);
#9871 = EDGE_CURVE('',#9872,#9872,#9874,.T.);
#9872 = VERTEX_POINT('',#9873);
#9873 = CARTESIAN_POINT('',(331.5,313.,35.6));
#9874 = CIRCLE('',#9875,1.6);
#9875 = AXIS2_PLACEMENT_3D('',#9876,#9877,#9878);
#9876 = CARTESIAN_POINT('',(331.5,313.,34.));
#9877 = DIRECTION('',(0.,1.,0.));
#9878 = DIRECTION('',(0.,-0.,1.));
#9879 = FACE_BOUND('',#9880,.T.);
#9880 = EDGE_LOOP('',(#9881));
#9881 = ORIENTED_EDGE('',*,*,#9882,.F.);
#9882 = EDGE_CURVE('',#9883,#9883,#9885,.T.);
#9883 = VERTEX_POINT('',#9884);
#9884 = CARTESIAN_POINT('',(424.5,313.,23.6));
#9885 = CIRCLE('',#9886,1.6);
#9886 = AXIS2_PLACEMENT_3D('',#9887,#9888,#9889);
#9887 = CARTESIAN_POINT('',(424.5,313.,22.));
#9888 = DIRECTION('',(0.,1.,0.));
#9889 = DIRECTION('',(0.,-0.,1.));
#9890 = FACE_BOUND('',#9891,.T.);
#9891 = EDGE_LOOP('',(#9892));
#9892 = ORIENTED_EDGE('',*,*,#9893,.F.);
#9893 = EDGE_CURVE('',#9894,#9894,#9896,.T.);
#9894 = VERTEX_POINT('',#9895);
#9895 = CARTESIAN_POINT('',(454.,313.,23.5));
#9896 = CIRCLE('',#9897,3.5);
#9897 = AXIS2_PLACEMENT_3D('',#9898,#9899,#9900);
#9898 = CARTESIAN_POINT('',(454.,313.,20.));
#9899 = DIRECTION('',(0.,1.,0.));
#9900 = DIRECTION('',(0.,-0.,1.));
#9901 = FACE_BOUND('',#9902,.T.);
#9902 = EDGE_LOOP('',(#9903));
#9903 = ORIENTED_EDGE('',*,*,#9904,.F.);
#9904 = EDGE_CURVE('',#9905,#9905,#9907,.T.);
#9905 = VERTEX_POINT('',#9906);
#9906 = CARTESIAN_POINT('',(358.,313.,37.25));
#9907 = CIRCLE('',#9908,3.25);
#9908 = AXIS2_PLACEMENT_3D('',#9909,#9910,#9911);
#9909 = CARTESIAN_POINT('',(358.,313.,34.));
#9910 = DIRECTION('',(0.,1.,0.));
#9911 = DIRECTION('',(0.,-0.,1.));
#9912 = FACE_BOUND('',#9913,.T.);
#9913 = EDGE_LOOP('',(#9914));
#9914 = ORIENTED_EDGE('',*,*,#9915,.F.);
#9915 = EDGE_CURVE('',#9916,#9916,#9918,.T.);
#9916 = VERTEX_POINT('',#9917);
#9917 = CARTESIAN_POINT('',(382.,313.,37.25));
#9918 = CIRCLE('',#9919,3.25);
#9919 = AXIS2_PLACEMENT_3D('',#9920,#9921,#9922);
#9920 = CARTESIAN_POINT('',(382.,313.,34.));
#9921 = DIRECTION('',(0.,1.,0.));
#9922 = DIRECTION('',(0.,-0.,1.));
#9923 = FACE_BOUND('',#9924,.T.);
#9924 = EDGE_LOOP('',(#9925));
#9925 = ORIENTED_EDGE('',*,*,#9926,.F.);
#9926 = EDGE_CURVE('',#9927,#9927,#9929,.T.);
#9927 = VERTEX_POINT('',#9928);
#9928 = CARTESIAN_POINT('',(406.,313.,39.5));
#9929 = CIRCLE('',#9930,5.5);
#9930 = AXIS2_PLACEMENT_3D('',#9931,#9932,#9933);
#9931 = CARTESIAN_POINT('',(406.,313.,34.));
#9932 = DIRECTION('',(0.,1.,0.));
#9933 = DIRECTION('',(0.,-0.,1.));
#9934 = FACE_BOUND('',#9935,.T.);
#9935 = EDGE_LOOP('',(#9936));
#9936 = ORIENTED_EDGE('',*,*,#9937,.F.);
#9937 = EDGE_CURVE('',#9938,#9938,#9940,.T.);
#9938 = VERTEX_POINT('',#9939);
#9939 = CARTESIAN_POINT('',(434.,313.,46.));
#9940 = CIRCLE('',#9941,12.);
#9941 = AXIS2_PLACEMENT_3D('',#9942,#9943,#9944);
#9942 = CARTESIAN_POINT('',(434.,313.,34.));
#9943 = DIRECTION('',(0.,1.,0.));
#9944 = DIRECTION('',(0.,-0.,1.));
#9945 = FACE_BOUND('',#9946,.T.);
#9946 = EDGE_LOOP('',(#9947));
#9947 = ORIENTED_EDGE('',*,*,#9948,.F.);
#9948 = EDGE_CURVE('',#9949,#9949,#9951,.T.);
#9949 = VERTEX_POINT('',#9950);
#9950 = CARTESIAN_POINT('',(443.5,313.,47.6));
#9951 = CIRCLE('',#9952,1.6);
#9952 = AXIS2_PLACEMENT_3D('',#9953,#9954,#9955);
#9953 = CARTESIAN_POINT('',(443.5,313.,46.));
#9954 = DIRECTION('',(0.,1.,0.));
#9955 = DIRECTION('',(0.,-0.,1.));
#9956 = FACE_BOUND('',#9957,.T.);
#9957 = EDGE_LOOP('',(#9958));
#9958 = ORIENTED_EDGE('',*,*,#9959,.F.);
#9959 = EDGE_CURVE('',#9960,#9960,#9962,.T.);
#9960 = VERTEX_POINT('',#9961);
#9961 = CARTESIAN_POINT('',(454.,313.,51.5));
#9962 = CIRCLE('',#9963,3.5);
#9963 = AXIS2_PLACEMENT_3D('',#9964,#9965,#9966);
#9964 = CARTESIAN_POINT('',(454.,313.,48.));
#9965 = DIRECTION('',(0.,1.,0.));
#9966 = DIRECTION('',(0.,-0.,1.));
#9967 = PLANE('',#9968);
#9968 = AXIS2_PLACEMENT_3D('',#9969,#9970,#9971);
#9969 = CARTESIAN_POINT('',(354.5,313.,34.));
#9970 = DIRECTION('',(0.,1.,0.));
#9971 = DIRECTION('',(0.,-0.,1.));
#9972 = ADVANCED_FACE('',(#9973),#9984,.F.);
#9973 = FACE_BOUND('',#9974,.F.);
#9974 = EDGE_LOOP('',(#9975,#9981,#9982,#9983));
#9975 = ORIENTED_EDGE('',*,*,#9976,.T.);
#9976 = EDGE_CURVE('',#9550,#9777,#9977,.T.);
#9977 = LINE('',#9978,#9979);
#9978 = CARTESIAN_POINT('',(460.,311.,51.));
#9979 = VECTOR('',#9980,1.);
#9980 = DIRECTION('',(0.,1.,0.));
#9981 = ORIENTED_EDGE('',*,*,#9785,.T.);
#9982 = ORIENTED_EDGE('',*,*,#9456,.F.);
#9983 = ORIENTED_EDGE('',*,*,#9558,.F.);
#9984 = PLANE('',#9985);
#9985 = AXIS2_PLACEMENT_3D('',#9986,#9987,#9988);
#9986 = CARTESIAN_POINT('',(460.,311.,51.));
#9987 = DIRECTION('',(-1.,0.,0.));
#9988 = DIRECTION('',(0.,0.,-1.));
#9989 = ADVANCED_FACE('',(#9990),#10001,.F.);
#9990 = FACE_BOUND('',#9991,.F.);
#9991 = EDGE_LOOP('',(#9992,#9993,#9994,#10000));
#9992 = ORIENTED_EDGE('',*,*,#9499,.T.);
#9993 = ORIENTED_EDGE('',*,*,#9751,.T.);
#9994 = ORIENTED_EDGE('',*,*,#9995,.F.);
#9995 = EDGE_CURVE('',#9525,#9752,#9996,.T.);
#9996 = LINE('',#9997,#9998);
#9997 = CARTESIAN_POINT('',(249.,311.,51.));
#9998 = VECTOR('',#9999,1.);
#9999 = DIRECTION('',(0.,1.,0.));
#10000 = ORIENTED_EDGE('',*,*,#9524,.F.);
#10001 = PLANE('',#10002);
#10002 = AXIS2_PLACEMENT_3D('',#10003,#10004,#10005);
#10003 = CARTESIAN_POINT('',(249.,311.,17.));
#10004 = DIRECTION('',(1.,0.,0.));
#10005 = DIRECTION('',(0.,0.,1.));
#10006 = ADVANCED_FACE('',(#10007),#10018,.T.);
#10007 = FACE_BOUND('',#10008,.F.);
#10008 = EDGE_LOOP('',(#10009,#10015,#10016,#10017));
#10009 = ORIENTED_EDGE('',*,*,#10010,.T.);
#10010 = EDGE_CURVE('',#9542,#9769,#10011,.T.);
#10011 = LINE('',#10012,#10013);
#10012 = CARTESIAN_POINT('',(457.,311.,54.));
#10013 = VECTOR('',#10014,1.);
#10014 = DIRECTION('',(0.,1.,0.));
#10015 = ORIENTED_EDGE('',*,*,#9776,.T.);
#10016 = ORIENTED_EDGE('',*,*,#9976,.F.);
#10017 = ORIENTED_EDGE('',*,*,#9549,.F.);
#10018 = CYLINDRICAL_SURFACE('',#10019,3.);
#10019 = AXIS2_PLACEMENT_3D('',#10020,#10021,#10022);
#10020 = CARTESIAN_POINT('',(457.,311.,51.));
#10021 = DIRECTION('',(-0.,-1.,-0.));
#10022 = DIRECTION('',(-1.894780628694E-14,0.,1.));
#10023 = ADVANCED_FACE('',(#10024),#10035,.T.);
#10024 = FACE_BOUND('',#10025,.F.);
#10025 = EDGE_LOOP('',(#10026,#10027,#10028,#10034));
#10026 = ORIENTED_EDGE('',*,*,#9995,.T.);
#10027 = ORIENTED_EDGE('',*,*,#9759,.T.);
#10028 = ORIENTED_EDGE('',*,*,#10029,.F.);
#10029 = EDGE_CURVE('',#9533,#9760,#10030,.T.);
#10030 = LINE('',#10031,#10032);
#10031 = CARTESIAN_POINT('',(252.,311.,54.));
#10032 = VECTOR('',#10033,1.);
#10033 = DIRECTION('',(0.,1.,0.));
#10034 = ORIENTED_EDGE('',*,*,#9532,.F.);
#10035 = CYLINDRICAL_SURFACE('',#10036,3.);
#10036 = AXIS2_PLACEMENT_3D('',#10037,#10038,#10039);
#10037 = CARTESIAN_POINT('',(252.,311.,51.));
#10038 = DIRECTION('',(-0.,-1.,-0.));
#10039 = DIRECTION('',(-1.,0.,4.736951571734E-15));
#10040 = ADVANCED_FACE('',(#10041),#10047,.F.);
#10041 = FACE_BOUND('',#10042,.F.);
#10042 = EDGE_LOOP('',(#10043,#10044,#10045,#10046));
#10043 = ORIENTED_EDGE('',*,*,#10029,.T.);
#10044 = ORIENTED_EDGE('',*,*,#9768,.T.);
#10045 = ORIENTED_EDGE('',*,*,#10010,.F.);
#10046 = ORIENTED_EDGE('',*,*,#9541,.F.);
#10047 = PLANE('',#10048);
#10048 = AXIS2_PLACEMENT_3D('',#10049,#10050,#10051);
#10049 = CARTESIAN_POINT('',(252.,311.,54.));
#10050 = DIRECTION('',(0.,0.,-1.));
#10051 = DIRECTION('',(1.,0.,0.));
#10052 = ADVANCED_FACE('',(#10053),#10072,.F.);
#10053 = FACE_BOUND('',#10054,.F.);
#10054 = EDGE_LOOP('',(#10055,#10064,#10070,#10071));
#10055 = ORIENTED_EDGE('',*,*,#10056,.F.);
#10056 = EDGE_CURVE('',#10057,#10057,#10059,.T.);
#10057 = VERTEX_POINT('',#10058);
#10058 = CARTESIAN_POINT('',(255.,311.25,21.75));
#10059 = CIRCLE('',#10060,1.75);
#10060 = AXIS2_PLACEMENT_3D('',#10061,#10062,#10063);
#10061 = CARTESIAN_POINT('',(255.,311.25,20.));
#10062 = DIRECTION('',(0.,1.,0.));
#10063 = DIRECTION('',(0.,-0.,1.));
#10064 = ORIENTED_EDGE('',*,*,#10065,.F.);
#10065 = EDGE_CURVE('',#9568,#10057,#10066,.T.);
#10066 = LINE('',#10067,#10068);
#10067 = CARTESIAN_POINT('',(255.,310.,21.75));
#10068 = VECTOR('',#10069,1.);
#10069 = DIRECTION('',(0.,1.,0.));
#10070 = ORIENTED_EDGE('',*,*,#9567,.T.);
#10071 = ORIENTED_EDGE('',*,*,#10065,.T.);
#10072 = CYLINDRICAL_SURFACE('',#10073,1.75);
#10073 = AXIS2_PLACEMENT_3D('',#10074,#10075,#10076);
#10074 = CARTESIAN_POINT('',(255.,310.,20.));
#10075 = DIRECTION('',(0.,1.,0.));
#10076 = DIRECTION('',(0.,-0.,1.));
#10077 = ADVANCED_FACE('',(#10078),#10089,.F.);
#10078 = FACE_BOUND('',#10079,.F.);
#10079 = EDGE_LOOP('',(#10080,#10081,#10087,#10088));
#10080 = ORIENTED_EDGE('',*,*,#9805,.F.);
#10081 = ORIENTED_EDGE('',*,*,#10082,.F.);
#10082 = EDGE_CURVE('',#9579,#9806,#10083,.T.);
#10083 = LINE('',#10084,#10085);
#10084 = CARTESIAN_POINT('',(266.5,310.,35.6));
#10085 = VECTOR('',#10086,1.);
#10086 = DIRECTION('',(0.,1.,0.));
#10087 = ORIENTED_EDGE('',*,*,#9578,.T.);
#10088 = ORIENTED_EDGE('',*,*,#10082,.T.);
#10089 = CYLINDRICAL_SURFACE('',#10090,1.6);
#10090 = AXIS2_PLACEMENT_3D('',#10091,#10092,#10093);
#10091 = CARTESIAN_POINT('',(266.5,310.,34.));
#10092 = DIRECTION('',(0.,1.,0.));
#10093 = DIRECTION('',(0.,-0.,1.));
#10094 = ADVANCED_FACE('',(#10095),#10106,.F.);
#10095 = FACE_BOUND('',#10096,.F.);
#10096 = EDGE_LOOP('',(#10097,#10098,#10104,#10105));
#10097 = ORIENTED_EDGE('',*,*,#9816,.F.);
#10098 = ORIENTED_EDGE('',*,*,#10099,.F.);
#10099 = EDGE_CURVE('',#9590,#9817,#10100,.T.);
#10100 = LINE('',#10101,#10102);
#10101 = CARTESIAN_POINT('',(279.,310.,42.));
#10102 = VECTOR('',#10103,1.);
#10103 = DIRECTION('',(0.,1.,0.));
#10104 = ORIENTED_EDGE('',*,*,#9589,.T.);
#10105 = ORIENTED_EDGE('',*,*,#10099,.T.);
#10106 = CYLINDRICAL_SURFACE('',#10107,8.);
#10107 = AXIS2_PLACEMENT_3D('',#10108,#10109,#10110);
#10108 = CARTESIAN_POINT('',(279.,310.,34.));
#10109 = DIRECTION('',(0.,1.,0.));
#10110 = DIRECTION('',(0.,-0.,1.));
#10111 = ADVANCED_FACE('',(#10112),#10123,.F.);
#10112 = FACE_BOUND('',#10113,.F.);
#10113 = EDGE_LOOP('',(#10114,#10115,#10121,#10122));
#10114 = ORIENTED_EDGE('',*,*,#9827,.F.);
#10115 = ORIENTED_EDGE('',*,*,#10116,.F.);
#10116 = EDGE_CURVE('',#9601,#9828,#10117,.T.);
#10117 = LINE('',#10118,#10119);
#10118 = CARTESIAN_POINT('',(291.5,310.,35.6));
#10119 = VECTOR('',#10120,1.);
#10120 = DIRECTION('',(0.,1.,0.));
#10121 = ORIENTED_EDGE('',*,*,#9600,.T.);
#10122 = ORIENTED_EDGE('',*,*,#10116,.T.);
#10123 = CYLINDRICAL_SURFACE('',#10124,1.6);
#10124 = AXIS2_PLACEMENT_3D('',#10125,#10126,#10127);
#10125 = CARTESIAN_POINT('',(291.5,310.,34.));
#10126 = DIRECTION('',(0.,1.,0.));
#10127 = DIRECTION('',(0.,-0.,1.));
#10128 = ADVANCED_FACE('',(#10129),#10148,.F.);
#10129 = FACE_BOUND('',#10130,.F.);
#10130 = EDGE_LOOP('',(#10131,#10140,#10146,#10147));
#10131 = ORIENTED_EDGE('',*,*,#10132,.F.);
#10132 = EDGE_CURVE('',#10133,#10133,#10135,.T.);
#10133 = VERTEX_POINT('',#10134);
#10134 = CARTESIAN_POINT('',(255.,311.25,49.75));
#10135 = CIRCLE('',#10136,1.75);
#10136 = AXIS2_PLACEMENT_3D('',#10137,#10138,#10139);
#10137 = CARTESIAN_POINT('',(255.,311.25,48.));
#10138 = DIRECTION('',(0.,1.,0.));
#10139 = DIRECTION('',(0.,-0.,1.));
#10140 = ORIENTED_EDGE('',*,*,#10141,.F.);
#10141 = EDGE_CURVE('',#9612,#10133,#10142,.T.);
#10142 = LINE('',#10143,#10144);
#10143 = CARTESIAN_POINT('',(255.,310.,49.75));
#10144 = VECTOR('',#10145,1.);
#10145 = DIRECTION('',(0.,1.,0.));
#10146 = ORIENTED_EDGE('',*,*,#9611,.T.);
#10147 = ORIENTED_EDGE('',*,*,#10141,.T.);
#10148 = CYLINDRICAL_SURFACE('',#10149,1.75);
#10149 = AXIS2_PLACEMENT_3D('',#10150,#10151,#10152);
#10150 = CARTESIAN_POINT('',(255.,310.,48.));
#10151 = DIRECTION('',(0.,1.,0.));
#10152 = DIRECTION('',(0.,-0.,1.));
#10153 = ADVANCED_FACE('',(#10154),#10165,.F.);
#10154 = FACE_BOUND('',#10155,.F.);
#10155 = EDGE_LOOP('',(#10156,#10157,#10163,#10164));
#10156 = ORIENTED_EDGE('',*,*,#9849,.F.);
#10157 = ORIENTED_EDGE('',*,*,#10158,.F.);
#10158 = EDGE_CURVE('',#9623,#9850,#10159,.T.);
#10159 = LINE('',#10160,#10161);
#10160 = CARTESIAN_POINT('',(306.5,310.,35.6));
#10161 = VECTOR('',#10162,1.);
#10162 = DIRECTION('',(0.,1.,0.));
#10163 = ORIENTED_EDGE('',*,*,#9622,.T.);
#10164 = ORIENTED_EDGE('',*,*,#10158,.T.);
#10165 = CYLINDRICAL_SURFACE('',#10166,1.6);
#10166 = AXIS2_PLACEMENT_3D('',#10167,#10168,#10169);
#10167 = CARTESIAN_POINT('',(306.5,310.,34.));
#10168 = DIRECTION('',(0.,1.,0.));
#10169 = DIRECTION('',(0.,-0.,1.));
#10170 = ADVANCED_FACE('',(#10171),#10182,.F.);
#10171 = FACE_BOUND('',#10172,.F.);
#10172 = EDGE_LOOP('',(#10173,#10174,#10180,#10181));
#10173 = ORIENTED_EDGE('',*,*,#9860,.F.);
#10174 = ORIENTED_EDGE('',*,*,#10175,.F.);
#10175 = EDGE_CURVE('',#9634,#9861,#10176,.T.);
#10176 = LINE('',#10177,#10178);
#10177 = CARTESIAN_POINT('',(319.,310.,42.));
#10178 = VECTOR('',#10179,1.);
#10179 = DIRECTION('',(0.,1.,0.));
#10180 = ORIENTED_EDGE('',*,*,#9633,.T.);
#10181 = ORIENTED_EDGE('',*,*,#10175,.T.);
#10182 = CYLINDRICAL_SURFACE('',#10183,8.);
#10183 = AXIS2_PLACEMENT_3D('',#10184,#10185,#10186);
#10184 = CARTESIAN_POINT('',(319.,310.,34.));
#10185 = DIRECTION('',(0.,1.,0.));
#10186 = DIRECTION('',(0.,-0.,1.));
#10187 = ADVANCED_FACE('',(#10188),#10199,.F.);
#10188 = FACE_BOUND('',#10189,.F.);
#10189 = EDGE_LOOP('',(#10190,#10191,#10197,#10198));
#10190 = ORIENTED_EDGE('',*,*,#9871,.F.);
#10191 = ORIENTED_EDGE('',*,*,#10192,.F.);
#10192 = EDGE_CURVE('',#9645,#9872,#10193,.T.);
#10193 = LINE('',#10194,#10195);
#10194 = CARTESIAN_POINT('',(331.5,310.,35.6));
#10195 = VECTOR('',#10196,1.);
#10196 = DIRECTION('',(0.,1.,0.));
#10197 = ORIENTED_EDGE('',*,*,#9644,.T.);
#10198 = ORIENTED_EDGE('',*,*,#10192,.T.);
#10199 = CYLINDRICAL_SURFACE('',#10200,1.6);
#10200 = AXIS2_PLACEMENT_3D('',#10201,#10202,#10203);
#10201 = CARTESIAN_POINT('',(331.5,310.,34.));
#10202 = DIRECTION('',(0.,1.,0.));
#10203 = DIRECTION('',(0.,-0.,1.));
#10204 = ADVANCED_FACE('',(#10205),#10216,.F.);
#10205 = FACE_BOUND('',#10206,.F.);
#10206 = EDGE_LOOP('',(#10207,#10208,#10214,#10215));
#10207 = ORIENTED_EDGE('',*,*,#9882,.F.);
#10208 = ORIENTED_EDGE('',*,*,#10209,.F.);
#10209 = EDGE_CURVE('',#9656,#9883,#10210,.T.);
#10210 = LINE('',#10211,#10212);
#10211 = CARTESIAN_POINT('',(424.5,310.,23.6));
#10212 = VECTOR('',#10213,1.);
#10213 = DIRECTION('',(0.,1.,0.));
#10214 = ORIENTED_EDGE('',*,*,#9655,.T.);
#10215 = ORIENTED_EDGE('',*,*,#10209,.T.);
#10216 = CYLINDRICAL_SURFACE('',#10217,1.6);
#10217 = AXIS2_PLACEMENT_3D('',#10218,#10219,#10220);
#10218 = CARTESIAN_POINT('',(424.5,310.,22.));
#10219 = DIRECTION('',(0.,1.,0.));
#10220 = DIRECTION('',(0.,-0.,1.));
#10221 = ADVANCED_FACE('',(#10222),#10241,.F.);
#10222 = FACE_BOUND('',#10223,.F.);
#10223 = EDGE_LOOP('',(#10224,#10233,#10239,#10240));
#10224 = ORIENTED_EDGE('',*,*,#10225,.F.);
#10225 = EDGE_CURVE('',#10226,#10226,#10228,.T.);
#10226 = VERTEX_POINT('',#10227);
#10227 = CARTESIAN_POINT('',(454.,311.25,21.75));
#10228 = CIRCLE('',#10229,1.75);
#10229 = AXIS2_PLACEMENT_3D('',#10230,#10231,#10232);
#10230 = CARTESIAN_POINT('',(454.,311.25,20.));
#10231 = DIRECTION('',(0.,1.,0.));
#10232 = DIRECTION('',(0.,-0.,1.));
#10233 = ORIENTED_EDGE('',*,*,#10234,.F.);
#10234 = EDGE_CURVE('',#9667,#10226,#10235,.T.);
#10235 = LINE('',#10236,#10237);
#10236 = CARTESIAN_POINT('',(454.,310.,21.75));
#10237 = VECTOR('',#10238,1.);
#10238 = DIRECTION('',(0.,1.,0.));
#10239 = ORIENTED_EDGE('',*,*,#9666,.T.);
#10240 = ORIENTED_EDGE('',*,*,#10234,.T.);
#10241 = CYLINDRICAL_SURFACE('',#10242,1.75);
#10242 = AXIS2_PLACEMENT_3D('',#10243,#10244,#10245);
#10243 = CARTESIAN_POINT('',(454.,310.,20.));
#10244 = DIRECTION('',(0.,1.,0.));
#10245 = DIRECTION('',(0.,-0.,1.));
#10246 = ADVANCED_FACE('',(#10247),#10258,.F.);
#10247 = FACE_BOUND('',#10248,.F.);
#10248 = EDGE_LOOP('',(#10249,#10250,#10256,#10257));
#10249 = ORIENTED_EDGE('',*,*,#9904,.F.);
#10250 = ORIENTED_EDGE('',*,*,#10251,.F.);
#10251 = EDGE_CURVE('',#9678,#9905,#10252,.T.);
#10252 = LINE('',#10253,#10254);
#10253 = CARTESIAN_POINT('',(358.,310.,37.25));
#10254 = VECTOR('',#10255,1.);
#10255 = DIRECTION('',(0.,1.,0.));
#10256 = ORIENTED_EDGE('',*,*,#9677,.T.);
#10257 = ORIENTED_EDGE('',*,*,#10251,.T.);
#10258 = CYLINDRICAL_SURFACE('',#10259,3.25);
#10259 = AXIS2_PLACEMENT_3D('',#10260,#10261,#10262);
#10260 = CARTESIAN_POINT('',(358.,310.,34.));
#10261 = DIRECTION('',(0.,1.,0.));
#10262 = DIRECTION('',(0.,-0.,1.));
#10263 = ADVANCED_FACE('',(#10264),#10275,.F.);
#10264 = FACE_BOUND('',#10265,.F.);
#10265 = EDGE_LOOP('',(#10266,#10267,#10273,#10274));
#10266 = ORIENTED_EDGE('',*,*,#9915,.F.);
#10267 = ORIENTED_EDGE('',*,*,#10268,.F.);
#10268 = EDGE_CURVE('',#9689,#9916,#10269,.T.);
#10269 = LINE('',#10270,#10271);
#10270 = CARTESIAN_POINT('',(382.,310.,37.25));
#10271 = VECTOR('',#10272,1.);
#10272 = DIRECTION('',(0.,1.,0.));
#10273 = ORIENTED_EDGE('',*,*,#9688,.T.);
#10274 = ORIENTED_EDGE('',*,*,#10268,.T.);
#10275 = CYLINDRICAL_SURFACE('',#10276,3.25);
#10276 = AXIS2_PLACEMENT_3D('',#10277,#10278,#10279);
#10277 = CARTESIAN_POINT('',(382.,310.,34.));
#10278 = DIRECTION('',(0.,1.,0.));
#10279 = DIRECTION('',(0.,-0.,1.));
#10280 = ADVANCED_FACE('',(#10281),#10292,.F.);
#10281 = FACE_BOUND('',#10282,.F.);
#10282 = EDGE_LOOP('',(#10283,#10284,#10290,#10291));
#10283 = ORIENTED_EDGE('',*,*,#9926,.F.);
#10284 = ORIENTED_EDGE('',*,*,#10285,.F.);
#10285 = EDGE_CURVE('',#9700,#9927,#10286,.T.);
#10286 = LINE('',#10287,#10288);
#10287 = CARTESIAN_POINT('',(406.,310.,39.5));
#10288 = VECTOR('',#10289,1.);
#10289 = DIRECTION('',(0.,1.,0.));
#10290 = ORIENTED_EDGE('',*,*,#9699,.T.);
#10291 = ORIENTED_EDGE('',*,*,#10285,.T.);
#10292 = CYLINDRICAL_SURFACE('',#10293,5.5);
#10293 = AXIS2_PLACEMENT_3D('',#10294,#10295,#10296);
#10294 = CARTESIAN_POINT('',(406.,310.,34.));
#10295 = DIRECTION('',(0.,1.,0.));
#10296 = DIRECTION('',(0.,-0.,1.));
#10297 = ADVANCED_FACE('',(#10298),#10309,.F.);
#10298 = FACE_BOUND('',#10299,.F.);
#10299 = EDGE_LOOP('',(#10300,#10301,#10307,#10308));
#10300 = ORIENTED_EDGE('',*,*,#9937,.F.);
#10301 = ORIENTED_EDGE('',*,*,#10302,.F.);
#10302 = EDGE_CURVE('',#9711,#9938,#10303,.T.);
#10303 = LINE('',#10304,#10305);
#10304 = CARTESIAN_POINT('',(434.,310.,46.));
#10305 = VECTOR('',#10306,1.);
#10306 = DIRECTION('',(0.,1.,0.));
#10307 = ORIENTED_EDGE('',*,*,#9710,.T.);
#10308 = ORIENTED_EDGE('',*,*,#10302,.T.);
#10309 = CYLINDRICAL_SURFACE('',#10310,12.);
#10310 = AXIS2_PLACEMENT_3D('',#10311,#10312,#10313);
#10311 = CARTESIAN_POINT('',(434.,310.,34.));
#10312 = DIRECTION('',(0.,1.,0.));
#10313 = DIRECTION('',(0.,-0.,1.));
#10314 = ADVANCED_FACE('',(#10315),#10326,.F.);
#10315 = FACE_BOUND('',#10316,.F.);
#10316 = EDGE_LOOP('',(#10317,#10318,#10324,#10325));
#10317 = ORIENTED_EDGE('',*,*,#9948,.F.);
#10318 = ORIENTED_EDGE('',*,*,#10319,.F.);
#10319 = EDGE_CURVE('',#9722,#9949,#10320,.T.);
#10320 = LINE('',#10321,#10322);
#10321 = CARTESIAN_POINT('',(443.5,310.,47.6));
#10322 = VECTOR('',#10323,1.);
#10323 = DIRECTION('',(0.,1.,0.));
#10324 = ORIENTED_EDGE('',*,*,#9721,.T.);
#10325 = ORIENTED_EDGE('',*,*,#10319,.T.);
#10326 = CYLINDRICAL_SURFACE('',#10327,1.6);
#10327 = AXIS2_PLACEMENT_3D('',#10328,#10329,#10330);
#10328 = CARTESIAN_POINT('',(443.5,310.,46.));
#10329 = DIRECTION('',(0.,1.,0.));
#10330 = DIRECTION('',(0.,-0.,1.));
#10331 = ADVANCED_FACE('',(#10332),#10351,.F.);
#10332 = FACE_BOUND('',#10333,.F.);
#10333 = EDGE_LOOP('',(#10334,#10343,#10349,#10350));
#10334 = ORIENTED_EDGE('',*,*,#10335,.F.);
#10335 = EDGE_CURVE('',#10336,#10336,#10338,.T.);
#10336 = VERTEX_POINT('',#10337);
#10337 = CARTESIAN_POINT('',(454.,311.25,49.75));
#10338 = CIRCLE('',#10339,1.75);
#10339 = AXIS2_PLACEMENT_3D('',#10340,#10341,#10342);
#10340 = CARTESIAN_POINT('',(454.,311.25,48.));
#10341 = DIRECTION('',(0.,1.,0.));
#10342 = DIRECTION('',(0.,-0.,1.));
#10343 = ORIENTED_EDGE('',*,*,#10344,.F.);
#10344 = EDGE_CURVE('',#9733,#10336,#10345,.T.);
#10345 = LINE('',#10346,#10347);
#10346 = CARTESIAN_POINT('',(454.,310.,49.75));
#10347 = VECTOR('',#10348,1.);
#10348 = DIRECTION('',(0.,1.,0.));
#10349 = ORIENTED_EDGE('',*,*,#9732,.T.);
#10350 = ORIENTED_EDGE('',*,*,#10344,.T.);
#10351 = CYLINDRICAL_SURFACE('',#10352,1.75);
#10352 = AXIS2_PLACEMENT_3D('',#10353,#10354,#10355);
#10353 = CARTESIAN_POINT('',(454.,310.,48.));
#10354 = DIRECTION('',(0.,1.,0.));
#10355 = DIRECTION('',(0.,-0.,1.));
#10356 = ADVANCED_FACE('',(#10357),#10368,.F.);
#10357 = FACE_BOUND('',#10358,.F.);
#10358 = EDGE_LOOP('',(#10359,#10360,#10366,#10367));
#10359 = ORIENTED_EDGE('',*,*,#9794,.F.);
#10360 = ORIENTED_EDGE('',*,*,#10361,.F.);
#10361 = EDGE_CURVE('',#10057,#9795,#10362,.T.);
#10362 = LINE('',#10363,#10364);
#10363 = CARTESIAN_POINT('',(255.,311.25,21.75));
#10364 = VECTOR('',#10365,1.);
#10365 = DIRECTION('',(-1.731912112471E-16,0.707106781187,0.707106781187
    ));
#10366 = ORIENTED_EDGE('',*,*,#10056,.T.);
#10367 = ORIENTED_EDGE('',*,*,#10361,.T.);
#10368 = CONICAL_SURFACE('',#10369,1.75,0.785398163397);
#10369 = AXIS2_PLACEMENT_3D('',#10370,#10371,#10372);
#10370 = CARTESIAN_POINT('',(255.,311.25,20.));
#10371 = DIRECTION('',(0.,1.,0.));
#10372 = DIRECTION('',(0.,-0.,1.));
#10373 = ADVANCED_FACE('',(#10374),#10385,.F.);
#10374 = FACE_BOUND('',#10375,.F.);
#10375 = EDGE_LOOP('',(#10376,#10377,#10383,#10384));
#10376 = ORIENTED_EDGE('',*,*,#9838,.F.);
#10377 = ORIENTED_EDGE('',*,*,#10378,.F.);
#10378 = EDGE_CURVE('',#10133,#9839,#10379,.T.);
#10379 = LINE('',#10380,#10381);
#10380 = CARTESIAN_POINT('',(255.,311.25,49.75));
#10381 = VECTOR('',#10382,1.);
#10382 = DIRECTION('',(-1.731912112471E-16,0.707106781187,0.707106781187
    ));
#10383 = ORIENTED_EDGE('',*,*,#10132,.T.);
#10384 = ORIENTED_EDGE('',*,*,#10378,.T.);
#10385 = CONICAL_SURFACE('',#10386,1.75,0.785398163397);
#10386 = AXIS2_PLACEMENT_3D('',#10387,#10388,#10389);
#10387 = CARTESIAN_POINT('',(255.,311.25,48.));
#10388 = DIRECTION('',(0.,1.,0.));
#10389 = DIRECTION('',(0.,-0.,1.));
#10390 = ADVANCED_FACE('',(#10391),#10402,.F.);
#10391 = FACE_BOUND('',#10392,.F.);
#10392 = EDGE_LOOP('',(#10393,#10394,#10400,#10401));
#10393 = ORIENTED_EDGE('',*,*,#9893,.F.);
#10394 = ORIENTED_EDGE('',*,*,#10395,.F.);
#10395 = EDGE_CURVE('',#10226,#9894,#10396,.T.);
#10396 = LINE('',#10397,#10398);
#10397 = CARTESIAN_POINT('',(454.,311.25,21.75));
#10398 = VECTOR('',#10399,1.);
#10399 = DIRECTION('',(-1.731912112471E-16,0.707106781187,0.707106781187
    ));
#10400 = ORIENTED_EDGE('',*,*,#10225,.T.);
#10401 = ORIENTED_EDGE('',*,*,#10395,.T.);
#10402 = CONICAL_SURFACE('',#10403,1.75,0.785398163397);
#10403 = AXIS2_PLACEMENT_3D('',#10404,#10405,#10406);
#10404 = CARTESIAN_POINT('',(454.,311.25,20.));
#10405 = DIRECTION('',(0.,1.,0.));
#10406 = DIRECTION('',(0.,-0.,1.));
#10407 = ADVANCED_FACE('',(#10408),#10419,.F.);
#10408 = FACE_BOUND('',#10409,.F.);
#10409 = EDGE_LOOP('',(#10410,#10411,#10417,#10418));
#10410 = ORIENTED_EDGE('',*,*,#9959,.F.);
#10411 = ORIENTED_EDGE('',*,*,#10412,.F.);
#10412 = EDGE_CURVE('',#10336,#9960,#10413,.T.);
#10413 = LINE('',#10414,#10415);
#10414 = CARTESIAN_POINT('',(454.,311.25,49.75));
#10415 = VECTOR('',#10416,1.);
#10416 = DIRECTION('',(-1.731912112471E-16,0.707106781187,0.707106781187
    ));
#10417 = ORIENTED_EDGE('',*,*,#10335,.T.);
#10418 = ORIENTED_EDGE('',*,*,#10412,.T.);
#10419 = CONICAL_SURFACE('',#10420,1.75,0.785398163397);
#10420 = AXIS2_PLACEMENT_3D('',#10421,#10422,#10423);
#10421 = CARTESIAN_POINT('',(454.,311.25,48.));
#10422 = DIRECTION('',(0.,1.,0.));
#10423 = DIRECTION('',(0.,-0.,1.));
#10424 = ( GEOMETRIC_REPRESENTATION_CONTEXT(3) 
GLOBAL_UNCERTAINTY_ASSIGNED_CONTEXT((#10428)) 
GLOBAL_UNIT_ASSIGNED_CONTEXT((#10425,#10426,#10427)) 
REPRESENTATION_CONTEXT('Context #1',
  '3D Context with UNIT and UNCERTAINTY') );
#10425 = ( LENGTH_UNIT() NAMED_UNIT(*) SI_UNIT(.MILLI.,.METRE.) );
#10426 = ( NAMED_UNIT(*) PLANE_ANGLE_UNIT() SI_UNIT($,.RADIAN.) );
#10427 = ( NAMED_UNIT(*) SI_UNIT($,.STERADIAN.) SOLID_ANGLE_UNIT() );
#10428 = UNCERTAINTY_MEASURE_WITH_UNIT(LENGTH_MEASURE(1.E-07),#10425,
  'distance_accuracy_value','confusion accuracy');
#10429 = CONTEXT_DEPENDENT_SHAPE_REPRESENTATION(#10430,#10432);
#10430 = ( REPRESENTATION_RELATIONSHIP('','',#9409,#10) 
REPRESENTATION_RELATIONSHIP_WITH_TRANSFORMATION(#10431) 
SHAPE_REPRESENTATION_RELATIONSHIP() );
#10431 = ITEM_DEFINED_TRANSFORMATION('','',#11,#99);
#10432 = PRODUCT_DEFINITION_SHAPE('Placement','Placement of an item',
  #10433);
#10433 = NEXT_ASSEMBLY_USAGE_OCCURRENCE('44','Rear plate','',#5,#9404,$
  );
#10434 = PRODUCT_RELATED_PRODUCT_CATEGORY('part',$,(#9406));
#10435 = SHAPE_DEFINITION_REPRESENTATION(#10436,#10442);
#10436 = PRODUCT_DEFINITION_SHAPE('','',#10437);
#10437 = PRODUCT_DEFINITION('design','',#10438,#10441);
#10438 = PRODUCT_DEFINITION_FORMATION('','',#10439);
#10439 = PRODUCT('REF keybed_frame','REF keybed_frame','',(#10440));
#10440 = PRODUCT_CONTEXT('',#2,'mechanical');
#10441 = PRODUCT_DEFINITION_CONTEXT('part definition',#2,'design');
#10442 = ADVANCED_BREP_SHAPE_REPRESENTATION('',(#11,#10443),#10785);
#10443 = MANIFOLD_SOLID_BREP('',#10444);
#10444 = CLOSED_SHELL('',(#10445,#10485,#10516,#10547,#10578,#10595,
    #10626,#10643,#10667,#10698,#10715,#10744,#10761,#10773));
#10445 = ADVANCED_FACE('',(#10446),#10480,.F.);
#10446 = FACE_BOUND('',#10447,.F.);
#10447 = EDGE_LOOP('',(#10448,#10458,#10466,#10474));
#10448 = ORIENTED_EDGE('',*,*,#10449,.F.);
#10449 = EDGE_CURVE('',#10450,#10452,#10454,.T.);
#10450 = VERTEX_POINT('',#10451);
#10451 = CARTESIAN_POINT('',(201.,27.,59.5));
#10452 = VERTEX_POINT('',#10453);
#10453 = CARTESIAN_POINT('',(201.,152.5,59.5));
#10454 = LINE('',#10455,#10456);
#10455 = CARTESIAN_POINT('',(201.,27.,59.5));
#10456 = VECTOR('',#10457,1.);
#10457 = DIRECTION('',(-0.,1.,0.));
#10458 = ORIENTED_EDGE('',*,*,#10459,.F.);
#10459 = EDGE_CURVE('',#10460,#10450,#10462,.T.);
#10460 = VERTEX_POINT('',#10461);
#10461 = CARTESIAN_POINT('',(201.,27.,21.));
#10462 = LINE('',#10463,#10464);
#10463 = CARTESIAN_POINT('',(201.,27.,21.));
#10464 = VECTOR('',#10465,1.);
#10465 = DIRECTION('',(0.,0.,1.));
#10466 = ORIENTED_EDGE('',*,*,#10467,.T.);
#10467 = EDGE_CURVE('',#10460,#10468,#10470,.T.);
#10468 = VERTEX_POINT('',#10469);
#10469 = CARTESIAN_POINT('',(201.,152.5,21.));
#10470 = LINE('',#10471,#10472);
#10471 = CARTESIAN_POINT('',(201.,27.,21.));
#10472 = VECTOR('',#10473,1.);
#10473 = DIRECTION('',(-0.,1.,0.));
#10474 = ORIENTED_EDGE('',*,*,#10475,.T.);
#10475 = EDGE_CURVE('',#10468,#10452,#10476,.T.);
#10476 = LINE('',#10477,#10478);
#10477 = CARTESIAN_POINT('',(201.,152.5,21.));
#10478 = VECTOR('',#10479,1.);
#10479 = DIRECTION('',(0.,0.,1.));
#10480 = PLANE('',#10481);
#10481 = AXIS2_PLACEMENT_3D('',#10482,#10483,#10484);
#10482 = CARTESIAN_POINT('',(201.,27.,21.));
#10483 = DIRECTION('',(1.,0.,-0.));
#10484 = DIRECTION('',(0.,0.,1.));
#10485 = ADVANCED_FACE('',(#10486),#10511,.T.);
#10486 = FACE_BOUND('',#10487,.T.);
#10487 = EDGE_LOOP('',(#10488,#10489,#10497,#10505));
#10488 = ORIENTED_EDGE('',*,*,#10449,.F.);
#10489 = ORIENTED_EDGE('',*,*,#10490,.T.);
#10490 = EDGE_CURVE('',#10450,#10491,#10493,.T.);
#10491 = VERTEX_POINT('',#10492);
#10492 = CARTESIAN_POINT('',(884.,27.,59.5));
#10493 = LINE('',#10494,#10495);
#10494 = CARTESIAN_POINT('',(201.,27.,59.5));
#10495 = VECTOR('',#10496,1.);
#10496 = DIRECTION('',(1.,0.,-0.));
#10497 = ORIENTED_EDGE('',*,*,#10498,.T.);
#10498 = EDGE_CURVE('',#10491,#10499,#10501,.T.);
#10499 = VERTEX_POINT('',#10500);
#10500 = CARTESIAN_POINT('',(884.,152.5,59.5));
#10501 = LINE('',#10502,#10503);
#10502 = CARTESIAN_POINT('',(884.,27.,59.5));
#10503 = VECTOR('',#10504,1.);
#10504 = DIRECTION('',(-0.,1.,0.));
#10505 = ORIENTED_EDGE('',*,*,#10506,.T.);
#10506 = EDGE_CURVE('',#10499,#10452,#10507,.T.);
#10507 = LINE('',#10508,#10509);
#10508 = CARTESIAN_POINT('',(201.,152.5,59.5));
#10509 = VECTOR('',#10510,1.);
#10510 = DIRECTION('',(-1.,-0.,0.));
#10511 = PLANE('',#10512);
#10512 = AXIS2_PLACEMENT_3D('',#10513,#10514,#10515);
#10513 = CARTESIAN_POINT('',(201.,27.,59.5));
#10514 = DIRECTION('',(0.,0.,1.));
#10515 = DIRECTION('',(1.,0.,-0.));
#10516 = ADVANCED_FACE('',(#10517),#10542,.F.);
#10517 = FACE_BOUND('',#10518,.F.);
#10518 = EDGE_LOOP('',(#10519,#10527,#10528,#10536));
#10519 = ORIENTED_EDGE('',*,*,#10520,.F.);
#10520 = EDGE_CURVE('',#10452,#10521,#10523,.T.);
#10521 = VERTEX_POINT('',#10522);
#10522 = CARTESIAN_POINT('',(201.,176.5,59.5));
#10523 = LINE('',#10524,#10525);
#10524 = CARTESIAN_POINT('',(201.,27.,59.5));
#10525 = VECTOR('',#10526,1.);
#10526 = DIRECTION('',(-0.,1.,0.));
#10527 = ORIENTED_EDGE('',*,*,#10475,.F.);
#10528 = ORIENTED_EDGE('',*,*,#10529,.T.);
#10529 = EDGE_CURVE('',#10468,#10530,#10532,.T.);
#10530 = VERTEX_POINT('',#10531);
#10531 = CARTESIAN_POINT('',(201.,176.5,21.));
#10532 = LINE('',#10533,#10534);
#10533 = CARTESIAN_POINT('',(201.,27.,21.));
#10534 = VECTOR('',#10535,1.);
#10535 = DIRECTION('',(-0.,1.,0.));
#10536 = ORIENTED_EDGE('',*,*,#10537,.T.);
#10537 = EDGE_CURVE('',#10530,#10521,#10538,.T.);
#10538 = LINE('',#10539,#10540);
#10539 = CARTESIAN_POINT('',(201.,176.5,21.));
#10540 = VECTOR('',#10541,1.);
#10541 = DIRECTION('',(0.,0.,1.));
#10542 = PLANE('',#10543);
#10543 = AXIS2_PLACEMENT_3D('',#10544,#10545,#10546);
#10544 = CARTESIAN_POINT('',(201.,27.,21.));
#10545 = DIRECTION('',(1.,0.,-0.));
#10546 = DIRECTION('',(0.,0.,1.));
#10547 = ADVANCED_FACE('',(#10548),#10573,.F.);
#10548 = FACE_BOUND('',#10549,.F.);
#10549 = EDGE_LOOP('',(#10550,#10551,#10559,#10567));
#10550 = ORIENTED_EDGE('',*,*,#10467,.F.);
#10551 = ORIENTED_EDGE('',*,*,#10552,.T.);
#10552 = EDGE_CURVE('',#10460,#10553,#10555,.T.);
#10553 = VERTEX_POINT('',#10554);
#10554 = CARTESIAN_POINT('',(884.,27.,21.));
#10555 = LINE('',#10556,#10557);
#10556 = CARTESIAN_POINT('',(201.,27.,21.));
#10557 = VECTOR('',#10558,1.);
#10558 = DIRECTION('',(1.,0.,-0.));
#10559 = ORIENTED_EDGE('',*,*,#10560,.T.);
#10560 = EDGE_CURVE('',#10553,#10561,#10563,.T.);
#10561 = VERTEX_POINT('',#10562);
#10562 = CARTESIAN_POINT('',(884.,152.5,21.));
#10563 = LINE('',#10564,#10565);
#10564 = CARTESIAN_POINT('',(884.,27.,21.));
#10565 = VECTOR('',#10566,1.);
#10566 = DIRECTION('',(-0.,1.,0.));
#10567 = ORIENTED_EDGE('',*,*,#10568,.F.);
#10568 = EDGE_CURVE('',#10468,#10561,#10569,.T.);
#10569 = LINE('',#10570,#10571);
#10570 = CARTESIAN_POINT('',(201.,152.5,21.));
#10571 = VECTOR('',#10572,1.);
#10572 = DIRECTION('',(1.,0.,-0.));
#10573 = PLANE('',#10574);
#10574 = AXIS2_PLACEMENT_3D('',#10575,#10576,#10577);
#10575 = CARTESIAN_POINT('',(201.,27.,21.));
#10576 = DIRECTION('',(0.,0.,1.));
#10577 = DIRECTION('',(1.,0.,-0.));
#10578 = ADVANCED_FACE('',(#10579),#10590,.F.);
#10579 = FACE_BOUND('',#10580,.F.);
#10580 = EDGE_LOOP('',(#10581,#10582,#10583,#10584));
#10581 = ORIENTED_EDGE('',*,*,#10552,.F.);
#10582 = ORIENTED_EDGE('',*,*,#10459,.T.);
#10583 = ORIENTED_EDGE('',*,*,#10490,.T.);
#10584 = ORIENTED_EDGE('',*,*,#10585,.F.);
#10585 = EDGE_CURVE('',#10553,#10491,#10586,.T.);
#10586 = LINE('',#10587,#10588);
#10587 = CARTESIAN_POINT('',(884.,27.,21.));
#10588 = VECTOR('',#10589,1.);
#10589 = DIRECTION('',(0.,0.,1.));
#10590 = PLANE('',#10591);
#10591 = AXIS2_PLACEMENT_3D('',#10592,#10593,#10594);
#10592 = CARTESIAN_POINT('',(201.,27.,21.));
#10593 = DIRECTION('',(-0.,1.,0.));
#10594 = DIRECTION('',(0.,0.,1.));
#10595 = ADVANCED_FACE('',(#10596),#10621,.F.);
#10596 = FACE_BOUND('',#10597,.F.);
#10597 = EDGE_LOOP('',(#10598,#10599,#10607,#10615));
#10598 = ORIENTED_EDGE('',*,*,#10506,.T.);
#10599 = ORIENTED_EDGE('',*,*,#10600,.T.);
#10600 = EDGE_CURVE('',#10452,#10601,#10603,.T.);
#10601 = VERTEX_POINT('',#10602);
#10602 = CARTESIAN_POINT('',(201.,152.5,68.5));
#10603 = LINE('',#10604,#10605);
#10604 = CARTESIAN_POINT('',(201.,152.5,21.));
#10605 = VECTOR('',#10606,1.);
#10606 = DIRECTION('',(0.,0.,1.));
#10607 = ORIENTED_EDGE('',*,*,#10608,.T.);
#10608 = EDGE_CURVE('',#10601,#10609,#10611,.T.);
#10609 = VERTEX_POINT('',#10610);
#10610 = CARTESIAN_POINT('',(884.,152.5,68.5));
#10611 = LINE('',#10612,#10613);
#10612 = CARTESIAN_POINT('',(201.,152.5,68.5));
#10613 = VECTOR('',#10614,1.);
#10614 = DIRECTION('',(1.,0.,-0.));
#10615 = ORIENTED_EDGE('',*,*,#10616,.F.);
#10616 = EDGE_CURVE('',#10499,#10609,#10617,.T.);
#10617 = LINE('',#10618,#10619);
#10618 = CARTESIAN_POINT('',(884.,152.5,21.));
#10619 = VECTOR('',#10620,1.);
#10620 = DIRECTION('',(0.,0.,1.));
#10621 = PLANE('',#10622);
#10622 = AXIS2_PLACEMENT_3D('',#10623,#10624,#10625);
#10623 = CARTESIAN_POINT('',(201.,152.5,21.));
#10624 = DIRECTION('',(-0.,1.,0.));
#10625 = DIRECTION('',(0.,0.,1.));
#10626 = ADVANCED_FACE('',(#10627),#10638,.T.);
#10627 = FACE_BOUND('',#10628,.T.);
#10628 = EDGE_LOOP('',(#10629,#10630,#10631,#10632));
#10629 = ORIENTED_EDGE('',*,*,#10498,.F.);
#10630 = ORIENTED_EDGE('',*,*,#10585,.F.);
#10631 = ORIENTED_EDGE('',*,*,#10560,.T.);
#10632 = ORIENTED_EDGE('',*,*,#10633,.T.);
#10633 = EDGE_CURVE('',#10561,#10499,#10634,.T.);
#10634 = LINE('',#10635,#10636);
#10635 = CARTESIAN_POINT('',(884.,152.5,21.));
#10636 = VECTOR('',#10637,1.);
#10637 = DIRECTION('',(0.,0.,1.));
#10638 = PLANE('',#10639);
#10639 = AXIS2_PLACEMENT_3D('',#10640,#10641,#10642);
#10640 = CARTESIAN_POINT('',(884.,27.,21.));
#10641 = DIRECTION('',(1.,0.,-0.));
#10642 = DIRECTION('',(0.,0.,1.));
#10643 = ADVANCED_FACE('',(#10644),#10662,.F.);
#10644 = FACE_BOUND('',#10645,.F.);
#10645 = EDGE_LOOP('',(#10646,#10647,#10648,#10656));
#10646 = ORIENTED_EDGE('',*,*,#10600,.F.);
#10647 = ORIENTED_EDGE('',*,*,#10520,.T.);
#10648 = ORIENTED_EDGE('',*,*,#10649,.T.);
#10649 = EDGE_CURVE('',#10521,#10650,#10652,.T.);
#10650 = VERTEX_POINT('',#10651);
#10651 = CARTESIAN_POINT('',(201.,176.5,68.5));
#10652 = LINE('',#10653,#10654);
#10653 = CARTESIAN_POINT('',(201.,176.5,21.));
#10654 = VECTOR('',#10655,1.);
#10655 = DIRECTION('',(0.,0.,1.));
#10656 = ORIENTED_EDGE('',*,*,#10657,.F.);
#10657 = EDGE_CURVE('',#10601,#10650,#10658,.T.);
#10658 = LINE('',#10659,#10660);
#10659 = CARTESIAN_POINT('',(201.,152.5,68.5));
#10660 = VECTOR('',#10661,1.);
#10661 = DIRECTION('',(-0.,1.,0.));
#10662 = PLANE('',#10663);
#10663 = AXIS2_PLACEMENT_3D('',#10664,#10665,#10666);
#10664 = CARTESIAN_POINT('',(201.,152.5,21.));
#10665 = DIRECTION('',(1.,0.,-0.));
#10666 = DIRECTION('',(0.,0.,1.));
#10667 = ADVANCED_FACE('',(#10668),#10693,.T.);
#10668 = FACE_BOUND('',#10669,.T.);
#10669 = EDGE_LOOP('',(#10670,#10678,#10679,#10687));
#10670 = ORIENTED_EDGE('',*,*,#10671,.F.);
#10671 = EDGE_CURVE('',#10530,#10672,#10674,.T.);
#10672 = VERTEX_POINT('',#10673);
#10673 = CARTESIAN_POINT('',(884.,176.5,21.));
#10674 = LINE('',#10675,#10676);
#10675 = CARTESIAN_POINT('',(201.,176.5,21.));
#10676 = VECTOR('',#10677,1.);
#10677 = DIRECTION('',(1.,0.,-0.));
#10678 = ORIENTED_EDGE('',*,*,#10537,.T.);
#10679 = ORIENTED_EDGE('',*,*,#10680,.T.);
#10680 = EDGE_CURVE('',#10521,#10681,#10683,.T.);
#10681 = VERTEX_POINT('',#10682);
#10682 = CARTESIAN_POINT('',(884.,176.5,59.5));
#10683 = LINE('',#10684,#10685);
#10684 = CARTESIAN_POINT('',(201.,176.5,59.5));
#10685 = VECTOR('',#10686,1.);
#10686 = DIRECTION('',(1.,0.,-0.));
#10687 = ORIENTED_EDGE('',*,*,#10688,.F.);
#10688 = EDGE_CURVE('',#10672,#10681,#10689,.T.);
#10689 = LINE('',#10690,#10691);
#10690 = CARTESIAN_POINT('',(884.,176.5,21.));
#10691 = VECTOR('',#10692,1.);
#10692 = DIRECTION('',(0.,0.,1.));
#10693 = PLANE('',#10694);
#10694 = AXIS2_PLACEMENT_3D('',#10695,#10696,#10697);
#10695 = CARTESIAN_POINT('',(201.,176.5,21.));
#10696 = DIRECTION('',(-0.,1.,0.));
#10697 = DIRECTION('',(0.,0.,1.));
#10698 = ADVANCED_FACE('',(#10699),#10710,.F.);
#10699 = FACE_BOUND('',#10700,.F.);
#10700 = EDGE_LOOP('',(#10701,#10702,#10703,#10709));
#10701 = ORIENTED_EDGE('',*,*,#10529,.F.);
#10702 = ORIENTED_EDGE('',*,*,#10568,.T.);
#10703 = ORIENTED_EDGE('',*,*,#10704,.T.);
#10704 = EDGE_CURVE('',#10561,#10672,#10705,.T.);
#10705 = LINE('',#10706,#10707);
#10706 = CARTESIAN_POINT('',(884.,27.,21.));
#10707 = VECTOR('',#10708,1.);
#10708 = DIRECTION('',(-0.,1.,0.));
#10709 = ORIENTED_EDGE('',*,*,#10671,.F.);
#10710 = PLANE('',#10711);
#10711 = AXIS2_PLACEMENT_3D('',#10712,#10713,#10714);
#10712 = CARTESIAN_POINT('',(201.,27.,21.));
#10713 = DIRECTION('',(0.,0.,1.));
#10714 = DIRECTION('',(1.,0.,-0.));
#10715 = ADVANCED_FACE('',(#10716),#10739,.T.);
#10716 = FACE_BOUND('',#10717,.T.);
#10717 = EDGE_LOOP('',(#10718,#10719,#10725,#10733));
#10718 = ORIENTED_EDGE('',*,*,#10616,.F.);
#10719 = ORIENTED_EDGE('',*,*,#10720,.T.);
#10720 = EDGE_CURVE('',#10499,#10681,#10721,.T.);
#10721 = LINE('',#10722,#10723);
#10722 = CARTESIAN_POINT('',(884.,27.,59.5));
#10723 = VECTOR('',#10724,1.);
#10724 = DIRECTION('',(-0.,1.,0.));
#10725 = ORIENTED_EDGE('',*,*,#10726,.T.);
#10726 = EDGE_CURVE('',#10681,#10727,#10729,.T.);
#10727 = VERTEX_POINT('',#10728);
#10728 = CARTESIAN_POINT('',(884.,176.5,68.5));
#10729 = LINE('',#10730,#10731);
#10730 = CARTESIAN_POINT('',(884.,176.5,21.));
#10731 = VECTOR('',#10732,1.);
#10732 = DIRECTION('',(0.,0.,1.));
#10733 = ORIENTED_EDGE('',*,*,#10734,.F.);
#10734 = EDGE_CURVE('',#10609,#10727,#10735,.T.);
#10735 = LINE('',#10736,#10737);
#10736 = CARTESIAN_POINT('',(884.,152.5,68.5));
#10737 = VECTOR('',#10738,1.);
#10738 = DIRECTION('',(-0.,1.,0.));
#10739 = PLANE('',#10740);
#10740 = AXIS2_PLACEMENT_3D('',#10741,#10742,#10743);
#10741 = CARTESIAN_POINT('',(884.,152.5,21.));
#10742 = DIRECTION('',(1.,0.,-0.));
#10743 = DIRECTION('',(0.,0.,1.));
#10744 = ADVANCED_FACE('',(#10745),#10756,.T.);
#10745 = FACE_BOUND('',#10746,.T.);
#10746 = EDGE_LOOP('',(#10747,#10748,#10749,#10750));
#10747 = ORIENTED_EDGE('',*,*,#10657,.F.);
#10748 = ORIENTED_EDGE('',*,*,#10608,.T.);
#10749 = ORIENTED_EDGE('',*,*,#10734,.T.);
#10750 = ORIENTED_EDGE('',*,*,#10751,.F.);
#10751 = EDGE_CURVE('',#10650,#10727,#10752,.T.);
#10752 = LINE('',#10753,#10754);
#10753 = CARTESIAN_POINT('',(201.,176.5,68.5));
#10754 = VECTOR('',#10755,1.);
#10755 = DIRECTION('',(1.,0.,-0.));
#10756 = PLANE('',#10757);
#10757 = AXIS2_PLACEMENT_3D('',#10758,#10759,#10760);
#10758 = CARTESIAN_POINT('',(201.,152.5,68.5));
#10759 = DIRECTION('',(0.,0.,1.));
#10760 = DIRECTION('',(1.,0.,-0.));
#10761 = ADVANCED_FACE('',(#10762),#10768,.T.);
#10762 = FACE_BOUND('',#10763,.T.);
#10763 = EDGE_LOOP('',(#10764,#10765,#10766,#10767));
#10764 = ORIENTED_EDGE('',*,*,#10720,.F.);
#10765 = ORIENTED_EDGE('',*,*,#10633,.F.);
#10766 = ORIENTED_EDGE('',*,*,#10704,.T.);
#10767 = ORIENTED_EDGE('',*,*,#10688,.T.);
#10768 = PLANE('',#10769);
#10769 = AXIS2_PLACEMENT_3D('',#10770,#10771,#10772);
#10770 = CARTESIAN_POINT('',(884.,27.,21.));
#10771 = DIRECTION('',(1.,0.,-0.));
#10772 = DIRECTION('',(0.,0.,1.));
#10773 = ADVANCED_FACE('',(#10774),#10780,.T.);
#10774 = FACE_BOUND('',#10775,.T.);
#10775 = EDGE_LOOP('',(#10776,#10777,#10778,#10779));
#10776 = ORIENTED_EDGE('',*,*,#10680,.F.);
#10777 = ORIENTED_EDGE('',*,*,#10649,.T.);
#10778 = ORIENTED_EDGE('',*,*,#10751,.T.);
#10779 = ORIENTED_EDGE('',*,*,#10726,.F.);
#10780 = PLANE('',#10781);
#10781 = AXIS2_PLACEMENT_3D('',#10782,#10783,#10784);
#10782 = CARTESIAN_POINT('',(201.,176.5,21.));
#10783 = DIRECTION('',(-0.,1.,0.));
#10784 = DIRECTION('',(0.,0.,1.));
#10785 = ( GEOMETRIC_REPRESENTATION_CONTEXT(3) 
GLOBAL_UNCERTAINTY_ASSIGNED_CONTEXT((#10789)) 
GLOBAL_UNIT_ASSIGNED_CONTEXT((#10786,#10787,#10788)) 
REPRESENTATION_CONTEXT('Context #1',
  '3D Context with UNIT and UNCERTAINTY') );
#10786 = ( LENGTH_UNIT() NAMED_UNIT(*) SI_UNIT(.MILLI.,.METRE.) );
#10787 = ( NAMED_UNIT(*) PLANE_ANGLE_UNIT() SI_UNIT($,.RADIAN.) );
#10788 = ( NAMED_UNIT(*) SI_UNIT($,.STERADIAN.) SOLID_ANGLE_UNIT() );
#10789 = UNCERTAINTY_MEASURE_WITH_UNIT(LENGTH_MEASURE(1.E-07),#10786,
  'distance_accuracy_value','confusion accuracy');
#10790 = CONTEXT_DEPENDENT_SHAPE_REPRESENTATION(#10791,#10793);
#10791 = ( REPRESENTATION_RELATIONSHIP('','',#10442,#10) 
REPRESENTATION_RELATIONSHIP_WITH_TRANSFORMATION(#10792) 
SHAPE_REPRESENTATION_RELATIONSHIP() );
#10792 = ITEM_DEFINED_TRANSFORMATION('','',#11,#103);
#10793 = PRODUCT_DEFINITION_SHAPE('Placement','Placement of an item',
  #10794);
#10794 = NEXT_ASSEMBLY_USAGE_OCCURRENCE('45','REF keybed_frame','',#5,
  #10437,$);
#10795 = PRODUCT_RELATED_PRODUCT_CATEGORY('part',$,(#10439));
#10796 = SHAPE_DEFINITION_REPRESENTATION(#10797,#10803);
#10797 = PRODUCT_DEFINITION_SHAPE('','',#10798);
#10798 = PRODUCT_DEFINITION('design','',#10799,#10802);
#10799 = PRODUCT_DEFINITION_FORMATION('','',#10800);
#10800 = PRODUCT('REF keys_white','REF keys_white','',(#10801));
#10801 = PRODUCT_CONTEXT('',#2,'mechanical');
#10802 = PRODUCT_DEFINITION_CONTEXT('part definition',#2,'design');
#10803 = SHAPE_REPRESENTATION('',(#11,#10804,#10954,#11104,#11254,#11404
    ,#11554,#11704,#11854,#12004,#12154,#12304,#12454,#12604,#12754,
    #12904,#13054,#13204,#13354,#13504,#13654,#13804,#13954,#14104,
    #14254,#14404,#14554,#14704,#14854,#15004),#15154);
#10804 = MANIFOLD_SOLID_BREP('',#10805);
#10805 = CLOSED_SHELL('',(#10806,#10846,#10886,#10908,#10930,#10942));
#10806 = ADVANCED_FACE('',(#10807),#10841,.F.);
#10807 = FACE_BOUND('',#10808,.F.);
#10808 = EDGE_LOOP('',(#10809,#10819,#10827,#10835));
#10809 = ORIENTED_EDGE('',*,*,#10810,.F.);
#10810 = EDGE_CURVE('',#10811,#10813,#10815,.T.);
#10811 = VERTEX_POINT('',#10812);
#10812 = CARTESIAN_POINT('',(201.5,15.,60.));
#10813 = VERTEX_POINT('',#10814);
#10814 = CARTESIAN_POINT('',(201.5,15.,68.5));
#10815 = LINE('',#10816,#10817);
#10816 = CARTESIAN_POINT('',(201.5,15.,60.));
#10817 = VECTOR('',#10818,1.);
#10818 = DIRECTION('',(0.,0.,1.));
#10819 = ORIENTED_EDGE('',*,*,#10820,.T.);
#10820 = EDGE_CURVE('',#10811,#10821,#10823,.T.);
#10821 = VERTEX_POINT('',#10822);
#10822 = CARTESIAN_POINT('',(201.5,152.5,60.));
#10823 = LINE('',#10824,#10825);
#10824 = CARTESIAN_POINT('',(201.5,15.,60.));
#10825 = VECTOR('',#10826,1.);
#10826 = DIRECTION('',(-0.,1.,0.));
#10827 = ORIENTED_EDGE('',*,*,#10828,.T.);
#10828 = EDGE_CURVE('',#10821,#10829,#10831,.T.);
#10829 = VERTEX_POINT('',#10830);
#10830 = CARTESIAN_POINT('',(201.5,152.5,68.5));
#10831 = LINE('',#10832,#10833);
#10832 = CARTESIAN_POINT('',(201.5,152.5,60.));
#10833 = VECTOR('',#10834,1.);
#10834 = DIRECTION('',(0.,0.,1.));
#10835 = ORIENTED_EDGE('',*,*,#10836,.F.);
#10836 = EDGE_CURVE('',#10813,#10829,#10837,.T.);
#10837 = LINE('',#10838,#10839);
#10838 = CARTESIAN_POINT('',(201.5,15.,68.5));
#10839 = VECTOR('',#10840,1.);
#10840 = DIRECTION('',(-0.,1.,0.));
#10841 = PLANE('',#10842);
#10842 = AXIS2_PLACEMENT_3D('',#10843,#10844,#10845);
#10843 = CARTESIAN_POINT('',(201.5,15.,60.));
#10844 = DIRECTION('',(1.,0.,-0.));
#10845 = DIRECTION('',(0.,0.,1.));
#10846 = ADVANCED_FACE('',(#10847),#10881,.T.);
#10847 = FACE_BOUND('',#10848,.T.);
#10848 = EDGE_LOOP('',(#10849,#10859,#10867,#10875));
#10849 = ORIENTED_EDGE('',*,*,#10850,.F.);
#10850 = EDGE_CURVE('',#10851,#10853,#10855,.T.);
#10851 = VERTEX_POINT('',#10852);
#10852 = CARTESIAN_POINT('',(224.05172413793,15.,60.));
#10853 = VERTEX_POINT('',#10854);
#10854 = CARTESIAN_POINT('',(224.05172413793,15.,68.5));
#10855 = LINE('',#10856,#10857);
#10856 = CARTESIAN_POINT('',(224.05172413793,15.,60.));
#10857 = VECTOR('',#10858,1.);
#10858 = DIRECTION('',(0.,0.,1.));
#10859 = ORIENTED_EDGE('',*,*,#10860,.T.);
#10860 = EDGE_CURVE('',#10851,#10861,#10863,.T.);
#10861 = VERTEX_POINT('',#10862);
#10862 = CARTESIAN_POINT('',(224.05172413793,152.5,60.));
#10863 = LINE('',#10864,#10865);
#10864 = CARTESIAN_POINT('',(224.05172413793,15.,60.));
#10865 = VECTOR('',#10866,1.);
#10866 = DIRECTION('',(-0.,1.,0.));
#10867 = ORIENTED_EDGE('',*,*,#10868,.T.);
#10868 = EDGE_CURVE('',#10861,#10869,#10871,.T.);
#10869 = VERTEX_POINT('',#10870);
#10870 = CARTESIAN_POINT('',(224.05172413793,152.5,68.5));
#10871 = LINE('',#10872,#10873);
#10872 = CARTESIAN_POINT('',(224.05172413793,152.5,60.));
#10873 = VECTOR('',#10874,1.);
#10874 = DIRECTION('',(0.,0.,1.));
#10875 = ORIENTED_EDGE('',*,*,#10876,.F.);
#10876 = EDGE_CURVE('',#10853,#10869,#10877,.T.);
#10877 = LINE('',#10878,#10879);
#10878 = CARTESIAN_POINT('',(224.05172413793,15.,68.5));
#10879 = VECTOR('',#10880,1.);
#10880 = DIRECTION('',(-0.,1.,0.));
#10881 = PLANE('',#10882);
#10882 = AXIS2_PLACEMENT_3D('',#10883,#10884,#10885);
#10883 = CARTESIAN_POINT('',(224.05172413793,15.,60.));
#10884 = DIRECTION('',(1.,0.,-0.));
#10885 = DIRECTION('',(0.,0.,1.));
#10886 = ADVANCED_FACE('',(#10887),#10903,.F.);
#10887 = FACE_BOUND('',#10888,.F.);
#10888 = EDGE_LOOP('',(#10889,#10895,#10896,#10902));
#10889 = ORIENTED_EDGE('',*,*,#10890,.F.);
#10890 = EDGE_CURVE('',#10811,#10851,#10891,.T.);
#10891 = LINE('',#10892,#10893);
#10892 = CARTESIAN_POINT('',(201.5,15.,60.));
#10893 = VECTOR('',#10894,1.);
#10894 = DIRECTION('',(1.,0.,-0.));
#10895 = ORIENTED_EDGE('',*,*,#10810,.T.);
#10896 = ORIENTED_EDGE('',*,*,#10897,.T.);
#10897 = EDGE_CURVE('',#10813,#10853,#10898,.T.);
#10898 = LINE('',#10899,#10900);
#10899 = CARTESIAN_POINT('',(201.5,15.,68.5));
#10900 = VECTOR('',#10901,1.);
#10901 = DIRECTION('',(1.,0.,-0.));
#10902 = ORIENTED_EDGE('',*,*,#10850,.F.);
#10903 = PLANE('',#10904);
#10904 = AXIS2_PLACEMENT_3D('',#10905,#10906,#10907);
#10905 = CARTESIAN_POINT('',(201.5,15.,60.));
#10906 = DIRECTION('',(-0.,1.,0.));
#10907 = DIRECTION('',(0.,0.,1.));
#10908 = ADVANCED_FACE('',(#10909),#10925,.T.);
#10909 = FACE_BOUND('',#10910,.T.);
#10910 = EDGE_LOOP('',(#10911,#10917,#10918,#10924));
#10911 = ORIENTED_EDGE('',*,*,#10912,.F.);
#10912 = EDGE_CURVE('',#10821,#10861,#10913,.T.);
#10913 = LINE('',#10914,#10915);
#10914 = CARTESIAN_POINT('',(201.5,152.5,60.));
#10915 = VECTOR('',#10916,1.);
#10916 = DIRECTION('',(1.,0.,-0.));
#10917 = ORIENTED_EDGE('',*,*,#10828,.T.);
#10918 = ORIENTED_EDGE('',*,*,#10919,.T.);
#10919 = EDGE_CURVE('',#10829,#10869,#10920,.T.);
#10920 = LINE('',#10921,#10922);
#10921 = CARTESIAN_POINT('',(201.5,152.5,68.5));
#10922 = VECTOR('',#10923,1.);
#10923 = DIRECTION('',(1.,0.,-0.));
#10924 = ORIENTED_EDGE('',*,*,#10868,.F.);
#10925 = PLANE('',#10926);
#10926 = AXIS2_PLACEMENT_3D('',#10927,#10928,#10929);
#10927 = CARTESIAN_POINT('',(201.5,152.5,60.));
#10928 = DIRECTION('',(-0.,1.,0.));
#10929 = DIRECTION('',(0.,0.,1.));
#10930 = ADVANCED_FACE('',(#10931),#10937,.F.);
#10931 = FACE_BOUND('',#10932,.F.);
#10932 = EDGE_LOOP('',(#10933,#10934,#10935,#10936));
#10933 = ORIENTED_EDGE('',*,*,#10820,.F.);
#10934 = ORIENTED_EDGE('',*,*,#10890,.T.);
#10935 = ORIENTED_EDGE('',*,*,#10860,.T.);
#10936 = ORIENTED_EDGE('',*,*,#10912,.F.);
#10937 = PLANE('',#10938);
#10938 = AXIS2_PLACEMENT_3D('',#10939,#10940,#10941);
#10939 = CARTESIAN_POINT('',(201.5,15.,60.));
#10940 = DIRECTION('',(0.,0.,1.));
#10941 = DIRECTION('',(1.,0.,-0.));
#10942 = ADVANCED_FACE('',(#10943),#10949,.T.);
#10943 = FACE_BOUND('',#10944,.T.);
#10944 = EDGE_LOOP('',(#10945,#10946,#10947,#10948));
#10945 = ORIENTED_EDGE('',*,*,#10836,.F.);
#10946 = ORIENTED_EDGE('',*,*,#10897,.T.);
#10947 = ORIENTED_EDGE('',*,*,#10876,.T.);
#10948 = ORIENTED_EDGE('',*,*,#10919,.F.);
#10949 = PLANE('',#10950);
#10950 = AXIS2_PLACEMENT_3D('',#10951,#10952,#10953);
#10951 = CARTESIAN_POINT('',(201.5,15.,68.5));
#10952 = DIRECTION('',(0.,0.,1.));
#10953 = DIRECTION('',(1.,0.,-0.));
#10954 = MANIFOLD_SOLID_BREP('',#10955);
#10955 = CLOSED_SHELL('',(#10956,#10996,#11036,#11058,#11080,#11092));
#10956 = ADVANCED_FACE('',(#10957),#10991,.F.);
#10957 = FACE_BOUND('',#10958,.F.);
#10958 = EDGE_LOOP('',(#10959,#10969,#10977,#10985));
#10959 = ORIENTED_EDGE('',*,*,#10960,.F.);
#10960 = EDGE_CURVE('',#10961,#10963,#10965,.T.);
#10961 = VERTEX_POINT('',#10962);
#10962 = CARTESIAN_POINT('',(225.05172413793,15.,60.));
#10963 = VERTEX_POINT('',#10964);
#10964 = CARTESIAN_POINT('',(225.05172413793,15.,68.5));
#10965 = LINE('',#10966,#10967);
#10966 = CARTESIAN_POINT('',(225.05172413793,15.,60.));
#10967 = VECTOR('',#10968,1.);
#10968 = DIRECTION('',(0.,0.,1.));
#10969 = ORIENTED_EDGE('',*,*,#10970,.T.);
#10970 = EDGE_CURVE('',#10961,#10971,#10973,.T.);
#10971 = VERTEX_POINT('',#10972);
#10972 = CARTESIAN_POINT('',(225.05172413793,152.5,60.));
#10973 = LINE('',#10974,#10975);
#10974 = CARTESIAN_POINT('',(225.05172413793,15.,60.));
#10975 = VECTOR('',#10976,1.);
#10976 = DIRECTION('',(-0.,1.,0.));
#10977 = ORIENTED_EDGE('',*,*,#10978,.T.);
#10978 = EDGE_CURVE('',#10971,#10979,#10981,.T.);
#10979 = VERTEX_POINT('',#10980);
#10980 = CARTESIAN_POINT('',(225.05172413793,152.5,68.5));
#10981 = LINE('',#10982,#10983);
#10982 = CARTESIAN_POINT('',(225.05172413793,152.5,60.));
#10983 = VECTOR('',#10984,1.);
#10984 = DIRECTION('',(0.,0.,1.));
#10985 = ORIENTED_EDGE('',*,*,#10986,.F.);
#10986 = EDGE_CURVE('',#10963,#10979,#10987,.T.);
#10987 = LINE('',#10988,#10989);
#10988 = CARTESIAN_POINT('',(225.05172413793,15.,68.5));
#10989 = VECTOR('',#10990,1.);
#10990 = DIRECTION('',(-0.,1.,0.));
#10991 = PLANE('',#10992);
#10992 = AXIS2_PLACEMENT_3D('',#10993,#10994,#10995);
#10993 = CARTESIAN_POINT('',(225.05172413793,15.,60.));
#10994 = DIRECTION('',(1.,0.,-0.));
#10995 = DIRECTION('',(0.,0.,1.));
#10996 = ADVANCED_FACE('',(#10997),#11031,.T.);
#10997 = FACE_BOUND('',#10998,.T.);
#10998 = EDGE_LOOP('',(#10999,#11009,#11017,#11025));
#10999 = ORIENTED_EDGE('',*,*,#11000,.F.);
#11000 = EDGE_CURVE('',#11001,#11003,#11005,.T.);
#11001 = VERTEX_POINT('',#11002);
#11002 = CARTESIAN_POINT('',(247.60344827586,15.,60.));
#11003 = VERTEX_POINT('',#11004);
#11004 = CARTESIAN_POINT('',(247.60344827586,15.,68.5));
#11005 = LINE('',#11006,#11007);
#11006 = CARTESIAN_POINT('',(247.60344827586,15.,60.));
#11007 = VECTOR('',#11008,1.);
#11008 = DIRECTION('',(0.,0.,1.));
#11009 = ORIENTED_EDGE('',*,*,#11010,.T.);
#11010 = EDGE_CURVE('',#11001,#11011,#11013,.T.);
#11011 = VERTEX_POINT('',#11012);
#11012 = CARTESIAN_POINT('',(247.60344827586,152.5,60.));
#11013 = LINE('',#11014,#11015);
#11014 = CARTESIAN_POINT('',(247.60344827586,15.,60.));
#11015 = VECTOR('',#11016,1.);
#11016 = DIRECTION('',(-0.,1.,0.));
#11017 = ORIENTED_EDGE('',*,*,#11018,.T.);
#11018 = EDGE_CURVE('',#11011,#11019,#11021,.T.);
#11019 = VERTEX_POINT('',#11020);
#11020 = CARTESIAN_POINT('',(247.60344827586,152.5,68.5));
#11021 = LINE('',#11022,#11023);
#11022 = CARTESIAN_POINT('',(247.60344827586,152.5,60.));
#11023 = VECTOR('',#11024,1.);
#11024 = DIRECTION('',(0.,0.,1.));
#11025 = ORIENTED_EDGE('',*,*,#11026,.F.);
#11026 = EDGE_CURVE('',#11003,#11019,#11027,.T.);
#11027 = LINE('',#11028,#11029);
#11028 = CARTESIAN_POINT('',(247.60344827586,15.,68.5));
#11029 = VECTOR('',#11030,1.);
#11030 = DIRECTION('',(-0.,1.,0.));
#11031 = PLANE('',#11032);
#11032 = AXIS2_PLACEMENT_3D('',#11033,#11034,#11035);
#11033 = CARTESIAN_POINT('',(247.60344827586,15.,60.));
#11034 = DIRECTION('',(1.,0.,-0.));
#11035 = DIRECTION('',(0.,0.,1.));
#11036 = ADVANCED_FACE('',(#11037),#11053,.F.);
#11037 = FACE_BOUND('',#11038,.F.);
#11038 = EDGE_LOOP('',(#11039,#11045,#11046,#11052));
#11039 = ORIENTED_EDGE('',*,*,#11040,.F.);
#11040 = EDGE_CURVE('',#10961,#11001,#11041,.T.);
#11041 = LINE('',#11042,#11043);
#11042 = CARTESIAN_POINT('',(225.05172413793,15.,60.));
#11043 = VECTOR('',#11044,1.);
#11044 = DIRECTION('',(1.,0.,-0.));
#11045 = ORIENTED_EDGE('',*,*,#10960,.T.);
#11046 = ORIENTED_EDGE('',*,*,#11047,.T.);
#11047 = EDGE_CURVE('',#10963,#11003,#11048,.T.);
#11048 = LINE('',#11049,#11050);
#11049 = CARTESIAN_POINT('',(225.05172413793,15.,68.5));
#11050 = VECTOR('',#11051,1.);
#11051 = DIRECTION('',(1.,0.,-0.));
#11052 = ORIENTED_EDGE('',*,*,#11000,.F.);
#11053 = PLANE('',#11054);
#11054 = AXIS2_PLACEMENT_3D('',#11055,#11056,#11057);
#11055 = CARTESIAN_POINT('',(225.05172413793,15.,60.));
#11056 = DIRECTION('',(-0.,1.,0.));
#11057 = DIRECTION('',(0.,0.,1.));
#11058 = ADVANCED_FACE('',(#11059),#11075,.T.);
#11059 = FACE_BOUND('',#11060,.T.);
#11060 = EDGE_LOOP('',(#11061,#11067,#11068,#11074));
#11061 = ORIENTED_EDGE('',*,*,#11062,.F.);
#11062 = EDGE_CURVE('',#10971,#11011,#11063,.T.);
#11063 = LINE('',#11064,#11065);
#11064 = CARTESIAN_POINT('',(225.05172413793,152.5,60.));
#11065 = VECTOR('',#11066,1.);
#11066 = DIRECTION('',(1.,0.,-0.));
#11067 = ORIENTED_EDGE('',*,*,#10978,.T.);
#11068 = ORIENTED_EDGE('',*,*,#11069,.T.);
#11069 = EDGE_CURVE('',#10979,#11019,#11070,.T.);
#11070 = LINE('',#11071,#11072);
#11071 = CARTESIAN_POINT('',(225.05172413793,152.5,68.5));
#11072 = VECTOR('',#11073,1.);
#11073 = DIRECTION('',(1.,0.,-0.));
#11074 = ORIENTED_EDGE('',*,*,#11018,.F.);
#11075 = PLANE('',#11076);
#11076 = AXIS2_PLACEMENT_3D('',#11077,#11078,#11079);
#11077 = CARTESIAN_POINT('',(225.05172413793,152.5,60.));
#11078 = DIRECTION('',(-0.,1.,0.));
#11079 = DIRECTION('',(0.,0.,1.));
#11080 = ADVANCED_FACE('',(#11081),#11087,.F.);
#11081 = FACE_BOUND('',#11082,.F.);
#11082 = EDGE_LOOP('',(#11083,#11084,#11085,#11086));
#11083 = ORIENTED_EDGE('',*,*,#10970,.F.);
#11084 = ORIENTED_EDGE('',*,*,#11040,.T.);
#11085 = ORIENTED_EDGE('',*,*,#11010,.T.);
#11086 = ORIENTED_EDGE('',*,*,#11062,.F.);
#11087 = PLANE('',#11088);
#11088 = AXIS2_PLACEMENT_3D('',#11089,#11090,#11091);
#11089 = CARTESIAN_POINT('',(225.05172413793,15.,60.));
#11090 = DIRECTION('',(0.,0.,1.));
#11091 = DIRECTION('',(1.,0.,-0.));
#11092 = ADVANCED_FACE('',(#11093),#11099,.T.);
#11093 = FACE_BOUND('',#11094,.T.);
#11094 = EDGE_LOOP('',(#11095,#11096,#11097,#11098));
#11095 = ORIENTED_EDGE('',*,*,#10986,.F.);
#11096 = ORIENTED_EDGE('',*,*,#11047,.T.);
#11097 = ORIENTED_EDGE('',*,*,#11026,.T.);
#11098 = ORIENTED_EDGE('',*,*,#11069,.F.);
#11099 = PLANE('',#11100);
#11100 = AXIS2_PLACEMENT_3D('',#11101,#11102,#11103);
#11101 = CARTESIAN_POINT('',(225.05172413793,15.,68.5));
#11102 = DIRECTION('',(0.,0.,1.));
#11103 = DIRECTION('',(1.,0.,-0.));
#11104 = MANIFOLD_SOLID_BREP('',#11105);
#11105 = CLOSED_SHELL('',(#11106,#11146,#11186,#11208,#11230,#11242));
#11106 = ADVANCED_FACE('',(#11107),#11141,.F.);
#11107 = FACE_BOUND('',#11108,.F.);
#11108 = EDGE_LOOP('',(#11109,#11119,#11127,#11135));
#11109 = ORIENTED_EDGE('',*,*,#11110,.F.);
#11110 = EDGE_CURVE('',#11111,#11113,#11115,.T.);
#11111 = VERTEX_POINT('',#11112);
#11112 = CARTESIAN_POINT('',(248.60344827586,15.,60.));
#11113 = VERTEX_POINT('',#11114);
#11114 = CARTESIAN_POINT('',(248.60344827586,15.,68.5));
#11115 = LINE('',#11116,#11117);
#11116 = CARTESIAN_POINT('',(248.60344827586,15.,60.));
#11117 = VECTOR('',#11118,1.);
#11118 = DIRECTION('',(0.,0.,1.));
#11119 = ORIENTED_EDGE('',*,*,#11120,.T.);
#11120 = EDGE_CURVE('',#11111,#11121,#11123,.T.);
#11121 = VERTEX_POINT('',#11122);
#11122 = CARTESIAN_POINT('',(248.60344827586,152.5,60.));
#11123 = LINE('',#11124,#11125);
#11124 = CARTESIAN_POINT('',(248.60344827586,15.,60.));
#11125 = VECTOR('',#11126,1.);
#11126 = DIRECTION('',(-0.,1.,0.));
#11127 = ORIENTED_EDGE('',*,*,#11128,.T.);
#11128 = EDGE_CURVE('',#11121,#11129,#11131,.T.);
#11129 = VERTEX_POINT('',#11130);
#11130 = CARTESIAN_POINT('',(248.60344827586,152.5,68.5));
#11131 = LINE('',#11132,#11133);
#11132 = CARTESIAN_POINT('',(248.60344827586,152.5,60.));
#11133 = VECTOR('',#11134,1.);
#11134 = DIRECTION('',(0.,0.,1.));
#11135 = ORIENTED_EDGE('',*,*,#11136,.F.);
#11136 = EDGE_CURVE('',#11113,#11129,#11137,.T.);
#11137 = LINE('',#11138,#11139);
#11138 = CARTESIAN_POINT('',(248.60344827586,15.,68.5));
#11139 = VECTOR('',#11140,1.);
#11140 = DIRECTION('',(-0.,1.,0.));
#11141 = PLANE('',#11142);
#11142 = AXIS2_PLACEMENT_3D('',#11143,#11144,#11145);
#11143 = CARTESIAN_POINT('',(248.60344827586,15.,60.));
#11144 = DIRECTION('',(1.,0.,-0.));
#11145 = DIRECTION('',(0.,0.,1.));
#11146 = ADVANCED_FACE('',(#11147),#11181,.T.);
#11147 = FACE_BOUND('',#11148,.T.);
#11148 = EDGE_LOOP('',(#11149,#11159,#11167,#11175));
#11149 = ORIENTED_EDGE('',*,*,#11150,.F.);
#11150 = EDGE_CURVE('',#11151,#11153,#11155,.T.);
#11151 = VERTEX_POINT('',#11152);
#11152 = CARTESIAN_POINT('',(271.15517241379,15.,60.));
#11153 = VERTEX_POINT('',#11154);
#11154 = CARTESIAN_POINT('',(271.15517241379,15.,68.5));
#11155 = LINE('',#11156,#11157);
#11156 = CARTESIAN_POINT('',(271.15517241379,15.,60.));
#11157 = VECTOR('',#11158,1.);
#11158 = DIRECTION('',(0.,0.,1.));
#11159 = ORIENTED_EDGE('',*,*,#11160,.T.);
#11160 = EDGE_CURVE('',#11151,#11161,#11163,.T.);
#11161 = VERTEX_POINT('',#11162);
#11162 = CARTESIAN_POINT('',(271.15517241379,152.5,60.));
#11163 = LINE('',#11164,#11165);
#11164 = CARTESIAN_POINT('',(271.15517241379,15.,60.));
#11165 = VECTOR('',#11166,1.);
#11166 = DIRECTION('',(-0.,1.,0.));
#11167 = ORIENTED_EDGE('',*,*,#11168,.T.);
#11168 = EDGE_CURVE('',#11161,#11169,#11171,.T.);
#11169 = VERTEX_POINT('',#11170);
#11170 = CARTESIAN_POINT('',(271.15517241379,152.5,68.5));
#11171 = LINE('',#11172,#11173);
#11172 = CARTESIAN_POINT('',(271.15517241379,152.5,60.));
#11173 = VECTOR('',#11174,1.);
#11174 = DIRECTION('',(0.,0.,1.));
#11175 = ORIENTED_EDGE('',*,*,#11176,.F.);
#11176 = EDGE_CURVE('',#11153,#11169,#11177,.T.);
#11177 = LINE('',#11178,#11179);
#11178 = CARTESIAN_POINT('',(271.15517241379,15.,68.5));
#11179 = VECTOR('',#11180,1.);
#11180 = DIRECTION('',(-0.,1.,0.));
#11181 = PLANE('',#11182);
#11182 = AXIS2_PLACEMENT_3D('',#11183,#11184,#11185);
#11183 = CARTESIAN_POINT('',(271.15517241379,15.,60.));
#11184 = DIRECTION('',(1.,0.,-0.));
#11185 = DIRECTION('',(0.,0.,1.));
#11186 = ADVANCED_FACE('',(#11187),#11203,.F.);
#11187 = FACE_BOUND('',#11188,.F.);
#11188 = EDGE_LOOP('',(#11189,#11195,#11196,#11202));
#11189 = ORIENTED_EDGE('',*,*,#11190,.F.);
#11190 = EDGE_CURVE('',#11111,#11151,#11191,.T.);
#11191 = LINE('',#11192,#11193);
#11192 = CARTESIAN_POINT('',(248.60344827586,15.,60.));
#11193 = VECTOR('',#11194,1.);
#11194 = DIRECTION('',(1.,0.,-0.));
#11195 = ORIENTED_EDGE('',*,*,#11110,.T.);
#11196 = ORIENTED_EDGE('',*,*,#11197,.T.);
#11197 = EDGE_CURVE('',#11113,#11153,#11198,.T.);
#11198 = LINE('',#11199,#11200);
#11199 = CARTESIAN_POINT('',(248.60344827586,15.,68.5));
#11200 = VECTOR('',#11201,1.);
#11201 = DIRECTION('',(1.,0.,-0.));
#11202 = ORIENTED_EDGE('',*,*,#11150,.F.);
#11203 = PLANE('',#11204);
#11204 = AXIS2_PLACEMENT_3D('',#11205,#11206,#11207);
#11205 = CARTESIAN_POINT('',(248.60344827586,15.,60.));
#11206 = DIRECTION('',(-0.,1.,0.));
#11207 = DIRECTION('',(0.,0.,1.));
#11208 = ADVANCED_FACE('',(#11209),#11225,.T.);
#11209 = FACE_BOUND('',#11210,.T.);
#11210 = EDGE_LOOP('',(#11211,#11217,#11218,#11224));
#11211 = ORIENTED_EDGE('',*,*,#11212,.F.);
#11212 = EDGE_CURVE('',#11121,#11161,#11213,.T.);
#11213 = LINE('',#11214,#11215);
#11214 = CARTESIAN_POINT('',(248.60344827586,152.5,60.));
#11215 = VECTOR('',#11216,1.);
#11216 = DIRECTION('',(1.,0.,-0.));
#11217 = ORIENTED_EDGE('',*,*,#11128,.T.);
#11218 = ORIENTED_EDGE('',*,*,#11219,.T.);
#11219 = EDGE_CURVE('',#11129,#11169,#11220,.T.);
#11220 = LINE('',#11221,#11222);
#11221 = CARTESIAN_POINT('',(248.60344827586,152.5,68.5));
#11222 = VECTOR('',#11223,1.);
#11223 = DIRECTION('',(1.,0.,-0.));
#11224 = ORIENTED_EDGE('',*,*,#11168,.F.);
#11225 = PLANE('',#11226);
#11226 = AXIS2_PLACEMENT_3D('',#11227,#11228,#11229);
#11227 = CARTESIAN_POINT('',(248.60344827586,152.5,60.));
#11228 = DIRECTION('',(-0.,1.,0.));
#11229 = DIRECTION('',(0.,0.,1.));
#11230 = ADVANCED_FACE('',(#11231),#11237,.F.);
#11231 = FACE_BOUND('',#11232,.F.);
#11232 = EDGE_LOOP('',(#11233,#11234,#11235,#11236));
#11233 = ORIENTED_EDGE('',*,*,#11120,.F.);
#11234 = ORIENTED_EDGE('',*,*,#11190,.T.);
#11235 = ORIENTED_EDGE('',*,*,#11160,.T.);
#11236 = ORIENTED_EDGE('',*,*,#11212,.F.);
#11237 = PLANE('',#11238);
#11238 = AXIS2_PLACEMENT_3D('',#11239,#11240,#11241);
#11239 = CARTESIAN_POINT('',(248.60344827586,15.,60.));
#11240 = DIRECTION('',(0.,0.,1.));
#11241 = DIRECTION('',(1.,0.,-0.));
#11242 = ADVANCED_FACE('',(#11243),#11249,.T.);
#11243 = FACE_BOUND('',#11244,.T.);
#11244 = EDGE_LOOP('',(#11245,#11246,#11247,#11248));
#11245 = ORIENTED_EDGE('',*,*,#11136,.F.);
#11246 = ORIENTED_EDGE('',*,*,#11197,.T.);
#11247 = ORIENTED_EDGE('',*,*,#11176,.T.);
#11248 = ORIENTED_EDGE('',*,*,#11219,.F.);
#11249 = PLANE('',#11250);
#11250 = AXIS2_PLACEMENT_3D('',#11251,#11252,#11253);
#11251 = CARTESIAN_POINT('',(248.60344827586,15.,68.5));
#11252 = DIRECTION('',(0.,0.,1.));
#11253 = DIRECTION('',(1.,0.,-0.));
#11254 = MANIFOLD_SOLID_BREP('',#11255);
#11255 = CLOSED_SHELL('',(#11256,#11296,#11336,#11358,#11380,#11392));
#11256 = ADVANCED_FACE('',(#11257),#11291,.F.);
#11257 = FACE_BOUND('',#11258,.F.);
#11258 = EDGE_LOOP('',(#11259,#11269,#11277,#11285));
#11259 = ORIENTED_EDGE('',*,*,#11260,.F.);
#11260 = EDGE_CURVE('',#11261,#11263,#11265,.T.);
#11261 = VERTEX_POINT('',#11262);
#11262 = CARTESIAN_POINT('',(272.15517241379,15.,60.));
#11263 = VERTEX_POINT('',#11264);
#11264 = CARTESIAN_POINT('',(272.15517241379,15.,68.5));
#11265 = LINE('',#11266,#11267);
#11266 = CARTESIAN_POINT('',(272.15517241379,15.,60.));
#11267 = VECTOR('',#11268,1.);
#11268 = DIRECTION('',(0.,0.,1.));
#11269 = ORIENTED_EDGE('',*,*,#11270,.T.);
#11270 = EDGE_CURVE('',#11261,#11271,#11273,.T.);
#11271 = VERTEX_POINT('',#11272);
#11272 = CARTESIAN_POINT('',(272.15517241379,152.5,60.));
#11273 = LINE('',#11274,#11275);
#11274 = CARTESIAN_POINT('',(272.15517241379,15.,60.));
#11275 = VECTOR('',#11276,1.);
#11276 = DIRECTION('',(-0.,1.,0.));
#11277 = ORIENTED_EDGE('',*,*,#11278,.T.);
#11278 = EDGE_CURVE('',#11271,#11279,#11281,.T.);
#11279 = VERTEX_POINT('',#11280);
#11280 = CARTESIAN_POINT('',(272.15517241379,152.5,68.5));
#11281 = LINE('',#11282,#11283);
#11282 = CARTESIAN_POINT('',(272.15517241379,152.5,60.));
#11283 = VECTOR('',#11284,1.);
#11284 = DIRECTION('',(0.,0.,1.));
#11285 = ORIENTED_EDGE('',*,*,#11286,.F.);
#11286 = EDGE_CURVE('',#11263,#11279,#11287,.T.);
#11287 = LINE('',#11288,#11289);
#11288 = CARTESIAN_POINT('',(272.15517241379,15.,68.5));
#11289 = VECTOR('',#11290,1.);
#11290 = DIRECTION('',(-0.,1.,0.));
#11291 = PLANE('',#11292);
#11292 = AXIS2_PLACEMENT_3D('',#11293,#11294,#11295);
#11293 = CARTESIAN_POINT('',(272.15517241379,15.,60.));
#11294 = DIRECTION('',(1.,0.,-0.));
#11295 = DIRECTION('',(0.,0.,1.));
#11296 = ADVANCED_FACE('',(#11297),#11331,.T.);
#11297 = FACE_BOUND('',#11298,.T.);
#11298 = EDGE_LOOP('',(#11299,#11309,#11317,#11325));
#11299 = ORIENTED_EDGE('',*,*,#11300,.F.);
#11300 = EDGE_CURVE('',#11301,#11303,#11305,.T.);
#11301 = VERTEX_POINT('',#11302);
#11302 = CARTESIAN_POINT('',(294.70689655172,15.,60.));
#11303 = VERTEX_POINT('',#11304);
#11304 = CARTESIAN_POINT('',(294.70689655172,15.,68.5));
#11305 = LINE('',#11306,#11307);
#11306 = CARTESIAN_POINT('',(294.70689655172,15.,60.));
#11307 = VECTOR('',#11308,1.);
#11308 = DIRECTION('',(0.,0.,1.));
#11309 = ORIENTED_EDGE('',*,*,#11310,.T.);
#11310 = EDGE_CURVE('',#11301,#11311,#11313,.T.);
#11311 = VERTEX_POINT('',#11312);
#11312 = CARTESIAN_POINT('',(294.70689655172,152.5,60.));
#11313 = LINE('',#11314,#11315);
#11314 = CARTESIAN_POINT('',(294.70689655172,15.,60.));
#11315 = VECTOR('',#11316,1.);
#11316 = DIRECTION('',(-0.,1.,0.));
#11317 = ORIENTED_EDGE('',*,*,#11318,.T.);
#11318 = EDGE_CURVE('',#11311,#11319,#11321,.T.);
#11319 = VERTEX_POINT('',#11320);
#11320 = CARTESIAN_POINT('',(294.70689655172,152.5,68.5));
#11321 = LINE('',#11322,#11323);
#11322 = CARTESIAN_POINT('',(294.70689655172,152.5,60.));
#11323 = VECTOR('',#11324,1.);
#11324 = DIRECTION('',(0.,0.,1.));
#11325 = ORIENTED_EDGE('',*,*,#11326,.F.);
#11326 = EDGE_CURVE('',#11303,#11319,#11327,.T.);
#11327 = LINE('',#11328,#11329);
#11328 = CARTESIAN_POINT('',(294.70689655172,15.,68.5));
#11329 = VECTOR('',#11330,1.);
#11330 = DIRECTION('',(-0.,1.,0.));
#11331 = PLANE('',#11332);
#11332 = AXIS2_PLACEMENT_3D('',#11333,#11334,#11335);
#11333 = CARTESIAN_POINT('',(294.70689655172,15.,60.));
#11334 = DIRECTION('',(1.,0.,-0.));
#11335 = DIRECTION('',(0.,0.,1.));
#11336 = ADVANCED_FACE('',(#11337),#11353,.F.);
#11337 = FACE_BOUND('',#11338,.F.);
#11338 = EDGE_LOOP('',(#11339,#11345,#11346,#11352));
#11339 = ORIENTED_EDGE('',*,*,#11340,.F.);
#11340 = EDGE_CURVE('',#11261,#11301,#11341,.T.);
#11341 = LINE('',#11342,#11343);
#11342 = CARTESIAN_POINT('',(272.15517241379,15.,60.));
#11343 = VECTOR('',#11344,1.);
#11344 = DIRECTION('',(1.,0.,-0.));
#11345 = ORIENTED_EDGE('',*,*,#11260,.T.);
#11346 = ORIENTED_EDGE('',*,*,#11347,.T.);
#11347 = EDGE_CURVE('',#11263,#11303,#11348,.T.);
#11348 = LINE('',#11349,#11350);
#11349 = CARTESIAN_POINT('',(272.15517241379,15.,68.5));
#11350 = VECTOR('',#11351,1.);
#11351 = DIRECTION('',(1.,0.,-0.));
#11352 = ORIENTED_EDGE('',*,*,#11300,.F.);
#11353 = PLANE('',#11354);
#11354 = AXIS2_PLACEMENT_3D('',#11355,#11356,#11357);
#11355 = CARTESIAN_POINT('',(272.15517241379,15.,60.));
#11356 = DIRECTION('',(-0.,1.,0.));
#11357 = DIRECTION('',(0.,0.,1.));
#11358 = ADVANCED_FACE('',(#11359),#11375,.T.);
#11359 = FACE_BOUND('',#11360,.T.);
#11360 = EDGE_LOOP('',(#11361,#11367,#11368,#11374));
#11361 = ORIENTED_EDGE('',*,*,#11362,.F.);
#11362 = EDGE_CURVE('',#11271,#11311,#11363,.T.);
#11363 = LINE('',#11364,#11365);
#11364 = CARTESIAN_POINT('',(272.15517241379,152.5,60.));
#11365 = VECTOR('',#11366,1.);
#11366 = DIRECTION('',(1.,0.,-0.));
#11367 = ORIENTED_EDGE('',*,*,#11278,.T.);
#11368 = ORIENTED_EDGE('',*,*,#11369,.T.);
#11369 = EDGE_CURVE('',#11279,#11319,#11370,.T.);
#11370 = LINE('',#11371,#11372);
#11371 = CARTESIAN_POINT('',(272.15517241379,152.5,68.5));
#11372 = VECTOR('',#11373,1.);
#11373 = DIRECTION('',(1.,0.,-0.));
#11374 = ORIENTED_EDGE('',*,*,#11318,.F.);
#11375 = PLANE('',#11376);
#11376 = AXIS2_PLACEMENT_3D('',#11377,#11378,#11379);
#11377 = CARTESIAN_POINT('',(272.15517241379,152.5,60.));
#11378 = DIRECTION('',(-0.,1.,0.));
#11379 = DIRECTION('',(0.,0.,1.));
#11380 = ADVANCED_FACE('',(#11381),#11387,.F.);
#11381 = FACE_BOUND('',#11382,.F.);
#11382 = EDGE_LOOP('',(#11383,#11384,#11385,#11386));
#11383 = ORIENTED_EDGE('',*,*,#11270,.F.);
#11384 = ORIENTED_EDGE('',*,*,#11340,.T.);
#11385 = ORIENTED_EDGE('',*,*,#11310,.T.);
#11386 = ORIENTED_EDGE('',*,*,#11362,.F.);
#11387 = PLANE('',#11388);
#11388 = AXIS2_PLACEMENT_3D('',#11389,#11390,#11391);
#11389 = CARTESIAN_POINT('',(272.15517241379,15.,60.));
#11390 = DIRECTION('',(0.,0.,1.));
#11391 = DIRECTION('',(1.,0.,-0.));
#11392 = ADVANCED_FACE('',(#11393),#11399,.T.);
#11393 = FACE_BOUND('',#11394,.T.);
#11394 = EDGE_LOOP('',(#11395,#11396,#11397,#11398));
#11395 = ORIENTED_EDGE('',*,*,#11286,.F.);
#11396 = ORIENTED_EDGE('',*,*,#11347,.T.);
#11397 = ORIENTED_EDGE('',*,*,#11326,.T.);
#11398 = ORIENTED_EDGE('',*,*,#11369,.F.);
#11399 = PLANE('',#11400);
#11400 = AXIS2_PLACEMENT_3D('',#11401,#11402,#11403);
#11401 = CARTESIAN_POINT('',(272.15517241379,15.,68.5));
#11402 = DIRECTION('',(0.,0.,1.));
#11403 = DIRECTION('',(1.,0.,-0.));
#11404 = MANIFOLD_SOLID_BREP('',#11405);
#11405 = CLOSED_SHELL('',(#11406,#11446,#11486,#11508,#11530,#11542));
#11406 = ADVANCED_FACE('',(#11407),#11441,.F.);
#11407 = FACE_BOUND('',#11408,.F.);
#11408 = EDGE_LOOP('',(#11409,#11419,#11427,#11435));
#11409 = ORIENTED_EDGE('',*,*,#11410,.F.);
#11410 = EDGE_CURVE('',#11411,#11413,#11415,.T.);
#11411 = VERTEX_POINT('',#11412);
#11412 = CARTESIAN_POINT('',(295.70689655172,15.,60.));
#11413 = VERTEX_POINT('',#11414);
#11414 = CARTESIAN_POINT('',(295.70689655172,15.,68.5));
#11415 = LINE('',#11416,#11417);
#11416 = CARTESIAN_POINT('',(295.70689655172,15.,60.));
#11417 = VECTOR('',#11418,1.);
#11418 = DIRECTION('',(0.,0.,1.));
#11419 = ORIENTED_EDGE('',*,*,#11420,.T.);
#11420 = EDGE_CURVE('',#11411,#11421,#11423,.T.);
#11421 = VERTEX_POINT('',#11422);
#11422 = CARTESIAN_POINT('',(295.70689655172,152.5,60.));
#11423 = LINE('',#11424,#11425);
#11424 = CARTESIAN_POINT('',(295.70689655172,15.,60.));
#11425 = VECTOR('',#11426,1.);
#11426 = DIRECTION('',(-0.,1.,0.));
#11427 = ORIENTED_EDGE('',*,*,#11428,.T.);
#11428 = EDGE_CURVE('',#11421,#11429,#11431,.T.);
#11429 = VERTEX_POINT('',#11430);
#11430 = CARTESIAN_POINT('',(295.70689655172,152.5,68.5));
#11431 = LINE('',#11432,#11433);
#11432 = CARTESIAN_POINT('',(295.70689655172,152.5,60.));
#11433 = VECTOR('',#11434,1.);
#11434 = DIRECTION('',(0.,0.,1.));
#11435 = ORIENTED_EDGE('',*,*,#11436,.F.);
#11436 = EDGE_CURVE('',#11413,#11429,#11437,.T.);
#11437 = LINE('',#11438,#11439);
#11438 = CARTESIAN_POINT('',(295.70689655172,15.,68.5));
#11439 = VECTOR('',#11440,1.);
#11440 = DIRECTION('',(-0.,1.,0.));
#11441 = PLANE('',#11442);
#11442 = AXIS2_PLACEMENT_3D('',#11443,#11444,#11445);
#11443 = CARTESIAN_POINT('',(295.70689655172,15.,60.));
#11444 = DIRECTION('',(1.,0.,-0.));
#11445 = DIRECTION('',(0.,0.,1.));
#11446 = ADVANCED_FACE('',(#11447),#11481,.T.);
#11447 = FACE_BOUND('',#11448,.T.);
#11448 = EDGE_LOOP('',(#11449,#11459,#11467,#11475));
#11449 = ORIENTED_EDGE('',*,*,#11450,.F.);
#11450 = EDGE_CURVE('',#11451,#11453,#11455,.T.);
#11451 = VERTEX_POINT('',#11452);
#11452 = CARTESIAN_POINT('',(318.25862068965,15.,60.));
#11453 = VERTEX_POINT('',#11454);
#11454 = CARTESIAN_POINT('',(318.25862068965,15.,68.5));
#11455 = LINE('',#11456,#11457);
#11456 = CARTESIAN_POINT('',(318.25862068965,15.,60.));
#11457 = VECTOR('',#11458,1.);
#11458 = DIRECTION('',(0.,0.,1.));
#11459 = ORIENTED_EDGE('',*,*,#11460,.T.);
#11460 = EDGE_CURVE('',#11451,#11461,#11463,.T.);
#11461 = VERTEX_POINT('',#11462);
#11462 = CARTESIAN_POINT('',(318.25862068965,152.5,60.));
#11463 = LINE('',#11464,#11465);
#11464 = CARTESIAN_POINT('',(318.25862068965,15.,60.));
#11465 = VECTOR('',#11466,1.);
#11466 = DIRECTION('',(-0.,1.,0.));
#11467 = ORIENTED_EDGE('',*,*,#11468,.T.);
#11468 = EDGE_CURVE('',#11461,#11469,#11471,.T.);
#11469 = VERTEX_POINT('',#11470);
#11470 = CARTESIAN_POINT('',(318.25862068965,152.5,68.5));
#11471 = LINE('',#11472,#11473);
#11472 = CARTESIAN_POINT('',(318.25862068965,152.5,60.));
#11473 = VECTOR('',#11474,1.);
#11474 = DIRECTION('',(0.,0.,1.));
#11475 = ORIENTED_EDGE('',*,*,#11476,.F.);
#11476 = EDGE_CURVE('',#11453,#11469,#11477,.T.);
#11477 = LINE('',#11478,#11479);
#11478 = CARTESIAN_POINT('',(318.25862068965,15.,68.5));
#11479 = VECTOR('',#11480,1.);
#11480 = DIRECTION('',(-0.,1.,0.));
#11481 = PLANE('',#11482);
#11482 = AXIS2_PLACEMENT_3D('',#11483,#11484,#11485);
#11483 = CARTESIAN_POINT('',(318.25862068965,15.,60.));
#11484 = DIRECTION('',(1.,0.,-0.));
#11485 = DIRECTION('',(0.,0.,1.));
#11486 = ADVANCED_FACE('',(#11487),#11503,.F.);
#11487 = FACE_BOUND('',#11488,.F.);
#11488 = EDGE_LOOP('',(#11489,#11495,#11496,#11502));
#11489 = ORIENTED_EDGE('',*,*,#11490,.F.);
#11490 = EDGE_CURVE('',#11411,#11451,#11491,.T.);
#11491 = LINE('',#11492,#11493);
#11492 = CARTESIAN_POINT('',(295.70689655172,15.,60.));
#11493 = VECTOR('',#11494,1.);
#11494 = DIRECTION('',(1.,0.,-0.));
#11495 = ORIENTED_EDGE('',*,*,#11410,.T.);
#11496 = ORIENTED_EDGE('',*,*,#11497,.T.);
#11497 = EDGE_CURVE('',#11413,#11453,#11498,.T.);
#11498 = LINE('',#11499,#11500);
#11499 = CARTESIAN_POINT('',(295.70689655172,15.,68.5));
#11500 = VECTOR('',#11501,1.);
#11501 = DIRECTION('',(1.,0.,-0.));
#11502 = ORIENTED_EDGE('',*,*,#11450,.F.);
#11503 = PLANE('',#11504);
#11504 = AXIS2_PLACEMENT_3D('',#11505,#11506,#11507);
#11505 = CARTESIAN_POINT('',(295.70689655172,15.,60.));
#11506 = DIRECTION('',(-0.,1.,0.));
#11507 = DIRECTION('',(0.,0.,1.));
#11508 = ADVANCED_FACE('',(#11509),#11525,.T.);
#11509 = FACE_BOUND('',#11510,.T.);
#11510 = EDGE_LOOP('',(#11511,#11517,#11518,#11524));
#11511 = ORIENTED_EDGE('',*,*,#11512,.F.);
#11512 = EDGE_CURVE('',#11421,#11461,#11513,.T.);
#11513 = LINE('',#11514,#11515);
#11514 = CARTESIAN_POINT('',(295.70689655172,152.5,60.));
#11515 = VECTOR('',#11516,1.);
#11516 = DIRECTION('',(1.,0.,-0.));
#11517 = ORIENTED_EDGE('',*,*,#11428,.T.);
#11518 = ORIENTED_EDGE('',*,*,#11519,.T.);
#11519 = EDGE_CURVE('',#11429,#11469,#11520,.T.);
#11520 = LINE('',#11521,#11522);
#11521 = CARTESIAN_POINT('',(295.70689655172,152.5,68.5));
#11522 = VECTOR('',#11523,1.);
#11523 = DIRECTION('',(1.,0.,-0.));
#11524 = ORIENTED_EDGE('',*,*,#11468,.F.);
#11525 = PLANE('',#11526);
#11526 = AXIS2_PLACEMENT_3D('',#11527,#11528,#11529);
#11527 = CARTESIAN_POINT('',(295.70689655172,152.5,60.));
#11528 = DIRECTION('',(-0.,1.,0.));
#11529 = DIRECTION('',(0.,0.,1.));
#11530 = ADVANCED_FACE('',(#11531),#11537,.F.);
#11531 = FACE_BOUND('',#11532,.F.);
#11532 = EDGE_LOOP('',(#11533,#11534,#11535,#11536));
#11533 = ORIENTED_EDGE('',*,*,#11420,.F.);
#11534 = ORIENTED_EDGE('',*,*,#11490,.T.);
#11535 = ORIENTED_EDGE('',*,*,#11460,.T.);
#11536 = ORIENTED_EDGE('',*,*,#11512,.F.);
#11537 = PLANE('',#11538);
#11538 = AXIS2_PLACEMENT_3D('',#11539,#11540,#11541);
#11539 = CARTESIAN_POINT('',(295.70689655172,15.,60.));
#11540 = DIRECTION('',(0.,0.,1.));
#11541 = DIRECTION('',(1.,0.,-0.));
#11542 = ADVANCED_FACE('',(#11543),#11549,.T.);
#11543 = FACE_BOUND('',#11544,.T.);
#11544 = EDGE_LOOP('',(#11545,#11546,#11547,#11548));
#11545 = ORIENTED_EDGE('',*,*,#11436,.F.);
#11546 = ORIENTED_EDGE('',*,*,#11497,.T.);
#11547 = ORIENTED_EDGE('',*,*,#11476,.T.);
#11548 = ORIENTED_EDGE('',*,*,#11519,.F.);
#11549 = PLANE('',#11550);
#11550 = AXIS2_PLACEMENT_3D('',#11551,#11552,#11553);
#11551 = CARTESIAN_POINT('',(295.70689655172,15.,68.5));
#11552 = DIRECTION('',(0.,0.,1.));
#11553 = DIRECTION('',(1.,0.,-0.));
#11554 = MANIFOLD_SOLID_BREP('',#11555);
#11555 = CLOSED_SHELL('',(#11556,#11596,#11636,#11658,#11680,#11692));
#11556 = ADVANCED_FACE('',(#11557),#11591,.F.);
#11557 = FACE_BOUND('',#11558,.F.);
#11558 = EDGE_LOOP('',(#11559,#11569,#11577,#11585));
#11559 = ORIENTED_EDGE('',*,*,#11560,.F.);
#11560 = EDGE_CURVE('',#11561,#11563,#11565,.T.);
#11561 = VERTEX_POINT('',#11562);
#11562 = CARTESIAN_POINT('',(319.25862068965,15.,60.));
#11563 = VERTEX_POINT('',#11564);
#11564 = CARTESIAN_POINT('',(319.25862068965,15.,68.5));
#11565 = LINE('',#11566,#11567);
#11566 = CARTESIAN_POINT('',(319.25862068965,15.,60.));
#11567 = VECTOR('',#11568,1.);
#11568 = DIRECTION('',(0.,0.,1.));
#11569 = ORIENTED_EDGE('',*,*,#11570,.T.);
#11570 = EDGE_CURVE('',#11561,#11571,#11573,.T.);
#11571 = VERTEX_POINT('',#11572);
#11572 = CARTESIAN_POINT('',(319.25862068965,152.5,60.));
#11573 = LINE('',#11574,#11575);
#11574 = CARTESIAN_POINT('',(319.25862068965,15.,60.));
#11575 = VECTOR('',#11576,1.);
#11576 = DIRECTION('',(-0.,1.,0.));
#11577 = ORIENTED_EDGE('',*,*,#11578,.T.);
#11578 = EDGE_CURVE('',#11571,#11579,#11581,.T.);
#11579 = VERTEX_POINT('',#11580);
#11580 = CARTESIAN_POINT('',(319.25862068965,152.5,68.5));
#11581 = LINE('',#11582,#11583);
#11582 = CARTESIAN_POINT('',(319.25862068965,152.5,60.));
#11583 = VECTOR('',#11584,1.);
#11584 = DIRECTION('',(0.,0.,1.));
#11585 = ORIENTED_EDGE('',*,*,#11586,.F.);
#11586 = EDGE_CURVE('',#11563,#11579,#11587,.T.);
#11587 = LINE('',#11588,#11589);
#11588 = CARTESIAN_POINT('',(319.25862068965,15.,68.5));
#11589 = VECTOR('',#11590,1.);
#11590 = DIRECTION('',(-0.,1.,0.));
#11591 = PLANE('',#11592);
#11592 = AXIS2_PLACEMENT_3D('',#11593,#11594,#11595);
#11593 = CARTESIAN_POINT('',(319.25862068965,15.,60.));
#11594 = DIRECTION('',(1.,0.,-0.));
#11595 = DIRECTION('',(0.,0.,1.));
#11596 = ADVANCED_FACE('',(#11597),#11631,.T.);
#11597 = FACE_BOUND('',#11598,.T.);
#11598 = EDGE_LOOP('',(#11599,#11609,#11617,#11625));
#11599 = ORIENTED_EDGE('',*,*,#11600,.F.);
#11600 = EDGE_CURVE('',#11601,#11603,#11605,.T.);
#11601 = VERTEX_POINT('',#11602);
#11602 = CARTESIAN_POINT('',(341.81034482758,15.,60.));
#11603 = VERTEX_POINT('',#11604);
#11604 = CARTESIAN_POINT('',(341.81034482758,15.,68.5));
#11605 = LINE('',#11606,#11607);
#11606 = CARTESIAN_POINT('',(341.81034482758,15.,60.));
#11607 = VECTOR('',#11608,1.);
#11608 = DIRECTION('',(0.,0.,1.));
#11609 = ORIENTED_EDGE('',*,*,#11610,.T.);
#11610 = EDGE_CURVE('',#11601,#11611,#11613,.T.);
#11611 = VERTEX_POINT('',#11612);
#11612 = CARTESIAN_POINT('',(341.81034482758,152.5,60.));
#11613 = LINE('',#11614,#11615);
#11614 = CARTESIAN_POINT('',(341.81034482758,15.,60.));
#11615 = VECTOR('',#11616,1.);
#11616 = DIRECTION('',(-0.,1.,0.));
#11617 = ORIENTED_EDGE('',*,*,#11618,.T.);
#11618 = EDGE_CURVE('',#11611,#11619,#11621,.T.);
#11619 = VERTEX_POINT('',#11620);
#11620 = CARTESIAN_POINT('',(341.81034482758,152.5,68.5));
#11621 = LINE('',#11622,#11623);
#11622 = CARTESIAN_POINT('',(341.81034482758,152.5,60.));
#11623 = VECTOR('',#11624,1.);
#11624 = DIRECTION('',(0.,0.,1.));
#11625 = ORIENTED_EDGE('',*,*,#11626,.F.);
#11626 = EDGE_CURVE('',#11603,#11619,#11627,.T.);
#11627 = LINE('',#11628,#11629);
#11628 = CARTESIAN_POINT('',(341.81034482758,15.,68.5));
#11629 = VECTOR('',#11630,1.);
#11630 = DIRECTION('',(-0.,1.,0.));
#11631 = PLANE('',#11632);
#11632 = AXIS2_PLACEMENT_3D('',#11633,#11634,#11635);
#11633 = CARTESIAN_POINT('',(341.81034482758,15.,60.));
#11634 = DIRECTION('',(1.,0.,-0.));
#11635 = DIRECTION('',(0.,0.,1.));
#11636 = ADVANCED_FACE('',(#11637),#11653,.F.);
#11637 = FACE_BOUND('',#11638,.F.);
#11638 = EDGE_LOOP('',(#11639,#11645,#11646,#11652));
#11639 = ORIENTED_EDGE('',*,*,#11640,.F.);
#11640 = EDGE_CURVE('',#11561,#11601,#11641,.T.);
#11641 = LINE('',#11642,#11643);
#11642 = CARTESIAN_POINT('',(319.25862068965,15.,60.));
#11643 = VECTOR('',#11644,1.);
#11644 = DIRECTION('',(1.,0.,-0.));
#11645 = ORIENTED_EDGE('',*,*,#11560,.T.);
#11646 = ORIENTED_EDGE('',*,*,#11647,.T.);
#11647 = EDGE_CURVE('',#11563,#11603,#11648,.T.);
#11648 = LINE('',#11649,#11650);
#11649 = CARTESIAN_POINT('',(319.25862068965,15.,68.5));
#11650 = VECTOR('',#11651,1.);
#11651 = DIRECTION('',(1.,0.,-0.));
#11652 = ORIENTED_EDGE('',*,*,#11600,.F.);
#11653 = PLANE('',#11654);
#11654 = AXIS2_PLACEMENT_3D('',#11655,#11656,#11657);
#11655 = CARTESIAN_POINT('',(319.25862068965,15.,60.));
#11656 = DIRECTION('',(-0.,1.,0.));
#11657 = DIRECTION('',(0.,0.,1.));
#11658 = ADVANCED_FACE('',(#11659),#11675,.T.);
#11659 = FACE_BOUND('',#11660,.T.);
#11660 = EDGE_LOOP('',(#11661,#11667,#11668,#11674));
#11661 = ORIENTED_EDGE('',*,*,#11662,.F.);
#11662 = EDGE_CURVE('',#11571,#11611,#11663,.T.);
#11663 = LINE('',#11664,#11665);
#11664 = CARTESIAN_POINT('',(319.25862068965,152.5,60.));
#11665 = VECTOR('',#11666,1.);
#11666 = DIRECTION('',(1.,0.,-0.));
#11667 = ORIENTED_EDGE('',*,*,#11578,.T.);
#11668 = ORIENTED_EDGE('',*,*,#11669,.T.);
#11669 = EDGE_CURVE('',#11579,#11619,#11670,.T.);
#11670 = LINE('',#11671,#11672);
#11671 = CARTESIAN_POINT('',(319.25862068965,152.5,68.5));
#11672 = VECTOR('',#11673,1.);
#11673 = DIRECTION('',(1.,0.,-0.));
#11674 = ORIENTED_EDGE('',*,*,#11618,.F.);
#11675 = PLANE('',#11676);
#11676 = AXIS2_PLACEMENT_3D('',#11677,#11678,#11679);
#11677 = CARTESIAN_POINT('',(319.25862068965,152.5,60.));
#11678 = DIRECTION('',(-0.,1.,0.));
#11679 = DIRECTION('',(0.,0.,1.));
#11680 = ADVANCED_FACE('',(#11681),#11687,.F.);
#11681 = FACE_BOUND('',#11682,.F.);
#11682 = EDGE_LOOP('',(#11683,#11684,#11685,#11686));
#11683 = ORIENTED_EDGE('',*,*,#11570,.F.);
#11684 = ORIENTED_EDGE('',*,*,#11640,.T.);
#11685 = ORIENTED_EDGE('',*,*,#11610,.T.);
#11686 = ORIENTED_EDGE('',*,*,#11662,.F.);
#11687 = PLANE('',#11688);
#11688 = AXIS2_PLACEMENT_3D('',#11689,#11690,#11691);
#11689 = CARTESIAN_POINT('',(319.25862068965,15.,60.));
#11690 = DIRECTION('',(0.,0.,1.));
#11691 = DIRECTION('',(1.,0.,-0.));
#11692 = ADVANCED_FACE('',(#11693),#11699,.T.);
#11693 = FACE_BOUND('',#11694,.T.);
#11694 = EDGE_LOOP('',(#11695,#11696,#11697,#11698));
#11695 = ORIENTED_EDGE('',*,*,#11586,.F.);
#11696 = ORIENTED_EDGE('',*,*,#11647,.T.);
#11697 = ORIENTED_EDGE('',*,*,#11626,.T.);
#11698 = ORIENTED_EDGE('',*,*,#11669,.F.);
#11699 = PLANE('',#11700);
#11700 = AXIS2_PLACEMENT_3D('',#11701,#11702,#11703);
#11701 = CARTESIAN_POINT('',(319.25862068965,15.,68.5));
#11702 = DIRECTION('',(0.,0.,1.));
#11703 = DIRECTION('',(1.,0.,-0.));
#11704 = MANIFOLD_SOLID_BREP('',#11705);
#11705 = CLOSED_SHELL('',(#11706,#11746,#11786,#11808,#11830,#11842));
#11706 = ADVANCED_FACE('',(#11707),#11741,.F.);
#11707 = FACE_BOUND('',#11708,.F.);
#11708 = EDGE_LOOP('',(#11709,#11719,#11727,#11735));
#11709 = ORIENTED_EDGE('',*,*,#11710,.F.);
#11710 = EDGE_CURVE('',#11711,#11713,#11715,.T.);
#11711 = VERTEX_POINT('',#11712);
#11712 = CARTESIAN_POINT('',(342.81034482758,15.,60.));
#11713 = VERTEX_POINT('',#11714);
#11714 = CARTESIAN_POINT('',(342.81034482758,15.,68.5));
#11715 = LINE('',#11716,#11717);
#11716 = CARTESIAN_POINT('',(342.81034482758,15.,60.));
#11717 = VECTOR('',#11718,1.);
#11718 = DIRECTION('',(0.,0.,1.));
#11719 = ORIENTED_EDGE('',*,*,#11720,.T.);
#11720 = EDGE_CURVE('',#11711,#11721,#11723,.T.);
#11721 = VERTEX_POINT('',#11722);
#11722 = CARTESIAN_POINT('',(342.81034482758,152.5,60.));
#11723 = LINE('',#11724,#11725);
#11724 = CARTESIAN_POINT('',(342.81034482758,15.,60.));
#11725 = VECTOR('',#11726,1.);
#11726 = DIRECTION('',(-0.,1.,0.));
#11727 = ORIENTED_EDGE('',*,*,#11728,.T.);
#11728 = EDGE_CURVE('',#11721,#11729,#11731,.T.);
#11729 = VERTEX_POINT('',#11730);
#11730 = CARTESIAN_POINT('',(342.81034482758,152.5,68.5));
#11731 = LINE('',#11732,#11733);
#11732 = CARTESIAN_POINT('',(342.81034482758,152.5,60.));
#11733 = VECTOR('',#11734,1.);
#11734 = DIRECTION('',(0.,0.,1.));
#11735 = ORIENTED_EDGE('',*,*,#11736,.F.);
#11736 = EDGE_CURVE('',#11713,#11729,#11737,.T.);
#11737 = LINE('',#11738,#11739);
#11738 = CARTESIAN_POINT('',(342.81034482758,15.,68.5));
#11739 = VECTOR('',#11740,1.);
#11740 = DIRECTION('',(-0.,1.,0.));
#11741 = PLANE('',#11742);
#11742 = AXIS2_PLACEMENT_3D('',#11743,#11744,#11745);
#11743 = CARTESIAN_POINT('',(342.81034482758,15.,60.));
#11744 = DIRECTION('',(1.,0.,-0.));
#11745 = DIRECTION('',(0.,0.,1.));
#11746 = ADVANCED_FACE('',(#11747),#11781,.T.);
#11747 = FACE_BOUND('',#11748,.T.);
#11748 = EDGE_LOOP('',(#11749,#11759,#11767,#11775));
#11749 = ORIENTED_EDGE('',*,*,#11750,.F.);
#11750 = EDGE_CURVE('',#11751,#11753,#11755,.T.);
#11751 = VERTEX_POINT('',#11752);
#11752 = CARTESIAN_POINT('',(365.36206896551,15.,60.));
#11753 = VERTEX_POINT('',#11754);
#11754 = CARTESIAN_POINT('',(365.36206896551,15.,68.5));
#11755 = LINE('',#11756,#11757);
#11756 = CARTESIAN_POINT('',(365.36206896551,15.,60.));
#11757 = VECTOR('',#11758,1.);
#11758 = DIRECTION('',(0.,0.,1.));
#11759 = ORIENTED_EDGE('',*,*,#11760,.T.);
#11760 = EDGE_CURVE('',#11751,#11761,#11763,.T.);
#11761 = VERTEX_POINT('',#11762);
#11762 = CARTESIAN_POINT('',(365.36206896551,152.5,60.));
#11763 = LINE('',#11764,#11765);
#11764 = CARTESIAN_POINT('',(365.36206896551,15.,60.));
#11765 = VECTOR('',#11766,1.);
#11766 = DIRECTION('',(-0.,1.,0.));
#11767 = ORIENTED_EDGE('',*,*,#11768,.T.);
#11768 = EDGE_CURVE('',#11761,#11769,#11771,.T.);
#11769 = VERTEX_POINT('',#11770);
#11770 = CARTESIAN_POINT('',(365.36206896551,152.5,68.5));
#11771 = LINE('',#11772,#11773);
#11772 = CARTESIAN_POINT('',(365.36206896551,152.5,60.));
#11773 = VECTOR('',#11774,1.);
#11774 = DIRECTION('',(0.,0.,1.));
#11775 = ORIENTED_EDGE('',*,*,#11776,.F.);
#11776 = EDGE_CURVE('',#11753,#11769,#11777,.T.);
#11777 = LINE('',#11778,#11779);
#11778 = CARTESIAN_POINT('',(365.36206896551,15.,68.5));
#11779 = VECTOR('',#11780,1.);
#11780 = DIRECTION('',(-0.,1.,0.));
#11781 = PLANE('',#11782);
#11782 = AXIS2_PLACEMENT_3D('',#11783,#11784,#11785);
#11783 = CARTESIAN_POINT('',(365.36206896551,15.,60.));
#11784 = DIRECTION('',(1.,0.,-0.));
#11785 = DIRECTION('',(0.,0.,1.));
#11786 = ADVANCED_FACE('',(#11787),#11803,.F.);
#11787 = FACE_BOUND('',#11788,.F.);
#11788 = EDGE_LOOP('',(#11789,#11795,#11796,#11802));
#11789 = ORIENTED_EDGE('',*,*,#11790,.F.);
#11790 = EDGE_CURVE('',#11711,#11751,#11791,.T.);
#11791 = LINE('',#11792,#11793);
#11792 = CARTESIAN_POINT('',(342.81034482758,15.,60.));
#11793 = VECTOR('',#11794,1.);
#11794 = DIRECTION('',(1.,0.,-0.));
#11795 = ORIENTED_EDGE('',*,*,#11710,.T.);
#11796 = ORIENTED_EDGE('',*,*,#11797,.T.);
#11797 = EDGE_CURVE('',#11713,#11753,#11798,.T.);
#11798 = LINE('',#11799,#11800);
#11799 = CARTESIAN_POINT('',(342.81034482758,15.,68.5));
#11800 = VECTOR('',#11801,1.);
#11801 = DIRECTION('',(1.,0.,-0.));
#11802 = ORIENTED_EDGE('',*,*,#11750,.F.);
#11803 = PLANE('',#11804);
#11804 = AXIS2_PLACEMENT_3D('',#11805,#11806,#11807);
#11805 = CARTESIAN_POINT('',(342.81034482758,15.,60.));
#11806 = DIRECTION('',(-0.,1.,0.));
#11807 = DIRECTION('',(0.,0.,1.));
#11808 = ADVANCED_FACE('',(#11809),#11825,.T.);
#11809 = FACE_BOUND('',#11810,.T.);
#11810 = EDGE_LOOP('',(#11811,#11817,#11818,#11824));
#11811 = ORIENTED_EDGE('',*,*,#11812,.F.);
#11812 = EDGE_CURVE('',#11721,#11761,#11813,.T.);
#11813 = LINE('',#11814,#11815);
#11814 = CARTESIAN_POINT('',(342.81034482758,152.5,60.));
#11815 = VECTOR('',#11816,1.);
#11816 = DIRECTION('',(1.,0.,-0.));
#11817 = ORIENTED_EDGE('',*,*,#11728,.T.);
#11818 = ORIENTED_EDGE('',*,*,#11819,.T.);
#11819 = EDGE_CURVE('',#11729,#11769,#11820,.T.);
#11820 = LINE('',#11821,#11822);
#11821 = CARTESIAN_POINT('',(342.81034482758,152.5,68.5));
#11822 = VECTOR('',#11823,1.);
#11823 = DIRECTION('',(1.,0.,-0.));
#11824 = ORIENTED_EDGE('',*,*,#11768,.F.);
#11825 = PLANE('',#11826);
#11826 = AXIS2_PLACEMENT_3D('',#11827,#11828,#11829);
#11827 = CARTESIAN_POINT('',(342.81034482758,152.5,60.));
#11828 = DIRECTION('',(-0.,1.,0.));
#11829 = DIRECTION('',(0.,0.,1.));
#11830 = ADVANCED_FACE('',(#11831),#11837,.F.);
#11831 = FACE_BOUND('',#11832,.F.);
#11832 = EDGE_LOOP('',(#11833,#11834,#11835,#11836));
#11833 = ORIENTED_EDGE('',*,*,#11720,.F.);
#11834 = ORIENTED_EDGE('',*,*,#11790,.T.);
#11835 = ORIENTED_EDGE('',*,*,#11760,.T.);
#11836 = ORIENTED_EDGE('',*,*,#11812,.F.);
#11837 = PLANE('',#11838);
#11838 = AXIS2_PLACEMENT_3D('',#11839,#11840,#11841);
#11839 = CARTESIAN_POINT('',(342.81034482758,15.,60.));
#11840 = DIRECTION('',(0.,0.,1.));
#11841 = DIRECTION('',(1.,0.,-0.));
#11842 = ADVANCED_FACE('',(#11843),#11849,.T.);
#11843 = FACE_BOUND('',#11844,.T.);
#11844 = EDGE_LOOP('',(#11845,#11846,#11847,#11848));
#11845 = ORIENTED_EDGE('',*,*,#11736,.F.);
#11846 = ORIENTED_EDGE('',*,*,#11797,.T.);
#11847 = ORIENTED_EDGE('',*,*,#11776,.T.);
#11848 = ORIENTED_EDGE('',*,*,#11819,.F.);
#11849 = PLANE('',#11850);
#11850 = AXIS2_PLACEMENT_3D('',#11851,#11852,#11853);
#11851 = CARTESIAN_POINT('',(342.81034482758,15.,68.5));
#11852 = DIRECTION('',(0.,0.,1.));
#11853 = DIRECTION('',(1.,0.,-0.));
#11854 = MANIFOLD_SOLID_BREP('',#11855);
#11855 = CLOSED_SHELL('',(#11856,#11896,#11936,#11958,#11980,#11992));
#11856 = ADVANCED_FACE('',(#11857),#11891,.F.);
#11857 = FACE_BOUND('',#11858,.F.);
#11858 = EDGE_LOOP('',(#11859,#11869,#11877,#11885));
#11859 = ORIENTED_EDGE('',*,*,#11860,.F.);
#11860 = EDGE_CURVE('',#11861,#11863,#11865,.T.);
#11861 = VERTEX_POINT('',#11862);
#11862 = CARTESIAN_POINT('',(366.36206896551,15.,60.));
#11863 = VERTEX_POINT('',#11864);
#11864 = CARTESIAN_POINT('',(366.36206896551,15.,68.5));
#11865 = LINE('',#11866,#11867);
#11866 = CARTESIAN_POINT('',(366.36206896551,15.,60.));
#11867 = VECTOR('',#11868,1.);
#11868 = DIRECTION('',(0.,0.,1.));
#11869 = ORIENTED_EDGE('',*,*,#11870,.T.);
#11870 = EDGE_CURVE('',#11861,#11871,#11873,.T.);
#11871 = VERTEX_POINT('',#11872);
#11872 = CARTESIAN_POINT('',(366.36206896551,152.5,60.));
#11873 = LINE('',#11874,#11875);
#11874 = CARTESIAN_POINT('',(366.36206896551,15.,60.));
#11875 = VECTOR('',#11876,1.);
#11876 = DIRECTION('',(-0.,1.,0.));
#11877 = ORIENTED_EDGE('',*,*,#11878,.T.);
#11878 = EDGE_CURVE('',#11871,#11879,#11881,.T.);
#11879 = VERTEX_POINT('',#11880);
#11880 = CARTESIAN_POINT('',(366.36206896551,152.5,68.5));
#11881 = LINE('',#11882,#11883);
#11882 = CARTESIAN_POINT('',(366.36206896551,152.5,60.));
#11883 = VECTOR('',#11884,1.);
#11884 = DIRECTION('',(0.,0.,1.));
#11885 = ORIENTED_EDGE('',*,*,#11886,.F.);
#11886 = EDGE_CURVE('',#11863,#11879,#11887,.T.);
#11887 = LINE('',#11888,#11889);
#11888 = CARTESIAN_POINT('',(366.36206896551,15.,68.5));
#11889 = VECTOR('',#11890,1.);
#11890 = DIRECTION('',(-0.,1.,0.));
#11891 = PLANE('',#11892);
#11892 = AXIS2_PLACEMENT_3D('',#11893,#11894,#11895);
#11893 = CARTESIAN_POINT('',(366.36206896551,15.,60.));
#11894 = DIRECTION('',(1.,0.,-0.));
#11895 = DIRECTION('',(0.,0.,1.));
#11896 = ADVANCED_FACE('',(#11897),#11931,.T.);
#11897 = FACE_BOUND('',#11898,.T.);
#11898 = EDGE_LOOP('',(#11899,#11909,#11917,#11925));
#11899 = ORIENTED_EDGE('',*,*,#11900,.F.);
#11900 = EDGE_CURVE('',#11901,#11903,#11905,.T.);
#11901 = VERTEX_POINT('',#11902);
#11902 = CARTESIAN_POINT('',(388.91379310344,15.,60.));
#11903 = VERTEX_POINT('',#11904);
#11904 = CARTESIAN_POINT('',(388.91379310344,15.,68.5));
#11905 = LINE('',#11906,#11907);
#11906 = CARTESIAN_POINT('',(388.91379310344,15.,60.));
#11907 = VECTOR('',#11908,1.);
#11908 = DIRECTION('',(0.,0.,1.));
#11909 = ORIENTED_EDGE('',*,*,#11910,.T.);
#11910 = EDGE_CURVE('',#11901,#11911,#11913,.T.);
#11911 = VERTEX_POINT('',#11912);
#11912 = CARTESIAN_POINT('',(388.91379310344,152.5,60.));
#11913 = LINE('',#11914,#11915);
#11914 = CARTESIAN_POINT('',(388.91379310344,15.,60.));
#11915 = VECTOR('',#11916,1.);
#11916 = DIRECTION('',(-0.,1.,0.));
#11917 = ORIENTED_EDGE('',*,*,#11918,.T.);
#11918 = EDGE_CURVE('',#11911,#11919,#11921,.T.);
#11919 = VERTEX_POINT('',#11920);
#11920 = CARTESIAN_POINT('',(388.91379310344,152.5,68.5));
#11921 = LINE('',#11922,#11923);
#11922 = CARTESIAN_POINT('',(388.91379310344,152.5,60.));
#11923 = VECTOR('',#11924,1.);
#11924 = DIRECTION('',(0.,0.,1.));
#11925 = ORIENTED_EDGE('',*,*,#11926,.F.);
#11926 = EDGE_CURVE('',#11903,#11919,#11927,.T.);
#11927 = LINE('',#11928,#11929);
#11928 = CARTESIAN_POINT('',(388.91379310344,15.,68.5));
#11929 = VECTOR('',#11930,1.);
#11930 = DIRECTION('',(-0.,1.,0.));
#11931 = PLANE('',#11932);
#11932 = AXIS2_PLACEMENT_3D('',#11933,#11934,#11935);
#11933 = CARTESIAN_POINT('',(388.91379310344,15.,60.));
#11934 = DIRECTION('',(1.,0.,-0.));
#11935 = DIRECTION('',(0.,0.,1.));
#11936 = ADVANCED_FACE('',(#11937),#11953,.F.);
#11937 = FACE_BOUND('',#11938,.F.);
#11938 = EDGE_LOOP('',(#11939,#11945,#11946,#11952));
#11939 = ORIENTED_EDGE('',*,*,#11940,.F.);
#11940 = EDGE_CURVE('',#11861,#11901,#11941,.T.);
#11941 = LINE('',#11942,#11943);
#11942 = CARTESIAN_POINT('',(366.36206896551,15.,60.));
#11943 = VECTOR('',#11944,1.);
#11944 = DIRECTION('',(1.,0.,-0.));
#11945 = ORIENTED_EDGE('',*,*,#11860,.T.);
#11946 = ORIENTED_EDGE('',*,*,#11947,.T.);
#11947 = EDGE_CURVE('',#11863,#11903,#11948,.T.);
#11948 = LINE('',#11949,#11950);
#11949 = CARTESIAN_POINT('',(366.36206896551,15.,68.5));
#11950 = VECTOR('',#11951,1.);
#11951 = DIRECTION('',(1.,0.,-0.));
#11952 = ORIENTED_EDGE('',*,*,#11900,.F.);
#11953 = PLANE('',#11954);
#11954 = AXIS2_PLACEMENT_3D('',#11955,#11956,#11957);
#11955 = CARTESIAN_POINT('',(366.36206896551,15.,60.));
#11956 = DIRECTION('',(-0.,1.,0.));
#11957 = DIRECTION('',(0.,0.,1.));
#11958 = ADVANCED_FACE('',(#11959),#11975,.T.);
#11959 = FACE_BOUND('',#11960,.T.);
#11960 = EDGE_LOOP('',(#11961,#11967,#11968,#11974));
#11961 = ORIENTED_EDGE('',*,*,#11962,.F.);
#11962 = EDGE_CURVE('',#11871,#11911,#11963,.T.);
#11963 = LINE('',#11964,#11965);
#11964 = CARTESIAN_POINT('',(366.36206896551,152.5,60.));
#11965 = VECTOR('',#11966,1.);
#11966 = DIRECTION('',(1.,0.,-0.));
#11967 = ORIENTED_EDGE('',*,*,#11878,.T.);
#11968 = ORIENTED_EDGE('',*,*,#11969,.T.);
#11969 = EDGE_CURVE('',#11879,#11919,#11970,.T.);
#11970 = LINE('',#11971,#11972);
#11971 = CARTESIAN_POINT('',(366.36206896551,152.5,68.5));
#11972 = VECTOR('',#11973,1.);
#11973 = DIRECTION('',(1.,0.,-0.));
#11974 = ORIENTED_EDGE('',*,*,#11918,.F.);
#11975 = PLANE('',#11976);
#11976 = AXIS2_PLACEMENT_3D('',#11977,#11978,#11979);
#11977 = CARTESIAN_POINT('',(366.36206896551,152.5,60.));
#11978 = DIRECTION('',(-0.,1.,0.));
#11979 = DIRECTION('',(0.,0.,1.));
#11980 = ADVANCED_FACE('',(#11981),#11987,.F.);
#11981 = FACE_BOUND('',#11982,.F.);
#11982 = EDGE_LOOP('',(#11983,#11984,#11985,#11986));
#11983 = ORIENTED_EDGE('',*,*,#11870,.F.);
#11984 = ORIENTED_EDGE('',*,*,#11940,.T.);
#11985 = ORIENTED_EDGE('',*,*,#11910,.T.);
#11986 = ORIENTED_EDGE('',*,*,#11962,.F.);
#11987 = PLANE('',#11988);
#11988 = AXIS2_PLACEMENT_3D('',#11989,#11990,#11991);
#11989 = CARTESIAN_POINT('',(366.36206896551,15.,60.));
#11990 = DIRECTION('',(0.,0.,1.));
#11991 = DIRECTION('',(1.,0.,-0.));
#11992 = ADVANCED_FACE('',(#11993),#11999,.T.);
#11993 = FACE_BOUND('',#11994,.T.);
#11994 = EDGE_LOOP('',(#11995,#11996,#11997,#11998));
#11995 = ORIENTED_EDGE('',*,*,#11886,.F.);
#11996 = ORIENTED_EDGE('',*,*,#11947,.T.);
#11997 = ORIENTED_EDGE('',*,*,#11926,.T.);
#11998 = ORIENTED_EDGE('',*,*,#11969,.F.);
#11999 = PLANE('',#12000);
#12000 = AXIS2_PLACEMENT_3D('',#12001,#12002,#12003);
#12001 = CARTESIAN_POINT('',(366.36206896551,15.,68.5));
#12002 = DIRECTION('',(0.,0.,1.));
#12003 = DIRECTION('',(1.,0.,-0.));
#12004 = MANIFOLD_SOLID_BREP('',#12005);
#12005 = CLOSED_SHELL('',(#12006,#12046,#12086,#12108,#12130,#12142));
#12006 = ADVANCED_FACE('',(#12007),#12041,.F.);
#12007 = FACE_BOUND('',#12008,.F.);
#12008 = EDGE_LOOP('',(#12009,#12019,#12027,#12035));
#12009 = ORIENTED_EDGE('',*,*,#12010,.F.);
#12010 = EDGE_CURVE('',#12011,#12013,#12015,.T.);
#12011 = VERTEX_POINT('',#12012);
#12012 = CARTESIAN_POINT('',(389.91379310344,15.,60.));
#12013 = VERTEX_POINT('',#12014);
#12014 = CARTESIAN_POINT('',(389.91379310344,15.,68.5));
#12015 = LINE('',#12016,#12017);
#12016 = CARTESIAN_POINT('',(389.91379310344,15.,60.));
#12017 = VECTOR('',#12018,1.);
#12018 = DIRECTION('',(0.,0.,1.));
#12019 = ORIENTED_EDGE('',*,*,#12020,.T.);
#12020 = EDGE_CURVE('',#12011,#12021,#12023,.T.);
#12021 = VERTEX_POINT('',#12022);
#12022 = CARTESIAN_POINT('',(389.91379310344,152.5,60.));
#12023 = LINE('',#12024,#12025);
#12024 = CARTESIAN_POINT('',(389.91379310344,15.,60.));
#12025 = VECTOR('',#12026,1.);
#12026 = DIRECTION('',(-0.,1.,0.));
#12027 = ORIENTED_EDGE('',*,*,#12028,.T.);
#12028 = EDGE_CURVE('',#12021,#12029,#12031,.T.);
#12029 = VERTEX_POINT('',#12030);
#12030 = CARTESIAN_POINT('',(389.91379310344,152.5,68.5));
#12031 = LINE('',#12032,#12033);
#12032 = CARTESIAN_POINT('',(389.91379310344,152.5,60.));
#12033 = VECTOR('',#12034,1.);
#12034 = DIRECTION('',(0.,0.,1.));
#12035 = ORIENTED_EDGE('',*,*,#12036,.F.);
#12036 = EDGE_CURVE('',#12013,#12029,#12037,.T.);
#12037 = LINE('',#12038,#12039);
#12038 = CARTESIAN_POINT('',(389.91379310344,15.,68.5));
#12039 = VECTOR('',#12040,1.);
#12040 = DIRECTION('',(-0.,1.,0.));
#12041 = PLANE('',#12042);
#12042 = AXIS2_PLACEMENT_3D('',#12043,#12044,#12045);
#12043 = CARTESIAN_POINT('',(389.91379310344,15.,60.));
#12044 = DIRECTION('',(1.,0.,-0.));
#12045 = DIRECTION('',(0.,0.,1.));
#12046 = ADVANCED_FACE('',(#12047),#12081,.T.);
#12047 = FACE_BOUND('',#12048,.T.);
#12048 = EDGE_LOOP('',(#12049,#12059,#12067,#12075));
#12049 = ORIENTED_EDGE('',*,*,#12050,.F.);
#12050 = EDGE_CURVE('',#12051,#12053,#12055,.T.);
#12051 = VERTEX_POINT('',#12052);
#12052 = CARTESIAN_POINT('',(412.46551724137,15.,60.));
#12053 = VERTEX_POINT('',#12054);
#12054 = CARTESIAN_POINT('',(412.46551724137,15.,68.5));
#12055 = LINE('',#12056,#12057);
#12056 = CARTESIAN_POINT('',(412.46551724137,15.,60.));
#12057 = VECTOR('',#12058,1.);
#12058 = DIRECTION('',(0.,0.,1.));
#12059 = ORIENTED_EDGE('',*,*,#12060,.T.);
#12060 = EDGE_CURVE('',#12051,#12061,#12063,.T.);
#12061 = VERTEX_POINT('',#12062);
#12062 = CARTESIAN_POINT('',(412.46551724137,152.5,60.));
#12063 = LINE('',#12064,#12065);
#12064 = CARTESIAN_POINT('',(412.46551724137,15.,60.));
#12065 = VECTOR('',#12066,1.);
#12066 = DIRECTION('',(-0.,1.,0.));
#12067 = ORIENTED_EDGE('',*,*,#12068,.T.);
#12068 = EDGE_CURVE('',#12061,#12069,#12071,.T.);
#12069 = VERTEX_POINT('',#12070);
#12070 = CARTESIAN_POINT('',(412.46551724137,152.5,68.5));
#12071 = LINE('',#12072,#12073);
#12072 = CARTESIAN_POINT('',(412.46551724137,152.5,60.));
#12073 = VECTOR('',#12074,1.);
#12074 = DIRECTION('',(0.,0.,1.));
#12075 = ORIENTED_EDGE('',*,*,#12076,.F.);
#12076 = EDGE_CURVE('',#12053,#12069,#12077,.T.);
#12077 = LINE('',#12078,#12079);
#12078 = CARTESIAN_POINT('',(412.46551724137,15.,68.5));
#12079 = VECTOR('',#12080,1.);
#12080 = DIRECTION('',(-0.,1.,0.));
#12081 = PLANE('',#12082);
#12082 = AXIS2_PLACEMENT_3D('',#12083,#12084,#12085);
#12083 = CARTESIAN_POINT('',(412.46551724137,15.,60.));
#12084 = DIRECTION('',(1.,0.,-0.));
#12085 = DIRECTION('',(0.,0.,1.));
#12086 = ADVANCED_FACE('',(#12087),#12103,.F.);
#12087 = FACE_BOUND('',#12088,.F.);
#12088 = EDGE_LOOP('',(#12089,#12095,#12096,#12102));
#12089 = ORIENTED_EDGE('',*,*,#12090,.F.);
#12090 = EDGE_CURVE('',#12011,#12051,#12091,.T.);
#12091 = LINE('',#12092,#12093);
#12092 = CARTESIAN_POINT('',(389.91379310344,15.,60.));
#12093 = VECTOR('',#12094,1.);
#12094 = DIRECTION('',(1.,0.,-0.));
#12095 = ORIENTED_EDGE('',*,*,#12010,.T.);
#12096 = ORIENTED_EDGE('',*,*,#12097,.T.);
#12097 = EDGE_CURVE('',#12013,#12053,#12098,.T.);
#12098 = LINE('',#12099,#12100);
#12099 = CARTESIAN_POINT('',(389.91379310344,15.,68.5));
#12100 = VECTOR('',#12101,1.);
#12101 = DIRECTION('',(1.,0.,-0.));
#12102 = ORIENTED_EDGE('',*,*,#12050,.F.);
#12103 = PLANE('',#12104);
#12104 = AXIS2_PLACEMENT_3D('',#12105,#12106,#12107);
#12105 = CARTESIAN_POINT('',(389.91379310344,15.,60.));
#12106 = DIRECTION('',(-0.,1.,0.));
#12107 = DIRECTION('',(0.,0.,1.));
#12108 = ADVANCED_FACE('',(#12109),#12125,.T.);
#12109 = FACE_BOUND('',#12110,.T.);
#12110 = EDGE_LOOP('',(#12111,#12117,#12118,#12124));
#12111 = ORIENTED_EDGE('',*,*,#12112,.F.);
#12112 = EDGE_CURVE('',#12021,#12061,#12113,.T.);
#12113 = LINE('',#12114,#12115);
#12114 = CARTESIAN_POINT('',(389.91379310344,152.5,60.));
#12115 = VECTOR('',#12116,1.);
#12116 = DIRECTION('',(1.,0.,-0.));
#12117 = ORIENTED_EDGE('',*,*,#12028,.T.);
#12118 = ORIENTED_EDGE('',*,*,#12119,.T.);
#12119 = EDGE_CURVE('',#12029,#12069,#12120,.T.);
#12120 = LINE('',#12121,#12122);
#12121 = CARTESIAN_POINT('',(389.91379310344,152.5,68.5));
#12122 = VECTOR('',#12123,1.);
#12123 = DIRECTION('',(1.,0.,-0.));
#12124 = ORIENTED_EDGE('',*,*,#12068,.F.);
#12125 = PLANE('',#12126);
#12126 = AXIS2_PLACEMENT_3D('',#12127,#12128,#12129);
#12127 = CARTESIAN_POINT('',(389.91379310344,152.5,60.));
#12128 = DIRECTION('',(-0.,1.,0.));
#12129 = DIRECTION('',(0.,0.,1.));
#12130 = ADVANCED_FACE('',(#12131),#12137,.F.);
#12131 = FACE_BOUND('',#12132,.F.);
#12132 = EDGE_LOOP('',(#12133,#12134,#12135,#12136));
#12133 = ORIENTED_EDGE('',*,*,#12020,.F.);
#12134 = ORIENTED_EDGE('',*,*,#12090,.T.);
#12135 = ORIENTED_EDGE('',*,*,#12060,.T.);
#12136 = ORIENTED_EDGE('',*,*,#12112,.F.);
#12137 = PLANE('',#12138);
#12138 = AXIS2_PLACEMENT_3D('',#12139,#12140,#12141);
#12139 = CARTESIAN_POINT('',(389.91379310344,15.,60.));
#12140 = DIRECTION('',(0.,0.,1.));
#12141 = DIRECTION('',(1.,0.,-0.));
#12142 = ADVANCED_FACE('',(#12143),#12149,.T.);
#12143 = FACE_BOUND('',#12144,.T.);
#12144 = EDGE_LOOP('',(#12145,#12146,#12147,#12148));
#12145 = ORIENTED_EDGE('',*,*,#12036,.F.);
#12146 = ORIENTED_EDGE('',*,*,#12097,.T.);
#12147 = ORIENTED_EDGE('',*,*,#12076,.T.);
#12148 = ORIENTED_EDGE('',*,*,#12119,.F.);
#12149 = PLANE('',#12150);
#12150 = AXIS2_PLACEMENT_3D('',#12151,#12152,#12153);
#12151 = CARTESIAN_POINT('',(389.91379310344,15.,68.5));
#12152 = DIRECTION('',(0.,0.,1.));
#12153 = DIRECTION('',(1.,0.,-0.));
#12154 = MANIFOLD_SOLID_BREP('',#12155);
#12155 = CLOSED_SHELL('',(#12156,#12196,#12236,#12258,#12280,#12292));
#12156 = ADVANCED_FACE('',(#12157),#12191,.F.);
#12157 = FACE_BOUND('',#12158,.F.);
#12158 = EDGE_LOOP('',(#12159,#12169,#12177,#12185));
#12159 = ORIENTED_EDGE('',*,*,#12160,.F.);
#12160 = EDGE_CURVE('',#12161,#12163,#12165,.T.);
#12161 = VERTEX_POINT('',#12162);
#12162 = CARTESIAN_POINT('',(413.46551724137,15.,60.));
#12163 = VERTEX_POINT('',#12164);
#12164 = CARTESIAN_POINT('',(413.46551724137,15.,68.5));
#12165 = LINE('',#12166,#12167);
#12166 = CARTESIAN_POINT('',(413.46551724137,15.,60.));
#12167 = VECTOR('',#12168,1.);
#12168 = DIRECTION('',(0.,0.,1.));
#12169 = ORIENTED_EDGE('',*,*,#12170,.T.);
#12170 = EDGE_CURVE('',#12161,#12171,#12173,.T.);
#12171 = VERTEX_POINT('',#12172);
#12172 = CARTESIAN_POINT('',(413.46551724137,152.5,60.));
#12173 = LINE('',#12174,#12175);
#12174 = CARTESIAN_POINT('',(413.46551724137,15.,60.));
#12175 = VECTOR('',#12176,1.);
#12176 = DIRECTION('',(-0.,1.,0.));
#12177 = ORIENTED_EDGE('',*,*,#12178,.T.);
#12178 = EDGE_CURVE('',#12171,#12179,#12181,.T.);
#12179 = VERTEX_POINT('',#12180);
#12180 = CARTESIAN_POINT('',(413.46551724137,152.5,68.5));
#12181 = LINE('',#12182,#12183);
#12182 = CARTESIAN_POINT('',(413.46551724137,152.5,60.));
#12183 = VECTOR('',#12184,1.);
#12184 = DIRECTION('',(0.,0.,1.));
#12185 = ORIENTED_EDGE('',*,*,#12186,.F.);
#12186 = EDGE_CURVE('',#12163,#12179,#12187,.T.);
#12187 = LINE('',#12188,#12189);
#12188 = CARTESIAN_POINT('',(413.46551724137,15.,68.5));
#12189 = VECTOR('',#12190,1.);
#12190 = DIRECTION('',(-0.,1.,0.));
#12191 = PLANE('',#12192);
#12192 = AXIS2_PLACEMENT_3D('',#12193,#12194,#12195);
#12193 = CARTESIAN_POINT('',(413.46551724137,15.,60.));
#12194 = DIRECTION('',(1.,0.,-0.));
#12195 = DIRECTION('',(0.,0.,1.));
#12196 = ADVANCED_FACE('',(#12197),#12231,.T.);
#12197 = FACE_BOUND('',#12198,.T.);
#12198 = EDGE_LOOP('',(#12199,#12209,#12217,#12225));
#12199 = ORIENTED_EDGE('',*,*,#12200,.F.);
#12200 = EDGE_CURVE('',#12201,#12203,#12205,.T.);
#12201 = VERTEX_POINT('',#12202);
#12202 = CARTESIAN_POINT('',(436.01724137931,15.,60.));
#12203 = VERTEX_POINT('',#12204);
#12204 = CARTESIAN_POINT('',(436.01724137931,15.,68.5));
#12205 = LINE('',#12206,#12207);
#12206 = CARTESIAN_POINT('',(436.01724137931,15.,60.));
#12207 = VECTOR('',#12208,1.);
#12208 = DIRECTION('',(0.,0.,1.));
#12209 = ORIENTED_EDGE('',*,*,#12210,.T.);
#12210 = EDGE_CURVE('',#12201,#12211,#12213,.T.);
#12211 = VERTEX_POINT('',#12212);
#12212 = CARTESIAN_POINT('',(436.01724137931,152.5,60.));
#12213 = LINE('',#12214,#12215);
#12214 = CARTESIAN_POINT('',(436.01724137931,15.,60.));
#12215 = VECTOR('',#12216,1.);
#12216 = DIRECTION('',(-0.,1.,0.));
#12217 = ORIENTED_EDGE('',*,*,#12218,.T.);
#12218 = EDGE_CURVE('',#12211,#12219,#12221,.T.);
#12219 = VERTEX_POINT('',#12220);
#12220 = CARTESIAN_POINT('',(436.01724137931,152.5,68.5));
#12221 = LINE('',#12222,#12223);
#12222 = CARTESIAN_POINT('',(436.01724137931,152.5,60.));
#12223 = VECTOR('',#12224,1.);
#12224 = DIRECTION('',(0.,0.,1.));
#12225 = ORIENTED_EDGE('',*,*,#12226,.F.);
#12226 = EDGE_CURVE('',#12203,#12219,#12227,.T.);
#12227 = LINE('',#12228,#12229);
#12228 = CARTESIAN_POINT('',(436.01724137931,15.,68.5));
#12229 = VECTOR('',#12230,1.);
#12230 = DIRECTION('',(-0.,1.,0.));
#12231 = PLANE('',#12232);
#12232 = AXIS2_PLACEMENT_3D('',#12233,#12234,#12235);
#12233 = CARTESIAN_POINT('',(436.01724137931,15.,60.));
#12234 = DIRECTION('',(1.,0.,-0.));
#12235 = DIRECTION('',(0.,0.,1.));
#12236 = ADVANCED_FACE('',(#12237),#12253,.F.);
#12237 = FACE_BOUND('',#12238,.F.);
#12238 = EDGE_LOOP('',(#12239,#12245,#12246,#12252));
#12239 = ORIENTED_EDGE('',*,*,#12240,.F.);
#12240 = EDGE_CURVE('',#12161,#12201,#12241,.T.);
#12241 = LINE('',#12242,#12243);
#12242 = CARTESIAN_POINT('',(413.46551724137,15.,60.));
#12243 = VECTOR('',#12244,1.);
#12244 = DIRECTION('',(1.,0.,-0.));
#12245 = ORIENTED_EDGE('',*,*,#12160,.T.);
#12246 = ORIENTED_EDGE('',*,*,#12247,.T.);
#12247 = EDGE_CURVE('',#12163,#12203,#12248,.T.);
#12248 = LINE('',#12249,#12250);
#12249 = CARTESIAN_POINT('',(413.46551724137,15.,68.5));
#12250 = VECTOR('',#12251,1.);
#12251 = DIRECTION('',(1.,0.,-0.));
#12252 = ORIENTED_EDGE('',*,*,#12200,.F.);
#12253 = PLANE('',#12254);
#12254 = AXIS2_PLACEMENT_3D('',#12255,#12256,#12257);
#12255 = CARTESIAN_POINT('',(413.46551724137,15.,60.));
#12256 = DIRECTION('',(-0.,1.,0.));
#12257 = DIRECTION('',(0.,0.,1.));
#12258 = ADVANCED_FACE('',(#12259),#12275,.T.);
#12259 = FACE_BOUND('',#12260,.T.);
#12260 = EDGE_LOOP('',(#12261,#12267,#12268,#12274));
#12261 = ORIENTED_EDGE('',*,*,#12262,.F.);
#12262 = EDGE_CURVE('',#12171,#12211,#12263,.T.);
#12263 = LINE('',#12264,#12265);
#12264 = CARTESIAN_POINT('',(413.46551724137,152.5,60.));
#12265 = VECTOR('',#12266,1.);
#12266 = DIRECTION('',(1.,0.,-0.));
#12267 = ORIENTED_EDGE('',*,*,#12178,.T.);
#12268 = ORIENTED_EDGE('',*,*,#12269,.T.);
#12269 = EDGE_CURVE('',#12179,#12219,#12270,.T.);
#12270 = LINE('',#12271,#12272);
#12271 = CARTESIAN_POINT('',(413.46551724137,152.5,68.5));
#12272 = VECTOR('',#12273,1.);
#12273 = DIRECTION('',(1.,0.,-0.));
#12274 = ORIENTED_EDGE('',*,*,#12218,.F.);
#12275 = PLANE('',#12276);
#12276 = AXIS2_PLACEMENT_3D('',#12277,#12278,#12279);
#12277 = CARTESIAN_POINT('',(413.46551724137,152.5,60.));
#12278 = DIRECTION('',(-0.,1.,0.));
#12279 = DIRECTION('',(0.,0.,1.));
#12280 = ADVANCED_FACE('',(#12281),#12287,.F.);
#12281 = FACE_BOUND('',#12282,.F.);
#12282 = EDGE_LOOP('',(#12283,#12284,#12285,#12286));
#12283 = ORIENTED_EDGE('',*,*,#12170,.F.);
#12284 = ORIENTED_EDGE('',*,*,#12240,.T.);
#12285 = ORIENTED_EDGE('',*,*,#12210,.T.);
#12286 = ORIENTED_EDGE('',*,*,#12262,.F.);
#12287 = PLANE('',#12288);
#12288 = AXIS2_PLACEMENT_3D('',#12289,#12290,#12291);
#12289 = CARTESIAN_POINT('',(413.46551724137,15.,60.));
#12290 = DIRECTION('',(0.,0.,1.));
#12291 = DIRECTION('',(1.,0.,-0.));
#12292 = ADVANCED_FACE('',(#12293),#12299,.T.);
#12293 = FACE_BOUND('',#12294,.T.);
#12294 = EDGE_LOOP('',(#12295,#12296,#12297,#12298));
#12295 = ORIENTED_EDGE('',*,*,#12186,.F.);
#12296 = ORIENTED_EDGE('',*,*,#12247,.T.);
#12297 = ORIENTED_EDGE('',*,*,#12226,.T.);
#12298 = ORIENTED_EDGE('',*,*,#12269,.F.);
#12299 = PLANE('',#12300);
#12300 = AXIS2_PLACEMENT_3D('',#12301,#12302,#12303);
#12301 = CARTESIAN_POINT('',(413.46551724137,15.,68.5));
#12302 = DIRECTION('',(0.,0.,1.));
#12303 = DIRECTION('',(1.,0.,-0.));
#12304 = MANIFOLD_SOLID_BREP('',#12305);
#12305 = CLOSED_SHELL('',(#12306,#12346,#12386,#12408,#12430,#12442));
#12306 = ADVANCED_FACE('',(#12307),#12341,.F.);
#12307 = FACE_BOUND('',#12308,.F.);
#12308 = EDGE_LOOP('',(#12309,#12319,#12327,#12335));
#12309 = ORIENTED_EDGE('',*,*,#12310,.F.);
#12310 = EDGE_CURVE('',#12311,#12313,#12315,.T.);
#12311 = VERTEX_POINT('',#12312);
#12312 = CARTESIAN_POINT('',(437.01724137931,15.,60.));
#12313 = VERTEX_POINT('',#12314);
#12314 = CARTESIAN_POINT('',(437.01724137931,15.,68.5));
#12315 = LINE('',#12316,#12317);
#12316 = CARTESIAN_POINT('',(437.01724137931,15.,60.));
#12317 = VECTOR('',#12318,1.);
#12318 = DIRECTION('',(0.,0.,1.));
#12319 = ORIENTED_EDGE('',*,*,#12320,.T.);
#12320 = EDGE_CURVE('',#12311,#12321,#12323,.T.);
#12321 = VERTEX_POINT('',#12322);
#12322 = CARTESIAN_POINT('',(437.01724137931,152.5,60.));
#12323 = LINE('',#12324,#12325);
#12324 = CARTESIAN_POINT('',(437.01724137931,15.,60.));
#12325 = VECTOR('',#12326,1.);
#12326 = DIRECTION('',(-0.,1.,0.));
#12327 = ORIENTED_EDGE('',*,*,#12328,.T.);
#12328 = EDGE_CURVE('',#12321,#12329,#12331,.T.);
#12329 = VERTEX_POINT('',#12330);
#12330 = CARTESIAN_POINT('',(437.01724137931,152.5,68.5));
#12331 = LINE('',#12332,#12333);
#12332 = CARTESIAN_POINT('',(437.01724137931,152.5,60.));
#12333 = VECTOR('',#12334,1.);
#12334 = DIRECTION('',(0.,0.,1.));
#12335 = ORIENTED_EDGE('',*,*,#12336,.F.);
#12336 = EDGE_CURVE('',#12313,#12329,#12337,.T.);
#12337 = LINE('',#12338,#12339);
#12338 = CARTESIAN_POINT('',(437.01724137931,15.,68.5));
#12339 = VECTOR('',#12340,1.);
#12340 = DIRECTION('',(-0.,1.,0.));
#12341 = PLANE('',#12342);
#12342 = AXIS2_PLACEMENT_3D('',#12343,#12344,#12345);
#12343 = CARTESIAN_POINT('',(437.01724137931,15.,60.));
#12344 = DIRECTION('',(1.,0.,-0.));
#12345 = DIRECTION('',(0.,0.,1.));
#12346 = ADVANCED_FACE('',(#12347),#12381,.T.);
#12347 = FACE_BOUND('',#12348,.T.);
#12348 = EDGE_LOOP('',(#12349,#12359,#12367,#12375));
#12349 = ORIENTED_EDGE('',*,*,#12350,.F.);
#12350 = EDGE_CURVE('',#12351,#12353,#12355,.T.);
#12351 = VERTEX_POINT('',#12352);
#12352 = CARTESIAN_POINT('',(459.56896551724,15.,60.));
#12353 = VERTEX_POINT('',#12354);
#12354 = CARTESIAN_POINT('',(459.56896551724,15.,68.5));
#12355 = LINE('',#12356,#12357);
#12356 = CARTESIAN_POINT('',(459.56896551724,15.,60.));
#12357 = VECTOR('',#12358,1.);
#12358 = DIRECTION('',(0.,0.,1.));
#12359 = ORIENTED_EDGE('',*,*,#12360,.T.);
#12360 = EDGE_CURVE('',#12351,#12361,#12363,.T.);
#12361 = VERTEX_POINT('',#12362);
#12362 = CARTESIAN_POINT('',(459.56896551724,152.5,60.));
#12363 = LINE('',#12364,#12365);
#12364 = CARTESIAN_POINT('',(459.56896551724,15.,60.));
#12365 = VECTOR('',#12366,1.);
#12366 = DIRECTION('',(-0.,1.,0.));
#12367 = ORIENTED_EDGE('',*,*,#12368,.T.);
#12368 = EDGE_CURVE('',#12361,#12369,#12371,.T.);
#12369 = VERTEX_POINT('',#12370);
#12370 = CARTESIAN_POINT('',(459.56896551724,152.5,68.5));
#12371 = LINE('',#12372,#12373);
#12372 = CARTESIAN_POINT('',(459.56896551724,152.5,60.));
#12373 = VECTOR('',#12374,1.);
#12374 = DIRECTION('',(0.,0.,1.));
#12375 = ORIENTED_EDGE('',*,*,#12376,.F.);
#12376 = EDGE_CURVE('',#12353,#12369,#12377,.T.);
#12377 = LINE('',#12378,#12379);
#12378 = CARTESIAN_POINT('',(459.56896551724,15.,68.5));
#12379 = VECTOR('',#12380,1.);
#12380 = DIRECTION('',(-0.,1.,0.));
#12381 = PLANE('',#12382);
#12382 = AXIS2_PLACEMENT_3D('',#12383,#12384,#12385);
#12383 = CARTESIAN_POINT('',(459.56896551724,15.,60.));
#12384 = DIRECTION('',(1.,0.,-0.));
#12385 = DIRECTION('',(0.,0.,1.));
#12386 = ADVANCED_FACE('',(#12387),#12403,.F.);
#12387 = FACE_BOUND('',#12388,.F.);
#12388 = EDGE_LOOP('',(#12389,#12395,#12396,#12402));
#12389 = ORIENTED_EDGE('',*,*,#12390,.F.);
#12390 = EDGE_CURVE('',#12311,#12351,#12391,.T.);
#12391 = LINE('',#12392,#12393);
#12392 = CARTESIAN_POINT('',(437.01724137931,15.,60.));
#12393 = VECTOR('',#12394,1.);
#12394 = DIRECTION('',(1.,0.,-0.));
#12395 = ORIENTED_EDGE('',*,*,#12310,.T.);
#12396 = ORIENTED_EDGE('',*,*,#12397,.T.);
#12397 = EDGE_CURVE('',#12313,#12353,#12398,.T.);
#12398 = LINE('',#12399,#12400);
#12399 = CARTESIAN_POINT('',(437.01724137931,15.,68.5));
#12400 = VECTOR('',#12401,1.);
#12401 = DIRECTION('',(1.,0.,-0.));
#12402 = ORIENTED_EDGE('',*,*,#12350,.F.);
#12403 = PLANE('',#12404);
#12404 = AXIS2_PLACEMENT_3D('',#12405,#12406,#12407);
#12405 = CARTESIAN_POINT('',(437.01724137931,15.,60.));
#12406 = DIRECTION('',(-0.,1.,0.));
#12407 = DIRECTION('',(0.,0.,1.));
#12408 = ADVANCED_FACE('',(#12409),#12425,.T.);
#12409 = FACE_BOUND('',#12410,.T.);
#12410 = EDGE_LOOP('',(#12411,#12417,#12418,#12424));
#12411 = ORIENTED_EDGE('',*,*,#12412,.F.);
#12412 = EDGE_CURVE('',#12321,#12361,#12413,.T.);
#12413 = LINE('',#12414,#12415);
#12414 = CARTESIAN_POINT('',(437.01724137931,152.5,60.));
#12415 = VECTOR('',#12416,1.);
#12416 = DIRECTION('',(1.,0.,-0.));
#12417 = ORIENTED_EDGE('',*,*,#12328,.T.);
#12418 = ORIENTED_EDGE('',*,*,#12419,.T.);
#12419 = EDGE_CURVE('',#12329,#12369,#12420,.T.);
#12420 = LINE('',#12421,#12422);
#12421 = CARTESIAN_POINT('',(437.01724137931,152.5,68.5));
#12422 = VECTOR('',#12423,1.);
#12423 = DIRECTION('',(1.,0.,-0.));
#12424 = ORIENTED_EDGE('',*,*,#12368,.F.);
#12425 = PLANE('',#12426);
#12426 = AXIS2_PLACEMENT_3D('',#12427,#12428,#12429);
#12427 = CARTESIAN_POINT('',(437.01724137931,152.5,60.));
#12428 = DIRECTION('',(-0.,1.,0.));
#12429 = DIRECTION('',(0.,0.,1.));
#12430 = ADVANCED_FACE('',(#12431),#12437,.F.);
#12431 = FACE_BOUND('',#12432,.F.);
#12432 = EDGE_LOOP('',(#12433,#12434,#12435,#12436));
#12433 = ORIENTED_EDGE('',*,*,#12320,.F.);
#12434 = ORIENTED_EDGE('',*,*,#12390,.T.);
#12435 = ORIENTED_EDGE('',*,*,#12360,.T.);
#12436 = ORIENTED_EDGE('',*,*,#12412,.F.);
#12437 = PLANE('',#12438);
#12438 = AXIS2_PLACEMENT_3D('',#12439,#12440,#12441);
#12439 = CARTESIAN_POINT('',(437.01724137931,15.,60.));
#12440 = DIRECTION('',(0.,0.,1.));
#12441 = DIRECTION('',(1.,0.,-0.));
#12442 = ADVANCED_FACE('',(#12443),#12449,.T.);
#12443 = FACE_BOUND('',#12444,.T.);
#12444 = EDGE_LOOP('',(#12445,#12446,#12447,#12448));
#12445 = ORIENTED_EDGE('',*,*,#12336,.F.);
#12446 = ORIENTED_EDGE('',*,*,#12397,.T.);
#12447 = ORIENTED_EDGE('',*,*,#12376,.T.);
#12448 = ORIENTED_EDGE('',*,*,#12419,.F.);
#12449 = PLANE('',#12450);
#12450 = AXIS2_PLACEMENT_3D('',#12451,#12452,#12453);
#12451 = CARTESIAN_POINT('',(437.01724137931,15.,68.5));
#12452 = DIRECTION('',(0.,0.,1.));
#12453 = DIRECTION('',(1.,0.,-0.));
#12454 = MANIFOLD_SOLID_BREP('',#12455);
#12455 = CLOSED_SHELL('',(#12456,#12496,#12536,#12558,#12580,#12592));
#12456 = ADVANCED_FACE('',(#12457),#12491,.F.);
#12457 = FACE_BOUND('',#12458,.F.);
#12458 = EDGE_LOOP('',(#12459,#12469,#12477,#12485));
#12459 = ORIENTED_EDGE('',*,*,#12460,.F.);
#12460 = EDGE_CURVE('',#12461,#12463,#12465,.T.);
#12461 = VERTEX_POINT('',#12462);
#12462 = CARTESIAN_POINT('',(460.56896551724,15.,60.));
#12463 = VERTEX_POINT('',#12464);
#12464 = CARTESIAN_POINT('',(460.56896551724,15.,68.5));
#12465 = LINE('',#12466,#12467);
#12466 = CARTESIAN_POINT('',(460.56896551724,15.,60.));
#12467 = VECTOR('',#12468,1.);
#12468 = DIRECTION('',(0.,0.,1.));
#12469 = ORIENTED_EDGE('',*,*,#12470,.T.);
#12470 = EDGE_CURVE('',#12461,#12471,#12473,.T.);
#12471 = VERTEX_POINT('',#12472);
#12472 = CARTESIAN_POINT('',(460.56896551724,152.5,60.));
#12473 = LINE('',#12474,#12475);
#12474 = CARTESIAN_POINT('',(460.56896551724,15.,60.));
#12475 = VECTOR('',#12476,1.);
#12476 = DIRECTION('',(-0.,1.,0.));
#12477 = ORIENTED_EDGE('',*,*,#12478,.T.);
#12478 = EDGE_CURVE('',#12471,#12479,#12481,.T.);
#12479 = VERTEX_POINT('',#12480);
#12480 = CARTESIAN_POINT('',(460.56896551724,152.5,68.5));
#12481 = LINE('',#12482,#12483);
#12482 = CARTESIAN_POINT('',(460.56896551724,152.5,60.));
#12483 = VECTOR('',#12484,1.);
#12484 = DIRECTION('',(0.,0.,1.));
#12485 = ORIENTED_EDGE('',*,*,#12486,.F.);
#12486 = EDGE_CURVE('',#12463,#12479,#12487,.T.);
#12487 = LINE('',#12488,#12489);
#12488 = CARTESIAN_POINT('',(460.56896551724,15.,68.5));
#12489 = VECTOR('',#12490,1.);
#12490 = DIRECTION('',(-0.,1.,0.));
#12491 = PLANE('',#12492);
#12492 = AXIS2_PLACEMENT_3D('',#12493,#12494,#12495);
#12493 = CARTESIAN_POINT('',(460.56896551724,15.,60.));
#12494 = DIRECTION('',(1.,0.,-0.));
#12495 = DIRECTION('',(0.,0.,1.));
#12496 = ADVANCED_FACE('',(#12497),#12531,.T.);
#12497 = FACE_BOUND('',#12498,.T.);
#12498 = EDGE_LOOP('',(#12499,#12509,#12517,#12525));
#12499 = ORIENTED_EDGE('',*,*,#12500,.F.);
#12500 = EDGE_CURVE('',#12501,#12503,#12505,.T.);
#12501 = VERTEX_POINT('',#12502);
#12502 = CARTESIAN_POINT('',(483.12068965517,15.,60.));
#12503 = VERTEX_POINT('',#12504);
#12504 = CARTESIAN_POINT('',(483.12068965517,15.,68.5));
#12505 = LINE('',#12506,#12507);
#12506 = CARTESIAN_POINT('',(483.12068965517,15.,60.));
#12507 = VECTOR('',#12508,1.);
#12508 = DIRECTION('',(0.,0.,1.));
#12509 = ORIENTED_EDGE('',*,*,#12510,.T.);
#12510 = EDGE_CURVE('',#12501,#12511,#12513,.T.);
#12511 = VERTEX_POINT('',#12512);
#12512 = CARTESIAN_POINT('',(483.12068965517,152.5,60.));
#12513 = LINE('',#12514,#12515);
#12514 = CARTESIAN_POINT('',(483.12068965517,15.,60.));
#12515 = VECTOR('',#12516,1.);
#12516 = DIRECTION('',(-0.,1.,0.));
#12517 = ORIENTED_EDGE('',*,*,#12518,.T.);
#12518 = EDGE_CURVE('',#12511,#12519,#12521,.T.);
#12519 = VERTEX_POINT('',#12520);
#12520 = CARTESIAN_POINT('',(483.12068965517,152.5,68.5));
#12521 = LINE('',#12522,#12523);
#12522 = CARTESIAN_POINT('',(483.12068965517,152.5,60.));
#12523 = VECTOR('',#12524,1.);
#12524 = DIRECTION('',(0.,0.,1.));
#12525 = ORIENTED_EDGE('',*,*,#12526,.F.);
#12526 = EDGE_CURVE('',#12503,#12519,#12527,.T.);
#12527 = LINE('',#12528,#12529);
#12528 = CARTESIAN_POINT('',(483.12068965517,15.,68.5));
#12529 = VECTOR('',#12530,1.);
#12530 = DIRECTION('',(-0.,1.,0.));
#12531 = PLANE('',#12532);
#12532 = AXIS2_PLACEMENT_3D('',#12533,#12534,#12535);
#12533 = CARTESIAN_POINT('',(483.12068965517,15.,60.));
#12534 = DIRECTION('',(1.,0.,-0.));
#12535 = DIRECTION('',(0.,0.,1.));
#12536 = ADVANCED_FACE('',(#12537),#12553,.F.);
#12537 = FACE_BOUND('',#12538,.F.);
#12538 = EDGE_LOOP('',(#12539,#12545,#12546,#12552));
#12539 = ORIENTED_EDGE('',*,*,#12540,.F.);
#12540 = EDGE_CURVE('',#12461,#12501,#12541,.T.);
#12541 = LINE('',#12542,#12543);
#12542 = CARTESIAN_POINT('',(460.56896551724,15.,60.));
#12543 = VECTOR('',#12544,1.);
#12544 = DIRECTION('',(1.,0.,-0.));
#12545 = ORIENTED_EDGE('',*,*,#12460,.T.);
#12546 = ORIENTED_EDGE('',*,*,#12547,.T.);
#12547 = EDGE_CURVE('',#12463,#12503,#12548,.T.);
#12548 = LINE('',#12549,#12550);
#12549 = CARTESIAN_POINT('',(460.56896551724,15.,68.5));
#12550 = VECTOR('',#12551,1.);
#12551 = DIRECTION('',(1.,0.,-0.));
#12552 = ORIENTED_EDGE('',*,*,#12500,.F.);
#12553 = PLANE('',#12554);
#12554 = AXIS2_PLACEMENT_3D('',#12555,#12556,#12557);
#12555 = CARTESIAN_POINT('',(460.56896551724,15.,60.));
#12556 = DIRECTION('',(-0.,1.,0.));
#12557 = DIRECTION('',(0.,0.,1.));
#12558 = ADVANCED_FACE('',(#12559),#12575,.T.);
#12559 = FACE_BOUND('',#12560,.T.);
#12560 = EDGE_LOOP('',(#12561,#12567,#12568,#12574));
#12561 = ORIENTED_EDGE('',*,*,#12562,.F.);
#12562 = EDGE_CURVE('',#12471,#12511,#12563,.T.);
#12563 = LINE('',#12564,#12565);
#12564 = CARTESIAN_POINT('',(460.56896551724,152.5,60.));
#12565 = VECTOR('',#12566,1.);
#12566 = DIRECTION('',(1.,0.,-0.));
#12567 = ORIENTED_EDGE('',*,*,#12478,.T.);
#12568 = ORIENTED_EDGE('',*,*,#12569,.T.);
#12569 = EDGE_CURVE('',#12479,#12519,#12570,.T.);
#12570 = LINE('',#12571,#12572);
#12571 = CARTESIAN_POINT('',(460.56896551724,152.5,68.5));
#12572 = VECTOR('',#12573,1.);
#12573 = DIRECTION('',(1.,0.,-0.));
#12574 = ORIENTED_EDGE('',*,*,#12518,.F.);
#12575 = PLANE('',#12576);
#12576 = AXIS2_PLACEMENT_3D('',#12577,#12578,#12579);
#12577 = CARTESIAN_POINT('',(460.56896551724,152.5,60.));
#12578 = DIRECTION('',(-0.,1.,0.));
#12579 = DIRECTION('',(0.,0.,1.));
#12580 = ADVANCED_FACE('',(#12581),#12587,.F.);
#12581 = FACE_BOUND('',#12582,.F.);
#12582 = EDGE_LOOP('',(#12583,#12584,#12585,#12586));
#12583 = ORIENTED_EDGE('',*,*,#12470,.F.);
#12584 = ORIENTED_EDGE('',*,*,#12540,.T.);
#12585 = ORIENTED_EDGE('',*,*,#12510,.T.);
#12586 = ORIENTED_EDGE('',*,*,#12562,.F.);
#12587 = PLANE('',#12588);
#12588 = AXIS2_PLACEMENT_3D('',#12589,#12590,#12591);
#12589 = CARTESIAN_POINT('',(460.56896551724,15.,60.));
#12590 = DIRECTION('',(0.,0.,1.));
#12591 = DIRECTION('',(1.,0.,-0.));
#12592 = ADVANCED_FACE('',(#12593),#12599,.T.);
#12593 = FACE_BOUND('',#12594,.T.);
#12594 = EDGE_LOOP('',(#12595,#12596,#12597,#12598));
#12595 = ORIENTED_EDGE('',*,*,#12486,.F.);
#12596 = ORIENTED_EDGE('',*,*,#12547,.T.);
#12597 = ORIENTED_EDGE('',*,*,#12526,.T.);
#12598 = ORIENTED_EDGE('',*,*,#12569,.F.);
#12599 = PLANE('',#12600);
#12600 = AXIS2_PLACEMENT_3D('',#12601,#12602,#12603);
#12601 = CARTESIAN_POINT('',(460.56896551724,15.,68.5));
#12602 = DIRECTION('',(0.,0.,1.));
#12603 = DIRECTION('',(1.,0.,-0.));
#12604 = MANIFOLD_SOLID_BREP('',#12605);
#12605 = CLOSED_SHELL('',(#12606,#12646,#12686,#12708,#12730,#12742));
#12606 = ADVANCED_FACE('',(#12607),#12641,.F.);
#12607 = FACE_BOUND('',#12608,.F.);
#12608 = EDGE_LOOP('',(#12609,#12619,#12627,#12635));
#12609 = ORIENTED_EDGE('',*,*,#12610,.F.);
#12610 = EDGE_CURVE('',#12611,#12613,#12615,.T.);
#12611 = VERTEX_POINT('',#12612);
#12612 = CARTESIAN_POINT('',(484.12068965517,15.,60.));
#12613 = VERTEX_POINT('',#12614);
#12614 = CARTESIAN_POINT('',(484.12068965517,15.,68.5));
#12615 = LINE('',#12616,#12617);
#12616 = CARTESIAN_POINT('',(484.12068965517,15.,60.));
#12617 = VECTOR('',#12618,1.);
#12618 = DIRECTION('',(0.,0.,1.));
#12619 = ORIENTED_EDGE('',*,*,#12620,.T.);
#12620 = EDGE_CURVE('',#12611,#12621,#12623,.T.);
#12621 = VERTEX_POINT('',#12622);
#12622 = CARTESIAN_POINT('',(484.12068965517,152.5,60.));
#12623 = LINE('',#12624,#12625);
#12624 = CARTESIAN_POINT('',(484.12068965517,15.,60.));
#12625 = VECTOR('',#12626,1.);
#12626 = DIRECTION('',(-0.,1.,0.));
#12627 = ORIENTED_EDGE('',*,*,#12628,.T.);
#12628 = EDGE_CURVE('',#12621,#12629,#12631,.T.);
#12629 = VERTEX_POINT('',#12630);
#12630 = CARTESIAN_POINT('',(484.12068965517,152.5,68.5));
#12631 = LINE('',#12632,#12633);
#12632 = CARTESIAN_POINT('',(484.12068965517,152.5,60.));
#12633 = VECTOR('',#12634,1.);
#12634 = DIRECTION('',(0.,0.,1.));
#12635 = ORIENTED_EDGE('',*,*,#12636,.F.);
#12636 = EDGE_CURVE('',#12613,#12629,#12637,.T.);
#12637 = LINE('',#12638,#12639);
#12638 = CARTESIAN_POINT('',(484.12068965517,15.,68.5));
#12639 = VECTOR('',#12640,1.);
#12640 = DIRECTION('',(-0.,1.,0.));
#12641 = PLANE('',#12642);
#12642 = AXIS2_PLACEMENT_3D('',#12643,#12644,#12645);
#12643 = CARTESIAN_POINT('',(484.12068965517,15.,60.));
#12644 = DIRECTION('',(1.,0.,-0.));
#12645 = DIRECTION('',(0.,0.,1.));
#12646 = ADVANCED_FACE('',(#12647),#12681,.T.);
#12647 = FACE_BOUND('',#12648,.T.);
#12648 = EDGE_LOOP('',(#12649,#12659,#12667,#12675));
#12649 = ORIENTED_EDGE('',*,*,#12650,.F.);
#12650 = EDGE_CURVE('',#12651,#12653,#12655,.T.);
#12651 = VERTEX_POINT('',#12652);
#12652 = CARTESIAN_POINT('',(506.6724137931,15.,60.));
#12653 = VERTEX_POINT('',#12654);
#12654 = CARTESIAN_POINT('',(506.6724137931,15.,68.5));
#12655 = LINE('',#12656,#12657);
#12656 = CARTESIAN_POINT('',(506.6724137931,15.,60.));
#12657 = VECTOR('',#12658,1.);
#12658 = DIRECTION('',(0.,0.,1.));
#12659 = ORIENTED_EDGE('',*,*,#12660,.T.);
#12660 = EDGE_CURVE('',#12651,#12661,#12663,.T.);
#12661 = VERTEX_POINT('',#12662);
#12662 = CARTESIAN_POINT('',(506.6724137931,152.5,60.));
#12663 = LINE('',#12664,#12665);
#12664 = CARTESIAN_POINT('',(506.6724137931,15.,60.));
#12665 = VECTOR('',#12666,1.);
#12666 = DIRECTION('',(-0.,1.,0.));
#12667 = ORIENTED_EDGE('',*,*,#12668,.T.);
#12668 = EDGE_CURVE('',#12661,#12669,#12671,.T.);
#12669 = VERTEX_POINT('',#12670);
#12670 = CARTESIAN_POINT('',(506.6724137931,152.5,68.5));
#12671 = LINE('',#12672,#12673);
#12672 = CARTESIAN_POINT('',(506.6724137931,152.5,60.));
#12673 = VECTOR('',#12674,1.);
#12674 = DIRECTION('',(0.,0.,1.));
#12675 = ORIENTED_EDGE('',*,*,#12676,.F.);
#12676 = EDGE_CURVE('',#12653,#12669,#12677,.T.);
#12677 = LINE('',#12678,#12679);
#12678 = CARTESIAN_POINT('',(506.6724137931,15.,68.5));
#12679 = VECTOR('',#12680,1.);
#12680 = DIRECTION('',(-0.,1.,0.));
#12681 = PLANE('',#12682);
#12682 = AXIS2_PLACEMENT_3D('',#12683,#12684,#12685);
#12683 = CARTESIAN_POINT('',(506.6724137931,15.,60.));
#12684 = DIRECTION('',(1.,0.,-0.));
#12685 = DIRECTION('',(0.,0.,1.));
#12686 = ADVANCED_FACE('',(#12687),#12703,.F.);
#12687 = FACE_BOUND('',#12688,.F.);
#12688 = EDGE_LOOP('',(#12689,#12695,#12696,#12702));
#12689 = ORIENTED_EDGE('',*,*,#12690,.F.);
#12690 = EDGE_CURVE('',#12611,#12651,#12691,.T.);
#12691 = LINE('',#12692,#12693);
#12692 = CARTESIAN_POINT('',(484.12068965517,15.,60.));
#12693 = VECTOR('',#12694,1.);
#12694 = DIRECTION('',(1.,0.,-0.));
#12695 = ORIENTED_EDGE('',*,*,#12610,.T.);
#12696 = ORIENTED_EDGE('',*,*,#12697,.T.);
#12697 = EDGE_CURVE('',#12613,#12653,#12698,.T.);
#12698 = LINE('',#12699,#12700);
#12699 = CARTESIAN_POINT('',(484.12068965517,15.,68.5));
#12700 = VECTOR('',#12701,1.);
#12701 = DIRECTION('',(1.,0.,-0.));
#12702 = ORIENTED_EDGE('',*,*,#12650,.F.);
#12703 = PLANE('',#12704);
#12704 = AXIS2_PLACEMENT_3D('',#12705,#12706,#12707);
#12705 = CARTESIAN_POINT('',(484.12068965517,15.,60.));
#12706 = DIRECTION('',(-0.,1.,0.));
#12707 = DIRECTION('',(0.,0.,1.));
#12708 = ADVANCED_FACE('',(#12709),#12725,.T.);
#12709 = FACE_BOUND('',#12710,.T.);
#12710 = EDGE_LOOP('',(#12711,#12717,#12718,#12724));
#12711 = ORIENTED_EDGE('',*,*,#12712,.F.);
#12712 = EDGE_CURVE('',#12621,#12661,#12713,.T.);
#12713 = LINE('',#12714,#12715);
#12714 = CARTESIAN_POINT('',(484.12068965517,152.5,60.));
#12715 = VECTOR('',#12716,1.);
#12716 = DIRECTION('',(1.,0.,-0.));
#12717 = ORIENTED_EDGE('',*,*,#12628,.T.);
#12718 = ORIENTED_EDGE('',*,*,#12719,.T.);
#12719 = EDGE_CURVE('',#12629,#12669,#12720,.T.);
#12720 = LINE('',#12721,#12722);
#12721 = CARTESIAN_POINT('',(484.12068965517,152.5,68.5));
#12722 = VECTOR('',#12723,1.);
#12723 = DIRECTION('',(1.,0.,-0.));
#12724 = ORIENTED_EDGE('',*,*,#12668,.F.);
#12725 = PLANE('',#12726);
#12726 = AXIS2_PLACEMENT_3D('',#12727,#12728,#12729);
#12727 = CARTESIAN_POINT('',(484.12068965517,152.5,60.));
#12728 = DIRECTION('',(-0.,1.,0.));
#12729 = DIRECTION('',(0.,0.,1.));
#12730 = ADVANCED_FACE('',(#12731),#12737,.F.);
#12731 = FACE_BOUND('',#12732,.F.);
#12732 = EDGE_LOOP('',(#12733,#12734,#12735,#12736));
#12733 = ORIENTED_EDGE('',*,*,#12620,.F.);
#12734 = ORIENTED_EDGE('',*,*,#12690,.T.);
#12735 = ORIENTED_EDGE('',*,*,#12660,.T.);
#12736 = ORIENTED_EDGE('',*,*,#12712,.F.);
#12737 = PLANE('',#12738);
#12738 = AXIS2_PLACEMENT_3D('',#12739,#12740,#12741);
#12739 = CARTESIAN_POINT('',(484.12068965517,15.,60.));
#12740 = DIRECTION('',(0.,0.,1.));
#12741 = DIRECTION('',(1.,0.,-0.));
#12742 = ADVANCED_FACE('',(#12743),#12749,.T.);
#12743 = FACE_BOUND('',#12744,.T.);
#12744 = EDGE_LOOP('',(#12745,#12746,#12747,#12748));
#12745 = ORIENTED_EDGE('',*,*,#12636,.F.);
#12746 = ORIENTED_EDGE('',*,*,#12697,.T.);
#12747 = ORIENTED_EDGE('',*,*,#12676,.T.);
#12748 = ORIENTED_EDGE('',*,*,#12719,.F.);
#12749 = PLANE('',#12750);
#12750 = AXIS2_PLACEMENT_3D('',#12751,#12752,#12753);
#12751 = CARTESIAN_POINT('',(484.12068965517,15.,68.5));
#12752 = DIRECTION('',(0.,0.,1.));
#12753 = DIRECTION('',(1.,0.,-0.));
#12754 = MANIFOLD_SOLID_BREP('',#12755);
#12755 = CLOSED_SHELL('',(#12756,#12796,#12836,#12858,#12880,#12892));
#12756 = ADVANCED_FACE('',(#12757),#12791,.F.);
#12757 = FACE_BOUND('',#12758,.F.);
#12758 = EDGE_LOOP('',(#12759,#12769,#12777,#12785));
#12759 = ORIENTED_EDGE('',*,*,#12760,.F.);
#12760 = EDGE_CURVE('',#12761,#12763,#12765,.T.);
#12761 = VERTEX_POINT('',#12762);
#12762 = CARTESIAN_POINT('',(507.6724137931,15.,60.));
#12763 = VERTEX_POINT('',#12764);
#12764 = CARTESIAN_POINT('',(507.6724137931,15.,68.5));
#12765 = LINE('',#12766,#12767);
#12766 = CARTESIAN_POINT('',(507.6724137931,15.,60.));
#12767 = VECTOR('',#12768,1.);
#12768 = DIRECTION('',(0.,0.,1.));
#12769 = ORIENTED_EDGE('',*,*,#12770,.T.);
#12770 = EDGE_CURVE('',#12761,#12771,#12773,.T.);
#12771 = VERTEX_POINT('',#12772);
#12772 = CARTESIAN_POINT('',(507.6724137931,152.5,60.));
#12773 = LINE('',#12774,#12775);
#12774 = CARTESIAN_POINT('',(507.6724137931,15.,60.));
#12775 = VECTOR('',#12776,1.);
#12776 = DIRECTION('',(-0.,1.,0.));
#12777 = ORIENTED_EDGE('',*,*,#12778,.T.);
#12778 = EDGE_CURVE('',#12771,#12779,#12781,.T.);
#12779 = VERTEX_POINT('',#12780);
#12780 = CARTESIAN_POINT('',(507.6724137931,152.5,68.5));
#12781 = LINE('',#12782,#12783);
#12782 = CARTESIAN_POINT('',(507.6724137931,152.5,60.));
#12783 = VECTOR('',#12784,1.);
#12784 = DIRECTION('',(0.,0.,1.));
#12785 = ORIENTED_EDGE('',*,*,#12786,.F.);
#12786 = EDGE_CURVE('',#12763,#12779,#12787,.T.);
#12787 = LINE('',#12788,#12789);
#12788 = CARTESIAN_POINT('',(507.6724137931,15.,68.5));
#12789 = VECTOR('',#12790,1.);
#12790 = DIRECTION('',(-0.,1.,0.));
#12791 = PLANE('',#12792);
#12792 = AXIS2_PLACEMENT_3D('',#12793,#12794,#12795);
#12793 = CARTESIAN_POINT('',(507.6724137931,15.,60.));
#12794 = DIRECTION('',(1.,0.,-0.));
#12795 = DIRECTION('',(0.,0.,1.));
#12796 = ADVANCED_FACE('',(#12797),#12831,.T.);
#12797 = FACE_BOUND('',#12798,.T.);
#12798 = EDGE_LOOP('',(#12799,#12809,#12817,#12825));
#12799 = ORIENTED_EDGE('',*,*,#12800,.F.);
#12800 = EDGE_CURVE('',#12801,#12803,#12805,.T.);
#12801 = VERTEX_POINT('',#12802);
#12802 = CARTESIAN_POINT('',(530.22413793103,15.,60.));
#12803 = VERTEX_POINT('',#12804);
#12804 = CARTESIAN_POINT('',(530.22413793103,15.,68.5));
#12805 = LINE('',#12806,#12807);
#12806 = CARTESIAN_POINT('',(530.22413793103,15.,60.));
#12807 = VECTOR('',#12808,1.);
#12808 = DIRECTION('',(0.,0.,1.));
#12809 = ORIENTED_EDGE('',*,*,#12810,.T.);
#12810 = EDGE_CURVE('',#12801,#12811,#12813,.T.);
#12811 = VERTEX_POINT('',#12812);
#12812 = CARTESIAN_POINT('',(530.22413793103,152.5,60.));
#12813 = LINE('',#12814,#12815);
#12814 = CARTESIAN_POINT('',(530.22413793103,15.,60.));
#12815 = VECTOR('',#12816,1.);
#12816 = DIRECTION('',(-0.,1.,0.));
#12817 = ORIENTED_EDGE('',*,*,#12818,.T.);
#12818 = EDGE_CURVE('',#12811,#12819,#12821,.T.);
#12819 = VERTEX_POINT('',#12820);
#12820 = CARTESIAN_POINT('',(530.22413793103,152.5,68.5));
#12821 = LINE('',#12822,#12823);
#12822 = CARTESIAN_POINT('',(530.22413793103,152.5,60.));
#12823 = VECTOR('',#12824,1.);
#12824 = DIRECTION('',(0.,0.,1.));
#12825 = ORIENTED_EDGE('',*,*,#12826,.F.);
#12826 = EDGE_CURVE('',#12803,#12819,#12827,.T.);
#12827 = LINE('',#12828,#12829);
#12828 = CARTESIAN_POINT('',(530.22413793103,15.,68.5));
#12829 = VECTOR('',#12830,1.);
#12830 = DIRECTION('',(-0.,1.,0.));
#12831 = PLANE('',#12832);
#12832 = AXIS2_PLACEMENT_3D('',#12833,#12834,#12835);
#12833 = CARTESIAN_POINT('',(530.22413793103,15.,60.));
#12834 = DIRECTION('',(1.,0.,-0.));
#12835 = DIRECTION('',(0.,0.,1.));
#12836 = ADVANCED_FACE('',(#12837),#12853,.F.);
#12837 = FACE_BOUND('',#12838,.F.);
#12838 = EDGE_LOOP('',(#12839,#12845,#12846,#12852));
#12839 = ORIENTED_EDGE('',*,*,#12840,.F.);
#12840 = EDGE_CURVE('',#12761,#12801,#12841,.T.);
#12841 = LINE('',#12842,#12843);
#12842 = CARTESIAN_POINT('',(507.6724137931,15.,60.));
#12843 = VECTOR('',#12844,1.);
#12844 = DIRECTION('',(1.,0.,-0.));
#12845 = ORIENTED_EDGE('',*,*,#12760,.T.);
#12846 = ORIENTED_EDGE('',*,*,#12847,.T.);
#12847 = EDGE_CURVE('',#12763,#12803,#12848,.T.);
#12848 = LINE('',#12849,#12850);
#12849 = CARTESIAN_POINT('',(507.6724137931,15.,68.5));
#12850 = VECTOR('',#12851,1.);
#12851 = DIRECTION('',(1.,0.,-0.));
#12852 = ORIENTED_EDGE('',*,*,#12800,.F.);
#12853 = PLANE('',#12854);
#12854 = AXIS2_PLACEMENT_3D('',#12855,#12856,#12857);
#12855 = CARTESIAN_POINT('',(507.6724137931,15.,60.));
#12856 = DIRECTION('',(-0.,1.,0.));
#12857 = DIRECTION('',(0.,0.,1.));
#12858 = ADVANCED_FACE('',(#12859),#12875,.T.);
#12859 = FACE_BOUND('',#12860,.T.);
#12860 = EDGE_LOOP('',(#12861,#12867,#12868,#12874));
#12861 = ORIENTED_EDGE('',*,*,#12862,.F.);
#12862 = EDGE_CURVE('',#12771,#12811,#12863,.T.);
#12863 = LINE('',#12864,#12865);
#12864 = CARTESIAN_POINT('',(507.6724137931,152.5,60.));
#12865 = VECTOR('',#12866,1.);
#12866 = DIRECTION('',(1.,0.,-0.));
#12867 = ORIENTED_EDGE('',*,*,#12778,.T.);
#12868 = ORIENTED_EDGE('',*,*,#12869,.T.);
#12869 = EDGE_CURVE('',#12779,#12819,#12870,.T.);
#12870 = LINE('',#12871,#12872);
#12871 = CARTESIAN_POINT('',(507.6724137931,152.5,68.5));
#12872 = VECTOR('',#12873,1.);
#12873 = DIRECTION('',(1.,0.,-0.));
#12874 = ORIENTED_EDGE('',*,*,#12818,.F.);
#12875 = PLANE('',#12876);
#12876 = AXIS2_PLACEMENT_3D('',#12877,#12878,#12879);
#12877 = CARTESIAN_POINT('',(507.6724137931,152.5,60.));
#12878 = DIRECTION('',(-0.,1.,0.));
#12879 = DIRECTION('',(0.,0.,1.));
#12880 = ADVANCED_FACE('',(#12881),#12887,.F.);
#12881 = FACE_BOUND('',#12882,.F.);
#12882 = EDGE_LOOP('',(#12883,#12884,#12885,#12886));
#12883 = ORIENTED_EDGE('',*,*,#12770,.F.);
#12884 = ORIENTED_EDGE('',*,*,#12840,.T.);
#12885 = ORIENTED_EDGE('',*,*,#12810,.T.);
#12886 = ORIENTED_EDGE('',*,*,#12862,.F.);
#12887 = PLANE('',#12888);
#12888 = AXIS2_PLACEMENT_3D('',#12889,#12890,#12891);
#12889 = CARTESIAN_POINT('',(507.6724137931,15.,60.));
#12890 = DIRECTION('',(0.,0.,1.));
#12891 = DIRECTION('',(1.,0.,-0.));
#12892 = ADVANCED_FACE('',(#12893),#12899,.T.);
#12893 = FACE_BOUND('',#12894,.T.);
#12894 = EDGE_LOOP('',(#12895,#12896,#12897,#12898));
#12895 = ORIENTED_EDGE('',*,*,#12786,.F.);
#12896 = ORIENTED_EDGE('',*,*,#12847,.T.);
#12897 = ORIENTED_EDGE('',*,*,#12826,.T.);
#12898 = ORIENTED_EDGE('',*,*,#12869,.F.);
#12899 = PLANE('',#12900);
#12900 = AXIS2_PLACEMENT_3D('',#12901,#12902,#12903);
#12901 = CARTESIAN_POINT('',(507.6724137931,15.,68.5));
#12902 = DIRECTION('',(0.,0.,1.));
#12903 = DIRECTION('',(1.,0.,-0.));
#12904 = MANIFOLD_SOLID_BREP('',#12905);
#12905 = CLOSED_SHELL('',(#12906,#12946,#12986,#13008,#13030,#13042));
#12906 = ADVANCED_FACE('',(#12907),#12941,.F.);
#12907 = FACE_BOUND('',#12908,.F.);
#12908 = EDGE_LOOP('',(#12909,#12919,#12927,#12935));
#12909 = ORIENTED_EDGE('',*,*,#12910,.F.);
#12910 = EDGE_CURVE('',#12911,#12913,#12915,.T.);
#12911 = VERTEX_POINT('',#12912);
#12912 = CARTESIAN_POINT('',(531.22413793103,15.,60.));
#12913 = VERTEX_POINT('',#12914);
#12914 = CARTESIAN_POINT('',(531.22413793103,15.,68.5));
#12915 = LINE('',#12916,#12917);
#12916 = CARTESIAN_POINT('',(531.22413793103,15.,60.));
#12917 = VECTOR('',#12918,1.);
#12918 = DIRECTION('',(0.,0.,1.));
#12919 = ORIENTED_EDGE('',*,*,#12920,.T.);
#12920 = EDGE_CURVE('',#12911,#12921,#12923,.T.);
#12921 = VERTEX_POINT('',#12922);
#12922 = CARTESIAN_POINT('',(531.22413793103,152.5,60.));
#12923 = LINE('',#12924,#12925);
#12924 = CARTESIAN_POINT('',(531.22413793103,15.,60.));
#12925 = VECTOR('',#12926,1.);
#12926 = DIRECTION('',(-0.,1.,0.));
#12927 = ORIENTED_EDGE('',*,*,#12928,.T.);
#12928 = EDGE_CURVE('',#12921,#12929,#12931,.T.);
#12929 = VERTEX_POINT('',#12930);
#12930 = CARTESIAN_POINT('',(531.22413793103,152.5,68.5));
#12931 = LINE('',#12932,#12933);
#12932 = CARTESIAN_POINT('',(531.22413793103,152.5,60.));
#12933 = VECTOR('',#12934,1.);
#12934 = DIRECTION('',(0.,0.,1.));
#12935 = ORIENTED_EDGE('',*,*,#12936,.F.);
#12936 = EDGE_CURVE('',#12913,#12929,#12937,.T.);
#12937 = LINE('',#12938,#12939);
#12938 = CARTESIAN_POINT('',(531.22413793103,15.,68.5));
#12939 = VECTOR('',#12940,1.);
#12940 = DIRECTION('',(-0.,1.,0.));
#12941 = PLANE('',#12942);
#12942 = AXIS2_PLACEMENT_3D('',#12943,#12944,#12945);
#12943 = CARTESIAN_POINT('',(531.22413793103,15.,60.));
#12944 = DIRECTION('',(1.,0.,-0.));
#12945 = DIRECTION('',(0.,0.,1.));
#12946 = ADVANCED_FACE('',(#12947),#12981,.T.);
#12947 = FACE_BOUND('',#12948,.T.);
#12948 = EDGE_LOOP('',(#12949,#12959,#12967,#12975));
#12949 = ORIENTED_EDGE('',*,*,#12950,.F.);
#12950 = EDGE_CURVE('',#12951,#12953,#12955,.T.);
#12951 = VERTEX_POINT('',#12952);
#12952 = CARTESIAN_POINT('',(553.77586206896,15.,60.));
#12953 = VERTEX_POINT('',#12954);
#12954 = CARTESIAN_POINT('',(553.77586206896,15.,68.5));
#12955 = LINE('',#12956,#12957);
#12956 = CARTESIAN_POINT('',(553.77586206896,15.,60.));
#12957 = VECTOR('',#12958,1.);
#12958 = DIRECTION('',(0.,0.,1.));
#12959 = ORIENTED_EDGE('',*,*,#12960,.T.);
#12960 = EDGE_CURVE('',#12951,#12961,#12963,.T.);
#12961 = VERTEX_POINT('',#12962);
#12962 = CARTESIAN_POINT('',(553.77586206896,152.5,60.));
#12963 = LINE('',#12964,#12965);
#12964 = CARTESIAN_POINT('',(553.77586206896,15.,60.));
#12965 = VECTOR('',#12966,1.);
#12966 = DIRECTION('',(-0.,1.,0.));
#12967 = ORIENTED_EDGE('',*,*,#12968,.T.);
#12968 = EDGE_CURVE('',#12961,#12969,#12971,.T.);
#12969 = VERTEX_POINT('',#12970);
#12970 = CARTESIAN_POINT('',(553.77586206896,152.5,68.5));
#12971 = LINE('',#12972,#12973);
#12972 = CARTESIAN_POINT('',(553.77586206896,152.5,60.));
#12973 = VECTOR('',#12974,1.);
#12974 = DIRECTION('',(0.,0.,1.));
#12975 = ORIENTED_EDGE('',*,*,#12976,.F.);
#12976 = EDGE_CURVE('',#12953,#12969,#12977,.T.);
#12977 = LINE('',#12978,#12979);
#12978 = CARTESIAN_POINT('',(553.77586206896,15.,68.5));
#12979 = VECTOR('',#12980,1.);
#12980 = DIRECTION('',(-0.,1.,0.));
#12981 = PLANE('',#12982);
#12982 = AXIS2_PLACEMENT_3D('',#12983,#12984,#12985);
#12983 = CARTESIAN_POINT('',(553.77586206896,15.,60.));
#12984 = DIRECTION('',(1.,0.,-0.));
#12985 = DIRECTION('',(0.,0.,1.));
#12986 = ADVANCED_FACE('',(#12987),#13003,.F.);
#12987 = FACE_BOUND('',#12988,.F.);
#12988 = EDGE_LOOP('',(#12989,#12995,#12996,#13002));
#12989 = ORIENTED_EDGE('',*,*,#12990,.F.);
#12990 = EDGE_CURVE('',#12911,#12951,#12991,.T.);
#12991 = LINE('',#12992,#12993);
#12992 = CARTESIAN_POINT('',(531.22413793103,15.,60.));
#12993 = VECTOR('',#12994,1.);
#12994 = DIRECTION('',(1.,0.,-0.));
#12995 = ORIENTED_EDGE('',*,*,#12910,.T.);
#12996 = ORIENTED_EDGE('',*,*,#12997,.T.);
#12997 = EDGE_CURVE('',#12913,#12953,#12998,.T.);
#12998 = LINE('',#12999,#13000);
#12999 = CARTESIAN_POINT('',(531.22413793103,15.,68.5));
#13000 = VECTOR('',#13001,1.);
#13001 = DIRECTION('',(1.,0.,-0.));
#13002 = ORIENTED_EDGE('',*,*,#12950,.F.);
#13003 = PLANE('',#13004);
#13004 = AXIS2_PLACEMENT_3D('',#13005,#13006,#13007);
#13005 = CARTESIAN_POINT('',(531.22413793103,15.,60.));
#13006 = DIRECTION('',(-0.,1.,0.));
#13007 = DIRECTION('',(0.,0.,1.));
#13008 = ADVANCED_FACE('',(#13009),#13025,.T.);
#13009 = FACE_BOUND('',#13010,.T.);
#13010 = EDGE_LOOP('',(#13011,#13017,#13018,#13024));
#13011 = ORIENTED_EDGE('',*,*,#13012,.F.);
#13012 = EDGE_CURVE('',#12921,#12961,#13013,.T.);
#13013 = LINE('',#13014,#13015);
#13014 = CARTESIAN_POINT('',(531.22413793103,152.5,60.));
#13015 = VECTOR('',#13016,1.);
#13016 = DIRECTION('',(1.,0.,-0.));
#13017 = ORIENTED_EDGE('',*,*,#12928,.T.);
#13018 = ORIENTED_EDGE('',*,*,#13019,.T.);
#13019 = EDGE_CURVE('',#12929,#12969,#13020,.T.);
#13020 = LINE('',#13021,#13022);
#13021 = CARTESIAN_POINT('',(531.22413793103,152.5,68.5));
#13022 = VECTOR('',#13023,1.);
#13023 = DIRECTION('',(1.,0.,-0.));
#13024 = ORIENTED_EDGE('',*,*,#12968,.F.);
#13025 = PLANE('',#13026);
#13026 = AXIS2_PLACEMENT_3D('',#13027,#13028,#13029);
#13027 = CARTESIAN_POINT('',(531.22413793103,152.5,60.));
#13028 = DIRECTION('',(-0.,1.,0.));
#13029 = DIRECTION('',(0.,0.,1.));
#13030 = ADVANCED_FACE('',(#13031),#13037,.F.);
#13031 = FACE_BOUND('',#13032,.F.);
#13032 = EDGE_LOOP('',(#13033,#13034,#13035,#13036));
#13033 = ORIENTED_EDGE('',*,*,#12920,.F.);
#13034 = ORIENTED_EDGE('',*,*,#12990,.T.);
#13035 = ORIENTED_EDGE('',*,*,#12960,.T.);
#13036 = ORIENTED_EDGE('',*,*,#13012,.F.);
#13037 = PLANE('',#13038);
#13038 = AXIS2_PLACEMENT_3D('',#13039,#13040,#13041);
#13039 = CARTESIAN_POINT('',(531.22413793103,15.,60.));
#13040 = DIRECTION('',(0.,0.,1.));
#13041 = DIRECTION('',(1.,0.,-0.));
#13042 = ADVANCED_FACE('',(#13043),#13049,.T.);
#13043 = FACE_BOUND('',#13044,.T.);
#13044 = EDGE_LOOP('',(#13045,#13046,#13047,#13048));
#13045 = ORIENTED_EDGE('',*,*,#12936,.F.);
#13046 = ORIENTED_EDGE('',*,*,#12997,.T.);
#13047 = ORIENTED_EDGE('',*,*,#12976,.T.);
#13048 = ORIENTED_EDGE('',*,*,#13019,.F.);
#13049 = PLANE('',#13050);
#13050 = AXIS2_PLACEMENT_3D('',#13051,#13052,#13053);
#13051 = CARTESIAN_POINT('',(531.22413793103,15.,68.5));
#13052 = DIRECTION('',(0.,0.,1.));
#13053 = DIRECTION('',(1.,0.,-0.));
#13054 = MANIFOLD_SOLID_BREP('',#13055);
#13055 = CLOSED_SHELL('',(#13056,#13096,#13136,#13158,#13180,#13192));
#13056 = ADVANCED_FACE('',(#13057),#13091,.F.);
#13057 = FACE_BOUND('',#13058,.F.);
#13058 = EDGE_LOOP('',(#13059,#13069,#13077,#13085));
#13059 = ORIENTED_EDGE('',*,*,#13060,.F.);
#13060 = EDGE_CURVE('',#13061,#13063,#13065,.T.);
#13061 = VERTEX_POINT('',#13062);
#13062 = CARTESIAN_POINT('',(554.77586206896,15.,60.));
#13063 = VERTEX_POINT('',#13064);
#13064 = CARTESIAN_POINT('',(554.77586206896,15.,68.5));
#13065 = LINE('',#13066,#13067);
#13066 = CARTESIAN_POINT('',(554.77586206896,15.,60.));
#13067 = VECTOR('',#13068,1.);
#13068 = DIRECTION('',(0.,0.,1.));
#13069 = ORIENTED_EDGE('',*,*,#13070,.T.);
#13070 = EDGE_CURVE('',#13061,#13071,#13073,.T.);
#13071 = VERTEX_POINT('',#13072);
#13072 = CARTESIAN_POINT('',(554.77586206896,152.5,60.));
#13073 = LINE('',#13074,#13075);
#13074 = CARTESIAN_POINT('',(554.77586206896,15.,60.));
#13075 = VECTOR('',#13076,1.);
#13076 = DIRECTION('',(-0.,1.,0.));
#13077 = ORIENTED_EDGE('',*,*,#13078,.T.);
#13078 = EDGE_CURVE('',#13071,#13079,#13081,.T.);
#13079 = VERTEX_POINT('',#13080);
#13080 = CARTESIAN_POINT('',(554.77586206896,152.5,68.5));
#13081 = LINE('',#13082,#13083);
#13082 = CARTESIAN_POINT('',(554.77586206896,152.5,60.));
#13083 = VECTOR('',#13084,1.);
#13084 = DIRECTION('',(0.,0.,1.));
#13085 = ORIENTED_EDGE('',*,*,#13086,.F.);
#13086 = EDGE_CURVE('',#13063,#13079,#13087,.T.);
#13087 = LINE('',#13088,#13089);
#13088 = CARTESIAN_POINT('',(554.77586206896,15.,68.5));
#13089 = VECTOR('',#13090,1.);
#13090 = DIRECTION('',(-0.,1.,0.));
#13091 = PLANE('',#13092);
#13092 = AXIS2_PLACEMENT_3D('',#13093,#13094,#13095);
#13093 = CARTESIAN_POINT('',(554.77586206896,15.,60.));
#13094 = DIRECTION('',(1.,0.,-0.));
#13095 = DIRECTION('',(0.,0.,1.));
#13096 = ADVANCED_FACE('',(#13097),#13131,.T.);
#13097 = FACE_BOUND('',#13098,.T.);
#13098 = EDGE_LOOP('',(#13099,#13109,#13117,#13125));
#13099 = ORIENTED_EDGE('',*,*,#13100,.F.);
#13100 = EDGE_CURVE('',#13101,#13103,#13105,.T.);
#13101 = VERTEX_POINT('',#13102);
#13102 = CARTESIAN_POINT('',(577.32758620689,15.,60.));
#13103 = VERTEX_POINT('',#13104);
#13104 = CARTESIAN_POINT('',(577.32758620689,15.,68.5));
#13105 = LINE('',#13106,#13107);
#13106 = CARTESIAN_POINT('',(577.32758620689,15.,60.));
#13107 = VECTOR('',#13108,1.);
#13108 = DIRECTION('',(0.,0.,1.));
#13109 = ORIENTED_EDGE('',*,*,#13110,.T.);
#13110 = EDGE_CURVE('',#13101,#13111,#13113,.T.);
#13111 = VERTEX_POINT('',#13112);
#13112 = CARTESIAN_POINT('',(577.32758620689,152.5,60.));
#13113 = LINE('',#13114,#13115);
#13114 = CARTESIAN_POINT('',(577.32758620689,15.,60.));
#13115 = VECTOR('',#13116,1.);
#13116 = DIRECTION('',(-0.,1.,0.));
#13117 = ORIENTED_EDGE('',*,*,#13118,.T.);
#13118 = EDGE_CURVE('',#13111,#13119,#13121,.T.);
#13119 = VERTEX_POINT('',#13120);
#13120 = CARTESIAN_POINT('',(577.32758620689,152.5,68.5));
#13121 = LINE('',#13122,#13123);
#13122 = CARTESIAN_POINT('',(577.32758620689,152.5,60.));
#13123 = VECTOR('',#13124,1.);
#13124 = DIRECTION('',(0.,0.,1.));
#13125 = ORIENTED_EDGE('',*,*,#13126,.F.);
#13126 = EDGE_CURVE('',#13103,#13119,#13127,.T.);
#13127 = LINE('',#13128,#13129);
#13128 = CARTESIAN_POINT('',(577.32758620689,15.,68.5));
#13129 = VECTOR('',#13130,1.);
#13130 = DIRECTION('',(-0.,1.,0.));
#13131 = PLANE('',#13132);
#13132 = AXIS2_PLACEMENT_3D('',#13133,#13134,#13135);
#13133 = CARTESIAN_POINT('',(577.32758620689,15.,60.));
#13134 = DIRECTION('',(1.,0.,-0.));
#13135 = DIRECTION('',(0.,0.,1.));
#13136 = ADVANCED_FACE('',(#13137),#13153,.F.);
#13137 = FACE_BOUND('',#13138,.F.);
#13138 = EDGE_LOOP('',(#13139,#13145,#13146,#13152));
#13139 = ORIENTED_EDGE('',*,*,#13140,.F.);
#13140 = EDGE_CURVE('',#13061,#13101,#13141,.T.);
#13141 = LINE('',#13142,#13143);
#13142 = CARTESIAN_POINT('',(554.77586206896,15.,60.));
#13143 = VECTOR('',#13144,1.);
#13144 = DIRECTION('',(1.,0.,-0.));
#13145 = ORIENTED_EDGE('',*,*,#13060,.T.);
#13146 = ORIENTED_EDGE('',*,*,#13147,.T.);
#13147 = EDGE_CURVE('',#13063,#13103,#13148,.T.);
#13148 = LINE('',#13149,#13150);
#13149 = CARTESIAN_POINT('',(554.77586206896,15.,68.5));
#13150 = VECTOR('',#13151,1.);
#13151 = DIRECTION('',(1.,0.,-0.));
#13152 = ORIENTED_EDGE('',*,*,#13100,.F.);
#13153 = PLANE('',#13154);
#13154 = AXIS2_PLACEMENT_3D('',#13155,#13156,#13157);
#13155 = CARTESIAN_POINT('',(554.77586206896,15.,60.));
#13156 = DIRECTION('',(-0.,1.,0.));
#13157 = DIRECTION('',(0.,0.,1.));
#13158 = ADVANCED_FACE('',(#13159),#13175,.T.);
#13159 = FACE_BOUND('',#13160,.T.);
#13160 = EDGE_LOOP('',(#13161,#13167,#13168,#13174));
#13161 = ORIENTED_EDGE('',*,*,#13162,.F.);
#13162 = EDGE_CURVE('',#13071,#13111,#13163,.T.);
#13163 = LINE('',#13164,#13165);
#13164 = CARTESIAN_POINT('',(554.77586206896,152.5,60.));
#13165 = VECTOR('',#13166,1.);
#13166 = DIRECTION('',(1.,0.,-0.));
#13167 = ORIENTED_EDGE('',*,*,#13078,.T.);
#13168 = ORIENTED_EDGE('',*,*,#13169,.T.);
#13169 = EDGE_CURVE('',#13079,#13119,#13170,.T.);
#13170 = LINE('',#13171,#13172);
#13171 = CARTESIAN_POINT('',(554.77586206896,152.5,68.5));
#13172 = VECTOR('',#13173,1.);
#13173 = DIRECTION('',(1.,0.,-0.));
#13174 = ORIENTED_EDGE('',*,*,#13118,.F.);
#13175 = PLANE('',#13176);
#13176 = AXIS2_PLACEMENT_3D('',#13177,#13178,#13179);
#13177 = CARTESIAN_POINT('',(554.77586206896,152.5,60.));
#13178 = DIRECTION('',(-0.,1.,0.));
#13179 = DIRECTION('',(0.,0.,1.));
#13180 = ADVANCED_FACE('',(#13181),#13187,.F.);
#13181 = FACE_BOUND('',#13182,.F.);
#13182 = EDGE_LOOP('',(#13183,#13184,#13185,#13186));
#13183 = ORIENTED_EDGE('',*,*,#13070,.F.);
#13184 = ORIENTED_EDGE('',*,*,#13140,.T.);
#13185 = ORIENTED_EDGE('',*,*,#13110,.T.);
#13186 = ORIENTED_EDGE('',*,*,#13162,.F.);
#13187 = PLANE('',#13188);
#13188 = AXIS2_PLACEMENT_3D('',#13189,#13190,#13191);
#13189 = CARTESIAN_POINT('',(554.77586206896,15.,60.));
#13190 = DIRECTION('',(0.,0.,1.));
#13191 = DIRECTION('',(1.,0.,-0.));
#13192 = ADVANCED_FACE('',(#13193),#13199,.T.);
#13193 = FACE_BOUND('',#13194,.T.);
#13194 = EDGE_LOOP('',(#13195,#13196,#13197,#13198));
#13195 = ORIENTED_EDGE('',*,*,#13086,.F.);
#13196 = ORIENTED_EDGE('',*,*,#13147,.T.);
#13197 = ORIENTED_EDGE('',*,*,#13126,.T.);
#13198 = ORIENTED_EDGE('',*,*,#13169,.F.);
#13199 = PLANE('',#13200);
#13200 = AXIS2_PLACEMENT_3D('',#13201,#13202,#13203);
#13201 = CARTESIAN_POINT('',(554.77586206896,15.,68.5));
#13202 = DIRECTION('',(0.,0.,1.));
#13203 = DIRECTION('',(1.,0.,-0.));
#13204 = MANIFOLD_SOLID_BREP('',#13205);
#13205 = CLOSED_SHELL('',(#13206,#13246,#13286,#13308,#13330,#13342));
#13206 = ADVANCED_FACE('',(#13207),#13241,.F.);
#13207 = FACE_BOUND('',#13208,.F.);
#13208 = EDGE_LOOP('',(#13209,#13219,#13227,#13235));
#13209 = ORIENTED_EDGE('',*,*,#13210,.F.);
#13210 = EDGE_CURVE('',#13211,#13213,#13215,.T.);
#13211 = VERTEX_POINT('',#13212);
#13212 = CARTESIAN_POINT('',(578.32758620689,15.,60.));
#13213 = VERTEX_POINT('',#13214);
#13214 = CARTESIAN_POINT('',(578.32758620689,15.,68.5));
#13215 = LINE('',#13216,#13217);
#13216 = CARTESIAN_POINT('',(578.32758620689,15.,60.));
#13217 = VECTOR('',#13218,1.);
#13218 = DIRECTION('',(0.,0.,1.));
#13219 = ORIENTED_EDGE('',*,*,#13220,.T.);
#13220 = EDGE_CURVE('',#13211,#13221,#13223,.T.);
#13221 = VERTEX_POINT('',#13222);
#13222 = CARTESIAN_POINT('',(578.32758620689,152.5,60.));
#13223 = LINE('',#13224,#13225);
#13224 = CARTESIAN_POINT('',(578.32758620689,15.,60.));
#13225 = VECTOR('',#13226,1.);
#13226 = DIRECTION('',(-0.,1.,0.));
#13227 = ORIENTED_EDGE('',*,*,#13228,.T.);
#13228 = EDGE_CURVE('',#13221,#13229,#13231,.T.);
#13229 = VERTEX_POINT('',#13230);
#13230 = CARTESIAN_POINT('',(578.32758620689,152.5,68.5));
#13231 = LINE('',#13232,#13233);
#13232 = CARTESIAN_POINT('',(578.32758620689,152.5,60.));
#13233 = VECTOR('',#13234,1.);
#13234 = DIRECTION('',(0.,0.,1.));
#13235 = ORIENTED_EDGE('',*,*,#13236,.F.);
#13236 = EDGE_CURVE('',#13213,#13229,#13237,.T.);
#13237 = LINE('',#13238,#13239);
#13238 = CARTESIAN_POINT('',(578.32758620689,15.,68.5));
#13239 = VECTOR('',#13240,1.);
#13240 = DIRECTION('',(-0.,1.,0.));
#13241 = PLANE('',#13242);
#13242 = AXIS2_PLACEMENT_3D('',#13243,#13244,#13245);
#13243 = CARTESIAN_POINT('',(578.32758620689,15.,60.));
#13244 = DIRECTION('',(1.,0.,-0.));
#13245 = DIRECTION('',(0.,0.,1.));
#13246 = ADVANCED_FACE('',(#13247),#13281,.T.);
#13247 = FACE_BOUND('',#13248,.T.);
#13248 = EDGE_LOOP('',(#13249,#13259,#13267,#13275));
#13249 = ORIENTED_EDGE('',*,*,#13250,.F.);
#13250 = EDGE_CURVE('',#13251,#13253,#13255,.T.);
#13251 = VERTEX_POINT('',#13252);
#13252 = CARTESIAN_POINT('',(600.87931034482,15.,60.));
#13253 = VERTEX_POINT('',#13254);
#13254 = CARTESIAN_POINT('',(600.87931034482,15.,68.5));
#13255 = LINE('',#13256,#13257);
#13256 = CARTESIAN_POINT('',(600.87931034482,15.,60.));
#13257 = VECTOR('',#13258,1.);
#13258 = DIRECTION('',(0.,0.,1.));
#13259 = ORIENTED_EDGE('',*,*,#13260,.T.);
#13260 = EDGE_CURVE('',#13251,#13261,#13263,.T.);
#13261 = VERTEX_POINT('',#13262);
#13262 = CARTESIAN_POINT('',(600.87931034482,152.5,60.));
#13263 = LINE('',#13264,#13265);
#13264 = CARTESIAN_POINT('',(600.87931034482,15.,60.));
#13265 = VECTOR('',#13266,1.);
#13266 = DIRECTION('',(-0.,1.,0.));
#13267 = ORIENTED_EDGE('',*,*,#13268,.T.);
#13268 = EDGE_CURVE('',#13261,#13269,#13271,.T.);
#13269 = VERTEX_POINT('',#13270);
#13270 = CARTESIAN_POINT('',(600.87931034482,152.5,68.5));
#13271 = LINE('',#13272,#13273);
#13272 = CARTESIAN_POINT('',(600.87931034482,152.5,60.));
#13273 = VECTOR('',#13274,1.);
#13274 = DIRECTION('',(0.,0.,1.));
#13275 = ORIENTED_EDGE('',*,*,#13276,.F.);
#13276 = EDGE_CURVE('',#13253,#13269,#13277,.T.);
#13277 = LINE('',#13278,#13279);
#13278 = CARTESIAN_POINT('',(600.87931034482,15.,68.5));
#13279 = VECTOR('',#13280,1.);
#13280 = DIRECTION('',(-0.,1.,0.));
#13281 = PLANE('',#13282);
#13282 = AXIS2_PLACEMENT_3D('',#13283,#13284,#13285);
#13283 = CARTESIAN_POINT('',(600.87931034482,15.,60.));
#13284 = DIRECTION('',(1.,0.,-0.));
#13285 = DIRECTION('',(0.,0.,1.));
#13286 = ADVANCED_FACE('',(#13287),#13303,.F.);
#13287 = FACE_BOUND('',#13288,.F.);
#13288 = EDGE_LOOP('',(#13289,#13295,#13296,#13302));
#13289 = ORIENTED_EDGE('',*,*,#13290,.F.);
#13290 = EDGE_CURVE('',#13211,#13251,#13291,.T.);
#13291 = LINE('',#13292,#13293);
#13292 = CARTESIAN_POINT('',(578.32758620689,15.,60.));
#13293 = VECTOR('',#13294,1.);
#13294 = DIRECTION('',(1.,0.,-0.));
#13295 = ORIENTED_EDGE('',*,*,#13210,.T.);
#13296 = ORIENTED_EDGE('',*,*,#13297,.T.);
#13297 = EDGE_CURVE('',#13213,#13253,#13298,.T.);
#13298 = LINE('',#13299,#13300);
#13299 = CARTESIAN_POINT('',(578.32758620689,15.,68.5));
#13300 = VECTOR('',#13301,1.);
#13301 = DIRECTION('',(1.,0.,-0.));
#13302 = ORIENTED_EDGE('',*,*,#13250,.F.);
#13303 = PLANE('',#13304);
#13304 = AXIS2_PLACEMENT_3D('',#13305,#13306,#13307);
#13305 = CARTESIAN_POINT('',(578.32758620689,15.,60.));
#13306 = DIRECTION('',(-0.,1.,0.));
#13307 = DIRECTION('',(0.,0.,1.));
#13308 = ADVANCED_FACE('',(#13309),#13325,.T.);
#13309 = FACE_BOUND('',#13310,.T.);
#13310 = EDGE_LOOP('',(#13311,#13317,#13318,#13324));
#13311 = ORIENTED_EDGE('',*,*,#13312,.F.);
#13312 = EDGE_CURVE('',#13221,#13261,#13313,.T.);
#13313 = LINE('',#13314,#13315);
#13314 = CARTESIAN_POINT('',(578.32758620689,152.5,60.));
#13315 = VECTOR('',#13316,1.);
#13316 = DIRECTION('',(1.,0.,-0.));
#13317 = ORIENTED_EDGE('',*,*,#13228,.T.);
#13318 = ORIENTED_EDGE('',*,*,#13319,.T.);
#13319 = EDGE_CURVE('',#13229,#13269,#13320,.T.);
#13320 = LINE('',#13321,#13322);
#13321 = CARTESIAN_POINT('',(578.32758620689,152.5,68.5));
#13322 = VECTOR('',#13323,1.);
#13323 = DIRECTION('',(1.,0.,-0.));
#13324 = ORIENTED_EDGE('',*,*,#13268,.F.);
#13325 = PLANE('',#13326);
#13326 = AXIS2_PLACEMENT_3D('',#13327,#13328,#13329);
#13327 = CARTESIAN_POINT('',(578.32758620689,152.5,60.));
#13328 = DIRECTION('',(-0.,1.,0.));
#13329 = DIRECTION('',(0.,0.,1.));
#13330 = ADVANCED_FACE('',(#13331),#13337,.F.);
#13331 = FACE_BOUND('',#13332,.F.);
#13332 = EDGE_LOOP('',(#13333,#13334,#13335,#13336));
#13333 = ORIENTED_EDGE('',*,*,#13220,.F.);
#13334 = ORIENTED_EDGE('',*,*,#13290,.T.);
#13335 = ORIENTED_EDGE('',*,*,#13260,.T.);
#13336 = ORIENTED_EDGE('',*,*,#13312,.F.);
#13337 = PLANE('',#13338);
#13338 = AXIS2_PLACEMENT_3D('',#13339,#13340,#13341);
#13339 = CARTESIAN_POINT('',(578.32758620689,15.,60.));
#13340 = DIRECTION('',(0.,0.,1.));
#13341 = DIRECTION('',(1.,0.,-0.));
#13342 = ADVANCED_FACE('',(#13343),#13349,.T.);
#13343 = FACE_BOUND('',#13344,.T.);
#13344 = EDGE_LOOP('',(#13345,#13346,#13347,#13348));
#13345 = ORIENTED_EDGE('',*,*,#13236,.F.);
#13346 = ORIENTED_EDGE('',*,*,#13297,.T.);
#13347 = ORIENTED_EDGE('',*,*,#13276,.T.);
#13348 = ORIENTED_EDGE('',*,*,#13319,.F.);
#13349 = PLANE('',#13350);
#13350 = AXIS2_PLACEMENT_3D('',#13351,#13352,#13353);
#13351 = CARTESIAN_POINT('',(578.32758620689,15.,68.5));
#13352 = DIRECTION('',(0.,0.,1.));
#13353 = DIRECTION('',(1.,0.,-0.));
#13354 = MANIFOLD_SOLID_BREP('',#13355);
#13355 = CLOSED_SHELL('',(#13356,#13396,#13436,#13458,#13480,#13492));
#13356 = ADVANCED_FACE('',(#13357),#13391,.F.);
#13357 = FACE_BOUND('',#13358,.F.);
#13358 = EDGE_LOOP('',(#13359,#13369,#13377,#13385));
#13359 = ORIENTED_EDGE('',*,*,#13360,.F.);
#13360 = EDGE_CURVE('',#13361,#13363,#13365,.T.);
#13361 = VERTEX_POINT('',#13362);
#13362 = CARTESIAN_POINT('',(601.87931034482,15.,60.));
#13363 = VERTEX_POINT('',#13364);
#13364 = CARTESIAN_POINT('',(601.87931034482,15.,68.5));
#13365 = LINE('',#13366,#13367);
#13366 = CARTESIAN_POINT('',(601.87931034482,15.,60.));
#13367 = VECTOR('',#13368,1.);
#13368 = DIRECTION('',(0.,0.,1.));
#13369 = ORIENTED_EDGE('',*,*,#13370,.T.);
#13370 = EDGE_CURVE('',#13361,#13371,#13373,.T.);
#13371 = VERTEX_POINT('',#13372);
#13372 = CARTESIAN_POINT('',(601.87931034482,152.5,60.));
#13373 = LINE('',#13374,#13375);
#13374 = CARTESIAN_POINT('',(601.87931034482,15.,60.));
#13375 = VECTOR('',#13376,1.);
#13376 = DIRECTION('',(-0.,1.,0.));
#13377 = ORIENTED_EDGE('',*,*,#13378,.T.);
#13378 = EDGE_CURVE('',#13371,#13379,#13381,.T.);
#13379 = VERTEX_POINT('',#13380);
#13380 = CARTESIAN_POINT('',(601.87931034482,152.5,68.5));
#13381 = LINE('',#13382,#13383);
#13382 = CARTESIAN_POINT('',(601.87931034482,152.5,60.));
#13383 = VECTOR('',#13384,1.);
#13384 = DIRECTION('',(0.,0.,1.));
#13385 = ORIENTED_EDGE('',*,*,#13386,.F.);
#13386 = EDGE_CURVE('',#13363,#13379,#13387,.T.);
#13387 = LINE('',#13388,#13389);
#13388 = CARTESIAN_POINT('',(601.87931034482,15.,68.5));
#13389 = VECTOR('',#13390,1.);
#13390 = DIRECTION('',(-0.,1.,0.));
#13391 = PLANE('',#13392);
#13392 = AXIS2_PLACEMENT_3D('',#13393,#13394,#13395);
#13393 = CARTESIAN_POINT('',(601.87931034482,15.,60.));
#13394 = DIRECTION('',(1.,0.,-0.));
#13395 = DIRECTION('',(0.,0.,1.));
#13396 = ADVANCED_FACE('',(#13397),#13431,.T.);
#13397 = FACE_BOUND('',#13398,.T.);
#13398 = EDGE_LOOP('',(#13399,#13409,#13417,#13425));
#13399 = ORIENTED_EDGE('',*,*,#13400,.F.);
#13400 = EDGE_CURVE('',#13401,#13403,#13405,.T.);
#13401 = VERTEX_POINT('',#13402);
#13402 = CARTESIAN_POINT('',(624.43103448275,15.,60.));
#13403 = VERTEX_POINT('',#13404);
#13404 = CARTESIAN_POINT('',(624.43103448275,15.,68.5));
#13405 = LINE('',#13406,#13407);
#13406 = CARTESIAN_POINT('',(624.43103448275,15.,60.));
#13407 = VECTOR('',#13408,1.);
#13408 = DIRECTION('',(0.,0.,1.));
#13409 = ORIENTED_EDGE('',*,*,#13410,.T.);
#13410 = EDGE_CURVE('',#13401,#13411,#13413,.T.);
#13411 = VERTEX_POINT('',#13412);
#13412 = CARTESIAN_POINT('',(624.43103448275,152.5,60.));
#13413 = LINE('',#13414,#13415);
#13414 = CARTESIAN_POINT('',(624.43103448275,15.,60.));
#13415 = VECTOR('',#13416,1.);
#13416 = DIRECTION('',(-0.,1.,0.));
#13417 = ORIENTED_EDGE('',*,*,#13418,.T.);
#13418 = EDGE_CURVE('',#13411,#13419,#13421,.T.);
#13419 = VERTEX_POINT('',#13420);
#13420 = CARTESIAN_POINT('',(624.43103448275,152.5,68.5));
#13421 = LINE('',#13422,#13423);
#13422 = CARTESIAN_POINT('',(624.43103448275,152.5,60.));
#13423 = VECTOR('',#13424,1.);
#13424 = DIRECTION('',(0.,0.,1.));
#13425 = ORIENTED_EDGE('',*,*,#13426,.F.);
#13426 = EDGE_CURVE('',#13403,#13419,#13427,.T.);
#13427 = LINE('',#13428,#13429);
#13428 = CARTESIAN_POINT('',(624.43103448275,15.,68.5));
#13429 = VECTOR('',#13430,1.);
#13430 = DIRECTION('',(-0.,1.,0.));
#13431 = PLANE('',#13432);
#13432 = AXIS2_PLACEMENT_3D('',#13433,#13434,#13435);
#13433 = CARTESIAN_POINT('',(624.43103448275,15.,60.));
#13434 = DIRECTION('',(1.,0.,-0.));
#13435 = DIRECTION('',(0.,0.,1.));
#13436 = ADVANCED_FACE('',(#13437),#13453,.F.);
#13437 = FACE_BOUND('',#13438,.F.);
#13438 = EDGE_LOOP('',(#13439,#13445,#13446,#13452));
#13439 = ORIENTED_EDGE('',*,*,#13440,.F.);
#13440 = EDGE_CURVE('',#13361,#13401,#13441,.T.);
#13441 = LINE('',#13442,#13443);
#13442 = CARTESIAN_POINT('',(601.87931034482,15.,60.));
#13443 = VECTOR('',#13444,1.);
#13444 = DIRECTION('',(1.,0.,-0.));
#13445 = ORIENTED_EDGE('',*,*,#13360,.T.);
#13446 = ORIENTED_EDGE('',*,*,#13447,.T.);
#13447 = EDGE_CURVE('',#13363,#13403,#13448,.T.);
#13448 = LINE('',#13449,#13450);
#13449 = CARTESIAN_POINT('',(601.87931034482,15.,68.5));
#13450 = VECTOR('',#13451,1.);
#13451 = DIRECTION('',(1.,0.,-0.));
#13452 = ORIENTED_EDGE('',*,*,#13400,.F.);
#13453 = PLANE('',#13454);
#13454 = AXIS2_PLACEMENT_3D('',#13455,#13456,#13457);
#13455 = CARTESIAN_POINT('',(601.87931034482,15.,60.));
#13456 = DIRECTION('',(-0.,1.,0.));
#13457 = DIRECTION('',(0.,0.,1.));
#13458 = ADVANCED_FACE('',(#13459),#13475,.T.);
#13459 = FACE_BOUND('',#13460,.T.);
#13460 = EDGE_LOOP('',(#13461,#13467,#13468,#13474));
#13461 = ORIENTED_EDGE('',*,*,#13462,.F.);
#13462 = EDGE_CURVE('',#13371,#13411,#13463,.T.);
#13463 = LINE('',#13464,#13465);
#13464 = CARTESIAN_POINT('',(601.87931034482,152.5,60.));
#13465 = VECTOR('',#13466,1.);
#13466 = DIRECTION('',(1.,0.,-0.));
#13467 = ORIENTED_EDGE('',*,*,#13378,.T.);
#13468 = ORIENTED_EDGE('',*,*,#13469,.T.);
#13469 = EDGE_CURVE('',#13379,#13419,#13470,.T.);
#13470 = LINE('',#13471,#13472);
#13471 = CARTESIAN_POINT('',(601.87931034482,152.5,68.5));
#13472 = VECTOR('',#13473,1.);
#13473 = DIRECTION('',(1.,0.,-0.));
#13474 = ORIENTED_EDGE('',*,*,#13418,.F.);
#13475 = PLANE('',#13476);
#13476 = AXIS2_PLACEMENT_3D('',#13477,#13478,#13479);
#13477 = CARTESIAN_POINT('',(601.87931034482,152.5,60.));
#13478 = DIRECTION('',(-0.,1.,0.));
#13479 = DIRECTION('',(0.,0.,1.));
#13480 = ADVANCED_FACE('',(#13481),#13487,.F.);
#13481 = FACE_BOUND('',#13482,.F.);
#13482 = EDGE_LOOP('',(#13483,#13484,#13485,#13486));
#13483 = ORIENTED_EDGE('',*,*,#13370,.F.);
#13484 = ORIENTED_EDGE('',*,*,#13440,.T.);
#13485 = ORIENTED_EDGE('',*,*,#13410,.T.);
#13486 = ORIENTED_EDGE('',*,*,#13462,.F.);
#13487 = PLANE('',#13488);
#13488 = AXIS2_PLACEMENT_3D('',#13489,#13490,#13491);
#13489 = CARTESIAN_POINT('',(601.87931034482,15.,60.));
#13490 = DIRECTION('',(0.,0.,1.));
#13491 = DIRECTION('',(1.,0.,-0.));
#13492 = ADVANCED_FACE('',(#13493),#13499,.T.);
#13493 = FACE_BOUND('',#13494,.T.);
#13494 = EDGE_LOOP('',(#13495,#13496,#13497,#13498));
#13495 = ORIENTED_EDGE('',*,*,#13386,.F.);
#13496 = ORIENTED_EDGE('',*,*,#13447,.T.);
#13497 = ORIENTED_EDGE('',*,*,#13426,.T.);
#13498 = ORIENTED_EDGE('',*,*,#13469,.F.);
#13499 = PLANE('',#13500);
#13500 = AXIS2_PLACEMENT_3D('',#13501,#13502,#13503);
#13501 = CARTESIAN_POINT('',(601.87931034482,15.,68.5));
#13502 = DIRECTION('',(0.,0.,1.));
#13503 = DIRECTION('',(1.,0.,-0.));
#13504 = MANIFOLD_SOLID_BREP('',#13505);
#13505 = CLOSED_SHELL('',(#13506,#13546,#13586,#13608,#13630,#13642));
#13506 = ADVANCED_FACE('',(#13507),#13541,.F.);
#13507 = FACE_BOUND('',#13508,.F.);
#13508 = EDGE_LOOP('',(#13509,#13519,#13527,#13535));
#13509 = ORIENTED_EDGE('',*,*,#13510,.F.);
#13510 = EDGE_CURVE('',#13511,#13513,#13515,.T.);
#13511 = VERTEX_POINT('',#13512);
#13512 = CARTESIAN_POINT('',(625.43103448275,15.,60.));
#13513 = VERTEX_POINT('',#13514);
#13514 = CARTESIAN_POINT('',(625.43103448275,15.,68.5));
#13515 = LINE('',#13516,#13517);
#13516 = CARTESIAN_POINT('',(625.43103448275,15.,60.));
#13517 = VECTOR('',#13518,1.);
#13518 = DIRECTION('',(0.,0.,1.));
#13519 = ORIENTED_EDGE('',*,*,#13520,.T.);
#13520 = EDGE_CURVE('',#13511,#13521,#13523,.T.);
#13521 = VERTEX_POINT('',#13522);
#13522 = CARTESIAN_POINT('',(625.43103448275,152.5,60.));
#13523 = LINE('',#13524,#13525);
#13524 = CARTESIAN_POINT('',(625.43103448275,15.,60.));
#13525 = VECTOR('',#13526,1.);
#13526 = DIRECTION('',(-0.,1.,0.));
#13527 = ORIENTED_EDGE('',*,*,#13528,.T.);
#13528 = EDGE_CURVE('',#13521,#13529,#13531,.T.);
#13529 = VERTEX_POINT('',#13530);
#13530 = CARTESIAN_POINT('',(625.43103448275,152.5,68.5));
#13531 = LINE('',#13532,#13533);
#13532 = CARTESIAN_POINT('',(625.43103448275,152.5,60.));
#13533 = VECTOR('',#13534,1.);
#13534 = DIRECTION('',(0.,0.,1.));
#13535 = ORIENTED_EDGE('',*,*,#13536,.F.);
#13536 = EDGE_CURVE('',#13513,#13529,#13537,.T.);
#13537 = LINE('',#13538,#13539);
#13538 = CARTESIAN_POINT('',(625.43103448275,15.,68.5));
#13539 = VECTOR('',#13540,1.);
#13540 = DIRECTION('',(-0.,1.,0.));
#13541 = PLANE('',#13542);
#13542 = AXIS2_PLACEMENT_3D('',#13543,#13544,#13545);
#13543 = CARTESIAN_POINT('',(625.43103448275,15.,60.));
#13544 = DIRECTION('',(1.,0.,-0.));
#13545 = DIRECTION('',(0.,0.,1.));
#13546 = ADVANCED_FACE('',(#13547),#13581,.T.);
#13547 = FACE_BOUND('',#13548,.T.);
#13548 = EDGE_LOOP('',(#13549,#13559,#13567,#13575));
#13549 = ORIENTED_EDGE('',*,*,#13550,.F.);
#13550 = EDGE_CURVE('',#13551,#13553,#13555,.T.);
#13551 = VERTEX_POINT('',#13552);
#13552 = CARTESIAN_POINT('',(647.98275862069,15.,60.));
#13553 = VERTEX_POINT('',#13554);
#13554 = CARTESIAN_POINT('',(647.98275862069,15.,68.5));
#13555 = LINE('',#13556,#13557);
#13556 = CARTESIAN_POINT('',(647.98275862069,15.,60.));
#13557 = VECTOR('',#13558,1.);
#13558 = DIRECTION('',(0.,0.,1.));
#13559 = ORIENTED_EDGE('',*,*,#13560,.T.);
#13560 = EDGE_CURVE('',#13551,#13561,#13563,.T.);
#13561 = VERTEX_POINT('',#13562);
#13562 = CARTESIAN_POINT('',(647.98275862069,152.5,60.));
#13563 = LINE('',#13564,#13565);
#13564 = CARTESIAN_POINT('',(647.98275862069,15.,60.));
#13565 = VECTOR('',#13566,1.);
#13566 = DIRECTION('',(-0.,1.,0.));
#13567 = ORIENTED_EDGE('',*,*,#13568,.T.);
#13568 = EDGE_CURVE('',#13561,#13569,#13571,.T.);
#13569 = VERTEX_POINT('',#13570);
#13570 = CARTESIAN_POINT('',(647.98275862069,152.5,68.5));
#13571 = LINE('',#13572,#13573);
#13572 = CARTESIAN_POINT('',(647.98275862069,152.5,60.));
#13573 = VECTOR('',#13574,1.);
#13574 = DIRECTION('',(0.,0.,1.));
#13575 = ORIENTED_EDGE('',*,*,#13576,.F.);
#13576 = EDGE_CURVE('',#13553,#13569,#13577,.T.);
#13577 = LINE('',#13578,#13579);
#13578 = CARTESIAN_POINT('',(647.98275862069,15.,68.5));
#13579 = VECTOR('',#13580,1.);
#13580 = DIRECTION('',(-0.,1.,0.));
#13581 = PLANE('',#13582);
#13582 = AXIS2_PLACEMENT_3D('',#13583,#13584,#13585);
#13583 = CARTESIAN_POINT('',(647.98275862069,15.,60.));
#13584 = DIRECTION('',(1.,0.,-0.));
#13585 = DIRECTION('',(0.,0.,1.));
#13586 = ADVANCED_FACE('',(#13587),#13603,.F.);
#13587 = FACE_BOUND('',#13588,.F.);
#13588 = EDGE_LOOP('',(#13589,#13595,#13596,#13602));
#13589 = ORIENTED_EDGE('',*,*,#13590,.F.);
#13590 = EDGE_CURVE('',#13511,#13551,#13591,.T.);
#13591 = LINE('',#13592,#13593);
#13592 = CARTESIAN_POINT('',(625.43103448275,15.,60.));
#13593 = VECTOR('',#13594,1.);
#13594 = DIRECTION('',(1.,0.,-0.));
#13595 = ORIENTED_EDGE('',*,*,#13510,.T.);
#13596 = ORIENTED_EDGE('',*,*,#13597,.T.);
#13597 = EDGE_CURVE('',#13513,#13553,#13598,.T.);
#13598 = LINE('',#13599,#13600);
#13599 = CARTESIAN_POINT('',(625.43103448275,15.,68.5));
#13600 = VECTOR('',#13601,1.);
#13601 = DIRECTION('',(1.,0.,-0.));
#13602 = ORIENTED_EDGE('',*,*,#13550,.F.);
#13603 = PLANE('',#13604);
#13604 = AXIS2_PLACEMENT_3D('',#13605,#13606,#13607);
#13605 = CARTESIAN_POINT('',(625.43103448275,15.,60.));
#13606 = DIRECTION('',(-0.,1.,0.));
#13607 = DIRECTION('',(0.,0.,1.));
#13608 = ADVANCED_FACE('',(#13609),#13625,.T.);
#13609 = FACE_BOUND('',#13610,.T.);
#13610 = EDGE_LOOP('',(#13611,#13617,#13618,#13624));
#13611 = ORIENTED_EDGE('',*,*,#13612,.F.);
#13612 = EDGE_CURVE('',#13521,#13561,#13613,.T.);
#13613 = LINE('',#13614,#13615);
#13614 = CARTESIAN_POINT('',(625.43103448275,152.5,60.));
#13615 = VECTOR('',#13616,1.);
#13616 = DIRECTION('',(1.,0.,-0.));
#13617 = ORIENTED_EDGE('',*,*,#13528,.T.);
#13618 = ORIENTED_EDGE('',*,*,#13619,.T.);
#13619 = EDGE_CURVE('',#13529,#13569,#13620,.T.);
#13620 = LINE('',#13621,#13622);
#13621 = CARTESIAN_POINT('',(625.43103448275,152.5,68.5));
#13622 = VECTOR('',#13623,1.);
#13623 = DIRECTION('',(1.,0.,-0.));
#13624 = ORIENTED_EDGE('',*,*,#13568,.F.);
#13625 = PLANE('',#13626);
#13626 = AXIS2_PLACEMENT_3D('',#13627,#13628,#13629);
#13627 = CARTESIAN_POINT('',(625.43103448275,152.5,60.));
#13628 = DIRECTION('',(-0.,1.,0.));
#13629 = DIRECTION('',(0.,0.,1.));
#13630 = ADVANCED_FACE('',(#13631),#13637,.F.);
#13631 = FACE_BOUND('',#13632,.F.);
#13632 = EDGE_LOOP('',(#13633,#13634,#13635,#13636));
#13633 = ORIENTED_EDGE('',*,*,#13520,.F.);
#13634 = ORIENTED_EDGE('',*,*,#13590,.T.);
#13635 = ORIENTED_EDGE('',*,*,#13560,.T.);
#13636 = ORIENTED_EDGE('',*,*,#13612,.F.);
#13637 = PLANE('',#13638);
#13638 = AXIS2_PLACEMENT_3D('',#13639,#13640,#13641);
#13639 = CARTESIAN_POINT('',(625.43103448275,15.,60.));
#13640 = DIRECTION('',(0.,0.,1.));
#13641 = DIRECTION('',(1.,0.,-0.));
#13642 = ADVANCED_FACE('',(#13643),#13649,.T.);
#13643 = FACE_BOUND('',#13644,.T.);
#13644 = EDGE_LOOP('',(#13645,#13646,#13647,#13648));
#13645 = ORIENTED_EDGE('',*,*,#13536,.F.);
#13646 = ORIENTED_EDGE('',*,*,#13597,.T.);
#13647 = ORIENTED_EDGE('',*,*,#13576,.T.);
#13648 = ORIENTED_EDGE('',*,*,#13619,.F.);
#13649 = PLANE('',#13650);
#13650 = AXIS2_PLACEMENT_3D('',#13651,#13652,#13653);
#13651 = CARTESIAN_POINT('',(625.43103448275,15.,68.5));
#13652 = DIRECTION('',(0.,0.,1.));
#13653 = DIRECTION('',(1.,0.,-0.));
#13654 = MANIFOLD_SOLID_BREP('',#13655);
#13655 = CLOSED_SHELL('',(#13656,#13696,#13736,#13758,#13780,#13792));
#13656 = ADVANCED_FACE('',(#13657),#13691,.F.);
#13657 = FACE_BOUND('',#13658,.F.);
#13658 = EDGE_LOOP('',(#13659,#13669,#13677,#13685));
#13659 = ORIENTED_EDGE('',*,*,#13660,.F.);
#13660 = EDGE_CURVE('',#13661,#13663,#13665,.T.);
#13661 = VERTEX_POINT('',#13662);
#13662 = CARTESIAN_POINT('',(648.98275862069,15.,60.));
#13663 = VERTEX_POINT('',#13664);
#13664 = CARTESIAN_POINT('',(648.98275862069,15.,68.5));
#13665 = LINE('',#13666,#13667);
#13666 = CARTESIAN_POINT('',(648.98275862069,15.,60.));
#13667 = VECTOR('',#13668,1.);
#13668 = DIRECTION('',(0.,0.,1.));
#13669 = ORIENTED_EDGE('',*,*,#13670,.T.);
#13670 = EDGE_CURVE('',#13661,#13671,#13673,.T.);
#13671 = VERTEX_POINT('',#13672);
#13672 = CARTESIAN_POINT('',(648.98275862069,152.5,60.));
#13673 = LINE('',#13674,#13675);
#13674 = CARTESIAN_POINT('',(648.98275862069,15.,60.));
#13675 = VECTOR('',#13676,1.);
#13676 = DIRECTION('',(-0.,1.,0.));
#13677 = ORIENTED_EDGE('',*,*,#13678,.T.);
#13678 = EDGE_CURVE('',#13671,#13679,#13681,.T.);
#13679 = VERTEX_POINT('',#13680);
#13680 = CARTESIAN_POINT('',(648.98275862069,152.5,68.5));
#13681 = LINE('',#13682,#13683);
#13682 = CARTESIAN_POINT('',(648.98275862069,152.5,60.));
#13683 = VECTOR('',#13684,1.);
#13684 = DIRECTION('',(0.,0.,1.));
#13685 = ORIENTED_EDGE('',*,*,#13686,.F.);
#13686 = EDGE_CURVE('',#13663,#13679,#13687,.T.);
#13687 = LINE('',#13688,#13689);
#13688 = CARTESIAN_POINT('',(648.98275862069,15.,68.5));
#13689 = VECTOR('',#13690,1.);
#13690 = DIRECTION('',(-0.,1.,0.));
#13691 = PLANE('',#13692);
#13692 = AXIS2_PLACEMENT_3D('',#13693,#13694,#13695);
#13693 = CARTESIAN_POINT('',(648.98275862069,15.,60.));
#13694 = DIRECTION('',(1.,0.,-0.));
#13695 = DIRECTION('',(0.,0.,1.));
#13696 = ADVANCED_FACE('',(#13697),#13731,.T.);
#13697 = FACE_BOUND('',#13698,.T.);
#13698 = EDGE_LOOP('',(#13699,#13709,#13717,#13725));
#13699 = ORIENTED_EDGE('',*,*,#13700,.F.);
#13700 = EDGE_CURVE('',#13701,#13703,#13705,.T.);
#13701 = VERTEX_POINT('',#13702);
#13702 = CARTESIAN_POINT('',(671.53448275862,15.,60.));
#13703 = VERTEX_POINT('',#13704);
#13704 = CARTESIAN_POINT('',(671.53448275862,15.,68.5));
#13705 = LINE('',#13706,#13707);
#13706 = CARTESIAN_POINT('',(671.53448275862,15.,60.));
#13707 = VECTOR('',#13708,1.);
#13708 = DIRECTION('',(0.,0.,1.));
#13709 = ORIENTED_EDGE('',*,*,#13710,.T.);
#13710 = EDGE_CURVE('',#13701,#13711,#13713,.T.);
#13711 = VERTEX_POINT('',#13712);
#13712 = CARTESIAN_POINT('',(671.53448275862,152.5,60.));
#13713 = LINE('',#13714,#13715);
#13714 = CARTESIAN_POINT('',(671.53448275862,15.,60.));
#13715 = VECTOR('',#13716,1.);
#13716 = DIRECTION('',(-0.,1.,0.));
#13717 = ORIENTED_EDGE('',*,*,#13718,.T.);
#13718 = EDGE_CURVE('',#13711,#13719,#13721,.T.);
#13719 = VERTEX_POINT('',#13720);
#13720 = CARTESIAN_POINT('',(671.53448275862,152.5,68.5));
#13721 = LINE('',#13722,#13723);
#13722 = CARTESIAN_POINT('',(671.53448275862,152.5,60.));
#13723 = VECTOR('',#13724,1.);
#13724 = DIRECTION('',(0.,0.,1.));
#13725 = ORIENTED_EDGE('',*,*,#13726,.F.);
#13726 = EDGE_CURVE('',#13703,#13719,#13727,.T.);
#13727 = LINE('',#13728,#13729);
#13728 = CARTESIAN_POINT('',(671.53448275862,15.,68.5));
#13729 = VECTOR('',#13730,1.);
#13730 = DIRECTION('',(-0.,1.,0.));
#13731 = PLANE('',#13732);
#13732 = AXIS2_PLACEMENT_3D('',#13733,#13734,#13735);
#13733 = CARTESIAN_POINT('',(671.53448275862,15.,60.));
#13734 = DIRECTION('',(1.,0.,-0.));
#13735 = DIRECTION('',(0.,0.,1.));
#13736 = ADVANCED_FACE('',(#13737),#13753,.F.);
#13737 = FACE_BOUND('',#13738,.F.);
#13738 = EDGE_LOOP('',(#13739,#13745,#13746,#13752));
#13739 = ORIENTED_EDGE('',*,*,#13740,.F.);
#13740 = EDGE_CURVE('',#13661,#13701,#13741,.T.);
#13741 = LINE('',#13742,#13743);
#13742 = CARTESIAN_POINT('',(648.98275862069,15.,60.));
#13743 = VECTOR('',#13744,1.);
#13744 = DIRECTION('',(1.,0.,-0.));
#13745 = ORIENTED_EDGE('',*,*,#13660,.T.);
#13746 = ORIENTED_EDGE('',*,*,#13747,.T.);
#13747 = EDGE_CURVE('',#13663,#13703,#13748,.T.);
#13748 = LINE('',#13749,#13750);
#13749 = CARTESIAN_POINT('',(648.98275862069,15.,68.5));
#13750 = VECTOR('',#13751,1.);
#13751 = DIRECTION('',(1.,0.,-0.));
#13752 = ORIENTED_EDGE('',*,*,#13700,.F.);
#13753 = PLANE('',#13754);
#13754 = AXIS2_PLACEMENT_3D('',#13755,#13756,#13757);
#13755 = CARTESIAN_POINT('',(648.98275862069,15.,60.));
#13756 = DIRECTION('',(-0.,1.,0.));
#13757 = DIRECTION('',(0.,0.,1.));
#13758 = ADVANCED_FACE('',(#13759),#13775,.T.);
#13759 = FACE_BOUND('',#13760,.T.);
#13760 = EDGE_LOOP('',(#13761,#13767,#13768,#13774));
#13761 = ORIENTED_EDGE('',*,*,#13762,.F.);
#13762 = EDGE_CURVE('',#13671,#13711,#13763,.T.);
#13763 = LINE('',#13764,#13765);
#13764 = CARTESIAN_POINT('',(648.98275862069,152.5,60.));
#13765 = VECTOR('',#13766,1.);
#13766 = DIRECTION('',(1.,0.,-0.));
#13767 = ORIENTED_EDGE('',*,*,#13678,.T.);
#13768 = ORIENTED_EDGE('',*,*,#13769,.T.);
#13769 = EDGE_CURVE('',#13679,#13719,#13770,.T.);
#13770 = LINE('',#13771,#13772);
#13771 = CARTESIAN_POINT('',(648.98275862069,152.5,68.5));
#13772 = VECTOR('',#13773,1.);
#13773 = DIRECTION('',(1.,0.,-0.));
#13774 = ORIENTED_EDGE('',*,*,#13718,.F.);
#13775 = PLANE('',#13776);
#13776 = AXIS2_PLACEMENT_3D('',#13777,#13778,#13779);
#13777 = CARTESIAN_POINT('',(648.98275862069,152.5,60.));
#13778 = DIRECTION('',(-0.,1.,0.));
#13779 = DIRECTION('',(0.,0.,1.));
#13780 = ADVANCED_FACE('',(#13781),#13787,.F.);
#13781 = FACE_BOUND('',#13782,.F.);
#13782 = EDGE_LOOP('',(#13783,#13784,#13785,#13786));
#13783 = ORIENTED_EDGE('',*,*,#13670,.F.);
#13784 = ORIENTED_EDGE('',*,*,#13740,.T.);
#13785 = ORIENTED_EDGE('',*,*,#13710,.T.);
#13786 = ORIENTED_EDGE('',*,*,#13762,.F.);
#13787 = PLANE('',#13788);
#13788 = AXIS2_PLACEMENT_3D('',#13789,#13790,#13791);
#13789 = CARTESIAN_POINT('',(648.98275862069,15.,60.));
#13790 = DIRECTION('',(0.,0.,1.));
#13791 = DIRECTION('',(1.,0.,-0.));
#13792 = ADVANCED_FACE('',(#13793),#13799,.T.);
#13793 = FACE_BOUND('',#13794,.T.);
#13794 = EDGE_LOOP('',(#13795,#13796,#13797,#13798));
#13795 = ORIENTED_EDGE('',*,*,#13686,.F.);
#13796 = ORIENTED_EDGE('',*,*,#13747,.T.);
#13797 = ORIENTED_EDGE('',*,*,#13726,.T.);
#13798 = ORIENTED_EDGE('',*,*,#13769,.F.);
#13799 = PLANE('',#13800);
#13800 = AXIS2_PLACEMENT_3D('',#13801,#13802,#13803);
#13801 = CARTESIAN_POINT('',(648.98275862069,15.,68.5));
#13802 = DIRECTION('',(0.,0.,1.));
#13803 = DIRECTION('',(1.,0.,-0.));
#13804 = MANIFOLD_SOLID_BREP('',#13805);
#13805 = CLOSED_SHELL('',(#13806,#13846,#13886,#13908,#13930,#13942));
#13806 = ADVANCED_FACE('',(#13807),#13841,.F.);
#13807 = FACE_BOUND('',#13808,.F.);
#13808 = EDGE_LOOP('',(#13809,#13819,#13827,#13835));
#13809 = ORIENTED_EDGE('',*,*,#13810,.F.);
#13810 = EDGE_CURVE('',#13811,#13813,#13815,.T.);
#13811 = VERTEX_POINT('',#13812);
#13812 = CARTESIAN_POINT('',(672.53448275862,15.,60.));
#13813 = VERTEX_POINT('',#13814);
#13814 = CARTESIAN_POINT('',(672.53448275862,15.,68.5));
#13815 = LINE('',#13816,#13817);
#13816 = CARTESIAN_POINT('',(672.53448275862,15.,60.));
#13817 = VECTOR('',#13818,1.);
#13818 = DIRECTION('',(0.,0.,1.));
#13819 = ORIENTED_EDGE('',*,*,#13820,.T.);
#13820 = EDGE_CURVE('',#13811,#13821,#13823,.T.);
#13821 = VERTEX_POINT('',#13822);
#13822 = CARTESIAN_POINT('',(672.53448275862,152.5,60.));
#13823 = LINE('',#13824,#13825);
#13824 = CARTESIAN_POINT('',(672.53448275862,15.,60.));
#13825 = VECTOR('',#13826,1.);
#13826 = DIRECTION('',(-0.,1.,0.));
#13827 = ORIENTED_EDGE('',*,*,#13828,.T.);
#13828 = EDGE_CURVE('',#13821,#13829,#13831,.T.);
#13829 = VERTEX_POINT('',#13830);
#13830 = CARTESIAN_POINT('',(672.53448275862,152.5,68.5));
#13831 = LINE('',#13832,#13833);
#13832 = CARTESIAN_POINT('',(672.53448275862,152.5,60.));
#13833 = VECTOR('',#13834,1.);
#13834 = DIRECTION('',(0.,0.,1.));
#13835 = ORIENTED_EDGE('',*,*,#13836,.F.);
#13836 = EDGE_CURVE('',#13813,#13829,#13837,.T.);
#13837 = LINE('',#13838,#13839);
#13838 = CARTESIAN_POINT('',(672.53448275862,15.,68.5));
#13839 = VECTOR('',#13840,1.);
#13840 = DIRECTION('',(-0.,1.,0.));
#13841 = PLANE('',#13842);
#13842 = AXIS2_PLACEMENT_3D('',#13843,#13844,#13845);
#13843 = CARTESIAN_POINT('',(672.53448275862,15.,60.));
#13844 = DIRECTION('',(1.,0.,-0.));
#13845 = DIRECTION('',(0.,0.,1.));
#13846 = ADVANCED_FACE('',(#13847),#13881,.T.);
#13847 = FACE_BOUND('',#13848,.T.);
#13848 = EDGE_LOOP('',(#13849,#13859,#13867,#13875));
#13849 = ORIENTED_EDGE('',*,*,#13850,.F.);
#13850 = EDGE_CURVE('',#13851,#13853,#13855,.T.);
#13851 = VERTEX_POINT('',#13852);
#13852 = CARTESIAN_POINT('',(695.08620689655,15.,60.));
#13853 = VERTEX_POINT('',#13854);
#13854 = CARTESIAN_POINT('',(695.08620689655,15.,68.5));
#13855 = LINE('',#13856,#13857);
#13856 = CARTESIAN_POINT('',(695.08620689655,15.,60.));
#13857 = VECTOR('',#13858,1.);
#13858 = DIRECTION('',(0.,0.,1.));
#13859 = ORIENTED_EDGE('',*,*,#13860,.T.);
#13860 = EDGE_CURVE('',#13851,#13861,#13863,.T.);
#13861 = VERTEX_POINT('',#13862);
#13862 = CARTESIAN_POINT('',(695.08620689655,152.5,60.));
#13863 = LINE('',#13864,#13865);
#13864 = CARTESIAN_POINT('',(695.08620689655,15.,60.));
#13865 = VECTOR('',#13866,1.);
#13866 = DIRECTION('',(-0.,1.,0.));
#13867 = ORIENTED_EDGE('',*,*,#13868,.T.);
#13868 = EDGE_CURVE('',#13861,#13869,#13871,.T.);
#13869 = VERTEX_POINT('',#13870);
#13870 = CARTESIAN_POINT('',(695.08620689655,152.5,68.5));
#13871 = LINE('',#13872,#13873);
#13872 = CARTESIAN_POINT('',(695.08620689655,152.5,60.));
#13873 = VECTOR('',#13874,1.);
#13874 = DIRECTION('',(0.,0.,1.));
#13875 = ORIENTED_EDGE('',*,*,#13876,.F.);
#13876 = EDGE_CURVE('',#13853,#13869,#13877,.T.);
#13877 = LINE('',#13878,#13879);
#13878 = CARTESIAN_POINT('',(695.08620689655,15.,68.5));
#13879 = VECTOR('',#13880,1.);
#13880 = DIRECTION('',(-0.,1.,0.));
#13881 = PLANE('',#13882);
#13882 = AXIS2_PLACEMENT_3D('',#13883,#13884,#13885);
#13883 = CARTESIAN_POINT('',(695.08620689655,15.,60.));
#13884 = DIRECTION('',(1.,0.,-0.));
#13885 = DIRECTION('',(0.,0.,1.));
#13886 = ADVANCED_FACE('',(#13887),#13903,.F.);
#13887 = FACE_BOUND('',#13888,.F.);
#13888 = EDGE_LOOP('',(#13889,#13895,#13896,#13902));
#13889 = ORIENTED_EDGE('',*,*,#13890,.F.);
#13890 = EDGE_CURVE('',#13811,#13851,#13891,.T.);
#13891 = LINE('',#13892,#13893);
#13892 = CARTESIAN_POINT('',(672.53448275862,15.,60.));
#13893 = VECTOR('',#13894,1.);
#13894 = DIRECTION('',(1.,0.,-0.));
#13895 = ORIENTED_EDGE('',*,*,#13810,.T.);
#13896 = ORIENTED_EDGE('',*,*,#13897,.T.);
#13897 = EDGE_CURVE('',#13813,#13853,#13898,.T.);
#13898 = LINE('',#13899,#13900);
#13899 = CARTESIAN_POINT('',(672.53448275862,15.,68.5));
#13900 = VECTOR('',#13901,1.);
#13901 = DIRECTION('',(1.,0.,-0.));
#13902 = ORIENTED_EDGE('',*,*,#13850,.F.);
#13903 = PLANE('',#13904);
#13904 = AXIS2_PLACEMENT_3D('',#13905,#13906,#13907);
#13905 = CARTESIAN_POINT('',(672.53448275862,15.,60.));
#13906 = DIRECTION('',(-0.,1.,0.));
#13907 = DIRECTION('',(0.,0.,1.));
#13908 = ADVANCED_FACE('',(#13909),#13925,.T.);
#13909 = FACE_BOUND('',#13910,.T.);
#13910 = EDGE_LOOP('',(#13911,#13917,#13918,#13924));
#13911 = ORIENTED_EDGE('',*,*,#13912,.F.);
#13912 = EDGE_CURVE('',#13821,#13861,#13913,.T.);
#13913 = LINE('',#13914,#13915);
#13914 = CARTESIAN_POINT('',(672.53448275862,152.5,60.));
#13915 = VECTOR('',#13916,1.);
#13916 = DIRECTION('',(1.,0.,-0.));
#13917 = ORIENTED_EDGE('',*,*,#13828,.T.);
#13918 = ORIENTED_EDGE('',*,*,#13919,.T.);
#13919 = EDGE_CURVE('',#13829,#13869,#13920,.T.);
#13920 = LINE('',#13921,#13922);
#13921 = CARTESIAN_POINT('',(672.53448275862,152.5,68.5));
#13922 = VECTOR('',#13923,1.);
#13923 = DIRECTION('',(1.,0.,-0.));
#13924 = ORIENTED_EDGE('',*,*,#13868,.F.);
#13925 = PLANE('',#13926);
#13926 = AXIS2_PLACEMENT_3D('',#13927,#13928,#13929);
#13927 = CARTESIAN_POINT('',(672.53448275862,152.5,60.));
#13928 = DIRECTION('',(-0.,1.,0.));
#13929 = DIRECTION('',(0.,0.,1.));
#13930 = ADVANCED_FACE('',(#13931),#13937,.F.);
#13931 = FACE_BOUND('',#13932,.F.);
#13932 = EDGE_LOOP('',(#13933,#13934,#13935,#13936));
#13933 = ORIENTED_EDGE('',*,*,#13820,.F.);
#13934 = ORIENTED_EDGE('',*,*,#13890,.T.);
#13935 = ORIENTED_EDGE('',*,*,#13860,.T.);
#13936 = ORIENTED_EDGE('',*,*,#13912,.F.);
#13937 = PLANE('',#13938);
#13938 = AXIS2_PLACEMENT_3D('',#13939,#13940,#13941);
#13939 = CARTESIAN_POINT('',(672.53448275862,15.,60.));
#13940 = DIRECTION('',(0.,0.,1.));
#13941 = DIRECTION('',(1.,0.,-0.));
#13942 = ADVANCED_FACE('',(#13943),#13949,.T.);
#13943 = FACE_BOUND('',#13944,.T.);
#13944 = EDGE_LOOP('',(#13945,#13946,#13947,#13948));
#13945 = ORIENTED_EDGE('',*,*,#13836,.F.);
#13946 = ORIENTED_EDGE('',*,*,#13897,.T.);
#13947 = ORIENTED_EDGE('',*,*,#13876,.T.);
#13948 = ORIENTED_EDGE('',*,*,#13919,.F.);
#13949 = PLANE('',#13950);
#13950 = AXIS2_PLACEMENT_3D('',#13951,#13952,#13953);
#13951 = CARTESIAN_POINT('',(672.53448275862,15.,68.5));
#13952 = DIRECTION('',(0.,0.,1.));
#13953 = DIRECTION('',(1.,0.,-0.));
#13954 = MANIFOLD_SOLID_BREP('',#13955);
#13955 = CLOSED_SHELL('',(#13956,#13996,#14036,#14058,#14080,#14092));
#13956 = ADVANCED_FACE('',(#13957),#13991,.F.);
#13957 = FACE_BOUND('',#13958,.F.);
#13958 = EDGE_LOOP('',(#13959,#13969,#13977,#13985));
#13959 = ORIENTED_EDGE('',*,*,#13960,.F.);
#13960 = EDGE_CURVE('',#13961,#13963,#13965,.T.);
#13961 = VERTEX_POINT('',#13962);
#13962 = CARTESIAN_POINT('',(696.08620689655,15.,60.));
#13963 = VERTEX_POINT('',#13964);
#13964 = CARTESIAN_POINT('',(696.08620689655,15.,68.5));
#13965 = LINE('',#13966,#13967);
#13966 = CARTESIAN_POINT('',(696.08620689655,15.,60.));
#13967 = VECTOR('',#13968,1.);
#13968 = DIRECTION('',(0.,0.,1.));
#13969 = ORIENTED_EDGE('',*,*,#13970,.T.);
#13970 = EDGE_CURVE('',#13961,#13971,#13973,.T.);
#13971 = VERTEX_POINT('',#13972);
#13972 = CARTESIAN_POINT('',(696.08620689655,152.5,60.));
#13973 = LINE('',#13974,#13975);
#13974 = CARTESIAN_POINT('',(696.08620689655,15.,60.));
#13975 = VECTOR('',#13976,1.);
#13976 = DIRECTION('',(-0.,1.,0.));
#13977 = ORIENTED_EDGE('',*,*,#13978,.T.);
#13978 = EDGE_CURVE('',#13971,#13979,#13981,.T.);
#13979 = VERTEX_POINT('',#13980);
#13980 = CARTESIAN_POINT('',(696.08620689655,152.5,68.5));
#13981 = LINE('',#13982,#13983);
#13982 = CARTESIAN_POINT('',(696.08620689655,152.5,60.));
#13983 = VECTOR('',#13984,1.);
#13984 = DIRECTION('',(0.,0.,1.));
#13985 = ORIENTED_EDGE('',*,*,#13986,.F.);
#13986 = EDGE_CURVE('',#13963,#13979,#13987,.T.);
#13987 = LINE('',#13988,#13989);
#13988 = CARTESIAN_POINT('',(696.08620689655,15.,68.5));
#13989 = VECTOR('',#13990,1.);
#13990 = DIRECTION('',(-0.,1.,0.));
#13991 = PLANE('',#13992);
#13992 = AXIS2_PLACEMENT_3D('',#13993,#13994,#13995);
#13993 = CARTESIAN_POINT('',(696.08620689655,15.,60.));
#13994 = DIRECTION('',(1.,0.,-0.));
#13995 = DIRECTION('',(0.,0.,1.));
#13996 = ADVANCED_FACE('',(#13997),#14031,.T.);
#13997 = FACE_BOUND('',#13998,.T.);
#13998 = EDGE_LOOP('',(#13999,#14009,#14017,#14025));
#13999 = ORIENTED_EDGE('',*,*,#14000,.F.);
#14000 = EDGE_CURVE('',#14001,#14003,#14005,.T.);
#14001 = VERTEX_POINT('',#14002);
#14002 = CARTESIAN_POINT('',(718.63793103448,15.,60.));
#14003 = VERTEX_POINT('',#14004);
#14004 = CARTESIAN_POINT('',(718.63793103448,15.,68.5));
#14005 = LINE('',#14006,#14007);
#14006 = CARTESIAN_POINT('',(718.63793103448,15.,60.));
#14007 = VECTOR('',#14008,1.);
#14008 = DIRECTION('',(0.,0.,1.));
#14009 = ORIENTED_EDGE('',*,*,#14010,.T.);
#14010 = EDGE_CURVE('',#14001,#14011,#14013,.T.);
#14011 = VERTEX_POINT('',#14012);
#14012 = CARTESIAN_POINT('',(718.63793103448,152.5,60.));
#14013 = LINE('',#14014,#14015);
#14014 = CARTESIAN_POINT('',(718.63793103448,15.,60.));
#14015 = VECTOR('',#14016,1.);
#14016 = DIRECTION('',(-0.,1.,0.));
#14017 = ORIENTED_EDGE('',*,*,#14018,.T.);
#14018 = EDGE_CURVE('',#14011,#14019,#14021,.T.);
#14019 = VERTEX_POINT('',#14020);
#14020 = CARTESIAN_POINT('',(718.63793103448,152.5,68.5));
#14021 = LINE('',#14022,#14023);
#14022 = CARTESIAN_POINT('',(718.63793103448,152.5,60.));
#14023 = VECTOR('',#14024,1.);
#14024 = DIRECTION('',(0.,0.,1.));
#14025 = ORIENTED_EDGE('',*,*,#14026,.F.);
#14026 = EDGE_CURVE('',#14003,#14019,#14027,.T.);
#14027 = LINE('',#14028,#14029);
#14028 = CARTESIAN_POINT('',(718.63793103448,15.,68.5));
#14029 = VECTOR('',#14030,1.);
#14030 = DIRECTION('',(-0.,1.,0.));
#14031 = PLANE('',#14032);
#14032 = AXIS2_PLACEMENT_3D('',#14033,#14034,#14035);
#14033 = CARTESIAN_POINT('',(718.63793103448,15.,60.));
#14034 = DIRECTION('',(1.,0.,-0.));
#14035 = DIRECTION('',(0.,0.,1.));
#14036 = ADVANCED_FACE('',(#14037),#14053,.F.);
#14037 = FACE_BOUND('',#14038,.F.);
#14038 = EDGE_LOOP('',(#14039,#14045,#14046,#14052));
#14039 = ORIENTED_EDGE('',*,*,#14040,.F.);
#14040 = EDGE_CURVE('',#13961,#14001,#14041,.T.);
#14041 = LINE('',#14042,#14043);
#14042 = CARTESIAN_POINT('',(696.08620689655,15.,60.));
#14043 = VECTOR('',#14044,1.);
#14044 = DIRECTION('',(1.,0.,-0.));
#14045 = ORIENTED_EDGE('',*,*,#13960,.T.);
#14046 = ORIENTED_EDGE('',*,*,#14047,.T.);
#14047 = EDGE_CURVE('',#13963,#14003,#14048,.T.);
#14048 = LINE('',#14049,#14050);
#14049 = CARTESIAN_POINT('',(696.08620689655,15.,68.5));
#14050 = VECTOR('',#14051,1.);
#14051 = DIRECTION('',(1.,0.,-0.));
#14052 = ORIENTED_EDGE('',*,*,#14000,.F.);
#14053 = PLANE('',#14054);
#14054 = AXIS2_PLACEMENT_3D('',#14055,#14056,#14057);
#14055 = CARTESIAN_POINT('',(696.08620689655,15.,60.));
#14056 = DIRECTION('',(-0.,1.,0.));
#14057 = DIRECTION('',(0.,0.,1.));
#14058 = ADVANCED_FACE('',(#14059),#14075,.T.);
#14059 = FACE_BOUND('',#14060,.T.);
#14060 = EDGE_LOOP('',(#14061,#14067,#14068,#14074));
#14061 = ORIENTED_EDGE('',*,*,#14062,.F.);
#14062 = EDGE_CURVE('',#13971,#14011,#14063,.T.);
#14063 = LINE('',#14064,#14065);
#14064 = CARTESIAN_POINT('',(696.08620689655,152.5,60.));
#14065 = VECTOR('',#14066,1.);
#14066 = DIRECTION('',(1.,0.,-0.));
#14067 = ORIENTED_EDGE('',*,*,#13978,.T.);
#14068 = ORIENTED_EDGE('',*,*,#14069,.T.);
#14069 = EDGE_CURVE('',#13979,#14019,#14070,.T.);
#14070 = LINE('',#14071,#14072);
#14071 = CARTESIAN_POINT('',(696.08620689655,152.5,68.5));
#14072 = VECTOR('',#14073,1.);
#14073 = DIRECTION('',(1.,0.,-0.));
#14074 = ORIENTED_EDGE('',*,*,#14018,.F.);
#14075 = PLANE('',#14076);
#14076 = AXIS2_PLACEMENT_3D('',#14077,#14078,#14079);
#14077 = CARTESIAN_POINT('',(696.08620689655,152.5,60.));
#14078 = DIRECTION('',(-0.,1.,0.));
#14079 = DIRECTION('',(0.,0.,1.));
#14080 = ADVANCED_FACE('',(#14081),#14087,.F.);
#14081 = FACE_BOUND('',#14082,.F.);
#14082 = EDGE_LOOP('',(#14083,#14084,#14085,#14086));
#14083 = ORIENTED_EDGE('',*,*,#13970,.F.);
#14084 = ORIENTED_EDGE('',*,*,#14040,.T.);
#14085 = ORIENTED_EDGE('',*,*,#14010,.T.);
#14086 = ORIENTED_EDGE('',*,*,#14062,.F.);
#14087 = PLANE('',#14088);
#14088 = AXIS2_PLACEMENT_3D('',#14089,#14090,#14091);
#14089 = CARTESIAN_POINT('',(696.08620689655,15.,60.));
#14090 = DIRECTION('',(0.,0.,1.));
#14091 = DIRECTION('',(1.,0.,-0.));
#14092 = ADVANCED_FACE('',(#14093),#14099,.T.);
#14093 = FACE_BOUND('',#14094,.T.);
#14094 = EDGE_LOOP('',(#14095,#14096,#14097,#14098));
#14095 = ORIENTED_EDGE('',*,*,#13986,.F.);
#14096 = ORIENTED_EDGE('',*,*,#14047,.T.);
#14097 = ORIENTED_EDGE('',*,*,#14026,.T.);
#14098 = ORIENTED_EDGE('',*,*,#14069,.F.);
#14099 = PLANE('',#14100);
#14100 = AXIS2_PLACEMENT_3D('',#14101,#14102,#14103);
#14101 = CARTESIAN_POINT('',(696.08620689655,15.,68.5));
#14102 = DIRECTION('',(0.,0.,1.));
#14103 = DIRECTION('',(1.,0.,-0.));
#14104 = MANIFOLD_SOLID_BREP('',#14105);
#14105 = CLOSED_SHELL('',(#14106,#14146,#14186,#14208,#14230,#14242));
#14106 = ADVANCED_FACE('',(#14107),#14141,.F.);
#14107 = FACE_BOUND('',#14108,.F.);
#14108 = EDGE_LOOP('',(#14109,#14119,#14127,#14135));
#14109 = ORIENTED_EDGE('',*,*,#14110,.F.);
#14110 = EDGE_CURVE('',#14111,#14113,#14115,.T.);
#14111 = VERTEX_POINT('',#14112);
#14112 = CARTESIAN_POINT('',(719.63793103448,15.,60.));
#14113 = VERTEX_POINT('',#14114);
#14114 = CARTESIAN_POINT('',(719.63793103448,15.,68.5));
#14115 = LINE('',#14116,#14117);
#14116 = CARTESIAN_POINT('',(719.63793103448,15.,60.));
#14117 = VECTOR('',#14118,1.);
#14118 = DIRECTION('',(0.,0.,1.));
#14119 = ORIENTED_EDGE('',*,*,#14120,.T.);
#14120 = EDGE_CURVE('',#14111,#14121,#14123,.T.);
#14121 = VERTEX_POINT('',#14122);
#14122 = CARTESIAN_POINT('',(719.63793103448,152.5,60.));
#14123 = LINE('',#14124,#14125);
#14124 = CARTESIAN_POINT('',(719.63793103448,15.,60.));
#14125 = VECTOR('',#14126,1.);
#14126 = DIRECTION('',(-0.,1.,0.));
#14127 = ORIENTED_EDGE('',*,*,#14128,.T.);
#14128 = EDGE_CURVE('',#14121,#14129,#14131,.T.);
#14129 = VERTEX_POINT('',#14130);
#14130 = CARTESIAN_POINT('',(719.63793103448,152.5,68.5));
#14131 = LINE('',#14132,#14133);
#14132 = CARTESIAN_POINT('',(719.63793103448,152.5,60.));
#14133 = VECTOR('',#14134,1.);
#14134 = DIRECTION('',(0.,0.,1.));
#14135 = ORIENTED_EDGE('',*,*,#14136,.F.);
#14136 = EDGE_CURVE('',#14113,#14129,#14137,.T.);
#14137 = LINE('',#14138,#14139);
#14138 = CARTESIAN_POINT('',(719.63793103448,15.,68.5));
#14139 = VECTOR('',#14140,1.);
#14140 = DIRECTION('',(-0.,1.,0.));
#14141 = PLANE('',#14142);
#14142 = AXIS2_PLACEMENT_3D('',#14143,#14144,#14145);
#14143 = CARTESIAN_POINT('',(719.63793103448,15.,60.));
#14144 = DIRECTION('',(1.,0.,-0.));
#14145 = DIRECTION('',(0.,0.,1.));
#14146 = ADVANCED_FACE('',(#14147),#14181,.T.);
#14147 = FACE_BOUND('',#14148,.T.);
#14148 = EDGE_LOOP('',(#14149,#14159,#14167,#14175));
#14149 = ORIENTED_EDGE('',*,*,#14150,.F.);
#14150 = EDGE_CURVE('',#14151,#14153,#14155,.T.);
#14151 = VERTEX_POINT('',#14152);
#14152 = CARTESIAN_POINT('',(742.18965517241,15.,60.));
#14153 = VERTEX_POINT('',#14154);
#14154 = CARTESIAN_POINT('',(742.18965517241,15.,68.5));
#14155 = LINE('',#14156,#14157);
#14156 = CARTESIAN_POINT('',(742.18965517241,15.,60.));
#14157 = VECTOR('',#14158,1.);
#14158 = DIRECTION('',(0.,0.,1.));
#14159 = ORIENTED_EDGE('',*,*,#14160,.T.);
#14160 = EDGE_CURVE('',#14151,#14161,#14163,.T.);
#14161 = VERTEX_POINT('',#14162);
#14162 = CARTESIAN_POINT('',(742.18965517241,152.5,60.));
#14163 = LINE('',#14164,#14165);
#14164 = CARTESIAN_POINT('',(742.18965517241,15.,60.));
#14165 = VECTOR('',#14166,1.);
#14166 = DIRECTION('',(-0.,1.,0.));
#14167 = ORIENTED_EDGE('',*,*,#14168,.T.);
#14168 = EDGE_CURVE('',#14161,#14169,#14171,.T.);
#14169 = VERTEX_POINT('',#14170);
#14170 = CARTESIAN_POINT('',(742.18965517241,152.5,68.5));
#14171 = LINE('',#14172,#14173);
#14172 = CARTESIAN_POINT('',(742.18965517241,152.5,60.));
#14173 = VECTOR('',#14174,1.);
#14174 = DIRECTION('',(0.,0.,1.));
#14175 = ORIENTED_EDGE('',*,*,#14176,.F.);
#14176 = EDGE_CURVE('',#14153,#14169,#14177,.T.);
#14177 = LINE('',#14178,#14179);
#14178 = CARTESIAN_POINT('',(742.18965517241,15.,68.5));
#14179 = VECTOR('',#14180,1.);
#14180 = DIRECTION('',(-0.,1.,0.));
#14181 = PLANE('',#14182);
#14182 = AXIS2_PLACEMENT_3D('',#14183,#14184,#14185);
#14183 = CARTESIAN_POINT('',(742.18965517241,15.,60.));
#14184 = DIRECTION('',(1.,0.,-0.));
#14185 = DIRECTION('',(0.,0.,1.));
#14186 = ADVANCED_FACE('',(#14187),#14203,.F.);
#14187 = FACE_BOUND('',#14188,.F.);
#14188 = EDGE_LOOP('',(#14189,#14195,#14196,#14202));
#14189 = ORIENTED_EDGE('',*,*,#14190,.F.);
#14190 = EDGE_CURVE('',#14111,#14151,#14191,.T.);
#14191 = LINE('',#14192,#14193);
#14192 = CARTESIAN_POINT('',(719.63793103448,15.,60.));
#14193 = VECTOR('',#14194,1.);
#14194 = DIRECTION('',(1.,0.,-0.));
#14195 = ORIENTED_EDGE('',*,*,#14110,.T.);
#14196 = ORIENTED_EDGE('',*,*,#14197,.T.);
#14197 = EDGE_CURVE('',#14113,#14153,#14198,.T.);
#14198 = LINE('',#14199,#14200);
#14199 = CARTESIAN_POINT('',(719.63793103448,15.,68.5));
#14200 = VECTOR('',#14201,1.);
#14201 = DIRECTION('',(1.,0.,-0.));
#14202 = ORIENTED_EDGE('',*,*,#14150,.F.);
#14203 = PLANE('',#14204);
#14204 = AXIS2_PLACEMENT_3D('',#14205,#14206,#14207);
#14205 = CARTESIAN_POINT('',(719.63793103448,15.,60.));
#14206 = DIRECTION('',(-0.,1.,0.));
#14207 = DIRECTION('',(0.,0.,1.));
#14208 = ADVANCED_FACE('',(#14209),#14225,.T.);
#14209 = FACE_BOUND('',#14210,.T.);
#14210 = EDGE_LOOP('',(#14211,#14217,#14218,#14224));
#14211 = ORIENTED_EDGE('',*,*,#14212,.F.);
#14212 = EDGE_CURVE('',#14121,#14161,#14213,.T.);
#14213 = LINE('',#14214,#14215);
#14214 = CARTESIAN_POINT('',(719.63793103448,152.5,60.));
#14215 = VECTOR('',#14216,1.);
#14216 = DIRECTION('',(1.,0.,-0.));
#14217 = ORIENTED_EDGE('',*,*,#14128,.T.);
#14218 = ORIENTED_EDGE('',*,*,#14219,.T.);
#14219 = EDGE_CURVE('',#14129,#14169,#14220,.T.);
#14220 = LINE('',#14221,#14222);
#14221 = CARTESIAN_POINT('',(719.63793103448,152.5,68.5));
#14222 = VECTOR('',#14223,1.);
#14223 = DIRECTION('',(1.,0.,-0.));
#14224 = ORIENTED_EDGE('',*,*,#14168,.F.);
#14225 = PLANE('',#14226);
#14226 = AXIS2_PLACEMENT_3D('',#14227,#14228,#14229);
#14227 = CARTESIAN_POINT('',(719.63793103448,152.5,60.));
#14228 = DIRECTION('',(-0.,1.,0.));
#14229 = DIRECTION('',(0.,0.,1.));
#14230 = ADVANCED_FACE('',(#14231),#14237,.F.);
#14231 = FACE_BOUND('',#14232,.F.);
#14232 = EDGE_LOOP('',(#14233,#14234,#14235,#14236));
#14233 = ORIENTED_EDGE('',*,*,#14120,.F.);
#14234 = ORIENTED_EDGE('',*,*,#14190,.T.);
#14235 = ORIENTED_EDGE('',*,*,#14160,.T.);
#14236 = ORIENTED_EDGE('',*,*,#14212,.F.);
#14237 = PLANE('',#14238);
#14238 = AXIS2_PLACEMENT_3D('',#14239,#14240,#14241);
#14239 = CARTESIAN_POINT('',(719.63793103448,15.,60.));
#14240 = DIRECTION('',(0.,0.,1.));
#14241 = DIRECTION('',(1.,0.,-0.));
#14242 = ADVANCED_FACE('',(#14243),#14249,.T.);
#14243 = FACE_BOUND('',#14244,.T.);
#14244 = EDGE_LOOP('',(#14245,#14246,#14247,#14248));
#14245 = ORIENTED_EDGE('',*,*,#14136,.F.);
#14246 = ORIENTED_EDGE('',*,*,#14197,.T.);
#14247 = ORIENTED_EDGE('',*,*,#14176,.T.);
#14248 = ORIENTED_EDGE('',*,*,#14219,.F.);
#14249 = PLANE('',#14250);
#14250 = AXIS2_PLACEMENT_3D('',#14251,#14252,#14253);
#14251 = CARTESIAN_POINT('',(719.63793103448,15.,68.5));
#14252 = DIRECTION('',(0.,0.,1.));
#14253 = DIRECTION('',(1.,0.,-0.));
#14254 = MANIFOLD_SOLID_BREP('',#14255);
#14255 = CLOSED_SHELL('',(#14256,#14296,#14336,#14358,#14380,#14392));
#14256 = ADVANCED_FACE('',(#14257),#14291,.F.);
#14257 = FACE_BOUND('',#14258,.F.);
#14258 = EDGE_LOOP('',(#14259,#14269,#14277,#14285));
#14259 = ORIENTED_EDGE('',*,*,#14260,.F.);
#14260 = EDGE_CURVE('',#14261,#14263,#14265,.T.);
#14261 = VERTEX_POINT('',#14262);
#14262 = CARTESIAN_POINT('',(743.18965517241,15.,60.));
#14263 = VERTEX_POINT('',#14264);
#14264 = CARTESIAN_POINT('',(743.18965517241,15.,68.5));
#14265 = LINE('',#14266,#14267);
#14266 = CARTESIAN_POINT('',(743.18965517241,15.,60.));
#14267 = VECTOR('',#14268,1.);
#14268 = DIRECTION('',(0.,0.,1.));
#14269 = ORIENTED_EDGE('',*,*,#14270,.T.);
#14270 = EDGE_CURVE('',#14261,#14271,#14273,.T.);
#14271 = VERTEX_POINT('',#14272);
#14272 = CARTESIAN_POINT('',(743.18965517241,152.5,60.));
#14273 = LINE('',#14274,#14275);
#14274 = CARTESIAN_POINT('',(743.18965517241,15.,60.));
#14275 = VECTOR('',#14276,1.);
#14276 = DIRECTION('',(-0.,1.,0.));
#14277 = ORIENTED_EDGE('',*,*,#14278,.T.);
#14278 = EDGE_CURVE('',#14271,#14279,#14281,.T.);
#14279 = VERTEX_POINT('',#14280);
#14280 = CARTESIAN_POINT('',(743.18965517241,152.5,68.5));
#14281 = LINE('',#14282,#14283);
#14282 = CARTESIAN_POINT('',(743.18965517241,152.5,60.));
#14283 = VECTOR('',#14284,1.);
#14284 = DIRECTION('',(0.,0.,1.));
#14285 = ORIENTED_EDGE('',*,*,#14286,.F.);
#14286 = EDGE_CURVE('',#14263,#14279,#14287,.T.);
#14287 = LINE('',#14288,#14289);
#14288 = CARTESIAN_POINT('',(743.18965517241,15.,68.5));
#14289 = VECTOR('',#14290,1.);
#14290 = DIRECTION('',(-0.,1.,0.));
#14291 = PLANE('',#14292);
#14292 = AXIS2_PLACEMENT_3D('',#14293,#14294,#14295);
#14293 = CARTESIAN_POINT('',(743.18965517241,15.,60.));
#14294 = DIRECTION('',(1.,0.,-0.));
#14295 = DIRECTION('',(0.,0.,1.));
#14296 = ADVANCED_FACE('',(#14297),#14331,.T.);
#14297 = FACE_BOUND('',#14298,.T.);
#14298 = EDGE_LOOP('',(#14299,#14309,#14317,#14325));
#14299 = ORIENTED_EDGE('',*,*,#14300,.F.);
#14300 = EDGE_CURVE('',#14301,#14303,#14305,.T.);
#14301 = VERTEX_POINT('',#14302);
#14302 = CARTESIAN_POINT('',(765.74137931034,15.,60.));
#14303 = VERTEX_POINT('',#14304);
#14304 = CARTESIAN_POINT('',(765.74137931034,15.,68.5));
#14305 = LINE('',#14306,#14307);
#14306 = CARTESIAN_POINT('',(765.74137931034,15.,60.));
#14307 = VECTOR('',#14308,1.);
#14308 = DIRECTION('',(0.,0.,1.));
#14309 = ORIENTED_EDGE('',*,*,#14310,.T.);
#14310 = EDGE_CURVE('',#14301,#14311,#14313,.T.);
#14311 = VERTEX_POINT('',#14312);
#14312 = CARTESIAN_POINT('',(765.74137931034,152.5,60.));
#14313 = LINE('',#14314,#14315);
#14314 = CARTESIAN_POINT('',(765.74137931034,15.,60.));
#14315 = VECTOR('',#14316,1.);
#14316 = DIRECTION('',(-0.,1.,0.));
#14317 = ORIENTED_EDGE('',*,*,#14318,.T.);
#14318 = EDGE_CURVE('',#14311,#14319,#14321,.T.);
#14319 = VERTEX_POINT('',#14320);
#14320 = CARTESIAN_POINT('',(765.74137931034,152.5,68.5));
#14321 = LINE('',#14322,#14323);
#14322 = CARTESIAN_POINT('',(765.74137931034,152.5,60.));
#14323 = VECTOR('',#14324,1.);
#14324 = DIRECTION('',(0.,0.,1.));
#14325 = ORIENTED_EDGE('',*,*,#14326,.F.);
#14326 = EDGE_CURVE('',#14303,#14319,#14327,.T.);
#14327 = LINE('',#14328,#14329);
#14328 = CARTESIAN_POINT('',(765.74137931034,15.,68.5));
#14329 = VECTOR('',#14330,1.);
#14330 = DIRECTION('',(-0.,1.,0.));
#14331 = PLANE('',#14332);
#14332 = AXIS2_PLACEMENT_3D('',#14333,#14334,#14335);
#14333 = CARTESIAN_POINT('',(765.74137931034,15.,60.));
#14334 = DIRECTION('',(1.,0.,-0.));
#14335 = DIRECTION('',(0.,0.,1.));
#14336 = ADVANCED_FACE('',(#14337),#14353,.F.);
#14337 = FACE_BOUND('',#14338,.F.);
#14338 = EDGE_LOOP('',(#14339,#14345,#14346,#14352));
#14339 = ORIENTED_EDGE('',*,*,#14340,.F.);
#14340 = EDGE_CURVE('',#14261,#14301,#14341,.T.);
#14341 = LINE('',#14342,#14343);
#14342 = CARTESIAN_POINT('',(743.18965517241,15.,60.));
#14343 = VECTOR('',#14344,1.);
#14344 = DIRECTION('',(1.,0.,-0.));
#14345 = ORIENTED_EDGE('',*,*,#14260,.T.);
#14346 = ORIENTED_EDGE('',*,*,#14347,.T.);
#14347 = EDGE_CURVE('',#14263,#14303,#14348,.T.);
#14348 = LINE('',#14349,#14350);
#14349 = CARTESIAN_POINT('',(743.18965517241,15.,68.5));
#14350 = VECTOR('',#14351,1.);
#14351 = DIRECTION('',(1.,0.,-0.));
#14352 = ORIENTED_EDGE('',*,*,#14300,.F.);
#14353 = PLANE('',#14354);
#14354 = AXIS2_PLACEMENT_3D('',#14355,#14356,#14357);
#14355 = CARTESIAN_POINT('',(743.18965517241,15.,60.));
#14356 = DIRECTION('',(-0.,1.,0.));
#14357 = DIRECTION('',(0.,0.,1.));
#14358 = ADVANCED_FACE('',(#14359),#14375,.T.);
#14359 = FACE_BOUND('',#14360,.T.);
#14360 = EDGE_LOOP('',(#14361,#14367,#14368,#14374));
#14361 = ORIENTED_EDGE('',*,*,#14362,.F.);
#14362 = EDGE_CURVE('',#14271,#14311,#14363,.T.);
#14363 = LINE('',#14364,#14365);
#14364 = CARTESIAN_POINT('',(743.18965517241,152.5,60.));
#14365 = VECTOR('',#14366,1.);
#14366 = DIRECTION('',(1.,0.,-0.));
#14367 = ORIENTED_EDGE('',*,*,#14278,.T.);
#14368 = ORIENTED_EDGE('',*,*,#14369,.T.);
#14369 = EDGE_CURVE('',#14279,#14319,#14370,.T.);
#14370 = LINE('',#14371,#14372);
#14371 = CARTESIAN_POINT('',(743.18965517241,152.5,68.5));
#14372 = VECTOR('',#14373,1.);
#14373 = DIRECTION('',(1.,0.,-0.));
#14374 = ORIENTED_EDGE('',*,*,#14318,.F.);
#14375 = PLANE('',#14376);
#14376 = AXIS2_PLACEMENT_3D('',#14377,#14378,#14379);
#14377 = CARTESIAN_POINT('',(743.18965517241,152.5,60.));
#14378 = DIRECTION('',(-0.,1.,0.));
#14379 = DIRECTION('',(0.,0.,1.));
#14380 = ADVANCED_FACE('',(#14381),#14387,.F.);
#14381 = FACE_BOUND('',#14382,.F.);
#14382 = EDGE_LOOP('',(#14383,#14384,#14385,#14386));
#14383 = ORIENTED_EDGE('',*,*,#14270,.F.);
#14384 = ORIENTED_EDGE('',*,*,#14340,.T.);
#14385 = ORIENTED_EDGE('',*,*,#14310,.T.);
#14386 = ORIENTED_EDGE('',*,*,#14362,.F.);
#14387 = PLANE('',#14388);
#14388 = AXIS2_PLACEMENT_3D('',#14389,#14390,#14391);
#14389 = CARTESIAN_POINT('',(743.18965517241,15.,60.));
#14390 = DIRECTION('',(0.,0.,1.));
#14391 = DIRECTION('',(1.,0.,-0.));
#14392 = ADVANCED_FACE('',(#14393),#14399,.T.);
#14393 = FACE_BOUND('',#14394,.T.);
#14394 = EDGE_LOOP('',(#14395,#14396,#14397,#14398));
#14395 = ORIENTED_EDGE('',*,*,#14286,.F.);
#14396 = ORIENTED_EDGE('',*,*,#14347,.T.);
#14397 = ORIENTED_EDGE('',*,*,#14326,.T.);
#14398 = ORIENTED_EDGE('',*,*,#14369,.F.);
#14399 = PLANE('',#14400);
#14400 = AXIS2_PLACEMENT_3D('',#14401,#14402,#14403);
#14401 = CARTESIAN_POINT('',(743.18965517241,15.,68.5));
#14402 = DIRECTION('',(0.,0.,1.));
#14403 = DIRECTION('',(1.,0.,-0.));
#14404 = MANIFOLD_SOLID_BREP('',#14405);
#14405 = CLOSED_SHELL('',(#14406,#14446,#14486,#14508,#14530,#14542));
#14406 = ADVANCED_FACE('',(#14407),#14441,.F.);
#14407 = FACE_BOUND('',#14408,.F.);
#14408 = EDGE_LOOP('',(#14409,#14419,#14427,#14435));
#14409 = ORIENTED_EDGE('',*,*,#14410,.F.);
#14410 = EDGE_CURVE('',#14411,#14413,#14415,.T.);
#14411 = VERTEX_POINT('',#14412);
#14412 = CARTESIAN_POINT('',(766.74137931034,15.,60.));
#14413 = VERTEX_POINT('',#14414);
#14414 = CARTESIAN_POINT('',(766.74137931034,15.,68.5));
#14415 = LINE('',#14416,#14417);
#14416 = CARTESIAN_POINT('',(766.74137931034,15.,60.));
#14417 = VECTOR('',#14418,1.);
#14418 = DIRECTION('',(0.,0.,1.));
#14419 = ORIENTED_EDGE('',*,*,#14420,.T.);
#14420 = EDGE_CURVE('',#14411,#14421,#14423,.T.);
#14421 = VERTEX_POINT('',#14422);
#14422 = CARTESIAN_POINT('',(766.74137931034,152.5,60.));
#14423 = LINE('',#14424,#14425);
#14424 = CARTESIAN_POINT('',(766.74137931034,15.,60.));
#14425 = VECTOR('',#14426,1.);
#14426 = DIRECTION('',(-0.,1.,0.));
#14427 = ORIENTED_EDGE('',*,*,#14428,.T.);
#14428 = EDGE_CURVE('',#14421,#14429,#14431,.T.);
#14429 = VERTEX_POINT('',#14430);
#14430 = CARTESIAN_POINT('',(766.74137931034,152.5,68.5));
#14431 = LINE('',#14432,#14433);
#14432 = CARTESIAN_POINT('',(766.74137931034,152.5,60.));
#14433 = VECTOR('',#14434,1.);
#14434 = DIRECTION('',(0.,0.,1.));
#14435 = ORIENTED_EDGE('',*,*,#14436,.F.);
#14436 = EDGE_CURVE('',#14413,#14429,#14437,.T.);
#14437 = LINE('',#14438,#14439);
#14438 = CARTESIAN_POINT('',(766.74137931034,15.,68.5));
#14439 = VECTOR('',#14440,1.);
#14440 = DIRECTION('',(-0.,1.,0.));
#14441 = PLANE('',#14442);
#14442 = AXIS2_PLACEMENT_3D('',#14443,#14444,#14445);
#14443 = CARTESIAN_POINT('',(766.74137931034,15.,60.));
#14444 = DIRECTION('',(1.,0.,-0.));
#14445 = DIRECTION('',(0.,0.,1.));
#14446 = ADVANCED_FACE('',(#14447),#14481,.T.);
#14447 = FACE_BOUND('',#14448,.T.);
#14448 = EDGE_LOOP('',(#14449,#14459,#14467,#14475));
#14449 = ORIENTED_EDGE('',*,*,#14450,.F.);
#14450 = EDGE_CURVE('',#14451,#14453,#14455,.T.);
#14451 = VERTEX_POINT('',#14452);
#14452 = CARTESIAN_POINT('',(789.29310344827,15.,60.));
#14453 = VERTEX_POINT('',#14454);
#14454 = CARTESIAN_POINT('',(789.29310344827,15.,68.5));
#14455 = LINE('',#14456,#14457);
#14456 = CARTESIAN_POINT('',(789.29310344827,15.,60.));
#14457 = VECTOR('',#14458,1.);
#14458 = DIRECTION('',(0.,0.,1.));
#14459 = ORIENTED_EDGE('',*,*,#14460,.T.);
#14460 = EDGE_CURVE('',#14451,#14461,#14463,.T.);
#14461 = VERTEX_POINT('',#14462);
#14462 = CARTESIAN_POINT('',(789.29310344827,152.5,60.));
#14463 = LINE('',#14464,#14465);
#14464 = CARTESIAN_POINT('',(789.29310344827,15.,60.));
#14465 = VECTOR('',#14466,1.);
#14466 = DIRECTION('',(-0.,1.,0.));
#14467 = ORIENTED_EDGE('',*,*,#14468,.T.);
#14468 = EDGE_CURVE('',#14461,#14469,#14471,.T.);
#14469 = VERTEX_POINT('',#14470);
#14470 = CARTESIAN_POINT('',(789.29310344827,152.5,68.5));
#14471 = LINE('',#14472,#14473);
#14472 = CARTESIAN_POINT('',(789.29310344827,152.5,60.));
#14473 = VECTOR('',#14474,1.);
#14474 = DIRECTION('',(0.,0.,1.));
#14475 = ORIENTED_EDGE('',*,*,#14476,.F.);
#14476 = EDGE_CURVE('',#14453,#14469,#14477,.T.);
#14477 = LINE('',#14478,#14479);
#14478 = CARTESIAN_POINT('',(789.29310344827,15.,68.5));
#14479 = VECTOR('',#14480,1.);
#14480 = DIRECTION('',(-0.,1.,0.));
#14481 = PLANE('',#14482);
#14482 = AXIS2_PLACEMENT_3D('',#14483,#14484,#14485);
#14483 = CARTESIAN_POINT('',(789.29310344827,15.,60.));
#14484 = DIRECTION('',(1.,0.,-0.));
#14485 = DIRECTION('',(0.,0.,1.));
#14486 = ADVANCED_FACE('',(#14487),#14503,.F.);
#14487 = FACE_BOUND('',#14488,.F.);
#14488 = EDGE_LOOP('',(#14489,#14495,#14496,#14502));
#14489 = ORIENTED_EDGE('',*,*,#14490,.F.);
#14490 = EDGE_CURVE('',#14411,#14451,#14491,.T.);
#14491 = LINE('',#14492,#14493);
#14492 = CARTESIAN_POINT('',(766.74137931034,15.,60.));
#14493 = VECTOR('',#14494,1.);
#14494 = DIRECTION('',(1.,0.,-0.));
#14495 = ORIENTED_EDGE('',*,*,#14410,.T.);
#14496 = ORIENTED_EDGE('',*,*,#14497,.T.);
#14497 = EDGE_CURVE('',#14413,#14453,#14498,.T.);
#14498 = LINE('',#14499,#14500);
#14499 = CARTESIAN_POINT('',(766.74137931034,15.,68.5));
#14500 = VECTOR('',#14501,1.);
#14501 = DIRECTION('',(1.,0.,-0.));
#14502 = ORIENTED_EDGE('',*,*,#14450,.F.);
#14503 = PLANE('',#14504);
#14504 = AXIS2_PLACEMENT_3D('',#14505,#14506,#14507);
#14505 = CARTESIAN_POINT('',(766.74137931034,15.,60.));
#14506 = DIRECTION('',(-0.,1.,0.));
#14507 = DIRECTION('',(0.,0.,1.));
#14508 = ADVANCED_FACE('',(#14509),#14525,.T.);
#14509 = FACE_BOUND('',#14510,.T.);
#14510 = EDGE_LOOP('',(#14511,#14517,#14518,#14524));
#14511 = ORIENTED_EDGE('',*,*,#14512,.F.);
#14512 = EDGE_CURVE('',#14421,#14461,#14513,.T.);
#14513 = LINE('',#14514,#14515);
#14514 = CARTESIAN_POINT('',(766.74137931034,152.5,60.));
#14515 = VECTOR('',#14516,1.);
#14516 = DIRECTION('',(1.,0.,-0.));
#14517 = ORIENTED_EDGE('',*,*,#14428,.T.);
#14518 = ORIENTED_EDGE('',*,*,#14519,.T.);
#14519 = EDGE_CURVE('',#14429,#14469,#14520,.T.);
#14520 = LINE('',#14521,#14522);
#14521 = CARTESIAN_POINT('',(766.74137931034,152.5,68.5));
#14522 = VECTOR('',#14523,1.);
#14523 = DIRECTION('',(1.,0.,-0.));
#14524 = ORIENTED_EDGE('',*,*,#14468,.F.);
#14525 = PLANE('',#14526);
#14526 = AXIS2_PLACEMENT_3D('',#14527,#14528,#14529);
#14527 = CARTESIAN_POINT('',(766.74137931034,152.5,60.));
#14528 = DIRECTION('',(-0.,1.,0.));
#14529 = DIRECTION('',(0.,0.,1.));
#14530 = ADVANCED_FACE('',(#14531),#14537,.F.);
#14531 = FACE_BOUND('',#14532,.F.);
#14532 = EDGE_LOOP('',(#14533,#14534,#14535,#14536));
#14533 = ORIENTED_EDGE('',*,*,#14420,.F.);
#14534 = ORIENTED_EDGE('',*,*,#14490,.T.);
#14535 = ORIENTED_EDGE('',*,*,#14460,.T.);
#14536 = ORIENTED_EDGE('',*,*,#14512,.F.);
#14537 = PLANE('',#14538);
#14538 = AXIS2_PLACEMENT_3D('',#14539,#14540,#14541);
#14539 = CARTESIAN_POINT('',(766.74137931034,15.,60.));
#14540 = DIRECTION('',(0.,0.,1.));
#14541 = DIRECTION('',(1.,0.,-0.));
#14542 = ADVANCED_FACE('',(#14543),#14549,.T.);
#14543 = FACE_BOUND('',#14544,.T.);
#14544 = EDGE_LOOP('',(#14545,#14546,#14547,#14548));
#14545 = ORIENTED_EDGE('',*,*,#14436,.F.);
#14546 = ORIENTED_EDGE('',*,*,#14497,.T.);
#14547 = ORIENTED_EDGE('',*,*,#14476,.T.);
#14548 = ORIENTED_EDGE('',*,*,#14519,.F.);
#14549 = PLANE('',#14550);
#14550 = AXIS2_PLACEMENT_3D('',#14551,#14552,#14553);
#14551 = CARTESIAN_POINT('',(766.74137931034,15.,68.5));
#14552 = DIRECTION('',(0.,0.,1.));
#14553 = DIRECTION('',(1.,0.,-0.));
#14554 = MANIFOLD_SOLID_BREP('',#14555);
#14555 = CLOSED_SHELL('',(#14556,#14596,#14636,#14658,#14680,#14692));
#14556 = ADVANCED_FACE('',(#14557),#14591,.F.);
#14557 = FACE_BOUND('',#14558,.F.);
#14558 = EDGE_LOOP('',(#14559,#14569,#14577,#14585));
#14559 = ORIENTED_EDGE('',*,*,#14560,.F.);
#14560 = EDGE_CURVE('',#14561,#14563,#14565,.T.);
#14561 = VERTEX_POINT('',#14562);
#14562 = CARTESIAN_POINT('',(790.29310344827,15.,60.));
#14563 = VERTEX_POINT('',#14564);
#14564 = CARTESIAN_POINT('',(790.29310344827,15.,68.5));
#14565 = LINE('',#14566,#14567);
#14566 = CARTESIAN_POINT('',(790.29310344827,15.,60.));
#14567 = VECTOR('',#14568,1.);
#14568 = DIRECTION('',(0.,0.,1.));
#14569 = ORIENTED_EDGE('',*,*,#14570,.T.);
#14570 = EDGE_CURVE('',#14561,#14571,#14573,.T.);
#14571 = VERTEX_POINT('',#14572);
#14572 = CARTESIAN_POINT('',(790.29310344827,152.5,60.));
#14573 = LINE('',#14574,#14575);
#14574 = CARTESIAN_POINT('',(790.29310344827,15.,60.));
#14575 = VECTOR('',#14576,1.);
#14576 = DIRECTION('',(-0.,1.,0.));
#14577 = ORIENTED_EDGE('',*,*,#14578,.T.);
#14578 = EDGE_CURVE('',#14571,#14579,#14581,.T.);
#14579 = VERTEX_POINT('',#14580);
#14580 = CARTESIAN_POINT('',(790.29310344827,152.5,68.5));
#14581 = LINE('',#14582,#14583);
#14582 = CARTESIAN_POINT('',(790.29310344827,152.5,60.));
#14583 = VECTOR('',#14584,1.);
#14584 = DIRECTION('',(0.,0.,1.));
#14585 = ORIENTED_EDGE('',*,*,#14586,.F.);
#14586 = EDGE_CURVE('',#14563,#14579,#14587,.T.);
#14587 = LINE('',#14588,#14589);
#14588 = CARTESIAN_POINT('',(790.29310344827,15.,68.5));
#14589 = VECTOR('',#14590,1.);
#14590 = DIRECTION('',(-0.,1.,0.));
#14591 = PLANE('',#14592);
#14592 = AXIS2_PLACEMENT_3D('',#14593,#14594,#14595);
#14593 = CARTESIAN_POINT('',(790.29310344827,15.,60.));
#14594 = DIRECTION('',(1.,0.,-0.));
#14595 = DIRECTION('',(0.,0.,1.));
#14596 = ADVANCED_FACE('',(#14597),#14631,.T.);
#14597 = FACE_BOUND('',#14598,.T.);
#14598 = EDGE_LOOP('',(#14599,#14609,#14617,#14625));
#14599 = ORIENTED_EDGE('',*,*,#14600,.F.);
#14600 = EDGE_CURVE('',#14601,#14603,#14605,.T.);
#14601 = VERTEX_POINT('',#14602);
#14602 = CARTESIAN_POINT('',(812.8448275862,15.,60.));
#14603 = VERTEX_POINT('',#14604);
#14604 = CARTESIAN_POINT('',(812.8448275862,15.,68.5));
#14605 = LINE('',#14606,#14607);
#14606 = CARTESIAN_POINT('',(812.8448275862,15.,60.));
#14607 = VECTOR('',#14608,1.);
#14608 = DIRECTION('',(0.,0.,1.));
#14609 = ORIENTED_EDGE('',*,*,#14610,.T.);
#14610 = EDGE_CURVE('',#14601,#14611,#14613,.T.);
#14611 = VERTEX_POINT('',#14612);
#14612 = CARTESIAN_POINT('',(812.8448275862,152.5,60.));
#14613 = LINE('',#14614,#14615);
#14614 = CARTESIAN_POINT('',(812.8448275862,15.,60.));
#14615 = VECTOR('',#14616,1.);
#14616 = DIRECTION('',(-0.,1.,0.));
#14617 = ORIENTED_EDGE('',*,*,#14618,.T.);
#14618 = EDGE_CURVE('',#14611,#14619,#14621,.T.);
#14619 = VERTEX_POINT('',#14620);
#14620 = CARTESIAN_POINT('',(812.8448275862,152.5,68.5));
#14621 = LINE('',#14622,#14623);
#14622 = CARTESIAN_POINT('',(812.8448275862,152.5,60.));
#14623 = VECTOR('',#14624,1.);
#14624 = DIRECTION('',(0.,0.,1.));
#14625 = ORIENTED_EDGE('',*,*,#14626,.F.);
#14626 = EDGE_CURVE('',#14603,#14619,#14627,.T.);
#14627 = LINE('',#14628,#14629);
#14628 = CARTESIAN_POINT('',(812.8448275862,15.,68.5));
#14629 = VECTOR('',#14630,1.);
#14630 = DIRECTION('',(-0.,1.,0.));
#14631 = PLANE('',#14632);
#14632 = AXIS2_PLACEMENT_3D('',#14633,#14634,#14635);
#14633 = CARTESIAN_POINT('',(812.8448275862,15.,60.));
#14634 = DIRECTION('',(1.,0.,-0.));
#14635 = DIRECTION('',(0.,0.,1.));
#14636 = ADVANCED_FACE('',(#14637),#14653,.F.);
#14637 = FACE_BOUND('',#14638,.F.);
#14638 = EDGE_LOOP('',(#14639,#14645,#14646,#14652));
#14639 = ORIENTED_EDGE('',*,*,#14640,.F.);
#14640 = EDGE_CURVE('',#14561,#14601,#14641,.T.);
#14641 = LINE('',#14642,#14643);
#14642 = CARTESIAN_POINT('',(790.29310344827,15.,60.));
#14643 = VECTOR('',#14644,1.);
#14644 = DIRECTION('',(1.,0.,-0.));
#14645 = ORIENTED_EDGE('',*,*,#14560,.T.);
#14646 = ORIENTED_EDGE('',*,*,#14647,.T.);
#14647 = EDGE_CURVE('',#14563,#14603,#14648,.T.);
#14648 = LINE('',#14649,#14650);
#14649 = CARTESIAN_POINT('',(790.29310344827,15.,68.5));
#14650 = VECTOR('',#14651,1.);
#14651 = DIRECTION('',(1.,0.,-0.));
#14652 = ORIENTED_EDGE('',*,*,#14600,.F.);
#14653 = PLANE('',#14654);
#14654 = AXIS2_PLACEMENT_3D('',#14655,#14656,#14657);
#14655 = CARTESIAN_POINT('',(790.29310344827,15.,60.));
#14656 = DIRECTION('',(-0.,1.,0.));
#14657 = DIRECTION('',(0.,0.,1.));
#14658 = ADVANCED_FACE('',(#14659),#14675,.T.);
#14659 = FACE_BOUND('',#14660,.T.);
#14660 = EDGE_LOOP('',(#14661,#14667,#14668,#14674));
#14661 = ORIENTED_EDGE('',*,*,#14662,.F.);
#14662 = EDGE_CURVE('',#14571,#14611,#14663,.T.);
#14663 = LINE('',#14664,#14665);
#14664 = CARTESIAN_POINT('',(790.29310344827,152.5,60.));
#14665 = VECTOR('',#14666,1.);
#14666 = DIRECTION('',(1.,0.,-0.));
#14667 = ORIENTED_EDGE('',*,*,#14578,.T.);
#14668 = ORIENTED_EDGE('',*,*,#14669,.T.);
#14669 = EDGE_CURVE('',#14579,#14619,#14670,.T.);
#14670 = LINE('',#14671,#14672);
#14671 = CARTESIAN_POINT('',(790.29310344827,152.5,68.5));
#14672 = VECTOR('',#14673,1.);
#14673 = DIRECTION('',(1.,0.,-0.));
#14674 = ORIENTED_EDGE('',*,*,#14618,.F.);
#14675 = PLANE('',#14676);
#14676 = AXIS2_PLACEMENT_3D('',#14677,#14678,#14679);
#14677 = CARTESIAN_POINT('',(790.29310344827,152.5,60.));
#14678 = DIRECTION('',(-0.,1.,0.));
#14679 = DIRECTION('',(0.,0.,1.));
#14680 = ADVANCED_FACE('',(#14681),#14687,.F.);
#14681 = FACE_BOUND('',#14682,.F.);
#14682 = EDGE_LOOP('',(#14683,#14684,#14685,#14686));
#14683 = ORIENTED_EDGE('',*,*,#14570,.F.);
#14684 = ORIENTED_EDGE('',*,*,#14640,.T.);
#14685 = ORIENTED_EDGE('',*,*,#14610,.T.);
#14686 = ORIENTED_EDGE('',*,*,#14662,.F.);
#14687 = PLANE('',#14688);
#14688 = AXIS2_PLACEMENT_3D('',#14689,#14690,#14691);
#14689 = CARTESIAN_POINT('',(790.29310344827,15.,60.));
#14690 = DIRECTION('',(0.,0.,1.));
#14691 = DIRECTION('',(1.,0.,-0.));
#14692 = ADVANCED_FACE('',(#14693),#14699,.T.);
#14693 = FACE_BOUND('',#14694,.T.);
#14694 = EDGE_LOOP('',(#14695,#14696,#14697,#14698));
#14695 = ORIENTED_EDGE('',*,*,#14586,.F.);
#14696 = ORIENTED_EDGE('',*,*,#14647,.T.);
#14697 = ORIENTED_EDGE('',*,*,#14626,.T.);
#14698 = ORIENTED_EDGE('',*,*,#14669,.F.);
#14699 = PLANE('',#14700);
#14700 = AXIS2_PLACEMENT_3D('',#14701,#14702,#14703);
#14701 = CARTESIAN_POINT('',(790.29310344827,15.,68.5));
#14702 = DIRECTION('',(0.,0.,1.));
#14703 = DIRECTION('',(1.,0.,-0.));
#14704 = MANIFOLD_SOLID_BREP('',#14705);
#14705 = CLOSED_SHELL('',(#14706,#14746,#14786,#14808,#14830,#14842));
#14706 = ADVANCED_FACE('',(#14707),#14741,.F.);
#14707 = FACE_BOUND('',#14708,.F.);
#14708 = EDGE_LOOP('',(#14709,#14719,#14727,#14735));
#14709 = ORIENTED_EDGE('',*,*,#14710,.F.);
#14710 = EDGE_CURVE('',#14711,#14713,#14715,.T.);
#14711 = VERTEX_POINT('',#14712);
#14712 = CARTESIAN_POINT('',(813.8448275862,15.,60.));
#14713 = VERTEX_POINT('',#14714);
#14714 = CARTESIAN_POINT('',(813.8448275862,15.,68.5));
#14715 = LINE('',#14716,#14717);
#14716 = CARTESIAN_POINT('',(813.8448275862,15.,60.));
#14717 = VECTOR('',#14718,1.);
#14718 = DIRECTION('',(0.,0.,1.));
#14719 = ORIENTED_EDGE('',*,*,#14720,.T.);
#14720 = EDGE_CURVE('',#14711,#14721,#14723,.T.);
#14721 = VERTEX_POINT('',#14722);
#14722 = CARTESIAN_POINT('',(813.8448275862,152.5,60.));
#14723 = LINE('',#14724,#14725);
#14724 = CARTESIAN_POINT('',(813.8448275862,15.,60.));
#14725 = VECTOR('',#14726,1.);
#14726 = DIRECTION('',(-0.,1.,0.));
#14727 = ORIENTED_EDGE('',*,*,#14728,.T.);
#14728 = EDGE_CURVE('',#14721,#14729,#14731,.T.);
#14729 = VERTEX_POINT('',#14730);
#14730 = CARTESIAN_POINT('',(813.8448275862,152.5,68.5));
#14731 = LINE('',#14732,#14733);
#14732 = CARTESIAN_POINT('',(813.8448275862,152.5,60.));
#14733 = VECTOR('',#14734,1.);
#14734 = DIRECTION('',(0.,0.,1.));
#14735 = ORIENTED_EDGE('',*,*,#14736,.F.);
#14736 = EDGE_CURVE('',#14713,#14729,#14737,.T.);
#14737 = LINE('',#14738,#14739);
#14738 = CARTESIAN_POINT('',(813.8448275862,15.,68.5));
#14739 = VECTOR('',#14740,1.);
#14740 = DIRECTION('',(-0.,1.,0.));
#14741 = PLANE('',#14742);
#14742 = AXIS2_PLACEMENT_3D('',#14743,#14744,#14745);
#14743 = CARTESIAN_POINT('',(813.8448275862,15.,60.));
#14744 = DIRECTION('',(1.,0.,-0.));
#14745 = DIRECTION('',(0.,0.,1.));
#14746 = ADVANCED_FACE('',(#14747),#14781,.T.);
#14747 = FACE_BOUND('',#14748,.T.);
#14748 = EDGE_LOOP('',(#14749,#14759,#14767,#14775));
#14749 = ORIENTED_EDGE('',*,*,#14750,.F.);
#14750 = EDGE_CURVE('',#14751,#14753,#14755,.T.);
#14751 = VERTEX_POINT('',#14752);
#14752 = CARTESIAN_POINT('',(836.39655172413,15.,60.));
#14753 = VERTEX_POINT('',#14754);
#14754 = CARTESIAN_POINT('',(836.39655172413,15.,68.5));
#14755 = LINE('',#14756,#14757);
#14756 = CARTESIAN_POINT('',(836.39655172413,15.,60.));
#14757 = VECTOR('',#14758,1.);
#14758 = DIRECTION('',(0.,0.,1.));
#14759 = ORIENTED_EDGE('',*,*,#14760,.T.);
#14760 = EDGE_CURVE('',#14751,#14761,#14763,.T.);
#14761 = VERTEX_POINT('',#14762);
#14762 = CARTESIAN_POINT('',(836.39655172413,152.5,60.));
#14763 = LINE('',#14764,#14765);
#14764 = CARTESIAN_POINT('',(836.39655172413,15.,60.));
#14765 = VECTOR('',#14766,1.);
#14766 = DIRECTION('',(-0.,1.,0.));
#14767 = ORIENTED_EDGE('',*,*,#14768,.T.);
#14768 = EDGE_CURVE('',#14761,#14769,#14771,.T.);
#14769 = VERTEX_POINT('',#14770);
#14770 = CARTESIAN_POINT('',(836.39655172413,152.5,68.5));
#14771 = LINE('',#14772,#14773);
#14772 = CARTESIAN_POINT('',(836.39655172413,152.5,60.));
#14773 = VECTOR('',#14774,1.);
#14774 = DIRECTION('',(0.,0.,1.));
#14775 = ORIENTED_EDGE('',*,*,#14776,.F.);
#14776 = EDGE_CURVE('',#14753,#14769,#14777,.T.);
#14777 = LINE('',#14778,#14779);
#14778 = CARTESIAN_POINT('',(836.39655172413,15.,68.5));
#14779 = VECTOR('',#14780,1.);
#14780 = DIRECTION('',(-0.,1.,0.));
#14781 = PLANE('',#14782);
#14782 = AXIS2_PLACEMENT_3D('',#14783,#14784,#14785);
#14783 = CARTESIAN_POINT('',(836.39655172413,15.,60.));
#14784 = DIRECTION('',(1.,0.,-0.));
#14785 = DIRECTION('',(0.,0.,1.));
#14786 = ADVANCED_FACE('',(#14787),#14803,.F.);
#14787 = FACE_BOUND('',#14788,.F.);
#14788 = EDGE_LOOP('',(#14789,#14795,#14796,#14802));
#14789 = ORIENTED_EDGE('',*,*,#14790,.F.);
#14790 = EDGE_CURVE('',#14711,#14751,#14791,.T.);
#14791 = LINE('',#14792,#14793);
#14792 = CARTESIAN_POINT('',(813.8448275862,15.,60.));
#14793 = VECTOR('',#14794,1.);
#14794 = DIRECTION('',(1.,0.,-0.));
#14795 = ORIENTED_EDGE('',*,*,#14710,.T.);
#14796 = ORIENTED_EDGE('',*,*,#14797,.T.);
#14797 = EDGE_CURVE('',#14713,#14753,#14798,.T.);
#14798 = LINE('',#14799,#14800);
#14799 = CARTESIAN_POINT('',(813.8448275862,15.,68.5));
#14800 = VECTOR('',#14801,1.);
#14801 = DIRECTION('',(1.,0.,-0.));
#14802 = ORIENTED_EDGE('',*,*,#14750,.F.);
#14803 = PLANE('',#14804);
#14804 = AXIS2_PLACEMENT_3D('',#14805,#14806,#14807);
#14805 = CARTESIAN_POINT('',(813.8448275862,15.,60.));
#14806 = DIRECTION('',(-0.,1.,0.));
#14807 = DIRECTION('',(0.,0.,1.));
#14808 = ADVANCED_FACE('',(#14809),#14825,.T.);
#14809 = FACE_BOUND('',#14810,.T.);
#14810 = EDGE_LOOP('',(#14811,#14817,#14818,#14824));
#14811 = ORIENTED_EDGE('',*,*,#14812,.F.);
#14812 = EDGE_CURVE('',#14721,#14761,#14813,.T.);
#14813 = LINE('',#14814,#14815);
#14814 = CARTESIAN_POINT('',(813.8448275862,152.5,60.));
#14815 = VECTOR('',#14816,1.);
#14816 = DIRECTION('',(1.,0.,-0.));
#14817 = ORIENTED_EDGE('',*,*,#14728,.T.);
#14818 = ORIENTED_EDGE('',*,*,#14819,.T.);
#14819 = EDGE_CURVE('',#14729,#14769,#14820,.T.);
#14820 = LINE('',#14821,#14822);
#14821 = CARTESIAN_POINT('',(813.8448275862,152.5,68.5));
#14822 = VECTOR('',#14823,1.);
#14823 = DIRECTION('',(1.,0.,-0.));
#14824 = ORIENTED_EDGE('',*,*,#14768,.F.);
#14825 = PLANE('',#14826);
#14826 = AXIS2_PLACEMENT_3D('',#14827,#14828,#14829);
#14827 = CARTESIAN_POINT('',(813.8448275862,152.5,60.));
#14828 = DIRECTION('',(-0.,1.,0.));
#14829 = DIRECTION('',(0.,0.,1.));
#14830 = ADVANCED_FACE('',(#14831),#14837,.F.);
#14831 = FACE_BOUND('',#14832,.F.);
#14832 = EDGE_LOOP('',(#14833,#14834,#14835,#14836));
#14833 = ORIENTED_EDGE('',*,*,#14720,.F.);
#14834 = ORIENTED_EDGE('',*,*,#14790,.T.);
#14835 = ORIENTED_EDGE('',*,*,#14760,.T.);
#14836 = ORIENTED_EDGE('',*,*,#14812,.F.);
#14837 = PLANE('',#14838);
#14838 = AXIS2_PLACEMENT_3D('',#14839,#14840,#14841);
#14839 = CARTESIAN_POINT('',(813.8448275862,15.,60.));
#14840 = DIRECTION('',(0.,0.,1.));
#14841 = DIRECTION('',(1.,0.,-0.));
#14842 = ADVANCED_FACE('',(#14843),#14849,.T.);
#14843 = FACE_BOUND('',#14844,.T.);
#14844 = EDGE_LOOP('',(#14845,#14846,#14847,#14848));
#14845 = ORIENTED_EDGE('',*,*,#14736,.F.);
#14846 = ORIENTED_EDGE('',*,*,#14797,.T.);
#14847 = ORIENTED_EDGE('',*,*,#14776,.T.);
#14848 = ORIENTED_EDGE('',*,*,#14819,.F.);
#14849 = PLANE('',#14850);
#14850 = AXIS2_PLACEMENT_3D('',#14851,#14852,#14853);
#14851 = CARTESIAN_POINT('',(813.8448275862,15.,68.5));
#14852 = DIRECTION('',(0.,0.,1.));
#14853 = DIRECTION('',(1.,0.,-0.));
#14854 = MANIFOLD_SOLID_BREP('',#14855);
#14855 = CLOSED_SHELL('',(#14856,#14896,#14936,#14958,#14980,#14992));
#14856 = ADVANCED_FACE('',(#14857),#14891,.F.);
#14857 = FACE_BOUND('',#14858,.F.);
#14858 = EDGE_LOOP('',(#14859,#14869,#14877,#14885));
#14859 = ORIENTED_EDGE('',*,*,#14860,.F.);
#14860 = EDGE_CURVE('',#14861,#14863,#14865,.T.);
#14861 = VERTEX_POINT('',#14862);
#14862 = CARTESIAN_POINT('',(837.39655172413,15.,60.));
#14863 = VERTEX_POINT('',#14864);
#14864 = CARTESIAN_POINT('',(837.39655172413,15.,68.5));
#14865 = LINE('',#14866,#14867);
#14866 = CARTESIAN_POINT('',(837.39655172413,15.,60.));
#14867 = VECTOR('',#14868,1.);
#14868 = DIRECTION('',(0.,0.,1.));
#14869 = ORIENTED_EDGE('',*,*,#14870,.T.);
#14870 = EDGE_CURVE('',#14861,#14871,#14873,.T.);
#14871 = VERTEX_POINT('',#14872);
#14872 = CARTESIAN_POINT('',(837.39655172413,152.5,60.));
#14873 = LINE('',#14874,#14875);
#14874 = CARTESIAN_POINT('',(837.39655172413,15.,60.));
#14875 = VECTOR('',#14876,1.);
#14876 = DIRECTION('',(-0.,1.,0.));
#14877 = ORIENTED_EDGE('',*,*,#14878,.T.);
#14878 = EDGE_CURVE('',#14871,#14879,#14881,.T.);
#14879 = VERTEX_POINT('',#14880);
#14880 = CARTESIAN_POINT('',(837.39655172413,152.5,68.5));
#14881 = LINE('',#14882,#14883);
#14882 = CARTESIAN_POINT('',(837.39655172413,152.5,60.));
#14883 = VECTOR('',#14884,1.);
#14884 = DIRECTION('',(0.,0.,1.));
#14885 = ORIENTED_EDGE('',*,*,#14886,.F.);
#14886 = EDGE_CURVE('',#14863,#14879,#14887,.T.);
#14887 = LINE('',#14888,#14889);
#14888 = CARTESIAN_POINT('',(837.39655172413,15.,68.5));
#14889 = VECTOR('',#14890,1.);
#14890 = DIRECTION('',(-0.,1.,0.));
#14891 = PLANE('',#14892);
#14892 = AXIS2_PLACEMENT_3D('',#14893,#14894,#14895);
#14893 = CARTESIAN_POINT('',(837.39655172413,15.,60.));
#14894 = DIRECTION('',(1.,0.,-0.));
#14895 = DIRECTION('',(0.,0.,1.));
#14896 = ADVANCED_FACE('',(#14897),#14931,.T.);
#14897 = FACE_BOUND('',#14898,.T.);
#14898 = EDGE_LOOP('',(#14899,#14909,#14917,#14925));
#14899 = ORIENTED_EDGE('',*,*,#14900,.F.);
#14900 = EDGE_CURVE('',#14901,#14903,#14905,.T.);
#14901 = VERTEX_POINT('',#14902);
#14902 = CARTESIAN_POINT('',(859.94827586206,15.,60.));
#14903 = VERTEX_POINT('',#14904);
#14904 = CARTESIAN_POINT('',(859.94827586206,15.,68.5));
#14905 = LINE('',#14906,#14907);
#14906 = CARTESIAN_POINT('',(859.94827586206,15.,60.));
#14907 = VECTOR('',#14908,1.);
#14908 = DIRECTION('',(0.,0.,1.));
#14909 = ORIENTED_EDGE('',*,*,#14910,.T.);
#14910 = EDGE_CURVE('',#14901,#14911,#14913,.T.);
#14911 = VERTEX_POINT('',#14912);
#14912 = CARTESIAN_POINT('',(859.94827586206,152.5,60.));
#14913 = LINE('',#14914,#14915);
#14914 = CARTESIAN_POINT('',(859.94827586206,15.,60.));
#14915 = VECTOR('',#14916,1.);
#14916 = DIRECTION('',(-0.,1.,0.));
#14917 = ORIENTED_EDGE('',*,*,#14918,.T.);
#14918 = EDGE_CURVE('',#14911,#14919,#14921,.T.);
#14919 = VERTEX_POINT('',#14920);
#14920 = CARTESIAN_POINT('',(859.94827586206,152.5,68.5));
#14921 = LINE('',#14922,#14923);
#14922 = CARTESIAN_POINT('',(859.94827586206,152.5,60.));
#14923 = VECTOR('',#14924,1.);
#14924 = DIRECTION('',(0.,0.,1.));
#14925 = ORIENTED_EDGE('',*,*,#14926,.F.);
#14926 = EDGE_CURVE('',#14903,#14919,#14927,.T.);
#14927 = LINE('',#14928,#14929);
#14928 = CARTESIAN_POINT('',(859.94827586206,15.,68.5));
#14929 = VECTOR('',#14930,1.);
#14930 = DIRECTION('',(-0.,1.,0.));
#14931 = PLANE('',#14932);
#14932 = AXIS2_PLACEMENT_3D('',#14933,#14934,#14935);
#14933 = CARTESIAN_POINT('',(859.94827586206,15.,60.));
#14934 = DIRECTION('',(1.,0.,-0.));
#14935 = DIRECTION('',(0.,0.,1.));
#14936 = ADVANCED_FACE('',(#14937),#14953,.F.);
#14937 = FACE_BOUND('',#14938,.F.);
#14938 = EDGE_LOOP('',(#14939,#14945,#14946,#14952));
#14939 = ORIENTED_EDGE('',*,*,#14940,.F.);
#14940 = EDGE_CURVE('',#14861,#14901,#14941,.T.);
#14941 = LINE('',#14942,#14943);
#14942 = CARTESIAN_POINT('',(837.39655172413,15.,60.));
#14943 = VECTOR('',#14944,1.);
#14944 = DIRECTION('',(1.,0.,-0.));
#14945 = ORIENTED_EDGE('',*,*,#14860,.T.);
#14946 = ORIENTED_EDGE('',*,*,#14947,.T.);
#14947 = EDGE_CURVE('',#14863,#14903,#14948,.T.);
#14948 = LINE('',#14949,#14950);
#14949 = CARTESIAN_POINT('',(837.39655172413,15.,68.5));
#14950 = VECTOR('',#14951,1.);
#14951 = DIRECTION('',(1.,0.,-0.));
#14952 = ORIENTED_EDGE('',*,*,#14900,.F.);
#14953 = PLANE('',#14954);
#14954 = AXIS2_PLACEMENT_3D('',#14955,#14956,#14957);
#14955 = CARTESIAN_POINT('',(837.39655172413,15.,60.));
#14956 = DIRECTION('',(-0.,1.,0.));
#14957 = DIRECTION('',(0.,0.,1.));
#14958 = ADVANCED_FACE('',(#14959),#14975,.T.);
#14959 = FACE_BOUND('',#14960,.T.);
#14960 = EDGE_LOOP('',(#14961,#14967,#14968,#14974));
#14961 = ORIENTED_EDGE('',*,*,#14962,.F.);
#14962 = EDGE_CURVE('',#14871,#14911,#14963,.T.);
#14963 = LINE('',#14964,#14965);
#14964 = CARTESIAN_POINT('',(837.39655172413,152.5,60.));
#14965 = VECTOR('',#14966,1.);
#14966 = DIRECTION('',(1.,0.,-0.));
#14967 = ORIENTED_EDGE('',*,*,#14878,.T.);
#14968 = ORIENTED_EDGE('',*,*,#14969,.T.);
#14969 = EDGE_CURVE('',#14879,#14919,#14970,.T.);
#14970 = LINE('',#14971,#14972);
#14971 = CARTESIAN_POINT('',(837.39655172413,152.5,68.5));
#14972 = VECTOR('',#14973,1.);
#14973 = DIRECTION('',(1.,0.,-0.));
#14974 = ORIENTED_EDGE('',*,*,#14918,.F.);
#14975 = PLANE('',#14976);
#14976 = AXIS2_PLACEMENT_3D('',#14977,#14978,#14979);
#14977 = CARTESIAN_POINT('',(837.39655172413,152.5,60.));
#14978 = DIRECTION('',(-0.,1.,0.));
#14979 = DIRECTION('',(0.,0.,1.));
#14980 = ADVANCED_FACE('',(#14981),#14987,.F.);
#14981 = FACE_BOUND('',#14982,.F.);
#14982 = EDGE_LOOP('',(#14983,#14984,#14985,#14986));
#14983 = ORIENTED_EDGE('',*,*,#14870,.F.);
#14984 = ORIENTED_EDGE('',*,*,#14940,.T.);
#14985 = ORIENTED_EDGE('',*,*,#14910,.T.);
#14986 = ORIENTED_EDGE('',*,*,#14962,.F.);
#14987 = PLANE('',#14988);
#14988 = AXIS2_PLACEMENT_3D('',#14989,#14990,#14991);
#14989 = CARTESIAN_POINT('',(837.39655172413,15.,60.));
#14990 = DIRECTION('',(0.,0.,1.));
#14991 = DIRECTION('',(1.,0.,-0.));
#14992 = ADVANCED_FACE('',(#14993),#14999,.T.);
#14993 = FACE_BOUND('',#14994,.T.);
#14994 = EDGE_LOOP('',(#14995,#14996,#14997,#14998));
#14995 = ORIENTED_EDGE('',*,*,#14886,.F.);
#14996 = ORIENTED_EDGE('',*,*,#14947,.T.);
#14997 = ORIENTED_EDGE('',*,*,#14926,.T.);
#14998 = ORIENTED_EDGE('',*,*,#14969,.F.);
#14999 = PLANE('',#15000);
#15000 = AXIS2_PLACEMENT_3D('',#15001,#15002,#15003);
#15001 = CARTESIAN_POINT('',(837.39655172413,15.,68.5));
#15002 = DIRECTION('',(0.,0.,1.));
#15003 = DIRECTION('',(1.,0.,-0.));
#15004 = MANIFOLD_SOLID_BREP('',#15005);
#15005 = CLOSED_SHELL('',(#15006,#15046,#15086,#15108,#15130,#15142));
#15006 = ADVANCED_FACE('',(#15007),#15041,.F.);
#15007 = FACE_BOUND('',#15008,.F.);
#15008 = EDGE_LOOP('',(#15009,#15019,#15027,#15035));
#15009 = ORIENTED_EDGE('',*,*,#15010,.F.);
#15010 = EDGE_CURVE('',#15011,#15013,#15015,.T.);
#15011 = VERTEX_POINT('',#15012);
#15012 = CARTESIAN_POINT('',(860.94827586206,15.,60.));
#15013 = VERTEX_POINT('',#15014);
#15014 = CARTESIAN_POINT('',(860.94827586206,15.,68.5));
#15015 = LINE('',#15016,#15017);
#15016 = CARTESIAN_POINT('',(860.94827586206,15.,60.));
#15017 = VECTOR('',#15018,1.);
#15018 = DIRECTION('',(0.,0.,1.));
#15019 = ORIENTED_EDGE('',*,*,#15020,.T.);
#15020 = EDGE_CURVE('',#15011,#15021,#15023,.T.);
#15021 = VERTEX_POINT('',#15022);
#15022 = CARTESIAN_POINT('',(860.94827586206,152.5,60.));
#15023 = LINE('',#15024,#15025);
#15024 = CARTESIAN_POINT('',(860.94827586206,15.,60.));
#15025 = VECTOR('',#15026,1.);
#15026 = DIRECTION('',(-0.,1.,0.));
#15027 = ORIENTED_EDGE('',*,*,#15028,.T.);
#15028 = EDGE_CURVE('',#15021,#15029,#15031,.T.);
#15029 = VERTEX_POINT('',#15030);
#15030 = CARTESIAN_POINT('',(860.94827586206,152.5,68.5));
#15031 = LINE('',#15032,#15033);
#15032 = CARTESIAN_POINT('',(860.94827586206,152.5,60.));
#15033 = VECTOR('',#15034,1.);
#15034 = DIRECTION('',(0.,0.,1.));
#15035 = ORIENTED_EDGE('',*,*,#15036,.F.);
#15036 = EDGE_CURVE('',#15013,#15029,#15037,.T.);
#15037 = LINE('',#15038,#15039);
#15038 = CARTESIAN_POINT('',(860.94827586206,15.,68.5));
#15039 = VECTOR('',#15040,1.);
#15040 = DIRECTION('',(-0.,1.,0.));
#15041 = PLANE('',#15042);
#15042 = AXIS2_PLACEMENT_3D('',#15043,#15044,#15045);
#15043 = CARTESIAN_POINT('',(860.94827586206,15.,60.));
#15044 = DIRECTION('',(1.,0.,-0.));
#15045 = DIRECTION('',(0.,0.,1.));
#15046 = ADVANCED_FACE('',(#15047),#15081,.T.);
#15047 = FACE_BOUND('',#15048,.T.);
#15048 = EDGE_LOOP('',(#15049,#15059,#15067,#15075));
#15049 = ORIENTED_EDGE('',*,*,#15050,.F.);
#15050 = EDGE_CURVE('',#15051,#15053,#15055,.T.);
#15051 = VERTEX_POINT('',#15052);
#15052 = CARTESIAN_POINT('',(883.5,15.,60.));
#15053 = VERTEX_POINT('',#15054);
#15054 = CARTESIAN_POINT('',(883.5,15.,68.5));
#15055 = LINE('',#15056,#15057);
#15056 = CARTESIAN_POINT('',(883.5,15.,60.));
#15057 = VECTOR('',#15058,1.);
#15058 = DIRECTION('',(0.,0.,1.));
#15059 = ORIENTED_EDGE('',*,*,#15060,.T.);
#15060 = EDGE_CURVE('',#15051,#15061,#15063,.T.);
#15061 = VERTEX_POINT('',#15062);
#15062 = CARTESIAN_POINT('',(883.5,152.5,60.));
#15063 = LINE('',#15064,#15065);
#15064 = CARTESIAN_POINT('',(883.5,15.,60.));
#15065 = VECTOR('',#15066,1.);
#15066 = DIRECTION('',(-0.,1.,0.));
#15067 = ORIENTED_EDGE('',*,*,#15068,.T.);
#15068 = EDGE_CURVE('',#15061,#15069,#15071,.T.);
#15069 = VERTEX_POINT('',#15070);
#15070 = CARTESIAN_POINT('',(883.5,152.5,68.5));
#15071 = LINE('',#15072,#15073);
#15072 = CARTESIAN_POINT('',(883.5,152.5,60.));
#15073 = VECTOR('',#15074,1.);
#15074 = DIRECTION('',(0.,0.,1.));
#15075 = ORIENTED_EDGE('',*,*,#15076,.F.);
#15076 = EDGE_CURVE('',#15053,#15069,#15077,.T.);
#15077 = LINE('',#15078,#15079);
#15078 = CARTESIAN_POINT('',(883.5,15.,68.5));
#15079 = VECTOR('',#15080,1.);
#15080 = DIRECTION('',(-0.,1.,0.));
#15081 = PLANE('',#15082);
#15082 = AXIS2_PLACEMENT_3D('',#15083,#15084,#15085);
#15083 = CARTESIAN_POINT('',(883.5,15.,60.));
#15084 = DIRECTION('',(1.,0.,-0.));
#15085 = DIRECTION('',(0.,0.,1.));
#15086 = ADVANCED_FACE('',(#15087),#15103,.F.);
#15087 = FACE_BOUND('',#15088,.F.);
#15088 = EDGE_LOOP('',(#15089,#15095,#15096,#15102));
#15089 = ORIENTED_EDGE('',*,*,#15090,.F.);
#15090 = EDGE_CURVE('',#15011,#15051,#15091,.T.);
#15091 = LINE('',#15092,#15093);
#15092 = CARTESIAN_POINT('',(860.94827586206,15.,60.));
#15093 = VECTOR('',#15094,1.);
#15094 = DIRECTION('',(1.,0.,-0.));
#15095 = ORIENTED_EDGE('',*,*,#15010,.T.);
#15096 = ORIENTED_EDGE('',*,*,#15097,.T.);
#15097 = EDGE_CURVE('',#15013,#15053,#15098,.T.);
#15098 = LINE('',#15099,#15100);
#15099 = CARTESIAN_POINT('',(860.94827586206,15.,68.5));
#15100 = VECTOR('',#15101,1.);
#15101 = DIRECTION('',(1.,0.,-0.));
#15102 = ORIENTED_EDGE('',*,*,#15050,.F.);
#15103 = PLANE('',#15104);
#15104 = AXIS2_PLACEMENT_3D('',#15105,#15106,#15107);
#15105 = CARTESIAN_POINT('',(860.94827586206,15.,60.));
#15106 = DIRECTION('',(-0.,1.,0.));
#15107 = DIRECTION('',(0.,0.,1.));
#15108 = ADVANCED_FACE('',(#15109),#15125,.T.);
#15109 = FACE_BOUND('',#15110,.T.);
#15110 = EDGE_LOOP('',(#15111,#15117,#15118,#15124));
#15111 = ORIENTED_EDGE('',*,*,#15112,.F.);
#15112 = EDGE_CURVE('',#15021,#15061,#15113,.T.);
#15113 = LINE('',#15114,#15115);
#15114 = CARTESIAN_POINT('',(860.94827586206,152.5,60.));
#15115 = VECTOR('',#15116,1.);
#15116 = DIRECTION('',(1.,0.,-0.));
#15117 = ORIENTED_EDGE('',*,*,#15028,.T.);
#15118 = ORIENTED_EDGE('',*,*,#15119,.T.);
#15119 = EDGE_CURVE('',#15029,#15069,#15120,.T.);
#15120 = LINE('',#15121,#15122);
#15121 = CARTESIAN_POINT('',(860.94827586206,152.5,68.5));
#15122 = VECTOR('',#15123,1.);
#15123 = DIRECTION('',(1.,0.,-0.));
#15124 = ORIENTED_EDGE('',*,*,#15068,.F.);
#15125 = PLANE('',#15126);
#15126 = AXIS2_PLACEMENT_3D('',#15127,#15128,#15129);
#15127 = CARTESIAN_POINT('',(860.94827586206,152.5,60.));
#15128 = DIRECTION('',(-0.,1.,0.));
#15129 = DIRECTION('',(0.,0.,1.));
#15130 = ADVANCED_FACE('',(#15131),#15137,.F.);
#15131 = FACE_BOUND('',#15132,.F.);
#15132 = EDGE_LOOP('',(#15133,#15134,#15135,#15136));
#15133 = ORIENTED_EDGE('',*,*,#15020,.F.);
#15134 = ORIENTED_EDGE('',*,*,#15090,.T.);
#15135 = ORIENTED_EDGE('',*,*,#15060,.T.);
#15136 = ORIENTED_EDGE('',*,*,#15112,.F.);
#15137 = PLANE('',#15138);
#15138 = AXIS2_PLACEMENT_3D('',#15139,#15140,#15141);
#15139 = CARTESIAN_POINT('',(860.94827586206,15.,60.));
#15140 = DIRECTION('',(0.,0.,1.));
#15141 = DIRECTION('',(1.,0.,-0.));
#15142 = ADVANCED_FACE('',(#15143),#15149,.T.);
#15143 = FACE_BOUND('',#15144,.T.);
#15144 = EDGE_LOOP('',(#15145,#15146,#15147,#15148));
#15145 = ORIENTED_EDGE('',*,*,#15036,.F.);
#15146 = ORIENTED_EDGE('',*,*,#15097,.T.);
#15147 = ORIENTED_EDGE('',*,*,#15076,.T.);
#15148 = ORIENTED_EDGE('',*,*,#15119,.F.);
#15149 = PLANE('',#15150);
#15150 = AXIS2_PLACEMENT_3D('',#15151,#15152,#15153);
#15151 = CARTESIAN_POINT('',(860.94827586206,15.,68.5));
#15152 = DIRECTION('',(0.,0.,1.));
#15153 = DIRECTION('',(1.,0.,-0.));
#15154 = ( GEOMETRIC_REPRESENTATION_CONTEXT(3) 
GLOBAL_UNCERTAINTY_ASSIGNED_CONTEXT((#15158)) 
GLOBAL_UNIT_ASSIGNED_CONTEXT((#15155,#15156,#15157)) 
REPRESENTATION_CONTEXT('Context #1',
  '3D Context with UNIT and UNCERTAINTY') );
#15155 = ( LENGTH_UNIT() NAMED_UNIT(*) SI_UNIT(.MILLI.,.METRE.) );
#15156 = ( NAMED_UNIT(*) PLANE_ANGLE_UNIT() SI_UNIT($,.RADIAN.) );
#15157 = ( NAMED_UNIT(*) SI_UNIT($,.STERADIAN.) SOLID_ANGLE_UNIT() );
#15158 = UNCERTAINTY_MEASURE_WITH_UNIT(LENGTH_MEASURE(1.E-07),#15155,
  'distance_accuracy_value','confusion accuracy');
#15159 = CONTEXT_DEPENDENT_SHAPE_REPRESENTATION(#15160,#15162);
#15160 = ( REPRESENTATION_RELATIONSHIP('','',#10803,#10) 
REPRESENTATION_RELATIONSHIP_WITH_TRANSFORMATION(#15161) 
SHAPE_REPRESENTATION_RELATIONSHIP() );
#15161 = ITEM_DEFINED_TRANSFORMATION('','',#11,#107);
#15162 = PRODUCT_DEFINITION_SHAPE('Placement','Placement of an item',
  #15163);
#15163 = NEXT_ASSEMBLY_USAGE_OCCURRENCE('46','REF keys_white','',#5,
  #10798,$);
#15164 = PRODUCT_RELATED_PRODUCT_CATEGORY('part',$,(#10800));
#15165 = SHAPE_DEFINITION_REPRESENTATION(#15166,#15172);
#15166 = PRODUCT_DEFINITION_SHAPE('','',#15167);
#15167 = PRODUCT_DEFINITION('design','',#15168,#15171);
#15168 = PRODUCT_DEFINITION_FORMATION('','',#15169);
#15169 = PRODUCT('REF keys_black','REF keys_black','',(#15170));
#15170 = PRODUCT_CONTEXT('',#2,'mechanical');
#15171 = PRODUCT_DEFINITION_CONTEXT('part definition',#2,'design');
#15172 = SHAPE_REPRESENTATION('',(#11,#15173,#15323,#15473,#15623,#15773
    ,#15923,#16073,#16223,#16373,#16523,#16673,#16823,#16973,#17123,
    #17273,#17423,#17573,#17723,#17873,#18023),#18173);
#15173 = MANIFOLD_SOLID_BREP('',#15174);
#15174 = CLOSED_SHELL('',(#15175,#15215,#15255,#15277,#15299,#15311));
#15175 = ADVANCED_FACE('',(#15176),#15210,.F.);
#15176 = FACE_BOUND('',#15177,.F.);
#15177 = EDGE_LOOP('',(#15178,#15188,#15196,#15204));
#15178 = ORIENTED_EDGE('',*,*,#15179,.F.);
#15179 = EDGE_CURVE('',#15180,#15182,#15184,.T.);
#15180 = VERTEX_POINT('',#15181);
#15181 = CARTESIAN_POINT('',(216.12551724137,65.,68.5));
#15182 = VERTEX_POINT('',#15183);
#15183 = CARTESIAN_POINT('',(216.12551724137,65.,78.77));
#15184 = LINE('',#15185,#15186);
#15185 = CARTESIAN_POINT('',(216.12551724137,65.,68.5));
#15186 = VECTOR('',#15187,1.);
#15187 = DIRECTION('',(0.,0.,1.));
#15188 = ORIENTED_EDGE('',*,*,#15189,.T.);
#15189 = EDGE_CURVE('',#15180,#15190,#15192,.T.);
#15190 = VERTEX_POINT('',#15191);
#15191 = CARTESIAN_POINT('',(216.12551724137,151.,68.5));
#15192 = LINE('',#15193,#15194);
#15193 = CARTESIAN_POINT('',(216.12551724137,65.,68.5));
#15194 = VECTOR('',#15195,1.);
#15195 = DIRECTION('',(-0.,1.,0.));
#15196 = ORIENTED_EDGE('',*,*,#15197,.T.);
#15197 = EDGE_CURVE('',#15190,#15198,#15200,.T.);
#15198 = VERTEX_POINT('',#15199);
#15199 = CARTESIAN_POINT('',(216.12551724137,151.,78.77));
#15200 = LINE('',#15201,#15202);
#15201 = CARTESIAN_POINT('',(216.12551724137,151.,68.5));
#15202 = VECTOR('',#15203,1.);
#15203 = DIRECTION('',(0.,0.,1.));
#15204 = ORIENTED_EDGE('',*,*,#15205,.F.);
#15205 = EDGE_CURVE('',#15182,#15198,#15206,.T.);
#15206 = LINE('',#15207,#15208);
#15207 = CARTESIAN_POINT('',(216.12551724137,65.,78.77));
#15208 = VECTOR('',#15209,1.);
#15209 = DIRECTION('',(-0.,1.,0.));
#15210 = PLANE('',#15211);
#15211 = AXIS2_PLACEMENT_3D('',#15212,#15213,#15214);
#15212 = CARTESIAN_POINT('',(216.12551724137,65.,68.5));
#15213 = DIRECTION('',(1.,0.,-0.));
#15214 = DIRECTION('',(0.,0.,1.));
#15215 = ADVANCED_FACE('',(#15216),#15250,.T.);
#15216 = FACE_BOUND('',#15217,.T.);
#15217 = EDGE_LOOP('',(#15218,#15228,#15236,#15244));
#15218 = ORIENTED_EDGE('',*,*,#15219,.F.);
#15219 = EDGE_CURVE('',#15220,#15222,#15224,.T.);
#15220 = VERTEX_POINT('',#15221);
#15221 = CARTESIAN_POINT('',(227.32551724137,65.,68.5));
#15222 = VERTEX_POINT('',#15223);
#15223 = CARTESIAN_POINT('',(227.32551724137,65.,78.77));
#15224 = LINE('',#15225,#15226);
#15225 = CARTESIAN_POINT('',(227.32551724137,65.,68.5));
#15226 = VECTOR('',#15227,1.);
#15227 = DIRECTION('',(0.,0.,1.));
#15228 = ORIENTED_EDGE('',*,*,#15229,.T.);
#15229 = EDGE_CURVE('',#15220,#15230,#15232,.T.);
#15230 = VERTEX_POINT('',#15231);
#15231 = CARTESIAN_POINT('',(227.32551724137,151.,68.5));
#15232 = LINE('',#15233,#15234);
#15233 = CARTESIAN_POINT('',(227.32551724137,65.,68.5));
#15234 = VECTOR('',#15235,1.);
#15235 = DIRECTION('',(-0.,1.,0.));
#15236 = ORIENTED_EDGE('',*,*,#15237,.T.);
#15237 = EDGE_CURVE('',#15230,#15238,#15240,.T.);
#15238 = VERTEX_POINT('',#15239);
#15239 = CARTESIAN_POINT('',(227.32551724137,151.,78.77));
#15240 = LINE('',#15241,#15242);
#15241 = CARTESIAN_POINT('',(227.32551724137,151.,68.5));
#15242 = VECTOR('',#15243,1.);
#15243 = DIRECTION('',(0.,0.,1.));
#15244 = ORIENTED_EDGE('',*,*,#15245,.F.);
#15245 = EDGE_CURVE('',#15222,#15238,#15246,.T.);
#15246 = LINE('',#15247,#15248);
#15247 = CARTESIAN_POINT('',(227.32551724137,65.,78.77));
#15248 = VECTOR('',#15249,1.);
#15249 = DIRECTION('',(-0.,1.,0.));
#15250 = PLANE('',#15251);
#15251 = AXIS2_PLACEMENT_3D('',#15252,#15253,#15254);
#15252 = CARTESIAN_POINT('',(227.32551724137,65.,68.5));
#15253 = DIRECTION('',(1.,0.,-0.));
#15254 = DIRECTION('',(0.,0.,1.));
#15255 = ADVANCED_FACE('',(#15256),#15272,.F.);
#15256 = FACE_BOUND('',#15257,.F.);
#15257 = EDGE_LOOP('',(#15258,#15264,#15265,#15271));
#15258 = ORIENTED_EDGE('',*,*,#15259,.F.);
#15259 = EDGE_CURVE('',#15180,#15220,#15260,.T.);
#15260 = LINE('',#15261,#15262);
#15261 = CARTESIAN_POINT('',(216.12551724137,65.,68.5));
#15262 = VECTOR('',#15263,1.);
#15263 = DIRECTION('',(1.,0.,-0.));
#15264 = ORIENTED_EDGE('',*,*,#15179,.T.);
#15265 = ORIENTED_EDGE('',*,*,#15266,.T.);
#15266 = EDGE_CURVE('',#15182,#15222,#15267,.T.);
#15267 = LINE('',#15268,#15269);
#15268 = CARTESIAN_POINT('',(216.12551724137,65.,78.77));
#15269 = VECTOR('',#15270,1.);
#15270 = DIRECTION('',(1.,0.,-0.));
#15271 = ORIENTED_EDGE('',*,*,#15219,.F.);
#15272 = PLANE('',#15273);
#15273 = AXIS2_PLACEMENT_3D('',#15274,#15275,#15276);
#15274 = CARTESIAN_POINT('',(216.12551724137,65.,68.5));
#15275 = DIRECTION('',(-0.,1.,0.));
#15276 = DIRECTION('',(0.,0.,1.));
#15277 = ADVANCED_FACE('',(#15278),#15294,.T.);
#15278 = FACE_BOUND('',#15279,.T.);
#15279 = EDGE_LOOP('',(#15280,#15286,#15287,#15293));
#15280 = ORIENTED_EDGE('',*,*,#15281,.F.);
#15281 = EDGE_CURVE('',#15190,#15230,#15282,.T.);
#15282 = LINE('',#15283,#15284);
#15283 = CARTESIAN_POINT('',(216.12551724137,151.,68.5));
#15284 = VECTOR('',#15285,1.);
#15285 = DIRECTION('',(1.,0.,-0.));
#15286 = ORIENTED_EDGE('',*,*,#15197,.T.);
#15287 = ORIENTED_EDGE('',*,*,#15288,.T.);
#15288 = EDGE_CURVE('',#15198,#15238,#15289,.T.);
#15289 = LINE('',#15290,#15291);
#15290 = CARTESIAN_POINT('',(216.12551724137,151.,78.77));
#15291 = VECTOR('',#15292,1.);
#15292 = DIRECTION('',(1.,0.,-0.));
#15293 = ORIENTED_EDGE('',*,*,#15237,.F.);
#15294 = PLANE('',#15295);
#15295 = AXIS2_PLACEMENT_3D('',#15296,#15297,#15298);
#15296 = CARTESIAN_POINT('',(216.12551724137,151.,68.5));
#15297 = DIRECTION('',(-0.,1.,0.));
#15298 = DIRECTION('',(0.,0.,1.));
#15299 = ADVANCED_FACE('',(#15300),#15306,.F.);
#15300 = FACE_BOUND('',#15301,.F.);
#15301 = EDGE_LOOP('',(#15302,#15303,#15304,#15305));
#15302 = ORIENTED_EDGE('',*,*,#15189,.F.);
#15303 = ORIENTED_EDGE('',*,*,#15259,.T.);
#15304 = ORIENTED_EDGE('',*,*,#15229,.T.);
#15305 = ORIENTED_EDGE('',*,*,#15281,.F.);
#15306 = PLANE('',#15307);
#15307 = AXIS2_PLACEMENT_3D('',#15308,#15309,#15310);
#15308 = CARTESIAN_POINT('',(216.12551724137,65.,68.5));
#15309 = DIRECTION('',(0.,0.,1.));
#15310 = DIRECTION('',(1.,0.,-0.));
#15311 = ADVANCED_FACE('',(#15312),#15318,.T.);
#15312 = FACE_BOUND('',#15313,.T.);
#15313 = EDGE_LOOP('',(#15314,#15315,#15316,#15317));
#15314 = ORIENTED_EDGE('',*,*,#15205,.F.);
#15315 = ORIENTED_EDGE('',*,*,#15266,.T.);
#15316 = ORIENTED_EDGE('',*,*,#15245,.T.);
#15317 = ORIENTED_EDGE('',*,*,#15288,.F.);
#15318 = PLANE('',#15319);
#15319 = AXIS2_PLACEMENT_3D('',#15320,#15321,#15322);
#15320 = CARTESIAN_POINT('',(216.12551724137,65.,78.77));
#15321 = DIRECTION('',(0.,0.,1.));
#15322 = DIRECTION('',(1.,0.,-0.));
#15323 = MANIFOLD_SOLID_BREP('',#15324);
#15324 = CLOSED_SHELL('',(#15325,#15365,#15405,#15427,#15449,#15461));
#15325 = ADVANCED_FACE('',(#15326),#15360,.F.);
#15326 = FACE_BOUND('',#15327,.F.);
#15327 = EDGE_LOOP('',(#15328,#15338,#15346,#15354));
#15328 = ORIENTED_EDGE('',*,*,#15329,.F.);
#15329 = EDGE_CURVE('',#15330,#15332,#15334,.T.);
#15330 = VERTEX_POINT('',#15331);
#15331 = CARTESIAN_POINT('',(245.32965517241,65.,68.5));
#15332 = VERTEX_POINT('',#15333);
#15333 = CARTESIAN_POINT('',(245.32965517241,65.,78.77));
#15334 = LINE('',#15335,#15336);
#15335 = CARTESIAN_POINT('',(245.32965517241,65.,68.5));
#15336 = VECTOR('',#15337,1.);
#15337 = DIRECTION('',(0.,0.,1.));
#15338 = ORIENTED_EDGE('',*,*,#15339,.T.);
#15339 = EDGE_CURVE('',#15330,#15340,#15342,.T.);
#15340 = VERTEX_POINT('',#15341);
#15341 = CARTESIAN_POINT('',(245.32965517241,151.,68.5));
#15342 = LINE('',#15343,#15344);
#15343 = CARTESIAN_POINT('',(245.32965517241,65.,68.5));
#15344 = VECTOR('',#15345,1.);
#15345 = DIRECTION('',(-0.,1.,0.));
#15346 = ORIENTED_EDGE('',*,*,#15347,.T.);
#15347 = EDGE_CURVE('',#15340,#15348,#15350,.T.);
#15348 = VERTEX_POINT('',#15349);
#15349 = CARTESIAN_POINT('',(245.32965517241,151.,78.77));
#15350 = LINE('',#15351,#15352);
#15351 = CARTESIAN_POINT('',(245.32965517241,151.,68.5));
#15352 = VECTOR('',#15353,1.);
#15353 = DIRECTION('',(0.,0.,1.));
#15354 = ORIENTED_EDGE('',*,*,#15355,.F.);
#15355 = EDGE_CURVE('',#15332,#15348,#15356,.T.);
#15356 = LINE('',#15357,#15358);
#15357 = CARTESIAN_POINT('',(245.32965517241,65.,78.77));
#15358 = VECTOR('',#15359,1.);
#15359 = DIRECTION('',(-0.,1.,0.));
#15360 = PLANE('',#15361);
#15361 = AXIS2_PLACEMENT_3D('',#15362,#15363,#15364);
#15362 = CARTESIAN_POINT('',(245.32965517241,65.,68.5));
#15363 = DIRECTION('',(1.,0.,-0.));
#15364 = DIRECTION('',(0.,0.,1.));
#15365 = ADVANCED_FACE('',(#15366),#15400,.T.);
#15366 = FACE_BOUND('',#15367,.T.);
#15367 = EDGE_LOOP('',(#15368,#15378,#15386,#15394));
#15368 = ORIENTED_EDGE('',*,*,#15369,.F.);
#15369 = EDGE_CURVE('',#15370,#15372,#15374,.T.);
#15370 = VERTEX_POINT('',#15371);
#15371 = CARTESIAN_POINT('',(256.52965517241,65.,68.5));
#15372 = VERTEX_POINT('',#15373);
#15373 = CARTESIAN_POINT('',(256.52965517241,65.,78.77));
#15374 = LINE('',#15375,#15376);
#15375 = CARTESIAN_POINT('',(256.52965517241,65.,68.5));
#15376 = VECTOR('',#15377,1.);
#15377 = DIRECTION('',(0.,0.,1.));
#15378 = ORIENTED_EDGE('',*,*,#15379,.T.);
#15379 = EDGE_CURVE('',#15370,#15380,#15382,.T.);
#15380 = VERTEX_POINT('',#15381);
#15381 = CARTESIAN_POINT('',(256.52965517241,151.,68.5));
#15382 = LINE('',#15383,#15384);
#15383 = CARTESIAN_POINT('',(256.52965517241,65.,68.5));
#15384 = VECTOR('',#15385,1.);
#15385 = DIRECTION('',(-0.,1.,0.));
#15386 = ORIENTED_EDGE('',*,*,#15387,.T.);
#15387 = EDGE_CURVE('',#15380,#15388,#15390,.T.);
#15388 = VERTEX_POINT('',#15389);
#15389 = CARTESIAN_POINT('',(256.52965517241,151.,78.77));
#15390 = LINE('',#15391,#15392);
#15391 = CARTESIAN_POINT('',(256.52965517241,151.,68.5));
#15392 = VECTOR('',#15393,1.);
#15393 = DIRECTION('',(0.,0.,1.));
#15394 = ORIENTED_EDGE('',*,*,#15395,.F.);
#15395 = EDGE_CURVE('',#15372,#15388,#15396,.T.);
#15396 = LINE('',#15397,#15398);
#15397 = CARTESIAN_POINT('',(256.52965517241,65.,78.77));
#15398 = VECTOR('',#15399,1.);
#15399 = DIRECTION('',(-0.,1.,0.));
#15400 = PLANE('',#15401);
#15401 = AXIS2_PLACEMENT_3D('',#15402,#15403,#15404);
#15402 = CARTESIAN_POINT('',(256.52965517241,65.,68.5));
#15403 = DIRECTION('',(1.,0.,-0.));
#15404 = DIRECTION('',(0.,0.,1.));
#15405 = ADVANCED_FACE('',(#15406),#15422,.F.);
#15406 = FACE_BOUND('',#15407,.F.);
#15407 = EDGE_LOOP('',(#15408,#15414,#15415,#15421));
#15408 = ORIENTED_EDGE('',*,*,#15409,.F.);
#15409 = EDGE_CURVE('',#15330,#15370,#15410,.T.);
#15410 = LINE('',#15411,#15412);
#15411 = CARTESIAN_POINT('',(245.32965517241,65.,68.5));
#15412 = VECTOR('',#15413,1.);
#15413 = DIRECTION('',(1.,0.,-0.));
#15414 = ORIENTED_EDGE('',*,*,#15329,.T.);
#15415 = ORIENTED_EDGE('',*,*,#15416,.T.);
#15416 = EDGE_CURVE('',#15332,#15372,#15417,.T.);
#15417 = LINE('',#15418,#15419);
#15418 = CARTESIAN_POINT('',(245.32965517241,65.,78.77));
#15419 = VECTOR('',#15420,1.);
#15420 = DIRECTION('',(1.,0.,-0.));
#15421 = ORIENTED_EDGE('',*,*,#15369,.F.);
#15422 = PLANE('',#15423);
#15423 = AXIS2_PLACEMENT_3D('',#15424,#15425,#15426);
#15424 = CARTESIAN_POINT('',(245.32965517241,65.,68.5));
#15425 = DIRECTION('',(-0.,1.,0.));
#15426 = DIRECTION('',(0.,0.,1.));
#15427 = ADVANCED_FACE('',(#15428),#15444,.T.);
#15428 = FACE_BOUND('',#15429,.T.);
#15429 = EDGE_LOOP('',(#15430,#15436,#15437,#15443));
#15430 = ORIENTED_EDGE('',*,*,#15431,.F.);
#15431 = EDGE_CURVE('',#15340,#15380,#15432,.T.);
#15432 = LINE('',#15433,#15434);
#15433 = CARTESIAN_POINT('',(245.32965517241,151.,68.5));
#15434 = VECTOR('',#15435,1.);
#15435 = DIRECTION('',(1.,0.,-0.));
#15436 = ORIENTED_EDGE('',*,*,#15347,.T.);
#15437 = ORIENTED_EDGE('',*,*,#15438,.T.);
#15438 = EDGE_CURVE('',#15348,#15388,#15439,.T.);
#15439 = LINE('',#15440,#15441);
#15440 = CARTESIAN_POINT('',(245.32965517241,151.,78.77));
#15441 = VECTOR('',#15442,1.);
#15442 = DIRECTION('',(1.,0.,-0.));
#15443 = ORIENTED_EDGE('',*,*,#15387,.F.);
#15444 = PLANE('',#15445);
#15445 = AXIS2_PLACEMENT_3D('',#15446,#15447,#15448);
#15446 = CARTESIAN_POINT('',(245.32965517241,151.,68.5));
#15447 = DIRECTION('',(-0.,1.,0.));
#15448 = DIRECTION('',(0.,0.,1.));
#15449 = ADVANCED_FACE('',(#15450),#15456,.F.);
#15450 = FACE_BOUND('',#15451,.F.);
#15451 = EDGE_LOOP('',(#15452,#15453,#15454,#15455));
#15452 = ORIENTED_EDGE('',*,*,#15339,.F.);
#15453 = ORIENTED_EDGE('',*,*,#15409,.T.);
#15454 = ORIENTED_EDGE('',*,*,#15379,.T.);
#15455 = ORIENTED_EDGE('',*,*,#15431,.F.);
#15456 = PLANE('',#15457);
#15457 = AXIS2_PLACEMENT_3D('',#15458,#15459,#15460);
#15458 = CARTESIAN_POINT('',(245.32965517241,65.,68.5));
#15459 = DIRECTION('',(0.,0.,1.));
#15460 = DIRECTION('',(1.,0.,-0.));
#15461 = ADVANCED_FACE('',(#15462),#15468,.T.);
#15462 = FACE_BOUND('',#15463,.T.);
#15463 = EDGE_LOOP('',(#15464,#15465,#15466,#15467));
#15464 = ORIENTED_EDGE('',*,*,#15355,.F.);
#15465 = ORIENTED_EDGE('',*,*,#15416,.T.);
#15466 = ORIENTED_EDGE('',*,*,#15395,.T.);
#15467 = ORIENTED_EDGE('',*,*,#15438,.F.);
#15468 = PLANE('',#15469);
#15469 = AXIS2_PLACEMENT_3D('',#15470,#15471,#15472);
#15470 = CARTESIAN_POINT('',(245.32965517241,65.,78.77));
#15471 = DIRECTION('',(0.,0.,1.));
#15472 = DIRECTION('',(1.,0.,-0.));
#15473 = MANIFOLD_SOLID_BREP('',#15474);
#15474 = CLOSED_SHELL('',(#15475,#15515,#15555,#15577,#15599,#15611));
#15475 = ADVANCED_FACE('',(#15476),#15510,.F.);
#15476 = FACE_BOUND('',#15477,.F.);
#15477 = EDGE_LOOP('',(#15478,#15488,#15496,#15504));
#15478 = ORIENTED_EDGE('',*,*,#15479,.F.);
#15479 = EDGE_CURVE('',#15480,#15482,#15484,.T.);
#15480 = VERTEX_POINT('',#15481);
#15481 = CARTESIAN_POINT('',(286.07413793103,65.,68.5));
#15482 = VERTEX_POINT('',#15483);
#15483 = CARTESIAN_POINT('',(286.07413793103,65.,78.77));
#15484 = LINE('',#15485,#15486);
#15485 = CARTESIAN_POINT('',(286.07413793103,65.,68.5));
#15486 = VECTOR('',#15487,1.);
#15487 = DIRECTION('',(0.,0.,1.));
#15488 = ORIENTED_EDGE('',*,*,#15489,.T.);
#15489 = EDGE_CURVE('',#15480,#15490,#15492,.T.);
#15490 = VERTEX_POINT('',#15491);
#15491 = CARTESIAN_POINT('',(286.07413793103,151.,68.5));
#15492 = LINE('',#15493,#15494);
#15493 = CARTESIAN_POINT('',(286.07413793103,65.,68.5));
#15494 = VECTOR('',#15495,1.);
#15495 = DIRECTION('',(-0.,1.,0.));
#15496 = ORIENTED_EDGE('',*,*,#15497,.T.);
#15497 = EDGE_CURVE('',#15490,#15498,#15500,.T.);
#15498 = VERTEX_POINT('',#15499);
#15499 = CARTESIAN_POINT('',(286.07413793103,151.,78.77));
#15500 = LINE('',#15501,#15502);
#15501 = CARTESIAN_POINT('',(286.07413793103,151.,68.5));
#15502 = VECTOR('',#15503,1.);
#15503 = DIRECTION('',(0.,0.,1.));
#15504 = ORIENTED_EDGE('',*,*,#15505,.F.);
#15505 = EDGE_CURVE('',#15482,#15498,#15506,.T.);
#15506 = LINE('',#15507,#15508);
#15507 = CARTESIAN_POINT('',(286.07413793103,65.,78.77));
#15508 = VECTOR('',#15509,1.);
#15509 = DIRECTION('',(-0.,1.,0.));
#15510 = PLANE('',#15511);
#15511 = AXIS2_PLACEMENT_3D('',#15512,#15513,#15514);
#15512 = CARTESIAN_POINT('',(286.07413793103,65.,68.5));
#15513 = DIRECTION('',(1.,0.,-0.));
#15514 = DIRECTION('',(0.,0.,1.));
#15515 = ADVANCED_FACE('',(#15516),#15550,.T.);
#15516 = FACE_BOUND('',#15517,.T.);
#15517 = EDGE_LOOP('',(#15518,#15528,#15536,#15544));
#15518 = ORIENTED_EDGE('',*,*,#15519,.F.);
#15519 = EDGE_CURVE('',#15520,#15522,#15524,.T.);
#15520 = VERTEX_POINT('',#15521);
#15521 = CARTESIAN_POINT('',(297.27413793103,65.,68.5));
#15522 = VERTEX_POINT('',#15523);
#15523 = CARTESIAN_POINT('',(297.27413793103,65.,78.77));
#15524 = LINE('',#15525,#15526);
#15525 = CARTESIAN_POINT('',(297.27413793103,65.,68.5));
#15526 = VECTOR('',#15527,1.);
#15527 = DIRECTION('',(0.,0.,1.));
#15528 = ORIENTED_EDGE('',*,*,#15529,.T.);
#15529 = EDGE_CURVE('',#15520,#15530,#15532,.T.);
#15530 = VERTEX_POINT('',#15531);
#15531 = CARTESIAN_POINT('',(297.27413793103,151.,68.5));
#15532 = LINE('',#15533,#15534);
#15533 = CARTESIAN_POINT('',(297.27413793103,65.,68.5));
#15534 = VECTOR('',#15535,1.);
#15535 = DIRECTION('',(-0.,1.,0.));
#15536 = ORIENTED_EDGE('',*,*,#15537,.T.);
#15537 = EDGE_CURVE('',#15530,#15538,#15540,.T.);
#15538 = VERTEX_POINT('',#15539);
#15539 = CARTESIAN_POINT('',(297.27413793103,151.,78.77));
#15540 = LINE('',#15541,#15542);
#15541 = CARTESIAN_POINT('',(297.27413793103,151.,68.5));
#15542 = VECTOR('',#15543,1.);
#15543 = DIRECTION('',(0.,0.,1.));
#15544 = ORIENTED_EDGE('',*,*,#15545,.F.);
#15545 = EDGE_CURVE('',#15522,#15538,#15546,.T.);
#15546 = LINE('',#15547,#15548);
#15547 = CARTESIAN_POINT('',(297.27413793103,65.,78.77));
#15548 = VECTOR('',#15549,1.);
#15549 = DIRECTION('',(-0.,1.,0.));
#15550 = PLANE('',#15551);
#15551 = AXIS2_PLACEMENT_3D('',#15552,#15553,#15554);
#15552 = CARTESIAN_POINT('',(297.27413793103,65.,68.5));
#15553 = DIRECTION('',(1.,0.,-0.));
#15554 = DIRECTION('',(0.,0.,1.));
#15555 = ADVANCED_FACE('',(#15556),#15572,.F.);
#15556 = FACE_BOUND('',#15557,.F.);
#15557 = EDGE_LOOP('',(#15558,#15564,#15565,#15571));
#15558 = ORIENTED_EDGE('',*,*,#15559,.F.);
#15559 = EDGE_CURVE('',#15480,#15520,#15560,.T.);
#15560 = LINE('',#15561,#15562);
#15561 = CARTESIAN_POINT('',(286.07413793103,65.,68.5));
#15562 = VECTOR('',#15563,1.);
#15563 = DIRECTION('',(1.,0.,-0.));
#15564 = ORIENTED_EDGE('',*,*,#15479,.T.);
#15565 = ORIENTED_EDGE('',*,*,#15566,.T.);
#15566 = EDGE_CURVE('',#15482,#15522,#15567,.T.);
#15567 = LINE('',#15568,#15569);
#15568 = CARTESIAN_POINT('',(286.07413793103,65.,78.77));
#15569 = VECTOR('',#15570,1.);
#15570 = DIRECTION('',(1.,0.,-0.));
#15571 = ORIENTED_EDGE('',*,*,#15519,.F.);
#15572 = PLANE('',#15573);
#15573 = AXIS2_PLACEMENT_3D('',#15574,#15575,#15576);
#15574 = CARTESIAN_POINT('',(286.07413793103,65.,68.5));
#15575 = DIRECTION('',(-0.,1.,0.));
#15576 = DIRECTION('',(0.,0.,1.));
#15577 = ADVANCED_FACE('',(#15578),#15594,.T.);
#15578 = FACE_BOUND('',#15579,.T.);
#15579 = EDGE_LOOP('',(#15580,#15586,#15587,#15593));
#15580 = ORIENTED_EDGE('',*,*,#15581,.F.);
#15581 = EDGE_CURVE('',#15490,#15530,#15582,.T.);
#15582 = LINE('',#15583,#15584);
#15583 = CARTESIAN_POINT('',(286.07413793103,151.,68.5));
#15584 = VECTOR('',#15585,1.);
#15585 = DIRECTION('',(1.,0.,-0.));
#15586 = ORIENTED_EDGE('',*,*,#15497,.T.);
#15587 = ORIENTED_EDGE('',*,*,#15588,.T.);
#15588 = EDGE_CURVE('',#15498,#15538,#15589,.T.);
#15589 = LINE('',#15590,#15591);
#15590 = CARTESIAN_POINT('',(286.07413793103,151.,78.77));
#15591 = VECTOR('',#15592,1.);
#15592 = DIRECTION('',(1.,0.,-0.));
#15593 = ORIENTED_EDGE('',*,*,#15537,.F.);
#15594 = PLANE('',#15595);
#15595 = AXIS2_PLACEMENT_3D('',#15596,#15597,#15598);
#15596 = CARTESIAN_POINT('',(286.07413793103,151.,68.5));
#15597 = DIRECTION('',(-0.,1.,0.));
#15598 = DIRECTION('',(0.,0.,1.));
#15599 = ADVANCED_FACE('',(#15600),#15606,.F.);
#15600 = FACE_BOUND('',#15601,.F.);
#15601 = EDGE_LOOP('',(#15602,#15603,#15604,#15605));
#15602 = ORIENTED_EDGE('',*,*,#15489,.F.);
#15603 = ORIENTED_EDGE('',*,*,#15559,.T.);
#15604 = ORIENTED_EDGE('',*,*,#15529,.T.);
#15605 = ORIENTED_EDGE('',*,*,#15581,.F.);
#15606 = PLANE('',#15607);
#15607 = AXIS2_PLACEMENT_3D('',#15608,#15609,#15610);
#15608 = CARTESIAN_POINT('',(286.07413793103,65.,68.5));
#15609 = DIRECTION('',(0.,0.,1.));
#15610 = DIRECTION('',(1.,0.,-0.));
#15611 = ADVANCED_FACE('',(#15612),#15618,.T.);
#15612 = FACE_BOUND('',#15613,.T.);
#15613 = EDGE_LOOP('',(#15614,#15615,#15616,#15617));
#15614 = ORIENTED_EDGE('',*,*,#15505,.F.);
#15615 = ORIENTED_EDGE('',*,*,#15566,.T.);
#15616 = ORIENTED_EDGE('',*,*,#15545,.T.);
#15617 = ORIENTED_EDGE('',*,*,#15588,.F.);
#15618 = PLANE('',#15619);
#15619 = AXIS2_PLACEMENT_3D('',#15620,#15621,#15622);
#15620 = CARTESIAN_POINT('',(286.07413793103,65.,78.77));
#15621 = DIRECTION('',(0.,0.,1.));
#15622 = DIRECTION('',(1.,0.,-0.));
#15623 = MANIFOLD_SOLID_BREP('',#15624);
#15624 = CLOSED_SHELL('',(#15625,#15665,#15705,#15727,#15749,#15761));
#15625 = ADVANCED_FACE('',(#15626),#15660,.F.);
#15626 = FACE_BOUND('',#15627,.F.);
#15627 = EDGE_LOOP('',(#15628,#15638,#15646,#15654));
#15628 = ORIENTED_EDGE('',*,*,#15629,.F.);
#15629 = EDGE_CURVE('',#15630,#15632,#15634,.T.);
#15630 = VERTEX_POINT('',#15631);
#15631 = CARTESIAN_POINT('',(313.15862068965,65.,68.5));
#15632 = VERTEX_POINT('',#15633);
#15633 = CARTESIAN_POINT('',(313.15862068965,65.,78.77));
#15634 = LINE('',#15635,#15636);
#15635 = CARTESIAN_POINT('',(313.15862068965,65.,68.5));
#15636 = VECTOR('',#15637,1.);
#15637 = DIRECTION('',(0.,0.,1.));
#15638 = ORIENTED_EDGE('',*,*,#15639,.T.);
#15639 = EDGE_CURVE('',#15630,#15640,#15642,.T.);
#15640 = VERTEX_POINT('',#15641);
#15641 = CARTESIAN_POINT('',(313.15862068965,151.,68.5));
#15642 = LINE('',#15643,#15644);
#15643 = CARTESIAN_POINT('',(313.15862068965,65.,68.5));
#15644 = VECTOR('',#15645,1.);
#15645 = DIRECTION('',(-0.,1.,0.));
#15646 = ORIENTED_EDGE('',*,*,#15647,.T.);
#15647 = EDGE_CURVE('',#15640,#15648,#15650,.T.);
#15648 = VERTEX_POINT('',#15649);
#15649 = CARTESIAN_POINT('',(313.15862068965,151.,78.77));
#15650 = LINE('',#15651,#15652);
#15651 = CARTESIAN_POINT('',(313.15862068965,151.,68.5));
#15652 = VECTOR('',#15653,1.);
#15653 = DIRECTION('',(0.,0.,1.));
#15654 = ORIENTED_EDGE('',*,*,#15655,.F.);
#15655 = EDGE_CURVE('',#15632,#15648,#15656,.T.);
#15656 = LINE('',#15657,#15658);
#15657 = CARTESIAN_POINT('',(313.15862068965,65.,78.77));
#15658 = VECTOR('',#15659,1.);
#15659 = DIRECTION('',(-0.,1.,0.));
#15660 = PLANE('',#15661);
#15661 = AXIS2_PLACEMENT_3D('',#15662,#15663,#15664);
#15662 = CARTESIAN_POINT('',(313.15862068965,65.,68.5));
#15663 = DIRECTION('',(1.,0.,-0.));
#15664 = DIRECTION('',(0.,0.,1.));
#15665 = ADVANCED_FACE('',(#15666),#15700,.T.);
#15666 = FACE_BOUND('',#15667,.T.);
#15667 = EDGE_LOOP('',(#15668,#15678,#15686,#15694));
#15668 = ORIENTED_EDGE('',*,*,#15669,.F.);
#15669 = EDGE_CURVE('',#15670,#15672,#15674,.T.);
#15670 = VERTEX_POINT('',#15671);
#15671 = CARTESIAN_POINT('',(324.35862068965,65.,68.5));
#15672 = VERTEX_POINT('',#15673);
#15673 = CARTESIAN_POINT('',(324.35862068965,65.,78.77));
#15674 = LINE('',#15675,#15676);
#15675 = CARTESIAN_POINT('',(324.35862068965,65.,68.5));
#15676 = VECTOR('',#15677,1.);
#15677 = DIRECTION('',(0.,0.,1.));
#15678 = ORIENTED_EDGE('',*,*,#15679,.T.);
#15679 = EDGE_CURVE('',#15670,#15680,#15682,.T.);
#15680 = VERTEX_POINT('',#15681);
#15681 = CARTESIAN_POINT('',(324.35862068965,151.,68.5));
#15682 = LINE('',#15683,#15684);
#15683 = CARTESIAN_POINT('',(324.35862068965,65.,68.5));
#15684 = VECTOR('',#15685,1.);
#15685 = DIRECTION('',(-0.,1.,0.));
#15686 = ORIENTED_EDGE('',*,*,#15687,.T.);
#15687 = EDGE_CURVE('',#15680,#15688,#15690,.T.);
#15688 = VERTEX_POINT('',#15689);
#15689 = CARTESIAN_POINT('',(324.35862068965,151.,78.77));
#15690 = LINE('',#15691,#15692);
#15691 = CARTESIAN_POINT('',(324.35862068965,151.,68.5));
#15692 = VECTOR('',#15693,1.);
#15693 = DIRECTION('',(0.,0.,1.));
#15694 = ORIENTED_EDGE('',*,*,#15695,.F.);
#15695 = EDGE_CURVE('',#15672,#15688,#15696,.T.);
#15696 = LINE('',#15697,#15698);
#15697 = CARTESIAN_POINT('',(324.35862068965,65.,78.77));
#15698 = VECTOR('',#15699,1.);
#15699 = DIRECTION('',(-0.,1.,0.));
#15700 = PLANE('',#15701);
#15701 = AXIS2_PLACEMENT_3D('',#15702,#15703,#15704);
#15702 = CARTESIAN_POINT('',(324.35862068965,65.,68.5));
#15703 = DIRECTION('',(1.,0.,-0.));
#15704 = DIRECTION('',(0.,0.,1.));
#15705 = ADVANCED_FACE('',(#15706),#15722,.F.);
#15706 = FACE_BOUND('',#15707,.F.);
#15707 = EDGE_LOOP('',(#15708,#15714,#15715,#15721));
#15708 = ORIENTED_EDGE('',*,*,#15709,.F.);
#15709 = EDGE_CURVE('',#15630,#15670,#15710,.T.);
#15710 = LINE('',#15711,#15712);
#15711 = CARTESIAN_POINT('',(313.15862068965,65.,68.5));
#15712 = VECTOR('',#15713,1.);
#15713 = DIRECTION('',(1.,0.,-0.));
#15714 = ORIENTED_EDGE('',*,*,#15629,.T.);
#15715 = ORIENTED_EDGE('',*,*,#15716,.T.);
#15716 = EDGE_CURVE('',#15632,#15672,#15717,.T.);
#15717 = LINE('',#15718,#15719);
#15718 = CARTESIAN_POINT('',(313.15862068965,65.,78.77));
#15719 = VECTOR('',#15720,1.);
#15720 = DIRECTION('',(1.,0.,-0.));
#15721 = ORIENTED_EDGE('',*,*,#15669,.F.);
#15722 = PLANE('',#15723);
#15723 = AXIS2_PLACEMENT_3D('',#15724,#15725,#15726);
#15724 = CARTESIAN_POINT('',(313.15862068965,65.,68.5));
#15725 = DIRECTION('',(-0.,1.,0.));
#15726 = DIRECTION('',(0.,0.,1.));
#15727 = ADVANCED_FACE('',(#15728),#15744,.T.);
#15728 = FACE_BOUND('',#15729,.T.);
#15729 = EDGE_LOOP('',(#15730,#15736,#15737,#15743));
#15730 = ORIENTED_EDGE('',*,*,#15731,.F.);
#15731 = EDGE_CURVE('',#15640,#15680,#15732,.T.);
#15732 = LINE('',#15733,#15734);
#15733 = CARTESIAN_POINT('',(313.15862068965,151.,68.5));
#15734 = VECTOR('',#15735,1.);
#15735 = DIRECTION('',(1.,0.,-0.));
#15736 = ORIENTED_EDGE('',*,*,#15647,.T.);
#15737 = ORIENTED_EDGE('',*,*,#15738,.T.);
#15738 = EDGE_CURVE('',#15648,#15688,#15739,.T.);
#15739 = LINE('',#15740,#15741);
#15740 = CARTESIAN_POINT('',(313.15862068965,151.,78.77));
#15741 = VECTOR('',#15742,1.);
#15742 = DIRECTION('',(1.,0.,-0.));
#15743 = ORIENTED_EDGE('',*,*,#15687,.F.);
#15744 = PLANE('',#15745);
#15745 = AXIS2_PLACEMENT_3D('',#15746,#15747,#15748);
#15746 = CARTESIAN_POINT('',(313.15862068965,151.,68.5));
#15747 = DIRECTION('',(-0.,1.,0.));
#15748 = DIRECTION('',(0.,0.,1.));
#15749 = ADVANCED_FACE('',(#15750),#15756,.F.);
#15750 = FACE_BOUND('',#15751,.F.);
#15751 = EDGE_LOOP('',(#15752,#15753,#15754,#15755));
#15752 = ORIENTED_EDGE('',*,*,#15639,.F.);
#15753 = ORIENTED_EDGE('',*,*,#15709,.T.);
#15754 = ORIENTED_EDGE('',*,*,#15679,.T.);
#15755 = ORIENTED_EDGE('',*,*,#15731,.F.);
#15756 = PLANE('',#15757);
#15757 = AXIS2_PLACEMENT_3D('',#15758,#15759,#15760);
#15758 = CARTESIAN_POINT('',(313.15862068965,65.,68.5));
#15759 = DIRECTION('',(0.,0.,1.));
#15760 = DIRECTION('',(1.,0.,-0.));
#15761 = ADVANCED_FACE('',(#15762),#15768,.T.);
#15762 = FACE_BOUND('',#15763,.T.);
#15763 = EDGE_LOOP('',(#15764,#15765,#15766,#15767));
#15764 = ORIENTED_EDGE('',*,*,#15655,.F.);
#15765 = ORIENTED_EDGE('',*,*,#15716,.T.);
#15766 = ORIENTED_EDGE('',*,*,#15695,.T.);
#15767 = ORIENTED_EDGE('',*,*,#15738,.F.);
#15768 = PLANE('',#15769);
#15769 = AXIS2_PLACEMENT_3D('',#15770,#15771,#15772);
#15770 = CARTESIAN_POINT('',(313.15862068965,65.,78.77));
#15771 = DIRECTION('',(0.,0.,1.));
#15772 = DIRECTION('',(1.,0.,-0.));
#15773 = MANIFOLD_SOLID_BREP('',#15774);
#15774 = CLOSED_SHELL('',(#15775,#15815,#15855,#15877,#15899,#15911));
#15775 = ADVANCED_FACE('',(#15776),#15810,.F.);
#15776 = FACE_BOUND('',#15777,.F.);
#15777 = EDGE_LOOP('',(#15778,#15788,#15796,#15804));
#15778 = ORIENTED_EDGE('',*,*,#15779,.F.);
#15779 = EDGE_CURVE('',#15780,#15782,#15784,.T.);
#15780 = VERTEX_POINT('',#15781);
#15781 = CARTESIAN_POINT('',(340.24310344827,65.,68.5));
#15782 = VERTEX_POINT('',#15783);
#15783 = CARTESIAN_POINT('',(340.24310344827,65.,78.77));
#15784 = LINE('',#15785,#15786);
#15785 = CARTESIAN_POINT('',(340.24310344827,65.,68.5));
#15786 = VECTOR('',#15787,1.);
#15787 = DIRECTION('',(0.,0.,1.));
#15788 = ORIENTED_EDGE('',*,*,#15789,.T.);
#15789 = EDGE_CURVE('',#15780,#15790,#15792,.T.);
#15790 = VERTEX_POINT('',#15791);
#15791 = CARTESIAN_POINT('',(340.24310344827,151.,68.5));
#15792 = LINE('',#15793,#15794);
#15793 = CARTESIAN_POINT('',(340.24310344827,65.,68.5));
#15794 = VECTOR('',#15795,1.);
#15795 = DIRECTION('',(-0.,1.,0.));
#15796 = ORIENTED_EDGE('',*,*,#15797,.T.);
#15797 = EDGE_CURVE('',#15790,#15798,#15800,.T.);
#15798 = VERTEX_POINT('',#15799);
#15799 = CARTESIAN_POINT('',(340.24310344827,151.,78.77));
#15800 = LINE('',#15801,#15802);
#15801 = CARTESIAN_POINT('',(340.24310344827,151.,68.5));
#15802 = VECTOR('',#15803,1.);
#15803 = DIRECTION('',(0.,0.,1.));
#15804 = ORIENTED_EDGE('',*,*,#15805,.F.);
#15805 = EDGE_CURVE('',#15782,#15798,#15806,.T.);
#15806 = LINE('',#15807,#15808);
#15807 = CARTESIAN_POINT('',(340.24310344827,65.,78.77));
#15808 = VECTOR('',#15809,1.);
#15809 = DIRECTION('',(-0.,1.,0.));
#15810 = PLANE('',#15811);
#15811 = AXIS2_PLACEMENT_3D('',#15812,#15813,#15814);
#15812 = CARTESIAN_POINT('',(340.24310344827,65.,68.5));
#15813 = DIRECTION('',(1.,0.,-0.));
#15814 = DIRECTION('',(0.,0.,1.));
#15815 = ADVANCED_FACE('',(#15816),#15850,.T.);
#15816 = FACE_BOUND('',#15817,.T.);
#15817 = EDGE_LOOP('',(#15818,#15828,#15836,#15844));
#15818 = ORIENTED_EDGE('',*,*,#15819,.F.);
#15819 = EDGE_CURVE('',#15820,#15822,#15824,.T.);
#15820 = VERTEX_POINT('',#15821);
#15821 = CARTESIAN_POINT('',(351.44310344827,65.,68.5));
#15822 = VERTEX_POINT('',#15823);
#15823 = CARTESIAN_POINT('',(351.44310344827,65.,78.77));
#15824 = LINE('',#15825,#15826);
#15825 = CARTESIAN_POINT('',(351.44310344827,65.,68.5));
#15826 = VECTOR('',#15827,1.);
#15827 = DIRECTION('',(0.,0.,1.));
#15828 = ORIENTED_EDGE('',*,*,#15829,.T.);
#15829 = EDGE_CURVE('',#15820,#15830,#15832,.T.);
#15830 = VERTEX_POINT('',#15831);
#15831 = CARTESIAN_POINT('',(351.44310344827,151.,68.5));
#15832 = LINE('',#15833,#15834);
#15833 = CARTESIAN_POINT('',(351.44310344827,65.,68.5));
#15834 = VECTOR('',#15835,1.);
#15835 = DIRECTION('',(-0.,1.,0.));
#15836 = ORIENTED_EDGE('',*,*,#15837,.T.);
#15837 = EDGE_CURVE('',#15830,#15838,#15840,.T.);
#15838 = VERTEX_POINT('',#15839);
#15839 = CARTESIAN_POINT('',(351.44310344827,151.,78.77));
#15840 = LINE('',#15841,#15842);
#15841 = CARTESIAN_POINT('',(351.44310344827,151.,68.5));
#15842 = VECTOR('',#15843,1.);
#15843 = DIRECTION('',(0.,0.,1.));
#15844 = ORIENTED_EDGE('',*,*,#15845,.F.);
#15845 = EDGE_CURVE('',#15822,#15838,#15846,.T.);
#15846 = LINE('',#15847,#15848);
#15847 = CARTESIAN_POINT('',(351.44310344827,65.,78.77));
#15848 = VECTOR('',#15849,1.);
#15849 = DIRECTION('',(-0.,1.,0.));
#15850 = PLANE('',#15851);
#15851 = AXIS2_PLACEMENT_3D('',#15852,#15853,#15854);
#15852 = CARTESIAN_POINT('',(351.44310344827,65.,68.5));
#15853 = DIRECTION('',(1.,0.,-0.));
#15854 = DIRECTION('',(0.,0.,1.));
#15855 = ADVANCED_FACE('',(#15856),#15872,.F.);
#15856 = FACE_BOUND('',#15857,.F.);
#15857 = EDGE_LOOP('',(#15858,#15864,#15865,#15871));
#15858 = ORIENTED_EDGE('',*,*,#15859,.F.);
#15859 = EDGE_CURVE('',#15780,#15820,#15860,.T.);
#15860 = LINE('',#15861,#15862);
#15861 = CARTESIAN_POINT('',(340.24310344827,65.,68.5));
#15862 = VECTOR('',#15863,1.);
#15863 = DIRECTION('',(1.,0.,-0.));
#15864 = ORIENTED_EDGE('',*,*,#15779,.T.);
#15865 = ORIENTED_EDGE('',*,*,#15866,.T.);
#15866 = EDGE_CURVE('',#15782,#15822,#15867,.T.);
#15867 = LINE('',#15868,#15869);
#15868 = CARTESIAN_POINT('',(340.24310344827,65.,78.77));
#15869 = VECTOR('',#15870,1.);
#15870 = DIRECTION('',(1.,0.,-0.));
#15871 = ORIENTED_EDGE('',*,*,#15819,.F.);
#15872 = PLANE('',#15873);
#15873 = AXIS2_PLACEMENT_3D('',#15874,#15875,#15876);
#15874 = CARTESIAN_POINT('',(340.24310344827,65.,68.5));
#15875 = DIRECTION('',(-0.,1.,0.));
#15876 = DIRECTION('',(0.,0.,1.));
#15877 = ADVANCED_FACE('',(#15878),#15894,.T.);
#15878 = FACE_BOUND('',#15879,.T.);
#15879 = EDGE_LOOP('',(#15880,#15886,#15887,#15893));
#15880 = ORIENTED_EDGE('',*,*,#15881,.F.);
#15881 = EDGE_CURVE('',#15790,#15830,#15882,.T.);
#15882 = LINE('',#15883,#15884);
#15883 = CARTESIAN_POINT('',(340.24310344827,151.,68.5));
#15884 = VECTOR('',#15885,1.);
#15885 = DIRECTION('',(1.,0.,-0.));
#15886 = ORIENTED_EDGE('',*,*,#15797,.T.);
#15887 = ORIENTED_EDGE('',*,*,#15888,.T.);
#15888 = EDGE_CURVE('',#15798,#15838,#15889,.T.);
#15889 = LINE('',#15890,#15891);
#15890 = CARTESIAN_POINT('',(340.24310344827,151.,78.77));
#15891 = VECTOR('',#15892,1.);
#15892 = DIRECTION('',(1.,0.,-0.));
#15893 = ORIENTED_EDGE('',*,*,#15837,.F.);
#15894 = PLANE('',#15895);
#15895 = AXIS2_PLACEMENT_3D('',#15896,#15897,#15898);
#15896 = CARTESIAN_POINT('',(340.24310344827,151.,68.5));
#15897 = DIRECTION('',(-0.,1.,0.));
#15898 = DIRECTION('',(0.,0.,1.));
#15899 = ADVANCED_FACE('',(#15900),#15906,.F.);
#15900 = FACE_BOUND('',#15901,.F.);
#15901 = EDGE_LOOP('',(#15902,#15903,#15904,#15905));
#15902 = ORIENTED_EDGE('',*,*,#15789,.F.);
#15903 = ORIENTED_EDGE('',*,*,#15859,.T.);
#15904 = ORIENTED_EDGE('',*,*,#15829,.T.);
#15905 = ORIENTED_EDGE('',*,*,#15881,.F.);
#15906 = PLANE('',#15907);
#15907 = AXIS2_PLACEMENT_3D('',#15908,#15909,#15910);
#15908 = CARTESIAN_POINT('',(340.24310344827,65.,68.5));
#15909 = DIRECTION('',(0.,0.,1.));
#15910 = DIRECTION('',(1.,0.,-0.));
#15911 = ADVANCED_FACE('',(#15912),#15918,.T.);
#15912 = FACE_BOUND('',#15913,.T.);
#15913 = EDGE_LOOP('',(#15914,#15915,#15916,#15917));
#15914 = ORIENTED_EDGE('',*,*,#15805,.F.);
#15915 = ORIENTED_EDGE('',*,*,#15866,.T.);
#15916 = ORIENTED_EDGE('',*,*,#15845,.T.);
#15917 = ORIENTED_EDGE('',*,*,#15888,.F.);
#15918 = PLANE('',#15919);
#15919 = AXIS2_PLACEMENT_3D('',#15920,#15921,#15922);
#15920 = CARTESIAN_POINT('',(340.24310344827,65.,78.77));
#15921 = DIRECTION('',(0.,0.,1.));
#15922 = DIRECTION('',(1.,0.,-0.));
#15923 = MANIFOLD_SOLID_BREP('',#15924);
#15924 = CLOSED_SHELL('',(#15925,#15965,#16005,#16027,#16049,#16061));
#15925 = ADVANCED_FACE('',(#15926),#15960,.F.);
#15926 = FACE_BOUND('',#15927,.F.);
#15927 = EDGE_LOOP('',(#15928,#15938,#15946,#15954));
#15928 = ORIENTED_EDGE('',*,*,#15929,.F.);
#15929 = EDGE_CURVE('',#15930,#15932,#15934,.T.);
#15930 = VERTEX_POINT('',#15931);
#15931 = CARTESIAN_POINT('',(380.98758620689,65.,68.5));
#15932 = VERTEX_POINT('',#15933);
#15933 = CARTESIAN_POINT('',(380.98758620689,65.,78.77));
#15934 = LINE('',#15935,#15936);
#15935 = CARTESIAN_POINT('',(380.98758620689,65.,68.5));
#15936 = VECTOR('',#15937,1.);
#15937 = DIRECTION('',(0.,0.,1.));
#15938 = ORIENTED_EDGE('',*,*,#15939,.T.);
#15939 = EDGE_CURVE('',#15930,#15940,#15942,.T.);
#15940 = VERTEX_POINT('',#15941);
#15941 = CARTESIAN_POINT('',(380.98758620689,151.,68.5));
#15942 = LINE('',#15943,#15944);
#15943 = CARTESIAN_POINT('',(380.98758620689,65.,68.5));
#15944 = VECTOR('',#15945,1.);
#15945 = DIRECTION('',(-0.,1.,0.));
#15946 = ORIENTED_EDGE('',*,*,#15947,.T.);
#15947 = EDGE_CURVE('',#15940,#15948,#15950,.T.);
#15948 = VERTEX_POINT('',#15949);
#15949 = CARTESIAN_POINT('',(380.98758620689,151.,78.77));
#15950 = LINE('',#15951,#15952);
#15951 = CARTESIAN_POINT('',(380.98758620689,151.,68.5));
#15952 = VECTOR('',#15953,1.);
#15953 = DIRECTION('',(0.,0.,1.));
#15954 = ORIENTED_EDGE('',*,*,#15955,.F.);
#15955 = EDGE_CURVE('',#15932,#15948,#15956,.T.);
#15956 = LINE('',#15957,#15958);
#15957 = CARTESIAN_POINT('',(380.98758620689,65.,78.77));
#15958 = VECTOR('',#15959,1.);
#15959 = DIRECTION('',(-0.,1.,0.));
#15960 = PLANE('',#15961);
#15961 = AXIS2_PLACEMENT_3D('',#15962,#15963,#15964);
#15962 = CARTESIAN_POINT('',(380.98758620689,65.,68.5));
#15963 = DIRECTION('',(1.,0.,-0.));
#15964 = DIRECTION('',(0.,0.,1.));
#15965 = ADVANCED_FACE('',(#15966),#16000,.T.);
#15966 = FACE_BOUND('',#15967,.T.);
#15967 = EDGE_LOOP('',(#15968,#15978,#15986,#15994));
#15968 = ORIENTED_EDGE('',*,*,#15969,.F.);
#15969 = EDGE_CURVE('',#15970,#15972,#15974,.T.);
#15970 = VERTEX_POINT('',#15971);
#15971 = CARTESIAN_POINT('',(392.18758620689,65.,68.5));
#15972 = VERTEX_POINT('',#15973);
#15973 = CARTESIAN_POINT('',(392.18758620689,65.,78.77));
#15974 = LINE('',#15975,#15976);
#15975 = CARTESIAN_POINT('',(392.18758620689,65.,68.5));
#15976 = VECTOR('',#15977,1.);
#15977 = DIRECTION('',(0.,0.,1.));
#15978 = ORIENTED_EDGE('',*,*,#15979,.T.);
#15979 = EDGE_CURVE('',#15970,#15980,#15982,.T.);
#15980 = VERTEX_POINT('',#15981);
#15981 = CARTESIAN_POINT('',(392.18758620689,151.,68.5));
#15982 = LINE('',#15983,#15984);
#15983 = CARTESIAN_POINT('',(392.18758620689,65.,68.5));
#15984 = VECTOR('',#15985,1.);
#15985 = DIRECTION('',(-0.,1.,0.));
#15986 = ORIENTED_EDGE('',*,*,#15987,.T.);
#15987 = EDGE_CURVE('',#15980,#15988,#15990,.T.);
#15988 = VERTEX_POINT('',#15989);
#15989 = CARTESIAN_POINT('',(392.18758620689,151.,78.77));
#15990 = LINE('',#15991,#15992);
#15991 = CARTESIAN_POINT('',(392.18758620689,151.,68.5));
#15992 = VECTOR('',#15993,1.);
#15993 = DIRECTION('',(0.,0.,1.));
#15994 = ORIENTED_EDGE('',*,*,#15995,.F.);
#15995 = EDGE_CURVE('',#15972,#15988,#15996,.T.);
#15996 = LINE('',#15997,#15998);
#15997 = CARTESIAN_POINT('',(392.18758620689,65.,78.77));
#15998 = VECTOR('',#15999,1.);
#15999 = DIRECTION('',(-0.,1.,0.));
#16000 = PLANE('',#16001);
#16001 = AXIS2_PLACEMENT_3D('',#16002,#16003,#16004);
#16002 = CARTESIAN_POINT('',(392.18758620689,65.,68.5));
#16003 = DIRECTION('',(1.,0.,-0.));
#16004 = DIRECTION('',(0.,0.,1.));
#16005 = ADVANCED_FACE('',(#16006),#16022,.F.);
#16006 = FACE_BOUND('',#16007,.F.);
#16007 = EDGE_LOOP('',(#16008,#16014,#16015,#16021));
#16008 = ORIENTED_EDGE('',*,*,#16009,.F.);
#16009 = EDGE_CURVE('',#15930,#15970,#16010,.T.);
#16010 = LINE('',#16011,#16012);
#16011 = CARTESIAN_POINT('',(380.98758620689,65.,68.5));
#16012 = VECTOR('',#16013,1.);
#16013 = DIRECTION('',(1.,0.,-0.));
#16014 = ORIENTED_EDGE('',*,*,#15929,.T.);
#16015 = ORIENTED_EDGE('',*,*,#16016,.T.);
#16016 = EDGE_CURVE('',#15932,#15972,#16017,.T.);
#16017 = LINE('',#16018,#16019);
#16018 = CARTESIAN_POINT('',(380.98758620689,65.,78.77));
#16019 = VECTOR('',#16020,1.);
#16020 = DIRECTION('',(1.,0.,-0.));
#16021 = ORIENTED_EDGE('',*,*,#15969,.F.);
#16022 = PLANE('',#16023);
#16023 = AXIS2_PLACEMENT_3D('',#16024,#16025,#16026);
#16024 = CARTESIAN_POINT('',(380.98758620689,65.,68.5));
#16025 = DIRECTION('',(-0.,1.,0.));
#16026 = DIRECTION('',(0.,0.,1.));
#16027 = ADVANCED_FACE('',(#16028),#16044,.T.);
#16028 = FACE_BOUND('',#16029,.T.);
#16029 = EDGE_LOOP('',(#16030,#16036,#16037,#16043));
#16030 = ORIENTED_EDGE('',*,*,#16031,.F.);
#16031 = EDGE_CURVE('',#15940,#15980,#16032,.T.);
#16032 = LINE('',#16033,#16034);
#16033 = CARTESIAN_POINT('',(380.98758620689,151.,68.5));
#16034 = VECTOR('',#16035,1.);
#16035 = DIRECTION('',(1.,0.,-0.));
#16036 = ORIENTED_EDGE('',*,*,#15947,.T.);
#16037 = ORIENTED_EDGE('',*,*,#16038,.T.);
#16038 = EDGE_CURVE('',#15948,#15988,#16039,.T.);
#16039 = LINE('',#16040,#16041);
#16040 = CARTESIAN_POINT('',(380.98758620689,151.,78.77));
#16041 = VECTOR('',#16042,1.);
#16042 = DIRECTION('',(1.,0.,-0.));
#16043 = ORIENTED_EDGE('',*,*,#15987,.F.);
#16044 = PLANE('',#16045);
#16045 = AXIS2_PLACEMENT_3D('',#16046,#16047,#16048);
#16046 = CARTESIAN_POINT('',(380.98758620689,151.,68.5));
#16047 = DIRECTION('',(-0.,1.,0.));
#16048 = DIRECTION('',(0.,0.,1.));
#16049 = ADVANCED_FACE('',(#16050),#16056,.F.);
#16050 = FACE_BOUND('',#16051,.F.);
#16051 = EDGE_LOOP('',(#16052,#16053,#16054,#16055));
#16052 = ORIENTED_EDGE('',*,*,#15939,.F.);
#16053 = ORIENTED_EDGE('',*,*,#16009,.T.);
#16054 = ORIENTED_EDGE('',*,*,#15979,.T.);
#16055 = ORIENTED_EDGE('',*,*,#16031,.F.);
#16056 = PLANE('',#16057);
#16057 = AXIS2_PLACEMENT_3D('',#16058,#16059,#16060);
#16058 = CARTESIAN_POINT('',(380.98758620689,65.,68.5));
#16059 = DIRECTION('',(0.,0.,1.));
#16060 = DIRECTION('',(1.,0.,-0.));
#16061 = ADVANCED_FACE('',(#16062),#16068,.T.);
#16062 = FACE_BOUND('',#16063,.T.);
#16063 = EDGE_LOOP('',(#16064,#16065,#16066,#16067));
#16064 = ORIENTED_EDGE('',*,*,#15955,.F.);
#16065 = ORIENTED_EDGE('',*,*,#16016,.T.);
#16066 = ORIENTED_EDGE('',*,*,#15995,.T.);
#16067 = ORIENTED_EDGE('',*,*,#16038,.F.);
#16068 = PLANE('',#16069);
#16069 = AXIS2_PLACEMENT_3D('',#16070,#16071,#16072);
#16070 = CARTESIAN_POINT('',(380.98758620689,65.,78.77));
#16071 = DIRECTION('',(0.,0.,1.));
#16072 = DIRECTION('',(1.,0.,-0.));
#16073 = MANIFOLD_SOLID_BREP('',#16074);
#16074 = CLOSED_SHELL('',(#16075,#16115,#16155,#16177,#16199,#16211));
#16075 = ADVANCED_FACE('',(#16076),#16110,.F.);
#16076 = FACE_BOUND('',#16077,.F.);
#16077 = EDGE_LOOP('',(#16078,#16088,#16096,#16104));
#16078 = ORIENTED_EDGE('',*,*,#16079,.F.);
#16079 = EDGE_CURVE('',#16080,#16082,#16084,.T.);
#16080 = VERTEX_POINT('',#16081);
#16081 = CARTESIAN_POINT('',(410.19172413793,65.,68.5));
#16082 = VERTEX_POINT('',#16083);
#16083 = CARTESIAN_POINT('',(410.19172413793,65.,78.77));
#16084 = LINE('',#16085,#16086);
#16085 = CARTESIAN_POINT('',(410.19172413793,65.,68.5));
#16086 = VECTOR('',#16087,1.);
#16087 = DIRECTION('',(0.,0.,1.));
#16088 = ORIENTED_EDGE('',*,*,#16089,.T.);
#16089 = EDGE_CURVE('',#16080,#16090,#16092,.T.);
#16090 = VERTEX_POINT('',#16091);
#16091 = CARTESIAN_POINT('',(410.19172413793,151.,68.5));
#16092 = LINE('',#16093,#16094);
#16093 = CARTESIAN_POINT('',(410.19172413793,65.,68.5));
#16094 = VECTOR('',#16095,1.);
#16095 = DIRECTION('',(-0.,1.,0.));
#16096 = ORIENTED_EDGE('',*,*,#16097,.T.);
#16097 = EDGE_CURVE('',#16090,#16098,#16100,.T.);
#16098 = VERTEX_POINT('',#16099);
#16099 = CARTESIAN_POINT('',(410.19172413793,151.,78.77));
#16100 = LINE('',#16101,#16102);
#16101 = CARTESIAN_POINT('',(410.19172413793,151.,68.5));
#16102 = VECTOR('',#16103,1.);
#16103 = DIRECTION('',(0.,0.,1.));
#16104 = ORIENTED_EDGE('',*,*,#16105,.F.);
#16105 = EDGE_CURVE('',#16082,#16098,#16106,.T.);
#16106 = LINE('',#16107,#16108);
#16107 = CARTESIAN_POINT('',(410.19172413793,65.,78.77));
#16108 = VECTOR('',#16109,1.);
#16109 = DIRECTION('',(-0.,1.,0.));
#16110 = PLANE('',#16111);
#16111 = AXIS2_PLACEMENT_3D('',#16112,#16113,#16114);
#16112 = CARTESIAN_POINT('',(410.19172413793,65.,68.5));
#16113 = DIRECTION('',(1.,0.,-0.));
#16114 = DIRECTION('',(0.,0.,1.));
#16115 = ADVANCED_FACE('',(#16116),#16150,.T.);
#16116 = FACE_BOUND('',#16117,.T.);
#16117 = EDGE_LOOP('',(#16118,#16128,#16136,#16144));
#16118 = ORIENTED_EDGE('',*,*,#16119,.F.);
#16119 = EDGE_CURVE('',#16120,#16122,#16124,.T.);
#16120 = VERTEX_POINT('',#16121);
#16121 = CARTESIAN_POINT('',(421.39172413793,65.,68.5));
#16122 = VERTEX_POINT('',#16123);
#16123 = CARTESIAN_POINT('',(421.39172413793,65.,78.77));
#16124 = LINE('',#16125,#16126);
#16125 = CARTESIAN_POINT('',(421.39172413793,65.,68.5));
#16126 = VECTOR('',#16127,1.);
#16127 = DIRECTION('',(0.,0.,1.));
#16128 = ORIENTED_EDGE('',*,*,#16129,.T.);
#16129 = EDGE_CURVE('',#16120,#16130,#16132,.T.);
#16130 = VERTEX_POINT('',#16131);
#16131 = CARTESIAN_POINT('',(421.39172413793,151.,68.5));
#16132 = LINE('',#16133,#16134);
#16133 = CARTESIAN_POINT('',(421.39172413793,65.,68.5));
#16134 = VECTOR('',#16135,1.);
#16135 = DIRECTION('',(-0.,1.,0.));
#16136 = ORIENTED_EDGE('',*,*,#16137,.T.);
#16137 = EDGE_CURVE('',#16130,#16138,#16140,.T.);
#16138 = VERTEX_POINT('',#16139);
#16139 = CARTESIAN_POINT('',(421.39172413793,151.,78.77));
#16140 = LINE('',#16141,#16142);
#16141 = CARTESIAN_POINT('',(421.39172413793,151.,68.5));
#16142 = VECTOR('',#16143,1.);
#16143 = DIRECTION('',(0.,0.,1.));
#16144 = ORIENTED_EDGE('',*,*,#16145,.F.);
#16145 = EDGE_CURVE('',#16122,#16138,#16146,.T.);
#16146 = LINE('',#16147,#16148);
#16147 = CARTESIAN_POINT('',(421.39172413793,65.,78.77));
#16148 = VECTOR('',#16149,1.);
#16149 = DIRECTION('',(-0.,1.,0.));
#16150 = PLANE('',#16151);
#16151 = AXIS2_PLACEMENT_3D('',#16152,#16153,#16154);
#16152 = CARTESIAN_POINT('',(421.39172413793,65.,68.5));
#16153 = DIRECTION('',(1.,0.,-0.));
#16154 = DIRECTION('',(0.,0.,1.));
#16155 = ADVANCED_FACE('',(#16156),#16172,.F.);
#16156 = FACE_BOUND('',#16157,.F.);
#16157 = EDGE_LOOP('',(#16158,#16164,#16165,#16171));
#16158 = ORIENTED_EDGE('',*,*,#16159,.F.);
#16159 = EDGE_CURVE('',#16080,#16120,#16160,.T.);
#16160 = LINE('',#16161,#16162);
#16161 = CARTESIAN_POINT('',(410.19172413793,65.,68.5));
#16162 = VECTOR('',#16163,1.);
#16163 = DIRECTION('',(1.,0.,-0.));
#16164 = ORIENTED_EDGE('',*,*,#16079,.T.);
#16165 = ORIENTED_EDGE('',*,*,#16166,.T.);
#16166 = EDGE_CURVE('',#16082,#16122,#16167,.T.);
#16167 = LINE('',#16168,#16169);
#16168 = CARTESIAN_POINT('',(410.19172413793,65.,78.77));
#16169 = VECTOR('',#16170,1.);
#16170 = DIRECTION('',(1.,0.,-0.));
#16171 = ORIENTED_EDGE('',*,*,#16119,.F.);
#16172 = PLANE('',#16173);
#16173 = AXIS2_PLACEMENT_3D('',#16174,#16175,#16176);
#16174 = CARTESIAN_POINT('',(410.19172413793,65.,68.5));
#16175 = DIRECTION('',(-0.,1.,0.));
#16176 = DIRECTION('',(0.,0.,1.));
#16177 = ADVANCED_FACE('',(#16178),#16194,.T.);
#16178 = FACE_BOUND('',#16179,.T.);
#16179 = EDGE_LOOP('',(#16180,#16186,#16187,#16193));
#16180 = ORIENTED_EDGE('',*,*,#16181,.F.);
#16181 = EDGE_CURVE('',#16090,#16130,#16182,.T.);
#16182 = LINE('',#16183,#16184);
#16183 = CARTESIAN_POINT('',(410.19172413793,151.,68.5));
#16184 = VECTOR('',#16185,1.);
#16185 = DIRECTION('',(1.,0.,-0.));
#16186 = ORIENTED_EDGE('',*,*,#16097,.T.);
#16187 = ORIENTED_EDGE('',*,*,#16188,.T.);
#16188 = EDGE_CURVE('',#16098,#16138,#16189,.T.);
#16189 = LINE('',#16190,#16191);
#16190 = CARTESIAN_POINT('',(410.19172413793,151.,78.77));
#16191 = VECTOR('',#16192,1.);
#16192 = DIRECTION('',(1.,0.,-0.));
#16193 = ORIENTED_EDGE('',*,*,#16137,.F.);
#16194 = PLANE('',#16195);
#16195 = AXIS2_PLACEMENT_3D('',#16196,#16197,#16198);
#16196 = CARTESIAN_POINT('',(410.19172413793,151.,68.5));
#16197 = DIRECTION('',(-0.,1.,0.));
#16198 = DIRECTION('',(0.,0.,1.));
#16199 = ADVANCED_FACE('',(#16200),#16206,.F.);
#16200 = FACE_BOUND('',#16201,.F.);
#16201 = EDGE_LOOP('',(#16202,#16203,#16204,#16205));
#16202 = ORIENTED_EDGE('',*,*,#16089,.F.);
#16203 = ORIENTED_EDGE('',*,*,#16159,.T.);
#16204 = ORIENTED_EDGE('',*,*,#16129,.T.);
#16205 = ORIENTED_EDGE('',*,*,#16181,.F.);
#16206 = PLANE('',#16207);
#16207 = AXIS2_PLACEMENT_3D('',#16208,#16209,#16210);
#16208 = CARTESIAN_POINT('',(410.19172413793,65.,68.5));
#16209 = DIRECTION('',(0.,0.,1.));
#16210 = DIRECTION('',(1.,0.,-0.));
#16211 = ADVANCED_FACE('',(#16212),#16218,.T.);
#16212 = FACE_BOUND('',#16213,.T.);
#16213 = EDGE_LOOP('',(#16214,#16215,#16216,#16217));
#16214 = ORIENTED_EDGE('',*,*,#16105,.F.);
#16215 = ORIENTED_EDGE('',*,*,#16166,.T.);
#16216 = ORIENTED_EDGE('',*,*,#16145,.T.);
#16217 = ORIENTED_EDGE('',*,*,#16188,.F.);
#16218 = PLANE('',#16219);
#16219 = AXIS2_PLACEMENT_3D('',#16220,#16221,#16222);
#16220 = CARTESIAN_POINT('',(410.19172413793,65.,78.77));
#16221 = DIRECTION('',(0.,0.,1.));
#16222 = DIRECTION('',(1.,0.,-0.));
#16223 = MANIFOLD_SOLID_BREP('',#16224);
#16224 = CLOSED_SHELL('',(#16225,#16265,#16305,#16327,#16349,#16361));
#16225 = ADVANCED_FACE('',(#16226),#16260,.F.);
#16226 = FACE_BOUND('',#16227,.F.);
#16227 = EDGE_LOOP('',(#16228,#16238,#16246,#16254));
#16228 = ORIENTED_EDGE('',*,*,#16229,.F.);
#16229 = EDGE_CURVE('',#16230,#16232,#16234,.T.);
#16230 = VERTEX_POINT('',#16231);
#16231 = CARTESIAN_POINT('',(450.93620689655,65.,68.5));
#16232 = VERTEX_POINT('',#16233);
#16233 = CARTESIAN_POINT('',(450.93620689655,65.,78.77));
#16234 = LINE('',#16235,#16236);
#16235 = CARTESIAN_POINT('',(450.93620689655,65.,68.5));
#16236 = VECTOR('',#16237,1.);
#16237 = DIRECTION('',(0.,0.,1.));
#16238 = ORIENTED_EDGE('',*,*,#16239,.T.);
#16239 = EDGE_CURVE('',#16230,#16240,#16242,.T.);
#16240 = VERTEX_POINT('',#16241);
#16241 = CARTESIAN_POINT('',(450.93620689655,151.,68.5));
#16242 = LINE('',#16243,#16244);
#16243 = CARTESIAN_POINT('',(450.93620689655,65.,68.5));
#16244 = VECTOR('',#16245,1.);
#16245 = DIRECTION('',(-0.,1.,0.));
#16246 = ORIENTED_EDGE('',*,*,#16247,.T.);
#16247 = EDGE_CURVE('',#16240,#16248,#16250,.T.);
#16248 = VERTEX_POINT('',#16249);
#16249 = CARTESIAN_POINT('',(450.93620689655,151.,78.77));
#16250 = LINE('',#16251,#16252);
#16251 = CARTESIAN_POINT('',(450.93620689655,151.,68.5));
#16252 = VECTOR('',#16253,1.);
#16253 = DIRECTION('',(0.,0.,1.));
#16254 = ORIENTED_EDGE('',*,*,#16255,.F.);
#16255 = EDGE_CURVE('',#16232,#16248,#16256,.T.);
#16256 = LINE('',#16257,#16258);
#16257 = CARTESIAN_POINT('',(450.93620689655,65.,78.77));
#16258 = VECTOR('',#16259,1.);
#16259 = DIRECTION('',(-0.,1.,0.));
#16260 = PLANE('',#16261);
#16261 = AXIS2_PLACEMENT_3D('',#16262,#16263,#16264);
#16262 = CARTESIAN_POINT('',(450.93620689655,65.,68.5));
#16263 = DIRECTION('',(1.,0.,-0.));
#16264 = DIRECTION('',(0.,0.,1.));
#16265 = ADVANCED_FACE('',(#16266),#16300,.T.);
#16266 = FACE_BOUND('',#16267,.T.);
#16267 = EDGE_LOOP('',(#16268,#16278,#16286,#16294));
#16268 = ORIENTED_EDGE('',*,*,#16269,.F.);
#16269 = EDGE_CURVE('',#16270,#16272,#16274,.T.);
#16270 = VERTEX_POINT('',#16271);
#16271 = CARTESIAN_POINT('',(462.13620689655,65.,68.5));
#16272 = VERTEX_POINT('',#16273);
#16273 = CARTESIAN_POINT('',(462.13620689655,65.,78.77));
#16274 = LINE('',#16275,#16276);
#16275 = CARTESIAN_POINT('',(462.13620689655,65.,68.5));
#16276 = VECTOR('',#16277,1.);
#16277 = DIRECTION('',(0.,0.,1.));
#16278 = ORIENTED_EDGE('',*,*,#16279,.T.);
#16279 = EDGE_CURVE('',#16270,#16280,#16282,.T.);
#16280 = VERTEX_POINT('',#16281);
#16281 = CARTESIAN_POINT('',(462.13620689655,151.,68.5));
#16282 = LINE('',#16283,#16284);
#16283 = CARTESIAN_POINT('',(462.13620689655,65.,68.5));
#16284 = VECTOR('',#16285,1.);
#16285 = DIRECTION('',(-0.,1.,0.));
#16286 = ORIENTED_EDGE('',*,*,#16287,.T.);
#16287 = EDGE_CURVE('',#16280,#16288,#16290,.T.);
#16288 = VERTEX_POINT('',#16289);
#16289 = CARTESIAN_POINT('',(462.13620689655,151.,78.77));
#16290 = LINE('',#16291,#16292);
#16291 = CARTESIAN_POINT('',(462.13620689655,151.,68.5));
#16292 = VECTOR('',#16293,1.);
#16293 = DIRECTION('',(0.,0.,1.));
#16294 = ORIENTED_EDGE('',*,*,#16295,.F.);
#16295 = EDGE_CURVE('',#16272,#16288,#16296,.T.);
#16296 = LINE('',#16297,#16298);
#16297 = CARTESIAN_POINT('',(462.13620689655,65.,78.77));
#16298 = VECTOR('',#16299,1.);
#16299 = DIRECTION('',(-0.,1.,0.));
#16300 = PLANE('',#16301);
#16301 = AXIS2_PLACEMENT_3D('',#16302,#16303,#16304);
#16302 = CARTESIAN_POINT('',(462.13620689655,65.,68.5));
#16303 = DIRECTION('',(1.,0.,-0.));
#16304 = DIRECTION('',(0.,0.,1.));
#16305 = ADVANCED_FACE('',(#16306),#16322,.F.);
#16306 = FACE_BOUND('',#16307,.F.);
#16307 = EDGE_LOOP('',(#16308,#16314,#16315,#16321));
#16308 = ORIENTED_EDGE('',*,*,#16309,.F.);
#16309 = EDGE_CURVE('',#16230,#16270,#16310,.T.);
#16310 = LINE('',#16311,#16312);
#16311 = CARTESIAN_POINT('',(450.93620689655,65.,68.5));
#16312 = VECTOR('',#16313,1.);
#16313 = DIRECTION('',(1.,0.,-0.));
#16314 = ORIENTED_EDGE('',*,*,#16229,.T.);
#16315 = ORIENTED_EDGE('',*,*,#16316,.T.);
#16316 = EDGE_CURVE('',#16232,#16272,#16317,.T.);
#16317 = LINE('',#16318,#16319);
#16318 = CARTESIAN_POINT('',(450.93620689655,65.,78.77));
#16319 = VECTOR('',#16320,1.);
#16320 = DIRECTION('',(1.,0.,-0.));
#16321 = ORIENTED_EDGE('',*,*,#16269,.F.);
#16322 = PLANE('',#16323);
#16323 = AXIS2_PLACEMENT_3D('',#16324,#16325,#16326);
#16324 = CARTESIAN_POINT('',(450.93620689655,65.,68.5));
#16325 = DIRECTION('',(-0.,1.,0.));
#16326 = DIRECTION('',(0.,0.,1.));
#16327 = ADVANCED_FACE('',(#16328),#16344,.T.);
#16328 = FACE_BOUND('',#16329,.T.);
#16329 = EDGE_LOOP('',(#16330,#16336,#16337,#16343));
#16330 = ORIENTED_EDGE('',*,*,#16331,.F.);
#16331 = EDGE_CURVE('',#16240,#16280,#16332,.T.);
#16332 = LINE('',#16333,#16334);
#16333 = CARTESIAN_POINT('',(450.93620689655,151.,68.5));
#16334 = VECTOR('',#16335,1.);
#16335 = DIRECTION('',(1.,0.,-0.));
#16336 = ORIENTED_EDGE('',*,*,#16247,.T.);
#16337 = ORIENTED_EDGE('',*,*,#16338,.T.);
#16338 = EDGE_CURVE('',#16248,#16288,#16339,.T.);
#16339 = LINE('',#16340,#16341);
#16340 = CARTESIAN_POINT('',(450.93620689655,151.,78.77));
#16341 = VECTOR('',#16342,1.);
#16342 = DIRECTION('',(1.,0.,-0.));
#16343 = ORIENTED_EDGE('',*,*,#16287,.F.);
#16344 = PLANE('',#16345);
#16345 = AXIS2_PLACEMENT_3D('',#16346,#16347,#16348);
#16346 = CARTESIAN_POINT('',(450.93620689655,151.,68.5));
#16347 = DIRECTION('',(-0.,1.,0.));
#16348 = DIRECTION('',(0.,0.,1.));
#16349 = ADVANCED_FACE('',(#16350),#16356,.F.);
#16350 = FACE_BOUND('',#16351,.F.);
#16351 = EDGE_LOOP('',(#16352,#16353,#16354,#16355));
#16352 = ORIENTED_EDGE('',*,*,#16239,.F.);
#16353 = ORIENTED_EDGE('',*,*,#16309,.T.);
#16354 = ORIENTED_EDGE('',*,*,#16279,.T.);
#16355 = ORIENTED_EDGE('',*,*,#16331,.F.);
#16356 = PLANE('',#16357);
#16357 = AXIS2_PLACEMENT_3D('',#16358,#16359,#16360);
#16358 = CARTESIAN_POINT('',(450.93620689655,65.,68.5));
#16359 = DIRECTION('',(0.,0.,1.));
#16360 = DIRECTION('',(1.,0.,-0.));
#16361 = ADVANCED_FACE('',(#16362),#16368,.T.);
#16362 = FACE_BOUND('',#16363,.T.);
#16363 = EDGE_LOOP('',(#16364,#16365,#16366,#16367));
#16364 = ORIENTED_EDGE('',*,*,#16255,.F.);
#16365 = ORIENTED_EDGE('',*,*,#16316,.T.);
#16366 = ORIENTED_EDGE('',*,*,#16295,.T.);
#16367 = ORIENTED_EDGE('',*,*,#16338,.F.);
#16368 = PLANE('',#16369);
#16369 = AXIS2_PLACEMENT_3D('',#16370,#16371,#16372);
#16370 = CARTESIAN_POINT('',(450.93620689655,65.,78.77));
#16371 = DIRECTION('',(0.,0.,1.));
#16372 = DIRECTION('',(1.,0.,-0.));
#16373 = MANIFOLD_SOLID_BREP('',#16374);
#16374 = CLOSED_SHELL('',(#16375,#16415,#16455,#16477,#16499,#16511));
#16375 = ADVANCED_FACE('',(#16376),#16410,.F.);
#16376 = FACE_BOUND('',#16377,.F.);
#16377 = EDGE_LOOP('',(#16378,#16388,#16396,#16404));
#16378 = ORIENTED_EDGE('',*,*,#16379,.F.);
#16379 = EDGE_CURVE('',#16380,#16382,#16384,.T.);
#16380 = VERTEX_POINT('',#16381);
#16381 = CARTESIAN_POINT('',(478.02068965517,65.,68.5));
#16382 = VERTEX_POINT('',#16383);
#16383 = CARTESIAN_POINT('',(478.02068965517,65.,78.77));
#16384 = LINE('',#16385,#16386);
#16385 = CARTESIAN_POINT('',(478.02068965517,65.,68.5));
#16386 = VECTOR('',#16387,1.);
#16387 = DIRECTION('',(0.,0.,1.));
#16388 = ORIENTED_EDGE('',*,*,#16389,.T.);
#16389 = EDGE_CURVE('',#16380,#16390,#16392,.T.);
#16390 = VERTEX_POINT('',#16391);
#16391 = CARTESIAN_POINT('',(478.02068965517,151.,68.5));
#16392 = LINE('',#16393,#16394);
#16393 = CARTESIAN_POINT('',(478.02068965517,65.,68.5));
#16394 = VECTOR('',#16395,1.);
#16395 = DIRECTION('',(-0.,1.,0.));
#16396 = ORIENTED_EDGE('',*,*,#16397,.T.);
#16397 = EDGE_CURVE('',#16390,#16398,#16400,.T.);
#16398 = VERTEX_POINT('',#16399);
#16399 = CARTESIAN_POINT('',(478.02068965517,151.,78.77));
#16400 = LINE('',#16401,#16402);
#16401 = CARTESIAN_POINT('',(478.02068965517,151.,68.5));
#16402 = VECTOR('',#16403,1.);
#16403 = DIRECTION('',(0.,0.,1.));
#16404 = ORIENTED_EDGE('',*,*,#16405,.F.);
#16405 = EDGE_CURVE('',#16382,#16398,#16406,.T.);
#16406 = LINE('',#16407,#16408);
#16407 = CARTESIAN_POINT('',(478.02068965517,65.,78.77));
#16408 = VECTOR('',#16409,1.);
#16409 = DIRECTION('',(-0.,1.,0.));
#16410 = PLANE('',#16411);
#16411 = AXIS2_PLACEMENT_3D('',#16412,#16413,#16414);
#16412 = CARTESIAN_POINT('',(478.02068965517,65.,68.5));
#16413 = DIRECTION('',(1.,0.,-0.));
#16414 = DIRECTION('',(0.,0.,1.));
#16415 = ADVANCED_FACE('',(#16416),#16450,.T.);
#16416 = FACE_BOUND('',#16417,.T.);
#16417 = EDGE_LOOP('',(#16418,#16428,#16436,#16444));
#16418 = ORIENTED_EDGE('',*,*,#16419,.F.);
#16419 = EDGE_CURVE('',#16420,#16422,#16424,.T.);
#16420 = VERTEX_POINT('',#16421);
#16421 = CARTESIAN_POINT('',(489.22068965517,65.,68.5));
#16422 = VERTEX_POINT('',#16423);
#16423 = CARTESIAN_POINT('',(489.22068965517,65.,78.77));
#16424 = LINE('',#16425,#16426);
#16425 = CARTESIAN_POINT('',(489.22068965517,65.,68.5));
#16426 = VECTOR('',#16427,1.);
#16427 = DIRECTION('',(0.,0.,1.));
#16428 = ORIENTED_EDGE('',*,*,#16429,.T.);
#16429 = EDGE_CURVE('',#16420,#16430,#16432,.T.);
#16430 = VERTEX_POINT('',#16431);
#16431 = CARTESIAN_POINT('',(489.22068965517,151.,68.5));
#16432 = LINE('',#16433,#16434);
#16433 = CARTESIAN_POINT('',(489.22068965517,65.,68.5));
#16434 = VECTOR('',#16435,1.);
#16435 = DIRECTION('',(-0.,1.,0.));
#16436 = ORIENTED_EDGE('',*,*,#16437,.T.);
#16437 = EDGE_CURVE('',#16430,#16438,#16440,.T.);
#16438 = VERTEX_POINT('',#16439);
#16439 = CARTESIAN_POINT('',(489.22068965517,151.,78.77));
#16440 = LINE('',#16441,#16442);
#16441 = CARTESIAN_POINT('',(489.22068965517,151.,68.5));
#16442 = VECTOR('',#16443,1.);
#16443 = DIRECTION('',(0.,0.,1.));
#16444 = ORIENTED_EDGE('',*,*,#16445,.F.);
#16445 = EDGE_CURVE('',#16422,#16438,#16446,.T.);
#16446 = LINE('',#16447,#16448);
#16447 = CARTESIAN_POINT('',(489.22068965517,65.,78.77));
#16448 = VECTOR('',#16449,1.);
#16449 = DIRECTION('',(-0.,1.,0.));
#16450 = PLANE('',#16451);
#16451 = AXIS2_PLACEMENT_3D('',#16452,#16453,#16454);
#16452 = CARTESIAN_POINT('',(489.22068965517,65.,68.5));
#16453 = DIRECTION('',(1.,0.,-0.));
#16454 = DIRECTION('',(0.,0.,1.));
#16455 = ADVANCED_FACE('',(#16456),#16472,.F.);
#16456 = FACE_BOUND('',#16457,.F.);
#16457 = EDGE_LOOP('',(#16458,#16464,#16465,#16471));
#16458 = ORIENTED_EDGE('',*,*,#16459,.F.);
#16459 = EDGE_CURVE('',#16380,#16420,#16460,.T.);
#16460 = LINE('',#16461,#16462);
#16461 = CARTESIAN_POINT('',(478.02068965517,65.,68.5));
#16462 = VECTOR('',#16463,1.);
#16463 = DIRECTION('',(1.,0.,-0.));
#16464 = ORIENTED_EDGE('',*,*,#16379,.T.);
#16465 = ORIENTED_EDGE('',*,*,#16466,.T.);
#16466 = EDGE_CURVE('',#16382,#16422,#16467,.T.);
#16467 = LINE('',#16468,#16469);
#16468 = CARTESIAN_POINT('',(478.02068965517,65.,78.77));
#16469 = VECTOR('',#16470,1.);
#16470 = DIRECTION('',(1.,0.,-0.));
#16471 = ORIENTED_EDGE('',*,*,#16419,.F.);
#16472 = PLANE('',#16473);
#16473 = AXIS2_PLACEMENT_3D('',#16474,#16475,#16476);
#16474 = CARTESIAN_POINT('',(478.02068965517,65.,68.5));
#16475 = DIRECTION('',(-0.,1.,0.));
#16476 = DIRECTION('',(0.,0.,1.));
#16477 = ADVANCED_FACE('',(#16478),#16494,.T.);
#16478 = FACE_BOUND('',#16479,.T.);
#16479 = EDGE_LOOP('',(#16480,#16486,#16487,#16493));
#16480 = ORIENTED_EDGE('',*,*,#16481,.F.);
#16481 = EDGE_CURVE('',#16390,#16430,#16482,.T.);
#16482 = LINE('',#16483,#16484);
#16483 = CARTESIAN_POINT('',(478.02068965517,151.,68.5));
#16484 = VECTOR('',#16485,1.);
#16485 = DIRECTION('',(1.,0.,-0.));
#16486 = ORIENTED_EDGE('',*,*,#16397,.T.);
#16487 = ORIENTED_EDGE('',*,*,#16488,.T.);
#16488 = EDGE_CURVE('',#16398,#16438,#16489,.T.);
#16489 = LINE('',#16490,#16491);
#16490 = CARTESIAN_POINT('',(478.02068965517,151.,78.77));
#16491 = VECTOR('',#16492,1.);
#16492 = DIRECTION('',(1.,0.,-0.));
#16493 = ORIENTED_EDGE('',*,*,#16437,.F.);
#16494 = PLANE('',#16495);
#16495 = AXIS2_PLACEMENT_3D('',#16496,#16497,#16498);
#16496 = CARTESIAN_POINT('',(478.02068965517,151.,68.5));
#16497 = DIRECTION('',(-0.,1.,0.));
#16498 = DIRECTION('',(0.,0.,1.));
#16499 = ADVANCED_FACE('',(#16500),#16506,.F.);
#16500 = FACE_BOUND('',#16501,.F.);
#16501 = EDGE_LOOP('',(#16502,#16503,#16504,#16505));
#16502 = ORIENTED_EDGE('',*,*,#16389,.F.);
#16503 = ORIENTED_EDGE('',*,*,#16459,.T.);
#16504 = ORIENTED_EDGE('',*,*,#16429,.T.);
#16505 = ORIENTED_EDGE('',*,*,#16481,.F.);
#16506 = PLANE('',#16507);
#16507 = AXIS2_PLACEMENT_3D('',#16508,#16509,#16510);
#16508 = CARTESIAN_POINT('',(478.02068965517,65.,68.5));
#16509 = DIRECTION('',(0.,0.,1.));
#16510 = DIRECTION('',(1.,0.,-0.));
#16511 = ADVANCED_FACE('',(#16512),#16518,.T.);
#16512 = FACE_BOUND('',#16513,.T.);
#16513 = EDGE_LOOP('',(#16514,#16515,#16516,#16517));
#16514 = ORIENTED_EDGE('',*,*,#16405,.F.);
#16515 = ORIENTED_EDGE('',*,*,#16466,.T.);
#16516 = ORIENTED_EDGE('',*,*,#16445,.T.);
#16517 = ORIENTED_EDGE('',*,*,#16488,.F.);
#16518 = PLANE('',#16519);
#16519 = AXIS2_PLACEMENT_3D('',#16520,#16521,#16522);
#16520 = CARTESIAN_POINT('',(478.02068965517,65.,78.77));
#16521 = DIRECTION('',(0.,0.,1.));
#16522 = DIRECTION('',(1.,0.,-0.));
#16523 = MANIFOLD_SOLID_BREP('',#16524);
#16524 = CLOSED_SHELL('',(#16525,#16565,#16605,#16627,#16649,#16661));
#16525 = ADVANCED_FACE('',(#16526),#16560,.F.);
#16526 = FACE_BOUND('',#16527,.F.);
#16527 = EDGE_LOOP('',(#16528,#16538,#16546,#16554));
#16528 = ORIENTED_EDGE('',*,*,#16529,.F.);
#16529 = EDGE_CURVE('',#16530,#16532,#16534,.T.);
#16530 = VERTEX_POINT('',#16531);
#16531 = CARTESIAN_POINT('',(505.10517241379,65.,68.5));
#16532 = VERTEX_POINT('',#16533);
#16533 = CARTESIAN_POINT('',(505.10517241379,65.,78.77));
#16534 = LINE('',#16535,#16536);
#16535 = CARTESIAN_POINT('',(505.10517241379,65.,68.5));
#16536 = VECTOR('',#16537,1.);
#16537 = DIRECTION('',(0.,0.,1.));
#16538 = ORIENTED_EDGE('',*,*,#16539,.T.);
#16539 = EDGE_CURVE('',#16530,#16540,#16542,.T.);
#16540 = VERTEX_POINT('',#16541);
#16541 = CARTESIAN_POINT('',(505.10517241379,151.,68.5));
#16542 = LINE('',#16543,#16544);
#16543 = CARTESIAN_POINT('',(505.10517241379,65.,68.5));
#16544 = VECTOR('',#16545,1.);
#16545 = DIRECTION('',(-0.,1.,0.));
#16546 = ORIENTED_EDGE('',*,*,#16547,.T.);
#16547 = EDGE_CURVE('',#16540,#16548,#16550,.T.);
#16548 = VERTEX_POINT('',#16549);
#16549 = CARTESIAN_POINT('',(505.10517241379,151.,78.77));
#16550 = LINE('',#16551,#16552);
#16551 = CARTESIAN_POINT('',(505.10517241379,151.,68.5));
#16552 = VECTOR('',#16553,1.);
#16553 = DIRECTION('',(0.,0.,1.));
#16554 = ORIENTED_EDGE('',*,*,#16555,.F.);
#16555 = EDGE_CURVE('',#16532,#16548,#16556,.T.);
#16556 = LINE('',#16557,#16558);
#16557 = CARTESIAN_POINT('',(505.10517241379,65.,78.77));
#16558 = VECTOR('',#16559,1.);
#16559 = DIRECTION('',(-0.,1.,0.));
#16560 = PLANE('',#16561);
#16561 = AXIS2_PLACEMENT_3D('',#16562,#16563,#16564);
#16562 = CARTESIAN_POINT('',(505.10517241379,65.,68.5));
#16563 = DIRECTION('',(1.,0.,-0.));
#16564 = DIRECTION('',(0.,0.,1.));
#16565 = ADVANCED_FACE('',(#16566),#16600,.T.);
#16566 = FACE_BOUND('',#16567,.T.);
#16567 = EDGE_LOOP('',(#16568,#16578,#16586,#16594));
#16568 = ORIENTED_EDGE('',*,*,#16569,.F.);
#16569 = EDGE_CURVE('',#16570,#16572,#16574,.T.);
#16570 = VERTEX_POINT('',#16571);
#16571 = CARTESIAN_POINT('',(516.30517241379,65.,68.5));
#16572 = VERTEX_POINT('',#16573);
#16573 = CARTESIAN_POINT('',(516.30517241379,65.,78.77));
#16574 = LINE('',#16575,#16576);
#16575 = CARTESIAN_POINT('',(516.30517241379,65.,68.5));
#16576 = VECTOR('',#16577,1.);
#16577 = DIRECTION('',(0.,0.,1.));
#16578 = ORIENTED_EDGE('',*,*,#16579,.T.);
#16579 = EDGE_CURVE('',#16570,#16580,#16582,.T.);
#16580 = VERTEX_POINT('',#16581);
#16581 = CARTESIAN_POINT('',(516.30517241379,151.,68.5));
#16582 = LINE('',#16583,#16584);
#16583 = CARTESIAN_POINT('',(516.30517241379,65.,68.5));
#16584 = VECTOR('',#16585,1.);
#16585 = DIRECTION('',(-0.,1.,0.));
#16586 = ORIENTED_EDGE('',*,*,#16587,.T.);
#16587 = EDGE_CURVE('',#16580,#16588,#16590,.T.);
#16588 = VERTEX_POINT('',#16589);
#16589 = CARTESIAN_POINT('',(516.30517241379,151.,78.77));
#16590 = LINE('',#16591,#16592);
#16591 = CARTESIAN_POINT('',(516.30517241379,151.,68.5));
#16592 = VECTOR('',#16593,1.);
#16593 = DIRECTION('',(0.,0.,1.));
#16594 = ORIENTED_EDGE('',*,*,#16595,.F.);
#16595 = EDGE_CURVE('',#16572,#16588,#16596,.T.);
#16596 = LINE('',#16597,#16598);
#16597 = CARTESIAN_POINT('',(516.30517241379,65.,78.77));
#16598 = VECTOR('',#16599,1.);
#16599 = DIRECTION('',(-0.,1.,0.));
#16600 = PLANE('',#16601);
#16601 = AXIS2_PLACEMENT_3D('',#16602,#16603,#16604);
#16602 = CARTESIAN_POINT('',(516.30517241379,65.,68.5));
#16603 = DIRECTION('',(1.,0.,-0.));
#16604 = DIRECTION('',(0.,0.,1.));
#16605 = ADVANCED_FACE('',(#16606),#16622,.F.);
#16606 = FACE_BOUND('',#16607,.F.);
#16607 = EDGE_LOOP('',(#16608,#16614,#16615,#16621));
#16608 = ORIENTED_EDGE('',*,*,#16609,.F.);
#16609 = EDGE_CURVE('',#16530,#16570,#16610,.T.);
#16610 = LINE('',#16611,#16612);
#16611 = CARTESIAN_POINT('',(505.10517241379,65.,68.5));
#16612 = VECTOR('',#16613,1.);
#16613 = DIRECTION('',(1.,0.,-0.));
#16614 = ORIENTED_EDGE('',*,*,#16529,.T.);
#16615 = ORIENTED_EDGE('',*,*,#16616,.T.);
#16616 = EDGE_CURVE('',#16532,#16572,#16617,.T.);
#16617 = LINE('',#16618,#16619);
#16618 = CARTESIAN_POINT('',(505.10517241379,65.,78.77));
#16619 = VECTOR('',#16620,1.);
#16620 = DIRECTION('',(1.,0.,-0.));
#16621 = ORIENTED_EDGE('',*,*,#16569,.F.);
#16622 = PLANE('',#16623);
#16623 = AXIS2_PLACEMENT_3D('',#16624,#16625,#16626);
#16624 = CARTESIAN_POINT('',(505.10517241379,65.,68.5));
#16625 = DIRECTION('',(-0.,1.,0.));
#16626 = DIRECTION('',(0.,0.,1.));
#16627 = ADVANCED_FACE('',(#16628),#16644,.T.);
#16628 = FACE_BOUND('',#16629,.T.);
#16629 = EDGE_LOOP('',(#16630,#16636,#16637,#16643));
#16630 = ORIENTED_EDGE('',*,*,#16631,.F.);
#16631 = EDGE_CURVE('',#16540,#16580,#16632,.T.);
#16632 = LINE('',#16633,#16634);
#16633 = CARTESIAN_POINT('',(505.10517241379,151.,68.5));
#16634 = VECTOR('',#16635,1.);
#16635 = DIRECTION('',(1.,0.,-0.));
#16636 = ORIENTED_EDGE('',*,*,#16547,.T.);
#16637 = ORIENTED_EDGE('',*,*,#16638,.T.);
#16638 = EDGE_CURVE('',#16548,#16588,#16639,.T.);
#16639 = LINE('',#16640,#16641);
#16640 = CARTESIAN_POINT('',(505.10517241379,151.,78.77));
#16641 = VECTOR('',#16642,1.);
#16642 = DIRECTION('',(1.,0.,-0.));
#16643 = ORIENTED_EDGE('',*,*,#16587,.F.);
#16644 = PLANE('',#16645);
#16645 = AXIS2_PLACEMENT_3D('',#16646,#16647,#16648);
#16646 = CARTESIAN_POINT('',(505.10517241379,151.,68.5));
#16647 = DIRECTION('',(-0.,1.,0.));
#16648 = DIRECTION('',(0.,0.,1.));
#16649 = ADVANCED_FACE('',(#16650),#16656,.F.);
#16650 = FACE_BOUND('',#16651,.F.);
#16651 = EDGE_LOOP('',(#16652,#16653,#16654,#16655));
#16652 = ORIENTED_EDGE('',*,*,#16539,.F.);
#16653 = ORIENTED_EDGE('',*,*,#16609,.T.);
#16654 = ORIENTED_EDGE('',*,*,#16579,.T.);
#16655 = ORIENTED_EDGE('',*,*,#16631,.F.);
#16656 = PLANE('',#16657);
#16657 = AXIS2_PLACEMENT_3D('',#16658,#16659,#16660);
#16658 = CARTESIAN_POINT('',(505.10517241379,65.,68.5));
#16659 = DIRECTION('',(0.,0.,1.));
#16660 = DIRECTION('',(1.,0.,-0.));
#16661 = ADVANCED_FACE('',(#16662),#16668,.T.);
#16662 = FACE_BOUND('',#16663,.T.);
#16663 = EDGE_LOOP('',(#16664,#16665,#16666,#16667));
#16664 = ORIENTED_EDGE('',*,*,#16555,.F.);
#16665 = ORIENTED_EDGE('',*,*,#16616,.T.);
#16666 = ORIENTED_EDGE('',*,*,#16595,.T.);
#16667 = ORIENTED_EDGE('',*,*,#16638,.F.);
#16668 = PLANE('',#16669);
#16669 = AXIS2_PLACEMENT_3D('',#16670,#16671,#16672);
#16670 = CARTESIAN_POINT('',(505.10517241379,65.,78.77));
#16671 = DIRECTION('',(0.,0.,1.));
#16672 = DIRECTION('',(1.,0.,-0.));
#16673 = MANIFOLD_SOLID_BREP('',#16674);
#16674 = CLOSED_SHELL('',(#16675,#16715,#16755,#16777,#16799,#16811));
#16675 = ADVANCED_FACE('',(#16676),#16710,.F.);
#16676 = FACE_BOUND('',#16677,.F.);
#16677 = EDGE_LOOP('',(#16678,#16688,#16696,#16704));
#16678 = ORIENTED_EDGE('',*,*,#16679,.F.);
#16679 = EDGE_CURVE('',#16680,#16682,#16684,.T.);
#16680 = VERTEX_POINT('',#16681);
#16681 = CARTESIAN_POINT('',(545.84965517241,65.,68.5));
#16682 = VERTEX_POINT('',#16683);
#16683 = CARTESIAN_POINT('',(545.84965517241,65.,78.77));
#16684 = LINE('',#16685,#16686);
#16685 = CARTESIAN_POINT('',(545.84965517241,65.,68.5));
#16686 = VECTOR('',#16687,1.);
#16687 = DIRECTION('',(0.,0.,1.));
#16688 = ORIENTED_EDGE('',*,*,#16689,.T.);
#16689 = EDGE_CURVE('',#16680,#16690,#16692,.T.);
#16690 = VERTEX_POINT('',#16691);
#16691 = CARTESIAN_POINT('',(545.84965517241,151.,68.5));
#16692 = LINE('',#16693,#16694);
#16693 = CARTESIAN_POINT('',(545.84965517241,65.,68.5));
#16694 = VECTOR('',#16695,1.);
#16695 = DIRECTION('',(-0.,1.,0.));
#16696 = ORIENTED_EDGE('',*,*,#16697,.T.);
#16697 = EDGE_CURVE('',#16690,#16698,#16700,.T.);
#16698 = VERTEX_POINT('',#16699);
#16699 = CARTESIAN_POINT('',(545.84965517241,151.,78.77));
#16700 = LINE('',#16701,#16702);
#16701 = CARTESIAN_POINT('',(545.84965517241,151.,68.5));
#16702 = VECTOR('',#16703,1.);
#16703 = DIRECTION('',(0.,0.,1.));
#16704 = ORIENTED_EDGE('',*,*,#16705,.F.);
#16705 = EDGE_CURVE('',#16682,#16698,#16706,.T.);
#16706 = LINE('',#16707,#16708);
#16707 = CARTESIAN_POINT('',(545.84965517241,65.,78.77));
#16708 = VECTOR('',#16709,1.);
#16709 = DIRECTION('',(-0.,1.,0.));
#16710 = PLANE('',#16711);
#16711 = AXIS2_PLACEMENT_3D('',#16712,#16713,#16714);
#16712 = CARTESIAN_POINT('',(545.84965517241,65.,68.5));
#16713 = DIRECTION('',(1.,0.,-0.));
#16714 = DIRECTION('',(0.,0.,1.));
#16715 = ADVANCED_FACE('',(#16716),#16750,.T.);
#16716 = FACE_BOUND('',#16717,.T.);
#16717 = EDGE_LOOP('',(#16718,#16728,#16736,#16744));
#16718 = ORIENTED_EDGE('',*,*,#16719,.F.);
#16719 = EDGE_CURVE('',#16720,#16722,#16724,.T.);
#16720 = VERTEX_POINT('',#16721);
#16721 = CARTESIAN_POINT('',(557.04965517241,65.,68.5));
#16722 = VERTEX_POINT('',#16723);
#16723 = CARTESIAN_POINT('',(557.04965517241,65.,78.77));
#16724 = LINE('',#16725,#16726);
#16725 = CARTESIAN_POINT('',(557.04965517241,65.,68.5));
#16726 = VECTOR('',#16727,1.);
#16727 = DIRECTION('',(0.,0.,1.));
#16728 = ORIENTED_EDGE('',*,*,#16729,.T.);
#16729 = EDGE_CURVE('',#16720,#16730,#16732,.T.);
#16730 = VERTEX_POINT('',#16731);
#16731 = CARTESIAN_POINT('',(557.04965517241,151.,68.5));
#16732 = LINE('',#16733,#16734);
#16733 = CARTESIAN_POINT('',(557.04965517241,65.,68.5));
#16734 = VECTOR('',#16735,1.);
#16735 = DIRECTION('',(-0.,1.,0.));
#16736 = ORIENTED_EDGE('',*,*,#16737,.T.);
#16737 = EDGE_CURVE('',#16730,#16738,#16740,.T.);
#16738 = VERTEX_POINT('',#16739);
#16739 = CARTESIAN_POINT('',(557.04965517241,151.,78.77));
#16740 = LINE('',#16741,#16742);
#16741 = CARTESIAN_POINT('',(557.04965517241,151.,68.5));
#16742 = VECTOR('',#16743,1.);
#16743 = DIRECTION('',(0.,0.,1.));
#16744 = ORIENTED_EDGE('',*,*,#16745,.F.);
#16745 = EDGE_CURVE('',#16722,#16738,#16746,.T.);
#16746 = LINE('',#16747,#16748);
#16747 = CARTESIAN_POINT('',(557.04965517241,65.,78.77));
#16748 = VECTOR('',#16749,1.);
#16749 = DIRECTION('',(-0.,1.,0.));
#16750 = PLANE('',#16751);
#16751 = AXIS2_PLACEMENT_3D('',#16752,#16753,#16754);
#16752 = CARTESIAN_POINT('',(557.04965517241,65.,68.5));
#16753 = DIRECTION('',(1.,0.,-0.));
#16754 = DIRECTION('',(0.,0.,1.));
#16755 = ADVANCED_FACE('',(#16756),#16772,.F.);
#16756 = FACE_BOUND('',#16757,.F.);
#16757 = EDGE_LOOP('',(#16758,#16764,#16765,#16771));
#16758 = ORIENTED_EDGE('',*,*,#16759,.F.);
#16759 = EDGE_CURVE('',#16680,#16720,#16760,.T.);
#16760 = LINE('',#16761,#16762);
#16761 = CARTESIAN_POINT('',(545.84965517241,65.,68.5));
#16762 = VECTOR('',#16763,1.);
#16763 = DIRECTION('',(1.,0.,-0.));
#16764 = ORIENTED_EDGE('',*,*,#16679,.T.);
#16765 = ORIENTED_EDGE('',*,*,#16766,.T.);
#16766 = EDGE_CURVE('',#16682,#16722,#16767,.T.);
#16767 = LINE('',#16768,#16769);
#16768 = CARTESIAN_POINT('',(545.84965517241,65.,78.77));
#16769 = VECTOR('',#16770,1.);
#16770 = DIRECTION('',(1.,0.,-0.));
#16771 = ORIENTED_EDGE('',*,*,#16719,.F.);
#16772 = PLANE('',#16773);
#16773 = AXIS2_PLACEMENT_3D('',#16774,#16775,#16776);
#16774 = CARTESIAN_POINT('',(545.84965517241,65.,68.5));
#16775 = DIRECTION('',(-0.,1.,0.));
#16776 = DIRECTION('',(0.,0.,1.));
#16777 = ADVANCED_FACE('',(#16778),#16794,.T.);
#16778 = FACE_BOUND('',#16779,.T.);
#16779 = EDGE_LOOP('',(#16780,#16786,#16787,#16793));
#16780 = ORIENTED_EDGE('',*,*,#16781,.F.);
#16781 = EDGE_CURVE('',#16690,#16730,#16782,.T.);
#16782 = LINE('',#16783,#16784);
#16783 = CARTESIAN_POINT('',(545.84965517241,151.,68.5));
#16784 = VECTOR('',#16785,1.);
#16785 = DIRECTION('',(1.,0.,-0.));
#16786 = ORIENTED_EDGE('',*,*,#16697,.T.);
#16787 = ORIENTED_EDGE('',*,*,#16788,.T.);
#16788 = EDGE_CURVE('',#16698,#16738,#16789,.T.);
#16789 = LINE('',#16790,#16791);
#16790 = CARTESIAN_POINT('',(545.84965517241,151.,78.77));
#16791 = VECTOR('',#16792,1.);
#16792 = DIRECTION('',(1.,0.,-0.));
#16793 = ORIENTED_EDGE('',*,*,#16737,.F.);
#16794 = PLANE('',#16795);
#16795 = AXIS2_PLACEMENT_3D('',#16796,#16797,#16798);
#16796 = CARTESIAN_POINT('',(545.84965517241,151.,68.5));
#16797 = DIRECTION('',(-0.,1.,0.));
#16798 = DIRECTION('',(0.,0.,1.));
#16799 = ADVANCED_FACE('',(#16800),#16806,.F.);
#16800 = FACE_BOUND('',#16801,.F.);
#16801 = EDGE_LOOP('',(#16802,#16803,#16804,#16805));
#16802 = ORIENTED_EDGE('',*,*,#16689,.F.);
#16803 = ORIENTED_EDGE('',*,*,#16759,.T.);
#16804 = ORIENTED_EDGE('',*,*,#16729,.T.);
#16805 = ORIENTED_EDGE('',*,*,#16781,.F.);
#16806 = PLANE('',#16807);
#16807 = AXIS2_PLACEMENT_3D('',#16808,#16809,#16810);
#16808 = CARTESIAN_POINT('',(545.84965517241,65.,68.5));
#16809 = DIRECTION('',(0.,0.,1.));
#16810 = DIRECTION('',(1.,0.,-0.));
#16811 = ADVANCED_FACE('',(#16812),#16818,.T.);
#16812 = FACE_BOUND('',#16813,.T.);
#16813 = EDGE_LOOP('',(#16814,#16815,#16816,#16817));
#16814 = ORIENTED_EDGE('',*,*,#16705,.F.);
#16815 = ORIENTED_EDGE('',*,*,#16766,.T.);
#16816 = ORIENTED_EDGE('',*,*,#16745,.T.);
#16817 = ORIENTED_EDGE('',*,*,#16788,.F.);
#16818 = PLANE('',#16819);
#16819 = AXIS2_PLACEMENT_3D('',#16820,#16821,#16822);
#16820 = CARTESIAN_POINT('',(545.84965517241,65.,78.77));
#16821 = DIRECTION('',(0.,0.,1.));
#16822 = DIRECTION('',(1.,0.,-0.));
#16823 = MANIFOLD_SOLID_BREP('',#16824);
#16824 = CLOSED_SHELL('',(#16825,#16865,#16905,#16927,#16949,#16961));
#16825 = ADVANCED_FACE('',(#16826),#16860,.F.);
#16826 = FACE_BOUND('',#16827,.F.);
#16827 = EDGE_LOOP('',(#16828,#16838,#16846,#16854));
#16828 = ORIENTED_EDGE('',*,*,#16829,.F.);
#16829 = EDGE_CURVE('',#16830,#16832,#16834,.T.);
#16830 = VERTEX_POINT('',#16831);
#16831 = CARTESIAN_POINT('',(575.05379310344,65.,68.5));
#16832 = VERTEX_POINT('',#16833);
#16833 = CARTESIAN_POINT('',(575.05379310344,65.,78.77));
#16834 = LINE('',#16835,#16836);
#16835 = CARTESIAN_POINT('',(575.05379310344,65.,68.5));
#16836 = VECTOR('',#16837,1.);
#16837 = DIRECTION('',(0.,0.,1.));
#16838 = ORIENTED_EDGE('',*,*,#16839,.T.);
#16839 = EDGE_CURVE('',#16830,#16840,#16842,.T.);
#16840 = VERTEX_POINT('',#16841);
#16841 = CARTESIAN_POINT('',(575.05379310344,151.,68.5));
#16842 = LINE('',#16843,#16844);
#16843 = CARTESIAN_POINT('',(575.05379310344,65.,68.5));
#16844 = VECTOR('',#16845,1.);
#16845 = DIRECTION('',(-0.,1.,0.));
#16846 = ORIENTED_EDGE('',*,*,#16847,.T.);
#16847 = EDGE_CURVE('',#16840,#16848,#16850,.T.);
#16848 = VERTEX_POINT('',#16849);
#16849 = CARTESIAN_POINT('',(575.05379310344,151.,78.77));
#16850 = LINE('',#16851,#16852);
#16851 = CARTESIAN_POINT('',(575.05379310344,151.,68.5));
#16852 = VECTOR('',#16853,1.);
#16853 = DIRECTION('',(0.,0.,1.));
#16854 = ORIENTED_EDGE('',*,*,#16855,.F.);
#16855 = EDGE_CURVE('',#16832,#16848,#16856,.T.);
#16856 = LINE('',#16857,#16858);
#16857 = CARTESIAN_POINT('',(575.05379310344,65.,78.77));
#16858 = VECTOR('',#16859,1.);
#16859 = DIRECTION('',(-0.,1.,0.));
#16860 = PLANE('',#16861);
#16861 = AXIS2_PLACEMENT_3D('',#16862,#16863,#16864);
#16862 = CARTESIAN_POINT('',(575.05379310344,65.,68.5));
#16863 = DIRECTION('',(1.,0.,-0.));
#16864 = DIRECTION('',(0.,0.,1.));
#16865 = ADVANCED_FACE('',(#16866),#16900,.T.);
#16866 = FACE_BOUND('',#16867,.T.);
#16867 = EDGE_LOOP('',(#16868,#16878,#16886,#16894));
#16868 = ORIENTED_EDGE('',*,*,#16869,.F.);
#16869 = EDGE_CURVE('',#16870,#16872,#16874,.T.);
#16870 = VERTEX_POINT('',#16871);
#16871 = CARTESIAN_POINT('',(586.25379310344,65.,68.5));
#16872 = VERTEX_POINT('',#16873);
#16873 = CARTESIAN_POINT('',(586.25379310344,65.,78.77));
#16874 = LINE('',#16875,#16876);
#16875 = CARTESIAN_POINT('',(586.25379310344,65.,68.5));
#16876 = VECTOR('',#16877,1.);
#16877 = DIRECTION('',(0.,0.,1.));
#16878 = ORIENTED_EDGE('',*,*,#16879,.T.);
#16879 = EDGE_CURVE('',#16870,#16880,#16882,.T.);
#16880 = VERTEX_POINT('',#16881);
#16881 = CARTESIAN_POINT('',(586.25379310344,151.,68.5));
#16882 = LINE('',#16883,#16884);
#16883 = CARTESIAN_POINT('',(586.25379310344,65.,68.5));
#16884 = VECTOR('',#16885,1.);
#16885 = DIRECTION('',(-0.,1.,0.));
#16886 = ORIENTED_EDGE('',*,*,#16887,.T.);
#16887 = EDGE_CURVE('',#16880,#16888,#16890,.T.);
#16888 = VERTEX_POINT('',#16889);
#16889 = CARTESIAN_POINT('',(586.25379310344,151.,78.77));
#16890 = LINE('',#16891,#16892);
#16891 = CARTESIAN_POINT('',(586.25379310344,151.,68.5));
#16892 = VECTOR('',#16893,1.);
#16893 = DIRECTION('',(0.,0.,1.));
#16894 = ORIENTED_EDGE('',*,*,#16895,.F.);
#16895 = EDGE_CURVE('',#16872,#16888,#16896,.T.);
#16896 = LINE('',#16897,#16898);
#16897 = CARTESIAN_POINT('',(586.25379310344,65.,78.77));
#16898 = VECTOR('',#16899,1.);
#16899 = DIRECTION('',(-0.,1.,0.));
#16900 = PLANE('',#16901);
#16901 = AXIS2_PLACEMENT_3D('',#16902,#16903,#16904);
#16902 = CARTESIAN_POINT('',(586.25379310344,65.,68.5));
#16903 = DIRECTION('',(1.,0.,-0.));
#16904 = DIRECTION('',(0.,0.,1.));
#16905 = ADVANCED_FACE('',(#16906),#16922,.F.);
#16906 = FACE_BOUND('',#16907,.F.);
#16907 = EDGE_LOOP('',(#16908,#16914,#16915,#16921));
#16908 = ORIENTED_EDGE('',*,*,#16909,.F.);
#16909 = EDGE_CURVE('',#16830,#16870,#16910,.T.);
#16910 = LINE('',#16911,#16912);
#16911 = CARTESIAN_POINT('',(575.05379310344,65.,68.5));
#16912 = VECTOR('',#16913,1.);
#16913 = DIRECTION('',(1.,0.,-0.));
#16914 = ORIENTED_EDGE('',*,*,#16829,.T.);
#16915 = ORIENTED_EDGE('',*,*,#16916,.T.);
#16916 = EDGE_CURVE('',#16832,#16872,#16917,.T.);
#16917 = LINE('',#16918,#16919);
#16918 = CARTESIAN_POINT('',(575.05379310344,65.,78.77));
#16919 = VECTOR('',#16920,1.);
#16920 = DIRECTION('',(1.,0.,-0.));
#16921 = ORIENTED_EDGE('',*,*,#16869,.F.);
#16922 = PLANE('',#16923);
#16923 = AXIS2_PLACEMENT_3D('',#16924,#16925,#16926);
#16924 = CARTESIAN_POINT('',(575.05379310344,65.,68.5));
#16925 = DIRECTION('',(-0.,1.,0.));
#16926 = DIRECTION('',(0.,0.,1.));
#16927 = ADVANCED_FACE('',(#16928),#16944,.T.);
#16928 = FACE_BOUND('',#16929,.T.);
#16929 = EDGE_LOOP('',(#16930,#16936,#16937,#16943));
#16930 = ORIENTED_EDGE('',*,*,#16931,.F.);
#16931 = EDGE_CURVE('',#16840,#16880,#16932,.T.);
#16932 = LINE('',#16933,#16934);
#16933 = CARTESIAN_POINT('',(575.05379310344,151.,68.5));
#16934 = VECTOR('',#16935,1.);
#16935 = DIRECTION('',(1.,0.,-0.));
#16936 = ORIENTED_EDGE('',*,*,#16847,.T.);
#16937 = ORIENTED_EDGE('',*,*,#16938,.T.);
#16938 = EDGE_CURVE('',#16848,#16888,#16939,.T.);
#16939 = LINE('',#16940,#16941);
#16940 = CARTESIAN_POINT('',(575.05379310344,151.,78.77));
#16941 = VECTOR('',#16942,1.);
#16942 = DIRECTION('',(1.,0.,-0.));
#16943 = ORIENTED_EDGE('',*,*,#16887,.F.);
#16944 = PLANE('',#16945);
#16945 = AXIS2_PLACEMENT_3D('',#16946,#16947,#16948);
#16946 = CARTESIAN_POINT('',(575.05379310344,151.,68.5));
#16947 = DIRECTION('',(-0.,1.,0.));
#16948 = DIRECTION('',(0.,0.,1.));
#16949 = ADVANCED_FACE('',(#16950),#16956,.F.);
#16950 = FACE_BOUND('',#16951,.F.);
#16951 = EDGE_LOOP('',(#16952,#16953,#16954,#16955));
#16952 = ORIENTED_EDGE('',*,*,#16839,.F.);
#16953 = ORIENTED_EDGE('',*,*,#16909,.T.);
#16954 = ORIENTED_EDGE('',*,*,#16879,.T.);
#16955 = ORIENTED_EDGE('',*,*,#16931,.F.);
#16956 = PLANE('',#16957);
#16957 = AXIS2_PLACEMENT_3D('',#16958,#16959,#16960);
#16958 = CARTESIAN_POINT('',(575.05379310344,65.,68.5));
#16959 = DIRECTION('',(0.,0.,1.));
#16960 = DIRECTION('',(1.,0.,-0.));
#16961 = ADVANCED_FACE('',(#16962),#16968,.T.);
#16962 = FACE_BOUND('',#16963,.T.);
#16963 = EDGE_LOOP('',(#16964,#16965,#16966,#16967));
#16964 = ORIENTED_EDGE('',*,*,#16855,.F.);
#16965 = ORIENTED_EDGE('',*,*,#16916,.T.);
#16966 = ORIENTED_EDGE('',*,*,#16895,.T.);
#16967 = ORIENTED_EDGE('',*,*,#16938,.F.);
#16968 = PLANE('',#16969);
#16969 = AXIS2_PLACEMENT_3D('',#16970,#16971,#16972);
#16970 = CARTESIAN_POINT('',(575.05379310344,65.,78.77));
#16971 = DIRECTION('',(0.,0.,1.));
#16972 = DIRECTION('',(1.,0.,-0.));
#16973 = MANIFOLD_SOLID_BREP('',#16974);
#16974 = CLOSED_SHELL('',(#16975,#17015,#17055,#17077,#17099,#17111));
#16975 = ADVANCED_FACE('',(#16976),#17010,.F.);
#16976 = FACE_BOUND('',#16977,.F.);
#16977 = EDGE_LOOP('',(#16978,#16988,#16996,#17004));
#16978 = ORIENTED_EDGE('',*,*,#16979,.F.);
#16979 = EDGE_CURVE('',#16980,#16982,#16984,.T.);
#16980 = VERTEX_POINT('',#16981);
#16981 = CARTESIAN_POINT('',(615.79827586206,65.,68.5));
#16982 = VERTEX_POINT('',#16983);
#16983 = CARTESIAN_POINT('',(615.79827586206,65.,78.77));
#16984 = LINE('',#16985,#16986);
#16985 = CARTESIAN_POINT('',(615.79827586206,65.,68.5));
#16986 = VECTOR('',#16987,1.);
#16987 = DIRECTION('',(0.,0.,1.));
#16988 = ORIENTED_EDGE('',*,*,#16989,.T.);
#16989 = EDGE_CURVE('',#16980,#16990,#16992,.T.);
#16990 = VERTEX_POINT('',#16991);
#16991 = CARTESIAN_POINT('',(615.79827586206,151.,68.5));
#16992 = LINE('',#16993,#16994);
#16993 = CARTESIAN_POINT('',(615.79827586206,65.,68.5));
#16994 = VECTOR('',#16995,1.);
#16995 = DIRECTION('',(-0.,1.,0.));
#16996 = ORIENTED_EDGE('',*,*,#16997,.T.);
#16997 = EDGE_CURVE('',#16990,#16998,#17000,.T.);
#16998 = VERTEX_POINT('',#16999);
#16999 = CARTESIAN_POINT('',(615.79827586206,151.,78.77));
#17000 = LINE('',#17001,#17002);
#17001 = CARTESIAN_POINT('',(615.79827586206,151.,68.5));
#17002 = VECTOR('',#17003,1.);
#17003 = DIRECTION('',(0.,0.,1.));
#17004 = ORIENTED_EDGE('',*,*,#17005,.F.);
#17005 = EDGE_CURVE('',#16982,#16998,#17006,.T.);
#17006 = LINE('',#17007,#17008);
#17007 = CARTESIAN_POINT('',(615.79827586206,65.,78.77));
#17008 = VECTOR('',#17009,1.);
#17009 = DIRECTION('',(-0.,1.,0.));
#17010 = PLANE('',#17011);
#17011 = AXIS2_PLACEMENT_3D('',#17012,#17013,#17014);
#17012 = CARTESIAN_POINT('',(615.79827586206,65.,68.5));
#17013 = DIRECTION('',(1.,0.,-0.));
#17014 = DIRECTION('',(0.,0.,1.));
#17015 = ADVANCED_FACE('',(#17016),#17050,.T.);
#17016 = FACE_BOUND('',#17017,.T.);
#17017 = EDGE_LOOP('',(#17018,#17028,#17036,#17044));
#17018 = ORIENTED_EDGE('',*,*,#17019,.F.);
#17019 = EDGE_CURVE('',#17020,#17022,#17024,.T.);
#17020 = VERTEX_POINT('',#17021);
#17021 = CARTESIAN_POINT('',(626.99827586206,65.,68.5));
#17022 = VERTEX_POINT('',#17023);
#17023 = CARTESIAN_POINT('',(626.99827586206,65.,78.77));
#17024 = LINE('',#17025,#17026);
#17025 = CARTESIAN_POINT('',(626.99827586206,65.,68.5));
#17026 = VECTOR('',#17027,1.);
#17027 = DIRECTION('',(0.,0.,1.));
#17028 = ORIENTED_EDGE('',*,*,#17029,.T.);
#17029 = EDGE_CURVE('',#17020,#17030,#17032,.T.);
#17030 = VERTEX_POINT('',#17031);
#17031 = CARTESIAN_POINT('',(626.99827586206,151.,68.5));
#17032 = LINE('',#17033,#17034);
#17033 = CARTESIAN_POINT('',(626.99827586206,65.,68.5));
#17034 = VECTOR('',#17035,1.);
#17035 = DIRECTION('',(-0.,1.,0.));
#17036 = ORIENTED_EDGE('',*,*,#17037,.T.);
#17037 = EDGE_CURVE('',#17030,#17038,#17040,.T.);
#17038 = VERTEX_POINT('',#17039);
#17039 = CARTESIAN_POINT('',(626.99827586206,151.,78.77));
#17040 = LINE('',#17041,#17042);
#17041 = CARTESIAN_POINT('',(626.99827586206,151.,68.5));
#17042 = VECTOR('',#17043,1.);
#17043 = DIRECTION('',(0.,0.,1.));
#17044 = ORIENTED_EDGE('',*,*,#17045,.F.);
#17045 = EDGE_CURVE('',#17022,#17038,#17046,.T.);
#17046 = LINE('',#17047,#17048);
#17047 = CARTESIAN_POINT('',(626.99827586206,65.,78.77));
#17048 = VECTOR('',#17049,1.);
#17049 = DIRECTION('',(-0.,1.,0.));
#17050 = PLANE('',#17051);
#17051 = AXIS2_PLACEMENT_3D('',#17052,#17053,#17054);
#17052 = CARTESIAN_POINT('',(626.99827586206,65.,68.5));
#17053 = DIRECTION('',(1.,0.,-0.));
#17054 = DIRECTION('',(0.,0.,1.));
#17055 = ADVANCED_FACE('',(#17056),#17072,.F.);
#17056 = FACE_BOUND('',#17057,.F.);
#17057 = EDGE_LOOP('',(#17058,#17064,#17065,#17071));
#17058 = ORIENTED_EDGE('',*,*,#17059,.F.);
#17059 = EDGE_CURVE('',#16980,#17020,#17060,.T.);
#17060 = LINE('',#17061,#17062);
#17061 = CARTESIAN_POINT('',(615.79827586206,65.,68.5));
#17062 = VECTOR('',#17063,1.);
#17063 = DIRECTION('',(1.,0.,-0.));
#17064 = ORIENTED_EDGE('',*,*,#16979,.T.);
#17065 = ORIENTED_EDGE('',*,*,#17066,.T.);
#17066 = EDGE_CURVE('',#16982,#17022,#17067,.T.);
#17067 = LINE('',#17068,#17069);
#17068 = CARTESIAN_POINT('',(615.79827586206,65.,78.77));
#17069 = VECTOR('',#17070,1.);
#17070 = DIRECTION('',(1.,0.,-0.));
#17071 = ORIENTED_EDGE('',*,*,#17019,.F.);
#17072 = PLANE('',#17073);
#17073 = AXIS2_PLACEMENT_3D('',#17074,#17075,#17076);
#17074 = CARTESIAN_POINT('',(615.79827586206,65.,68.5));
#17075 = DIRECTION('',(-0.,1.,0.));
#17076 = DIRECTION('',(0.,0.,1.));
#17077 = ADVANCED_FACE('',(#17078),#17094,.T.);
#17078 = FACE_BOUND('',#17079,.T.);
#17079 = EDGE_LOOP('',(#17080,#17086,#17087,#17093));
#17080 = ORIENTED_EDGE('',*,*,#17081,.F.);
#17081 = EDGE_CURVE('',#16990,#17030,#17082,.T.);
#17082 = LINE('',#17083,#17084);
#17083 = CARTESIAN_POINT('',(615.79827586206,151.,68.5));
#17084 = VECTOR('',#17085,1.);
#17085 = DIRECTION('',(1.,0.,-0.));
#17086 = ORIENTED_EDGE('',*,*,#16997,.T.);
#17087 = ORIENTED_EDGE('',*,*,#17088,.T.);
#17088 = EDGE_CURVE('',#16998,#17038,#17089,.T.);
#17089 = LINE('',#17090,#17091);
#17090 = CARTESIAN_POINT('',(615.79827586206,151.,78.77));
#17091 = VECTOR('',#17092,1.);
#17092 = DIRECTION('',(1.,0.,-0.));
#17093 = ORIENTED_EDGE('',*,*,#17037,.F.);
#17094 = PLANE('',#17095);
#17095 = AXIS2_PLACEMENT_3D('',#17096,#17097,#17098);
#17096 = CARTESIAN_POINT('',(615.79827586206,151.,68.5));
#17097 = DIRECTION('',(-0.,1.,0.));
#17098 = DIRECTION('',(0.,0.,1.));
#17099 = ADVANCED_FACE('',(#17100),#17106,.F.);
#17100 = FACE_BOUND('',#17101,.F.);
#17101 = EDGE_LOOP('',(#17102,#17103,#17104,#17105));
#17102 = ORIENTED_EDGE('',*,*,#16989,.F.);
#17103 = ORIENTED_EDGE('',*,*,#17059,.T.);
#17104 = ORIENTED_EDGE('',*,*,#17029,.T.);
#17105 = ORIENTED_EDGE('',*,*,#17081,.F.);
#17106 = PLANE('',#17107);
#17107 = AXIS2_PLACEMENT_3D('',#17108,#17109,#17110);
#17108 = CARTESIAN_POINT('',(615.79827586206,65.,68.5));
#17109 = DIRECTION('',(0.,0.,1.));
#17110 = DIRECTION('',(1.,0.,-0.));
#17111 = ADVANCED_FACE('',(#17112),#17118,.T.);
#17112 = FACE_BOUND('',#17113,.T.);
#17113 = EDGE_LOOP('',(#17114,#17115,#17116,#17117));
#17114 = ORIENTED_EDGE('',*,*,#17005,.F.);
#17115 = ORIENTED_EDGE('',*,*,#17066,.T.);
#17116 = ORIENTED_EDGE('',*,*,#17045,.T.);
#17117 = ORIENTED_EDGE('',*,*,#17088,.F.);
#17118 = PLANE('',#17119);
#17119 = AXIS2_PLACEMENT_3D('',#17120,#17121,#17122);
#17120 = CARTESIAN_POINT('',(615.79827586206,65.,78.77));
#17121 = DIRECTION('',(0.,0.,1.));
#17122 = DIRECTION('',(1.,0.,-0.));
#17123 = MANIFOLD_SOLID_BREP('',#17124);
#17124 = CLOSED_SHELL('',(#17125,#17165,#17205,#17227,#17249,#17261));
#17125 = ADVANCED_FACE('',(#17126),#17160,.F.);
#17126 = FACE_BOUND('',#17127,.F.);
#17127 = EDGE_LOOP('',(#17128,#17138,#17146,#17154));
#17128 = ORIENTED_EDGE('',*,*,#17129,.F.);
#17129 = EDGE_CURVE('',#17130,#17132,#17134,.T.);
#17130 = VERTEX_POINT('',#17131);
#17131 = CARTESIAN_POINT('',(642.88275862069,65.,68.5));
#17132 = VERTEX_POINT('',#17133);
#17133 = CARTESIAN_POINT('',(642.88275862069,65.,78.77));
#17134 = LINE('',#17135,#17136);
#17135 = CARTESIAN_POINT('',(642.88275862069,65.,68.5));
#17136 = VECTOR('',#17137,1.);
#17137 = DIRECTION('',(0.,0.,1.));
#17138 = ORIENTED_EDGE('',*,*,#17139,.T.);
#17139 = EDGE_CURVE('',#17130,#17140,#17142,.T.);
#17140 = VERTEX_POINT('',#17141);
#17141 = CARTESIAN_POINT('',(642.88275862069,151.,68.5));
#17142 = LINE('',#17143,#17144);
#17143 = CARTESIAN_POINT('',(642.88275862069,65.,68.5));
#17144 = VECTOR('',#17145,1.);
#17145 = DIRECTION('',(-0.,1.,0.));
#17146 = ORIENTED_EDGE('',*,*,#17147,.T.);
#17147 = EDGE_CURVE('',#17140,#17148,#17150,.T.);
#17148 = VERTEX_POINT('',#17149);
#17149 = CARTESIAN_POINT('',(642.88275862069,151.,78.77));
#17150 = LINE('',#17151,#17152);
#17151 = CARTESIAN_POINT('',(642.88275862069,151.,68.5));
#17152 = VECTOR('',#17153,1.);
#17153 = DIRECTION('',(0.,0.,1.));
#17154 = ORIENTED_EDGE('',*,*,#17155,.F.);
#17155 = EDGE_CURVE('',#17132,#17148,#17156,.T.);
#17156 = LINE('',#17157,#17158);
#17157 = CARTESIAN_POINT('',(642.88275862069,65.,78.77));
#17158 = VECTOR('',#17159,1.);
#17159 = DIRECTION('',(-0.,1.,0.));
#17160 = PLANE('',#17161);
#17161 = AXIS2_PLACEMENT_3D('',#17162,#17163,#17164);
#17162 = CARTESIAN_POINT('',(642.88275862069,65.,68.5));
#17163 = DIRECTION('',(1.,0.,-0.));
#17164 = DIRECTION('',(0.,0.,1.));
#17165 = ADVANCED_FACE('',(#17166),#17200,.T.);
#17166 = FACE_BOUND('',#17167,.T.);
#17167 = EDGE_LOOP('',(#17168,#17178,#17186,#17194));
#17168 = ORIENTED_EDGE('',*,*,#17169,.F.);
#17169 = EDGE_CURVE('',#17170,#17172,#17174,.T.);
#17170 = VERTEX_POINT('',#17171);
#17171 = CARTESIAN_POINT('',(654.08275862069,65.,68.5));
#17172 = VERTEX_POINT('',#17173);
#17173 = CARTESIAN_POINT('',(654.08275862069,65.,78.77));
#17174 = LINE('',#17175,#17176);
#17175 = CARTESIAN_POINT('',(654.08275862069,65.,68.5));
#17176 = VECTOR('',#17177,1.);
#17177 = DIRECTION('',(0.,0.,1.));
#17178 = ORIENTED_EDGE('',*,*,#17179,.T.);
#17179 = EDGE_CURVE('',#17170,#17180,#17182,.T.);
#17180 = VERTEX_POINT('',#17181);
#17181 = CARTESIAN_POINT('',(654.08275862069,151.,68.5));
#17182 = LINE('',#17183,#17184);
#17183 = CARTESIAN_POINT('',(654.08275862069,65.,68.5));
#17184 = VECTOR('',#17185,1.);
#17185 = DIRECTION('',(-0.,1.,0.));
#17186 = ORIENTED_EDGE('',*,*,#17187,.T.);
#17187 = EDGE_CURVE('',#17180,#17188,#17190,.T.);
#17188 = VERTEX_POINT('',#17189);
#17189 = CARTESIAN_POINT('',(654.08275862069,151.,78.77));
#17190 = LINE('',#17191,#17192);
#17191 = CARTESIAN_POINT('',(654.08275862069,151.,68.5));
#17192 = VECTOR('',#17193,1.);
#17193 = DIRECTION('',(0.,0.,1.));
#17194 = ORIENTED_EDGE('',*,*,#17195,.F.);
#17195 = EDGE_CURVE('',#17172,#17188,#17196,.T.);
#17196 = LINE('',#17197,#17198);
#17197 = CARTESIAN_POINT('',(654.08275862069,65.,78.77));
#17198 = VECTOR('',#17199,1.);
#17199 = DIRECTION('',(-0.,1.,0.));
#17200 = PLANE('',#17201);
#17201 = AXIS2_PLACEMENT_3D('',#17202,#17203,#17204);
#17202 = CARTESIAN_POINT('',(654.08275862069,65.,68.5));
#17203 = DIRECTION('',(1.,0.,-0.));
#17204 = DIRECTION('',(0.,0.,1.));
#17205 = ADVANCED_FACE('',(#17206),#17222,.F.);
#17206 = FACE_BOUND('',#17207,.F.);
#17207 = EDGE_LOOP('',(#17208,#17214,#17215,#17221));
#17208 = ORIENTED_EDGE('',*,*,#17209,.F.);
#17209 = EDGE_CURVE('',#17130,#17170,#17210,.T.);
#17210 = LINE('',#17211,#17212);
#17211 = CARTESIAN_POINT('',(642.88275862069,65.,68.5));
#17212 = VECTOR('',#17213,1.);
#17213 = DIRECTION('',(1.,0.,-0.));
#17214 = ORIENTED_EDGE('',*,*,#17129,.T.);
#17215 = ORIENTED_EDGE('',*,*,#17216,.T.);
#17216 = EDGE_CURVE('',#17132,#17172,#17217,.T.);
#17217 = LINE('',#17218,#17219);
#17218 = CARTESIAN_POINT('',(642.88275862069,65.,78.77));
#17219 = VECTOR('',#17220,1.);
#17220 = DIRECTION('',(1.,0.,-0.));
#17221 = ORIENTED_EDGE('',*,*,#17169,.F.);
#17222 = PLANE('',#17223);
#17223 = AXIS2_PLACEMENT_3D('',#17224,#17225,#17226);
#17224 = CARTESIAN_POINT('',(642.88275862069,65.,68.5));
#17225 = DIRECTION('',(-0.,1.,0.));
#17226 = DIRECTION('',(0.,0.,1.));
#17227 = ADVANCED_FACE('',(#17228),#17244,.T.);
#17228 = FACE_BOUND('',#17229,.T.);
#17229 = EDGE_LOOP('',(#17230,#17236,#17237,#17243));
#17230 = ORIENTED_EDGE('',*,*,#17231,.F.);
#17231 = EDGE_CURVE('',#17140,#17180,#17232,.T.);
#17232 = LINE('',#17233,#17234);
#17233 = CARTESIAN_POINT('',(642.88275862069,151.,68.5));
#17234 = VECTOR('',#17235,1.);
#17235 = DIRECTION('',(1.,0.,-0.));
#17236 = ORIENTED_EDGE('',*,*,#17147,.T.);
#17237 = ORIENTED_EDGE('',*,*,#17238,.T.);
#17238 = EDGE_CURVE('',#17148,#17188,#17239,.T.);
#17239 = LINE('',#17240,#17241);
#17240 = CARTESIAN_POINT('',(642.88275862069,151.,78.77));
#17241 = VECTOR('',#17242,1.);
#17242 = DIRECTION('',(1.,0.,-0.));
#17243 = ORIENTED_EDGE('',*,*,#17187,.F.);
#17244 = PLANE('',#17245);
#17245 = AXIS2_PLACEMENT_3D('',#17246,#17247,#17248);
#17246 = CARTESIAN_POINT('',(642.88275862069,151.,68.5));
#17247 = DIRECTION('',(-0.,1.,0.));
#17248 = DIRECTION('',(0.,0.,1.));
#17249 = ADVANCED_FACE('',(#17250),#17256,.F.);
#17250 = FACE_BOUND('',#17251,.F.);
#17251 = EDGE_LOOP('',(#17252,#17253,#17254,#17255));
#17252 = ORIENTED_EDGE('',*,*,#17139,.F.);
#17253 = ORIENTED_EDGE('',*,*,#17209,.T.);
#17254 = ORIENTED_EDGE('',*,*,#17179,.T.);
#17255 = ORIENTED_EDGE('',*,*,#17231,.F.);
#17256 = PLANE('',#17257);
#17257 = AXIS2_PLACEMENT_3D('',#17258,#17259,#17260);
#17258 = CARTESIAN_POINT('',(642.88275862069,65.,68.5));
#17259 = DIRECTION('',(0.,0.,1.));
#17260 = DIRECTION('',(1.,0.,-0.));
#17261 = ADVANCED_FACE('',(#17262),#17268,.T.);
#17262 = FACE_BOUND('',#17263,.T.);
#17263 = EDGE_LOOP('',(#17264,#17265,#17266,#17267));
#17264 = ORIENTED_EDGE('',*,*,#17155,.F.);
#17265 = ORIENTED_EDGE('',*,*,#17216,.T.);
#17266 = ORIENTED_EDGE('',*,*,#17195,.T.);
#17267 = ORIENTED_EDGE('',*,*,#17238,.F.);
#17268 = PLANE('',#17269);
#17269 = AXIS2_PLACEMENT_3D('',#17270,#17271,#17272);
#17270 = CARTESIAN_POINT('',(642.88275862069,65.,78.77));
#17271 = DIRECTION('',(0.,0.,1.));
#17272 = DIRECTION('',(1.,0.,-0.));
#17273 = MANIFOLD_SOLID_BREP('',#17274);
#17274 = CLOSED_SHELL('',(#17275,#17315,#17355,#17377,#17399,#17411));
#17275 = ADVANCED_FACE('',(#17276),#17310,.F.);
#17276 = FACE_BOUND('',#17277,.F.);
#17277 = EDGE_LOOP('',(#17278,#17288,#17296,#17304));
#17278 = ORIENTED_EDGE('',*,*,#17279,.F.);
#17279 = EDGE_CURVE('',#17280,#17282,#17284,.T.);
#17280 = VERTEX_POINT('',#17281);
#17281 = CARTESIAN_POINT('',(669.96724137931,65.,68.5));
#17282 = VERTEX_POINT('',#17283);
#17283 = CARTESIAN_POINT('',(669.96724137931,65.,78.77));
#17284 = LINE('',#17285,#17286);
#17285 = CARTESIAN_POINT('',(669.96724137931,65.,68.5));
#17286 = VECTOR('',#17287,1.);
#17287 = DIRECTION('',(0.,0.,1.));
#17288 = ORIENTED_EDGE('',*,*,#17289,.T.);
#17289 = EDGE_CURVE('',#17280,#17290,#17292,.T.);
#17290 = VERTEX_POINT('',#17291);
#17291 = CARTESIAN_POINT('',(669.96724137931,151.,68.5));
#17292 = LINE('',#17293,#17294);
#17293 = CARTESIAN_POINT('',(669.96724137931,65.,68.5));
#17294 = VECTOR('',#17295,1.);
#17295 = DIRECTION('',(-0.,1.,0.));
#17296 = ORIENTED_EDGE('',*,*,#17297,.T.);
#17297 = EDGE_CURVE('',#17290,#17298,#17300,.T.);
#17298 = VERTEX_POINT('',#17299);
#17299 = CARTESIAN_POINT('',(669.96724137931,151.,78.77));
#17300 = LINE('',#17301,#17302);
#17301 = CARTESIAN_POINT('',(669.96724137931,151.,68.5));
#17302 = VECTOR('',#17303,1.);
#17303 = DIRECTION('',(0.,0.,1.));
#17304 = ORIENTED_EDGE('',*,*,#17305,.F.);
#17305 = EDGE_CURVE('',#17282,#17298,#17306,.T.);
#17306 = LINE('',#17307,#17308);
#17307 = CARTESIAN_POINT('',(669.96724137931,65.,78.77));
#17308 = VECTOR('',#17309,1.);
#17309 = DIRECTION('',(-0.,1.,0.));
#17310 = PLANE('',#17311);
#17311 = AXIS2_PLACEMENT_3D('',#17312,#17313,#17314);
#17312 = CARTESIAN_POINT('',(669.96724137931,65.,68.5));
#17313 = DIRECTION('',(1.,0.,-0.));
#17314 = DIRECTION('',(0.,0.,1.));
#17315 = ADVANCED_FACE('',(#17316),#17350,.T.);
#17316 = FACE_BOUND('',#17317,.T.);
#17317 = EDGE_LOOP('',(#17318,#17328,#17336,#17344));
#17318 = ORIENTED_EDGE('',*,*,#17319,.F.);
#17319 = EDGE_CURVE('',#17320,#17322,#17324,.T.);
#17320 = VERTEX_POINT('',#17321);
#17321 = CARTESIAN_POINT('',(681.16724137931,65.,68.5));
#17322 = VERTEX_POINT('',#17323);
#17323 = CARTESIAN_POINT('',(681.16724137931,65.,78.77));
#17324 = LINE('',#17325,#17326);
#17325 = CARTESIAN_POINT('',(681.16724137931,65.,68.5));
#17326 = VECTOR('',#17327,1.);
#17327 = DIRECTION('',(0.,0.,1.));
#17328 = ORIENTED_EDGE('',*,*,#17329,.T.);
#17329 = EDGE_CURVE('',#17320,#17330,#17332,.T.);
#17330 = VERTEX_POINT('',#17331);
#17331 = CARTESIAN_POINT('',(681.16724137931,151.,68.5));
#17332 = LINE('',#17333,#17334);
#17333 = CARTESIAN_POINT('',(681.16724137931,65.,68.5));
#17334 = VECTOR('',#17335,1.);
#17335 = DIRECTION('',(-0.,1.,0.));
#17336 = ORIENTED_EDGE('',*,*,#17337,.T.);
#17337 = EDGE_CURVE('',#17330,#17338,#17340,.T.);
#17338 = VERTEX_POINT('',#17339);
#17339 = CARTESIAN_POINT('',(681.16724137931,151.,78.77));
#17340 = LINE('',#17341,#17342);
#17341 = CARTESIAN_POINT('',(681.16724137931,151.,68.5));
#17342 = VECTOR('',#17343,1.);
#17343 = DIRECTION('',(0.,0.,1.));
#17344 = ORIENTED_EDGE('',*,*,#17345,.F.);
#17345 = EDGE_CURVE('',#17322,#17338,#17346,.T.);
#17346 = LINE('',#17347,#17348);
#17347 = CARTESIAN_POINT('',(681.16724137931,65.,78.77));
#17348 = VECTOR('',#17349,1.);
#17349 = DIRECTION('',(-0.,1.,0.));
#17350 = PLANE('',#17351);
#17351 = AXIS2_PLACEMENT_3D('',#17352,#17353,#17354);
#17352 = CARTESIAN_POINT('',(681.16724137931,65.,68.5));
#17353 = DIRECTION('',(1.,0.,-0.));
#17354 = DIRECTION('',(0.,0.,1.));
#17355 = ADVANCED_FACE('',(#17356),#17372,.F.);
#17356 = FACE_BOUND('',#17357,.F.);
#17357 = EDGE_LOOP('',(#17358,#17364,#17365,#17371));
#17358 = ORIENTED_EDGE('',*,*,#17359,.F.);
#17359 = EDGE_CURVE('',#17280,#17320,#17360,.T.);
#17360 = LINE('',#17361,#17362);
#17361 = CARTESIAN_POINT('',(669.96724137931,65.,68.5));
#17362 = VECTOR('',#17363,1.);
#17363 = DIRECTION('',(1.,0.,-0.));
#17364 = ORIENTED_EDGE('',*,*,#17279,.T.);
#17365 = ORIENTED_EDGE('',*,*,#17366,.T.);
#17366 = EDGE_CURVE('',#17282,#17322,#17367,.T.);
#17367 = LINE('',#17368,#17369);
#17368 = CARTESIAN_POINT('',(669.96724137931,65.,78.77));
#17369 = VECTOR('',#17370,1.);
#17370 = DIRECTION('',(1.,0.,-0.));
#17371 = ORIENTED_EDGE('',*,*,#17319,.F.);
#17372 = PLANE('',#17373);
#17373 = AXIS2_PLACEMENT_3D('',#17374,#17375,#17376);
#17374 = CARTESIAN_POINT('',(669.96724137931,65.,68.5));
#17375 = DIRECTION('',(-0.,1.,0.));
#17376 = DIRECTION('',(0.,0.,1.));
#17377 = ADVANCED_FACE('',(#17378),#17394,.T.);
#17378 = FACE_BOUND('',#17379,.T.);
#17379 = EDGE_LOOP('',(#17380,#17386,#17387,#17393));
#17380 = ORIENTED_EDGE('',*,*,#17381,.F.);
#17381 = EDGE_CURVE('',#17290,#17330,#17382,.T.);
#17382 = LINE('',#17383,#17384);
#17383 = CARTESIAN_POINT('',(669.96724137931,151.,68.5));
#17384 = VECTOR('',#17385,1.);
#17385 = DIRECTION('',(1.,0.,-0.));
#17386 = ORIENTED_EDGE('',*,*,#17297,.T.);
#17387 = ORIENTED_EDGE('',*,*,#17388,.T.);
#17388 = EDGE_CURVE('',#17298,#17338,#17389,.T.);
#17389 = LINE('',#17390,#17391);
#17390 = CARTESIAN_POINT('',(669.96724137931,151.,78.77));
#17391 = VECTOR('',#17392,1.);
#17392 = DIRECTION('',(1.,0.,-0.));
#17393 = ORIENTED_EDGE('',*,*,#17337,.F.);
#17394 = PLANE('',#17395);
#17395 = AXIS2_PLACEMENT_3D('',#17396,#17397,#17398);
#17396 = CARTESIAN_POINT('',(669.96724137931,151.,68.5));
#17397 = DIRECTION('',(-0.,1.,0.));
#17398 = DIRECTION('',(0.,0.,1.));
#17399 = ADVANCED_FACE('',(#17400),#17406,.F.);
#17400 = FACE_BOUND('',#17401,.F.);
#17401 = EDGE_LOOP('',(#17402,#17403,#17404,#17405));
#17402 = ORIENTED_EDGE('',*,*,#17289,.F.);
#17403 = ORIENTED_EDGE('',*,*,#17359,.T.);
#17404 = ORIENTED_EDGE('',*,*,#17329,.T.);
#17405 = ORIENTED_EDGE('',*,*,#17381,.F.);
#17406 = PLANE('',#17407);
#17407 = AXIS2_PLACEMENT_3D('',#17408,#17409,#17410);
#17408 = CARTESIAN_POINT('',(669.96724137931,65.,68.5));
#17409 = DIRECTION('',(0.,0.,1.));
#17410 = DIRECTION('',(1.,0.,-0.));
#17411 = ADVANCED_FACE('',(#17412),#17418,.T.);
#17412 = FACE_BOUND('',#17413,.T.);
#17413 = EDGE_LOOP('',(#17414,#17415,#17416,#17417));
#17414 = ORIENTED_EDGE('',*,*,#17305,.F.);
#17415 = ORIENTED_EDGE('',*,*,#17366,.T.);
#17416 = ORIENTED_EDGE('',*,*,#17345,.T.);
#17417 = ORIENTED_EDGE('',*,*,#17388,.F.);
#17418 = PLANE('',#17419);
#17419 = AXIS2_PLACEMENT_3D('',#17420,#17421,#17422);
#17420 = CARTESIAN_POINT('',(669.96724137931,65.,78.77));
#17421 = DIRECTION('',(0.,0.,1.));
#17422 = DIRECTION('',(1.,0.,-0.));
#17423 = MANIFOLD_SOLID_BREP('',#17424);
#17424 = CLOSED_SHELL('',(#17425,#17465,#17505,#17527,#17549,#17561));
#17425 = ADVANCED_FACE('',(#17426),#17460,.F.);
#17426 = FACE_BOUND('',#17427,.F.);
#17427 = EDGE_LOOP('',(#17428,#17438,#17446,#17454));
#17428 = ORIENTED_EDGE('',*,*,#17429,.F.);
#17429 = EDGE_CURVE('',#17430,#17432,#17434,.T.);
#17430 = VERTEX_POINT('',#17431);
#17431 = CARTESIAN_POINT('',(710.71172413793,65.,68.5));
#17432 = VERTEX_POINT('',#17433);
#17433 = CARTESIAN_POINT('',(710.71172413793,65.,78.77));
#17434 = LINE('',#17435,#17436);
#17435 = CARTESIAN_POINT('',(710.71172413793,65.,68.5));
#17436 = VECTOR('',#17437,1.);
#17437 = DIRECTION('',(0.,0.,1.));
#17438 = ORIENTED_EDGE('',*,*,#17439,.T.);
#17439 = EDGE_CURVE('',#17430,#17440,#17442,.T.);
#17440 = VERTEX_POINT('',#17441);
#17441 = CARTESIAN_POINT('',(710.71172413793,151.,68.5));
#17442 = LINE('',#17443,#17444);
#17443 = CARTESIAN_POINT('',(710.71172413793,65.,68.5));
#17444 = VECTOR('',#17445,1.);
#17445 = DIRECTION('',(-0.,1.,0.));
#17446 = ORIENTED_EDGE('',*,*,#17447,.T.);
#17447 = EDGE_CURVE('',#17440,#17448,#17450,.T.);
#17448 = VERTEX_POINT('',#17449);
#17449 = CARTESIAN_POINT('',(710.71172413793,151.,78.77));
#17450 = LINE('',#17451,#17452);
#17451 = CARTESIAN_POINT('',(710.71172413793,151.,68.5));
#17452 = VECTOR('',#17453,1.);
#17453 = DIRECTION('',(0.,0.,1.));
#17454 = ORIENTED_EDGE('',*,*,#17455,.F.);
#17455 = EDGE_CURVE('',#17432,#17448,#17456,.T.);
#17456 = LINE('',#17457,#17458);
#17457 = CARTESIAN_POINT('',(710.71172413793,65.,78.77));
#17458 = VECTOR('',#17459,1.);
#17459 = DIRECTION('',(-0.,1.,0.));
#17460 = PLANE('',#17461);
#17461 = AXIS2_PLACEMENT_3D('',#17462,#17463,#17464);
#17462 = CARTESIAN_POINT('',(710.71172413793,65.,68.5));
#17463 = DIRECTION('',(1.,0.,-0.));
#17464 = DIRECTION('',(0.,0.,1.));
#17465 = ADVANCED_FACE('',(#17466),#17500,.T.);
#17466 = FACE_BOUND('',#17467,.T.);
#17467 = EDGE_LOOP('',(#17468,#17478,#17486,#17494));
#17468 = ORIENTED_EDGE('',*,*,#17469,.F.);
#17469 = EDGE_CURVE('',#17470,#17472,#17474,.T.);
#17470 = VERTEX_POINT('',#17471);
#17471 = CARTESIAN_POINT('',(721.91172413793,65.,68.5));
#17472 = VERTEX_POINT('',#17473);
#17473 = CARTESIAN_POINT('',(721.91172413793,65.,78.77));
#17474 = LINE('',#17475,#17476);
#17475 = CARTESIAN_POINT('',(721.91172413793,65.,68.5));
#17476 = VECTOR('',#17477,1.);
#17477 = DIRECTION('',(0.,0.,1.));
#17478 = ORIENTED_EDGE('',*,*,#17479,.T.);
#17479 = EDGE_CURVE('',#17470,#17480,#17482,.T.);
#17480 = VERTEX_POINT('',#17481);
#17481 = CARTESIAN_POINT('',(721.91172413793,151.,68.5));
#17482 = LINE('',#17483,#17484);
#17483 = CARTESIAN_POINT('',(721.91172413793,65.,68.5));
#17484 = VECTOR('',#17485,1.);
#17485 = DIRECTION('',(-0.,1.,0.));
#17486 = ORIENTED_EDGE('',*,*,#17487,.T.);
#17487 = EDGE_CURVE('',#17480,#17488,#17490,.T.);
#17488 = VERTEX_POINT('',#17489);
#17489 = CARTESIAN_POINT('',(721.91172413793,151.,78.77));
#17490 = LINE('',#17491,#17492);
#17491 = CARTESIAN_POINT('',(721.91172413793,151.,68.5));
#17492 = VECTOR('',#17493,1.);
#17493 = DIRECTION('',(0.,0.,1.));
#17494 = ORIENTED_EDGE('',*,*,#17495,.F.);
#17495 = EDGE_CURVE('',#17472,#17488,#17496,.T.);
#17496 = LINE('',#17497,#17498);
#17497 = CARTESIAN_POINT('',(721.91172413793,65.,78.77));
#17498 = VECTOR('',#17499,1.);
#17499 = DIRECTION('',(-0.,1.,0.));
#17500 = PLANE('',#17501);
#17501 = AXIS2_PLACEMENT_3D('',#17502,#17503,#17504);
#17502 = CARTESIAN_POINT('',(721.91172413793,65.,68.5));
#17503 = DIRECTION('',(1.,0.,-0.));
#17504 = DIRECTION('',(0.,0.,1.));
#17505 = ADVANCED_FACE('',(#17506),#17522,.F.);
#17506 = FACE_BOUND('',#17507,.F.);
#17507 = EDGE_LOOP('',(#17508,#17514,#17515,#17521));
#17508 = ORIENTED_EDGE('',*,*,#17509,.F.);
#17509 = EDGE_CURVE('',#17430,#17470,#17510,.T.);
#17510 = LINE('',#17511,#17512);
#17511 = CARTESIAN_POINT('',(710.71172413793,65.,68.5));
#17512 = VECTOR('',#17513,1.);
#17513 = DIRECTION('',(1.,0.,-0.));
#17514 = ORIENTED_EDGE('',*,*,#17429,.T.);
#17515 = ORIENTED_EDGE('',*,*,#17516,.T.);
#17516 = EDGE_CURVE('',#17432,#17472,#17517,.T.);
#17517 = LINE('',#17518,#17519);
#17518 = CARTESIAN_POINT('',(710.71172413793,65.,78.77));
#17519 = VECTOR('',#17520,1.);
#17520 = DIRECTION('',(1.,0.,-0.));
#17521 = ORIENTED_EDGE('',*,*,#17469,.F.);
#17522 = PLANE('',#17523);
#17523 = AXIS2_PLACEMENT_3D('',#17524,#17525,#17526);
#17524 = CARTESIAN_POINT('',(710.71172413793,65.,68.5));
#17525 = DIRECTION('',(-0.,1.,0.));
#17526 = DIRECTION('',(0.,0.,1.));
#17527 = ADVANCED_FACE('',(#17528),#17544,.T.);
#17528 = FACE_BOUND('',#17529,.T.);
#17529 = EDGE_LOOP('',(#17530,#17536,#17537,#17543));
#17530 = ORIENTED_EDGE('',*,*,#17531,.F.);
#17531 = EDGE_CURVE('',#17440,#17480,#17532,.T.);
#17532 = LINE('',#17533,#17534);
#17533 = CARTESIAN_POINT('',(710.71172413793,151.,68.5));
#17534 = VECTOR('',#17535,1.);
#17535 = DIRECTION('',(1.,0.,-0.));
#17536 = ORIENTED_EDGE('',*,*,#17447,.T.);
#17537 = ORIENTED_EDGE('',*,*,#17538,.T.);
#17538 = EDGE_CURVE('',#17448,#17488,#17539,.T.);
#17539 = LINE('',#17540,#17541);
#17540 = CARTESIAN_POINT('',(710.71172413793,151.,78.77));
#17541 = VECTOR('',#17542,1.);
#17542 = DIRECTION('',(1.,0.,-0.));
#17543 = ORIENTED_EDGE('',*,*,#17487,.F.);
#17544 = PLANE('',#17545);
#17545 = AXIS2_PLACEMENT_3D('',#17546,#17547,#17548);
#17546 = CARTESIAN_POINT('',(710.71172413793,151.,68.5));
#17547 = DIRECTION('',(-0.,1.,0.));
#17548 = DIRECTION('',(0.,0.,1.));
#17549 = ADVANCED_FACE('',(#17550),#17556,.F.);
#17550 = FACE_BOUND('',#17551,.F.);
#17551 = EDGE_LOOP('',(#17552,#17553,#17554,#17555));
#17552 = ORIENTED_EDGE('',*,*,#17439,.F.);
#17553 = ORIENTED_EDGE('',*,*,#17509,.T.);
#17554 = ORIENTED_EDGE('',*,*,#17479,.T.);
#17555 = ORIENTED_EDGE('',*,*,#17531,.F.);
#17556 = PLANE('',#17557);
#17557 = AXIS2_PLACEMENT_3D('',#17558,#17559,#17560);
#17558 = CARTESIAN_POINT('',(710.71172413793,65.,68.5));
#17559 = DIRECTION('',(0.,0.,1.));
#17560 = DIRECTION('',(1.,0.,-0.));
#17561 = ADVANCED_FACE('',(#17562),#17568,.T.);
#17562 = FACE_BOUND('',#17563,.T.);
#17563 = EDGE_LOOP('',(#17564,#17565,#17566,#17567));
#17564 = ORIENTED_EDGE('',*,*,#17455,.F.);
#17565 = ORIENTED_EDGE('',*,*,#17516,.T.);
#17566 = ORIENTED_EDGE('',*,*,#17495,.T.);
#17567 = ORIENTED_EDGE('',*,*,#17538,.F.);
#17568 = PLANE('',#17569);
#17569 = AXIS2_PLACEMENT_3D('',#17570,#17571,#17572);
#17570 = CARTESIAN_POINT('',(710.71172413793,65.,78.77));
#17571 = DIRECTION('',(0.,0.,1.));
#17572 = DIRECTION('',(1.,0.,-0.));
#17573 = MANIFOLD_SOLID_BREP('',#17574);
#17574 = CLOSED_SHELL('',(#17575,#17615,#17655,#17677,#17699,#17711));
#17575 = ADVANCED_FACE('',(#17576),#17610,.F.);
#17576 = FACE_BOUND('',#17577,.F.);
#17577 = EDGE_LOOP('',(#17578,#17588,#17596,#17604));
#17578 = ORIENTED_EDGE('',*,*,#17579,.F.);
#17579 = EDGE_CURVE('',#17580,#17582,#17584,.T.);
#17580 = VERTEX_POINT('',#17581);
#17581 = CARTESIAN_POINT('',(739.91586206896,65.,68.5));
#17582 = VERTEX_POINT('',#17583);
#17583 = CARTESIAN_POINT('',(739.91586206896,65.,78.77));
#17584 = LINE('',#17585,#17586);
#17585 = CARTESIAN_POINT('',(739.91586206896,65.,68.5));
#17586 = VECTOR('',#17587,1.);
#17587 = DIRECTION('',(0.,0.,1.));
#17588 = ORIENTED_EDGE('',*,*,#17589,.T.);
#17589 = EDGE_CURVE('',#17580,#17590,#17592,.T.);
#17590 = VERTEX_POINT('',#17591);
#17591 = CARTESIAN_POINT('',(739.91586206896,151.,68.5));
#17592 = LINE('',#17593,#17594);
#17593 = CARTESIAN_POINT('',(739.91586206896,65.,68.5));
#17594 = VECTOR('',#17595,1.);
#17595 = DIRECTION('',(-0.,1.,0.));
#17596 = ORIENTED_EDGE('',*,*,#17597,.T.);
#17597 = EDGE_CURVE('',#17590,#17598,#17600,.T.);
#17598 = VERTEX_POINT('',#17599);
#17599 = CARTESIAN_POINT('',(739.91586206896,151.,78.77));
#17600 = LINE('',#17601,#17602);
#17601 = CARTESIAN_POINT('',(739.91586206896,151.,68.5));
#17602 = VECTOR('',#17603,1.);
#17603 = DIRECTION('',(0.,0.,1.));
#17604 = ORIENTED_EDGE('',*,*,#17605,.F.);
#17605 = EDGE_CURVE('',#17582,#17598,#17606,.T.);
#17606 = LINE('',#17607,#17608);
#17607 = CARTESIAN_POINT('',(739.91586206896,65.,78.77));
#17608 = VECTOR('',#17609,1.);
#17609 = DIRECTION('',(-0.,1.,0.));
#17610 = PLANE('',#17611);
#17611 = AXIS2_PLACEMENT_3D('',#17612,#17613,#17614);
#17612 = CARTESIAN_POINT('',(739.91586206896,65.,68.5));
#17613 = DIRECTION('',(1.,0.,-0.));
#17614 = DIRECTION('',(0.,0.,1.));
#17615 = ADVANCED_FACE('',(#17616),#17650,.T.);
#17616 = FACE_BOUND('',#17617,.T.);
#17617 = EDGE_LOOP('',(#17618,#17628,#17636,#17644));
#17618 = ORIENTED_EDGE('',*,*,#17619,.F.);
#17619 = EDGE_CURVE('',#17620,#17622,#17624,.T.);
#17620 = VERTEX_POINT('',#17621);
#17621 = CARTESIAN_POINT('',(751.11586206896,65.,68.5));
#17622 = VERTEX_POINT('',#17623);
#17623 = CARTESIAN_POINT('',(751.11586206896,65.,78.77));
#17624 = LINE('',#17625,#17626);
#17625 = CARTESIAN_POINT('',(751.11586206896,65.,68.5));
#17626 = VECTOR('',#17627,1.);
#17627 = DIRECTION('',(0.,0.,1.));
#17628 = ORIENTED_EDGE('',*,*,#17629,.T.);
#17629 = EDGE_CURVE('',#17620,#17630,#17632,.T.);
#17630 = VERTEX_POINT('',#17631);
#17631 = CARTESIAN_POINT('',(751.11586206896,151.,68.5));
#17632 = LINE('',#17633,#17634);
#17633 = CARTESIAN_POINT('',(751.11586206896,65.,68.5));
#17634 = VECTOR('',#17635,1.);
#17635 = DIRECTION('',(-0.,1.,0.));
#17636 = ORIENTED_EDGE('',*,*,#17637,.T.);
#17637 = EDGE_CURVE('',#17630,#17638,#17640,.T.);
#17638 = VERTEX_POINT('',#17639);
#17639 = CARTESIAN_POINT('',(751.11586206896,151.,78.77));
#17640 = LINE('',#17641,#17642);
#17641 = CARTESIAN_POINT('',(751.11586206896,151.,68.5));
#17642 = VECTOR('',#17643,1.);
#17643 = DIRECTION('',(0.,0.,1.));
#17644 = ORIENTED_EDGE('',*,*,#17645,.F.);
#17645 = EDGE_CURVE('',#17622,#17638,#17646,.T.);
#17646 = LINE('',#17647,#17648);
#17647 = CARTESIAN_POINT('',(751.11586206896,65.,78.77));
#17648 = VECTOR('',#17649,1.);
#17649 = DIRECTION('',(-0.,1.,0.));
#17650 = PLANE('',#17651);
#17651 = AXIS2_PLACEMENT_3D('',#17652,#17653,#17654);
#17652 = CARTESIAN_POINT('',(751.11586206896,65.,68.5));
#17653 = DIRECTION('',(1.,0.,-0.));
#17654 = DIRECTION('',(0.,0.,1.));
#17655 = ADVANCED_FACE('',(#17656),#17672,.F.);
#17656 = FACE_BOUND('',#17657,.F.);
#17657 = EDGE_LOOP('',(#17658,#17664,#17665,#17671));
#17658 = ORIENTED_EDGE('',*,*,#17659,.F.);
#17659 = EDGE_CURVE('',#17580,#17620,#17660,.T.);
#17660 = LINE('',#17661,#17662);
#17661 = CARTESIAN_POINT('',(739.91586206896,65.,68.5));
#17662 = VECTOR('',#17663,1.);
#17663 = DIRECTION('',(1.,0.,-0.));
#17664 = ORIENTED_EDGE('',*,*,#17579,.T.);
#17665 = ORIENTED_EDGE('',*,*,#17666,.T.);
#17666 = EDGE_CURVE('',#17582,#17622,#17667,.T.);
#17667 = LINE('',#17668,#17669);
#17668 = CARTESIAN_POINT('',(739.91586206896,65.,78.77));
#17669 = VECTOR('',#17670,1.);
#17670 = DIRECTION('',(1.,0.,-0.));
#17671 = ORIENTED_EDGE('',*,*,#17619,.F.);
#17672 = PLANE('',#17673);
#17673 = AXIS2_PLACEMENT_3D('',#17674,#17675,#17676);
#17674 = CARTESIAN_POINT('',(739.91586206896,65.,68.5));
#17675 = DIRECTION('',(-0.,1.,0.));
#17676 = DIRECTION('',(0.,0.,1.));
#17677 = ADVANCED_FACE('',(#17678),#17694,.T.);
#17678 = FACE_BOUND('',#17679,.T.);
#17679 = EDGE_LOOP('',(#17680,#17686,#17687,#17693));
#17680 = ORIENTED_EDGE('',*,*,#17681,.F.);
#17681 = EDGE_CURVE('',#17590,#17630,#17682,.T.);
#17682 = LINE('',#17683,#17684);
#17683 = CARTESIAN_POINT('',(739.91586206896,151.,68.5));
#17684 = VECTOR('',#17685,1.);
#17685 = DIRECTION('',(1.,0.,-0.));
#17686 = ORIENTED_EDGE('',*,*,#17597,.T.);
#17687 = ORIENTED_EDGE('',*,*,#17688,.T.);
#17688 = EDGE_CURVE('',#17598,#17638,#17689,.T.);
#17689 = LINE('',#17690,#17691);
#17690 = CARTESIAN_POINT('',(739.91586206896,151.,78.77));
#17691 = VECTOR('',#17692,1.);
#17692 = DIRECTION('',(1.,0.,-0.));
#17693 = ORIENTED_EDGE('',*,*,#17637,.F.);
#17694 = PLANE('',#17695);
#17695 = AXIS2_PLACEMENT_3D('',#17696,#17697,#17698);
#17696 = CARTESIAN_POINT('',(739.91586206896,151.,68.5));
#17697 = DIRECTION('',(-0.,1.,0.));
#17698 = DIRECTION('',(0.,0.,1.));
#17699 = ADVANCED_FACE('',(#17700),#17706,.F.);
#17700 = FACE_BOUND('',#17701,.F.);
#17701 = EDGE_LOOP('',(#17702,#17703,#17704,#17705));
#17702 = ORIENTED_EDGE('',*,*,#17589,.F.);
#17703 = ORIENTED_EDGE('',*,*,#17659,.T.);
#17704 = ORIENTED_EDGE('',*,*,#17629,.T.);
#17705 = ORIENTED_EDGE('',*,*,#17681,.F.);
#17706 = PLANE('',#17707);
#17707 = AXIS2_PLACEMENT_3D('',#17708,#17709,#17710);
#17708 = CARTESIAN_POINT('',(739.91586206896,65.,68.5));
#17709 = DIRECTION('',(0.,0.,1.));
#17710 = DIRECTION('',(1.,0.,-0.));
#17711 = ADVANCED_FACE('',(#17712),#17718,.T.);
#17712 = FACE_BOUND('',#17713,.T.);
#17713 = EDGE_LOOP('',(#17714,#17715,#17716,#17717));
#17714 = ORIENTED_EDGE('',*,*,#17605,.F.);
#17715 = ORIENTED_EDGE('',*,*,#17666,.T.);
#17716 = ORIENTED_EDGE('',*,*,#17645,.T.);
#17717 = ORIENTED_EDGE('',*,*,#17688,.F.);
#17718 = PLANE('',#17719);
#17719 = AXIS2_PLACEMENT_3D('',#17720,#17721,#17722);
#17720 = CARTESIAN_POINT('',(739.91586206896,65.,78.77));
#17721 = DIRECTION('',(0.,0.,1.));
#17722 = DIRECTION('',(1.,0.,-0.));
#17723 = MANIFOLD_SOLID_BREP('',#17724);
#17724 = CLOSED_SHELL('',(#17725,#17765,#17805,#17827,#17849,#17861));
#17725 = ADVANCED_FACE('',(#17726),#17760,.F.);
#17726 = FACE_BOUND('',#17727,.F.);
#17727 = EDGE_LOOP('',(#17728,#17738,#17746,#17754));
#17728 = ORIENTED_EDGE('',*,*,#17729,.F.);
#17729 = EDGE_CURVE('',#17730,#17732,#17734,.T.);
#17730 = VERTEX_POINT('',#17731);
#17731 = CARTESIAN_POINT('',(780.66034482758,65.,68.5));
#17732 = VERTEX_POINT('',#17733);
#17733 = CARTESIAN_POINT('',(780.66034482758,65.,78.77));
#17734 = LINE('',#17735,#17736);
#17735 = CARTESIAN_POINT('',(780.66034482758,65.,68.5));
#17736 = VECTOR('',#17737,1.);
#17737 = DIRECTION('',(0.,0.,1.));
#17738 = ORIENTED_EDGE('',*,*,#17739,.T.);
#17739 = EDGE_CURVE('',#17730,#17740,#17742,.T.);
#17740 = VERTEX_POINT('',#17741);
#17741 = CARTESIAN_POINT('',(780.66034482758,151.,68.5));
#17742 = LINE('',#17743,#17744);
#17743 = CARTESIAN_POINT('',(780.66034482758,65.,68.5));
#17744 = VECTOR('',#17745,1.);
#17745 = DIRECTION('',(-0.,1.,0.));
#17746 = ORIENTED_EDGE('',*,*,#17747,.T.);
#17747 = EDGE_CURVE('',#17740,#17748,#17750,.T.);
#17748 = VERTEX_POINT('',#17749);
#17749 = CARTESIAN_POINT('',(780.66034482758,151.,78.77));
#17750 = LINE('',#17751,#17752);
#17751 = CARTESIAN_POINT('',(780.66034482758,151.,68.5));
#17752 = VECTOR('',#17753,1.);
#17753 = DIRECTION('',(0.,0.,1.));
#17754 = ORIENTED_EDGE('',*,*,#17755,.F.);
#17755 = EDGE_CURVE('',#17732,#17748,#17756,.T.);
#17756 = LINE('',#17757,#17758);
#17757 = CARTESIAN_POINT('',(780.66034482758,65.,78.77));
#17758 = VECTOR('',#17759,1.);
#17759 = DIRECTION('',(-0.,1.,0.));
#17760 = PLANE('',#17761);
#17761 = AXIS2_PLACEMENT_3D('',#17762,#17763,#17764);
#17762 = CARTESIAN_POINT('',(780.66034482758,65.,68.5));
#17763 = DIRECTION('',(1.,0.,-0.));
#17764 = DIRECTION('',(0.,0.,1.));
#17765 = ADVANCED_FACE('',(#17766),#17800,.T.);
#17766 = FACE_BOUND('',#17767,.T.);
#17767 = EDGE_LOOP('',(#17768,#17778,#17786,#17794));
#17768 = ORIENTED_EDGE('',*,*,#17769,.F.);
#17769 = EDGE_CURVE('',#17770,#17772,#17774,.T.);
#17770 = VERTEX_POINT('',#17771);
#17771 = CARTESIAN_POINT('',(791.86034482758,65.,68.5));
#17772 = VERTEX_POINT('',#17773);
#17773 = CARTESIAN_POINT('',(791.86034482758,65.,78.77));
#17774 = LINE('',#17775,#17776);
#17775 = CARTESIAN_POINT('',(791.86034482758,65.,68.5));
#17776 = VECTOR('',#17777,1.);
#17777 = DIRECTION('',(0.,0.,1.));
#17778 = ORIENTED_EDGE('',*,*,#17779,.T.);
#17779 = EDGE_CURVE('',#17770,#17780,#17782,.T.);
#17780 = VERTEX_POINT('',#17781);
#17781 = CARTESIAN_POINT('',(791.86034482758,151.,68.5));
#17782 = LINE('',#17783,#17784);
#17783 = CARTESIAN_POINT('',(791.86034482758,65.,68.5));
#17784 = VECTOR('',#17785,1.);
#17785 = DIRECTION('',(-0.,1.,0.));
#17786 = ORIENTED_EDGE('',*,*,#17787,.T.);
#17787 = EDGE_CURVE('',#17780,#17788,#17790,.T.);
#17788 = VERTEX_POINT('',#17789);
#17789 = CARTESIAN_POINT('',(791.86034482758,151.,78.77));
#17790 = LINE('',#17791,#17792);
#17791 = CARTESIAN_POINT('',(791.86034482758,151.,68.5));
#17792 = VECTOR('',#17793,1.);
#17793 = DIRECTION('',(0.,0.,1.));
#17794 = ORIENTED_EDGE('',*,*,#17795,.F.);
#17795 = EDGE_CURVE('',#17772,#17788,#17796,.T.);
#17796 = LINE('',#17797,#17798);
#17797 = CARTESIAN_POINT('',(791.86034482758,65.,78.77));
#17798 = VECTOR('',#17799,1.);
#17799 = DIRECTION('',(-0.,1.,0.));
#17800 = PLANE('',#17801);
#17801 = AXIS2_PLACEMENT_3D('',#17802,#17803,#17804);
#17802 = CARTESIAN_POINT('',(791.86034482758,65.,68.5));
#17803 = DIRECTION('',(1.,0.,-0.));
#17804 = DIRECTION('',(0.,0.,1.));
#17805 = ADVANCED_FACE('',(#17806),#17822,.F.);
#17806 = FACE_BOUND('',#17807,.F.);
#17807 = EDGE_LOOP('',(#17808,#17814,#17815,#17821));
#17808 = ORIENTED_EDGE('',*,*,#17809,.F.);
#17809 = EDGE_CURVE('',#17730,#17770,#17810,.T.);
#17810 = LINE('',#17811,#17812);
#17811 = CARTESIAN_POINT('',(780.66034482758,65.,68.5));
#17812 = VECTOR('',#17813,1.);
#17813 = DIRECTION('',(1.,0.,-0.));
#17814 = ORIENTED_EDGE('',*,*,#17729,.T.);
#17815 = ORIENTED_EDGE('',*,*,#17816,.T.);
#17816 = EDGE_CURVE('',#17732,#17772,#17817,.T.);
#17817 = LINE('',#17818,#17819);
#17818 = CARTESIAN_POINT('',(780.66034482758,65.,78.77));
#17819 = VECTOR('',#17820,1.);
#17820 = DIRECTION('',(1.,0.,-0.));
#17821 = ORIENTED_EDGE('',*,*,#17769,.F.);
#17822 = PLANE('',#17823);
#17823 = AXIS2_PLACEMENT_3D('',#17824,#17825,#17826);
#17824 = CARTESIAN_POINT('',(780.66034482758,65.,68.5));
#17825 = DIRECTION('',(-0.,1.,0.));
#17826 = DIRECTION('',(0.,0.,1.));
#17827 = ADVANCED_FACE('',(#17828),#17844,.T.);
#17828 = FACE_BOUND('',#17829,.T.);
#17829 = EDGE_LOOP('',(#17830,#17836,#17837,#17843));
#17830 = ORIENTED_EDGE('',*,*,#17831,.F.);
#17831 = EDGE_CURVE('',#17740,#17780,#17832,.T.);
#17832 = LINE('',#17833,#17834);
#17833 = CARTESIAN_POINT('',(780.66034482758,151.,68.5));
#17834 = VECTOR('',#17835,1.);
#17835 = DIRECTION('',(1.,0.,-0.));
#17836 = ORIENTED_EDGE('',*,*,#17747,.T.);
#17837 = ORIENTED_EDGE('',*,*,#17838,.T.);
#17838 = EDGE_CURVE('',#17748,#17788,#17839,.T.);
#17839 = LINE('',#17840,#17841);
#17840 = CARTESIAN_POINT('',(780.66034482758,151.,78.77));
#17841 = VECTOR('',#17842,1.);
#17842 = DIRECTION('',(1.,0.,-0.));
#17843 = ORIENTED_EDGE('',*,*,#17787,.F.);
#17844 = PLANE('',#17845);
#17845 = AXIS2_PLACEMENT_3D('',#17846,#17847,#17848);
#17846 = CARTESIAN_POINT('',(780.66034482758,151.,68.5));
#17847 = DIRECTION('',(-0.,1.,0.));
#17848 = DIRECTION('',(0.,0.,1.));
#17849 = ADVANCED_FACE('',(#17850),#17856,.F.);
#17850 = FACE_BOUND('',#17851,.F.);
#17851 = EDGE_LOOP('',(#17852,#17853,#17854,#17855));
#17852 = ORIENTED_EDGE('',*,*,#17739,.F.);
#17853 = ORIENTED_EDGE('',*,*,#17809,.T.);
#17854 = ORIENTED_EDGE('',*,*,#17779,.T.);
#17855 = ORIENTED_EDGE('',*,*,#17831,.F.);
#17856 = PLANE('',#17857);
#17857 = AXIS2_PLACEMENT_3D('',#17858,#17859,#17860);
#17858 = CARTESIAN_POINT('',(780.66034482758,65.,68.5));
#17859 = DIRECTION('',(0.,0.,1.));
#17860 = DIRECTION('',(1.,0.,-0.));
#17861 = ADVANCED_FACE('',(#17862),#17868,.T.);
#17862 = FACE_BOUND('',#17863,.T.);
#17863 = EDGE_LOOP('',(#17864,#17865,#17866,#17867));
#17864 = ORIENTED_EDGE('',*,*,#17755,.F.);
#17865 = ORIENTED_EDGE('',*,*,#17816,.T.);
#17866 = ORIENTED_EDGE('',*,*,#17795,.T.);
#17867 = ORIENTED_EDGE('',*,*,#17838,.F.);
#17868 = PLANE('',#17869);
#17869 = AXIS2_PLACEMENT_3D('',#17870,#17871,#17872);
#17870 = CARTESIAN_POINT('',(780.66034482758,65.,78.77));
#17871 = DIRECTION('',(0.,0.,1.));
#17872 = DIRECTION('',(1.,0.,-0.));
#17873 = MANIFOLD_SOLID_BREP('',#17874);
#17874 = CLOSED_SHELL('',(#17875,#17915,#17955,#17977,#17999,#18011));
#17875 = ADVANCED_FACE('',(#17876),#17910,.F.);
#17876 = FACE_BOUND('',#17877,.F.);
#17877 = EDGE_LOOP('',(#17878,#17888,#17896,#17904));
#17878 = ORIENTED_EDGE('',*,*,#17879,.F.);
#17879 = EDGE_CURVE('',#17880,#17882,#17884,.T.);
#17880 = VERTEX_POINT('',#17881);
#17881 = CARTESIAN_POINT('',(807.7448275862,65.,68.5));
#17882 = VERTEX_POINT('',#17883);
#17883 = CARTESIAN_POINT('',(807.7448275862,65.,78.77));
#17884 = LINE('',#17885,#17886);
#17885 = CARTESIAN_POINT('',(807.7448275862,65.,68.5));
#17886 = VECTOR('',#17887,1.);
#17887 = DIRECTION('',(0.,0.,1.));
#17888 = ORIENTED_EDGE('',*,*,#17889,.T.);
#17889 = EDGE_CURVE('',#17880,#17890,#17892,.T.);
#17890 = VERTEX_POINT('',#17891);
#17891 = CARTESIAN_POINT('',(807.7448275862,151.,68.5));
#17892 = LINE('',#17893,#17894);
#17893 = CARTESIAN_POINT('',(807.7448275862,65.,68.5));
#17894 = VECTOR('',#17895,1.);
#17895 = DIRECTION('',(-0.,1.,0.));
#17896 = ORIENTED_EDGE('',*,*,#17897,.T.);
#17897 = EDGE_CURVE('',#17890,#17898,#17900,.T.);
#17898 = VERTEX_POINT('',#17899);
#17899 = CARTESIAN_POINT('',(807.7448275862,151.,78.77));
#17900 = LINE('',#17901,#17902);
#17901 = CARTESIAN_POINT('',(807.7448275862,151.,68.5));
#17902 = VECTOR('',#17903,1.);
#17903 = DIRECTION('',(0.,0.,1.));
#17904 = ORIENTED_EDGE('',*,*,#17905,.F.);
#17905 = EDGE_CURVE('',#17882,#17898,#17906,.T.);
#17906 = LINE('',#17907,#17908);
#17907 = CARTESIAN_POINT('',(807.7448275862,65.,78.77));
#17908 = VECTOR('',#17909,1.);
#17909 = DIRECTION('',(-0.,1.,0.));
#17910 = PLANE('',#17911);
#17911 = AXIS2_PLACEMENT_3D('',#17912,#17913,#17914);
#17912 = CARTESIAN_POINT('',(807.7448275862,65.,68.5));
#17913 = DIRECTION('',(1.,0.,-0.));
#17914 = DIRECTION('',(0.,0.,1.));
#17915 = ADVANCED_FACE('',(#17916),#17950,.T.);
#17916 = FACE_BOUND('',#17917,.T.);
#17917 = EDGE_LOOP('',(#17918,#17928,#17936,#17944));
#17918 = ORIENTED_EDGE('',*,*,#17919,.F.);
#17919 = EDGE_CURVE('',#17920,#17922,#17924,.T.);
#17920 = VERTEX_POINT('',#17921);
#17921 = CARTESIAN_POINT('',(818.9448275862,65.,68.5));
#17922 = VERTEX_POINT('',#17923);
#17923 = CARTESIAN_POINT('',(818.9448275862,65.,78.77));
#17924 = LINE('',#17925,#17926);
#17925 = CARTESIAN_POINT('',(818.9448275862,65.,68.5));
#17926 = VECTOR('',#17927,1.);
#17927 = DIRECTION('',(0.,0.,1.));
#17928 = ORIENTED_EDGE('',*,*,#17929,.T.);
#17929 = EDGE_CURVE('',#17920,#17930,#17932,.T.);
#17930 = VERTEX_POINT('',#17931);
#17931 = CARTESIAN_POINT('',(818.9448275862,151.,68.5));
#17932 = LINE('',#17933,#17934);
#17933 = CARTESIAN_POINT('',(818.9448275862,65.,68.5));
#17934 = VECTOR('',#17935,1.);
#17935 = DIRECTION('',(-0.,1.,0.));
#17936 = ORIENTED_EDGE('',*,*,#17937,.T.);
#17937 = EDGE_CURVE('',#17930,#17938,#17940,.T.);
#17938 = VERTEX_POINT('',#17939);
#17939 = CARTESIAN_POINT('',(818.9448275862,151.,78.77));
#17940 = LINE('',#17941,#17942);
#17941 = CARTESIAN_POINT('',(818.9448275862,151.,68.5));
#17942 = VECTOR('',#17943,1.);
#17943 = DIRECTION('',(0.,0.,1.));
#17944 = ORIENTED_EDGE('',*,*,#17945,.F.);
#17945 = EDGE_CURVE('',#17922,#17938,#17946,.T.);
#17946 = LINE('',#17947,#17948);
#17947 = CARTESIAN_POINT('',(818.9448275862,65.,78.77));
#17948 = VECTOR('',#17949,1.);
#17949 = DIRECTION('',(-0.,1.,0.));
#17950 = PLANE('',#17951);
#17951 = AXIS2_PLACEMENT_3D('',#17952,#17953,#17954);
#17952 = CARTESIAN_POINT('',(818.9448275862,65.,68.5));
#17953 = DIRECTION('',(1.,0.,-0.));
#17954 = DIRECTION('',(0.,0.,1.));
#17955 = ADVANCED_FACE('',(#17956),#17972,.F.);
#17956 = FACE_BOUND('',#17957,.F.);
#17957 = EDGE_LOOP('',(#17958,#17964,#17965,#17971));
#17958 = ORIENTED_EDGE('',*,*,#17959,.F.);
#17959 = EDGE_CURVE('',#17880,#17920,#17960,.T.);
#17960 = LINE('',#17961,#17962);
#17961 = CARTESIAN_POINT('',(807.7448275862,65.,68.5));
#17962 = VECTOR('',#17963,1.);
#17963 = DIRECTION('',(1.,0.,-0.));
#17964 = ORIENTED_EDGE('',*,*,#17879,.T.);
#17965 = ORIENTED_EDGE('',*,*,#17966,.T.);
#17966 = EDGE_CURVE('',#17882,#17922,#17967,.T.);
#17967 = LINE('',#17968,#17969);
#17968 = CARTESIAN_POINT('',(807.7448275862,65.,78.77));
#17969 = VECTOR('',#17970,1.);
#17970 = DIRECTION('',(1.,0.,-0.));
#17971 = ORIENTED_EDGE('',*,*,#17919,.F.);
#17972 = PLANE('',#17973);
#17973 = AXIS2_PLACEMENT_3D('',#17974,#17975,#17976);
#17974 = CARTESIAN_POINT('',(807.7448275862,65.,68.5));
#17975 = DIRECTION('',(-0.,1.,0.));
#17976 = DIRECTION('',(0.,0.,1.));
#17977 = ADVANCED_FACE('',(#17978),#17994,.T.);
#17978 = FACE_BOUND('',#17979,.T.);
#17979 = EDGE_LOOP('',(#17980,#17986,#17987,#17993));
#17980 = ORIENTED_EDGE('',*,*,#17981,.F.);
#17981 = EDGE_CURVE('',#17890,#17930,#17982,.T.);
#17982 = LINE('',#17983,#17984);
#17983 = CARTESIAN_POINT('',(807.7448275862,151.,68.5));
#17984 = VECTOR('',#17985,1.);
#17985 = DIRECTION('',(1.,0.,-0.));
#17986 = ORIENTED_EDGE('',*,*,#17897,.T.);
#17987 = ORIENTED_EDGE('',*,*,#17988,.T.);
#17988 = EDGE_CURVE('',#17898,#17938,#17989,.T.);
#17989 = LINE('',#17990,#17991);
#17990 = CARTESIAN_POINT('',(807.7448275862,151.,78.77));
#17991 = VECTOR('',#17992,1.);
#17992 = DIRECTION('',(1.,0.,-0.));
#17993 = ORIENTED_EDGE('',*,*,#17937,.F.);
#17994 = PLANE('',#17995);
#17995 = AXIS2_PLACEMENT_3D('',#17996,#17997,#17998);
#17996 = CARTESIAN_POINT('',(807.7448275862,151.,68.5));
#17997 = DIRECTION('',(-0.,1.,0.));
#17998 = DIRECTION('',(0.,0.,1.));
#17999 = ADVANCED_FACE('',(#18000),#18006,.F.);
#18000 = FACE_BOUND('',#18001,.F.);
#18001 = EDGE_LOOP('',(#18002,#18003,#18004,#18005));
#18002 = ORIENTED_EDGE('',*,*,#17889,.F.);
#18003 = ORIENTED_EDGE('',*,*,#17959,.T.);
#18004 = ORIENTED_EDGE('',*,*,#17929,.T.);
#18005 = ORIENTED_EDGE('',*,*,#17981,.F.);
#18006 = PLANE('',#18007);
#18007 = AXIS2_PLACEMENT_3D('',#18008,#18009,#18010);
#18008 = CARTESIAN_POINT('',(807.7448275862,65.,68.5));
#18009 = DIRECTION('',(0.,0.,1.));
#18010 = DIRECTION('',(1.,0.,-0.));
#18011 = ADVANCED_FACE('',(#18012),#18018,.T.);
#18012 = FACE_BOUND('',#18013,.T.);
#18013 = EDGE_LOOP('',(#18014,#18015,#18016,#18017));
#18014 = ORIENTED_EDGE('',*,*,#17905,.F.);
#18015 = ORIENTED_EDGE('',*,*,#17966,.T.);
#18016 = ORIENTED_EDGE('',*,*,#17945,.T.);
#18017 = ORIENTED_EDGE('',*,*,#17988,.F.);
#18018 = PLANE('',#18019);
#18019 = AXIS2_PLACEMENT_3D('',#18020,#18021,#18022);
#18020 = CARTESIAN_POINT('',(807.7448275862,65.,78.77));
#18021 = DIRECTION('',(0.,0.,1.));
#18022 = DIRECTION('',(1.,0.,-0.));
#18023 = MANIFOLD_SOLID_BREP('',#18024);
#18024 = CLOSED_SHELL('',(#18025,#18065,#18105,#18127,#18149,#18161));
#18025 = ADVANCED_FACE('',(#18026),#18060,.F.);
#18026 = FACE_BOUND('',#18027,.F.);
#18027 = EDGE_LOOP('',(#18028,#18038,#18046,#18054));
#18028 = ORIENTED_EDGE('',*,*,#18029,.F.);
#18029 = EDGE_CURVE('',#18030,#18032,#18034,.T.);
#18030 = VERTEX_POINT('',#18031);
#18031 = CARTESIAN_POINT('',(834.82931034482,65.,68.5));
#18032 = VERTEX_POINT('',#18033);
#18033 = CARTESIAN_POINT('',(834.82931034482,65.,78.77));
#18034 = LINE('',#18035,#18036);
#18035 = CARTESIAN_POINT('',(834.82931034482,65.,68.5));
#18036 = VECTOR('',#18037,1.);
#18037 = DIRECTION('',(0.,0.,1.));
#18038 = ORIENTED_EDGE('',*,*,#18039,.T.);
#18039 = EDGE_CURVE('',#18030,#18040,#18042,.T.);
#18040 = VERTEX_POINT('',#18041);
#18041 = CARTESIAN_POINT('',(834.82931034482,151.,68.5));
#18042 = LINE('',#18043,#18044);
#18043 = CARTESIAN_POINT('',(834.82931034482,65.,68.5));
#18044 = VECTOR('',#18045,1.);
#18045 = DIRECTION('',(-0.,1.,0.));
#18046 = ORIENTED_EDGE('',*,*,#18047,.T.);
#18047 = EDGE_CURVE('',#18040,#18048,#18050,.T.);
#18048 = VERTEX_POINT('',#18049);
#18049 = CARTESIAN_POINT('',(834.82931034482,151.,78.77));
#18050 = LINE('',#18051,#18052);
#18051 = CARTESIAN_POINT('',(834.82931034482,151.,68.5));
#18052 = VECTOR('',#18053,1.);
#18053 = DIRECTION('',(0.,0.,1.));
#18054 = ORIENTED_EDGE('',*,*,#18055,.F.);
#18055 = EDGE_CURVE('',#18032,#18048,#18056,.T.);
#18056 = LINE('',#18057,#18058);
#18057 = CARTESIAN_POINT('',(834.82931034482,65.,78.77));
#18058 = VECTOR('',#18059,1.);
#18059 = DIRECTION('',(-0.,1.,0.));
#18060 = PLANE('',#18061);
#18061 = AXIS2_PLACEMENT_3D('',#18062,#18063,#18064);
#18062 = CARTESIAN_POINT('',(834.82931034482,65.,68.5));
#18063 = DIRECTION('',(1.,0.,-0.));
#18064 = DIRECTION('',(0.,0.,1.));
#18065 = ADVANCED_FACE('',(#18066),#18100,.T.);
#18066 = FACE_BOUND('',#18067,.T.);
#18067 = EDGE_LOOP('',(#18068,#18078,#18086,#18094));
#18068 = ORIENTED_EDGE('',*,*,#18069,.F.);
#18069 = EDGE_CURVE('',#18070,#18072,#18074,.T.);
#18070 = VERTEX_POINT('',#18071);
#18071 = CARTESIAN_POINT('',(846.02931034482,65.,68.5));
#18072 = VERTEX_POINT('',#18073);
#18073 = CARTESIAN_POINT('',(846.02931034482,65.,78.77));
#18074 = LINE('',#18075,#18076);
#18075 = CARTESIAN_POINT('',(846.02931034482,65.,68.5));
#18076 = VECTOR('',#18077,1.);
#18077 = DIRECTION('',(0.,0.,1.));
#18078 = ORIENTED_EDGE('',*,*,#18079,.T.);
#18079 = EDGE_CURVE('',#18070,#18080,#18082,.T.);
#18080 = VERTEX_POINT('',#18081);
#18081 = CARTESIAN_POINT('',(846.02931034482,151.,68.5));
#18082 = LINE('',#18083,#18084);
#18083 = CARTESIAN_POINT('',(846.02931034482,65.,68.5));
#18084 = VECTOR('',#18085,1.);
#18085 = DIRECTION('',(-0.,1.,0.));
#18086 = ORIENTED_EDGE('',*,*,#18087,.T.);
#18087 = EDGE_CURVE('',#18080,#18088,#18090,.T.);
#18088 = VERTEX_POINT('',#18089);
#18089 = CARTESIAN_POINT('',(846.02931034482,151.,78.77));
#18090 = LINE('',#18091,#18092);
#18091 = CARTESIAN_POINT('',(846.02931034482,151.,68.5));
#18092 = VECTOR('',#18093,1.);
#18093 = DIRECTION('',(0.,0.,1.));
#18094 = ORIENTED_EDGE('',*,*,#18095,.F.);
#18095 = EDGE_CURVE('',#18072,#18088,#18096,.T.);
#18096 = LINE('',#18097,#18098);
#18097 = CARTESIAN_POINT('',(846.02931034482,65.,78.77));
#18098 = VECTOR('',#18099,1.);
#18099 = DIRECTION('',(-0.,1.,0.));
#18100 = PLANE('',#18101);
#18101 = AXIS2_PLACEMENT_3D('',#18102,#18103,#18104);
#18102 = CARTESIAN_POINT('',(846.02931034482,65.,68.5));
#18103 = DIRECTION('',(1.,0.,-0.));
#18104 = DIRECTION('',(0.,0.,1.));
#18105 = ADVANCED_FACE('',(#18106),#18122,.F.);
#18106 = FACE_BOUND('',#18107,.F.);
#18107 = EDGE_LOOP('',(#18108,#18114,#18115,#18121));
#18108 = ORIENTED_EDGE('',*,*,#18109,.F.);
#18109 = EDGE_CURVE('',#18030,#18070,#18110,.T.);
#18110 = LINE('',#18111,#18112);
#18111 = CARTESIAN_POINT('',(834.82931034482,65.,68.5));
#18112 = VECTOR('',#18113,1.);
#18113 = DIRECTION('',(1.,0.,-0.));
#18114 = ORIENTED_EDGE('',*,*,#18029,.T.);
#18115 = ORIENTED_EDGE('',*,*,#18116,.T.);
#18116 = EDGE_CURVE('',#18032,#18072,#18117,.T.);
#18117 = LINE('',#18118,#18119);
#18118 = CARTESIAN_POINT('',(834.82931034482,65.,78.77));
#18119 = VECTOR('',#18120,1.);
#18120 = DIRECTION('',(1.,0.,-0.));
#18121 = ORIENTED_EDGE('',*,*,#18069,.F.);
#18122 = PLANE('',#18123);
#18123 = AXIS2_PLACEMENT_3D('',#18124,#18125,#18126);
#18124 = CARTESIAN_POINT('',(834.82931034482,65.,68.5));
#18125 = DIRECTION('',(-0.,1.,0.));
#18126 = DIRECTION('',(0.,0.,1.));
#18127 = ADVANCED_FACE('',(#18128),#18144,.T.);
#18128 = FACE_BOUND('',#18129,.T.);
#18129 = EDGE_LOOP('',(#18130,#18136,#18137,#18143));
#18130 = ORIENTED_EDGE('',*,*,#18131,.F.);
#18131 = EDGE_CURVE('',#18040,#18080,#18132,.T.);
#18132 = LINE('',#18133,#18134);
#18133 = CARTESIAN_POINT('',(834.82931034482,151.,68.5));
#18134 = VECTOR('',#18135,1.);
#18135 = DIRECTION('',(1.,0.,-0.));
#18136 = ORIENTED_EDGE('',*,*,#18047,.T.);
#18137 = ORIENTED_EDGE('',*,*,#18138,.T.);
#18138 = EDGE_CURVE('',#18048,#18088,#18139,.T.);
#18139 = LINE('',#18140,#18141);
#18140 = CARTESIAN_POINT('',(834.82931034482,151.,78.77));
#18141 = VECTOR('',#18142,1.);
#18142 = DIRECTION('',(1.,0.,-0.));
#18143 = ORIENTED_EDGE('',*,*,#18087,.F.);
#18144 = PLANE('',#18145);
#18145 = AXIS2_PLACEMENT_3D('',#18146,#18147,#18148);
#18146 = CARTESIAN_POINT('',(834.82931034482,151.,68.5));
#18147 = DIRECTION('',(-0.,1.,0.));
#18148 = DIRECTION('',(0.,0.,1.));
#18149 = ADVANCED_FACE('',(#18150),#18156,.F.);
#18150 = FACE_BOUND('',#18151,.F.);
#18151 = EDGE_LOOP('',(#18152,#18153,#18154,#18155));
#18152 = ORIENTED_EDGE('',*,*,#18039,.F.);
#18153 = ORIENTED_EDGE('',*,*,#18109,.T.);
#18154 = ORIENTED_EDGE('',*,*,#18079,.T.);
#18155 = ORIENTED_EDGE('',*,*,#18131,.F.);
#18156 = PLANE('',#18157);
#18157 = AXIS2_PLACEMENT_3D('',#18158,#18159,#18160);
#18158 = CARTESIAN_POINT('',(834.82931034482,65.,68.5));
#18159 = DIRECTION('',(0.,0.,1.));
#18160 = DIRECTION('',(1.,0.,-0.));
#18161 = ADVANCED_FACE('',(#18162),#18168,.T.);
#18162 = FACE_BOUND('',#18163,.T.);
#18163 = EDGE_LOOP('',(#18164,#18165,#18166,#18167));
#18164 = ORIENTED_EDGE('',*,*,#18055,.F.);
#18165 = ORIENTED_EDGE('',*,*,#18116,.T.);
#18166 = ORIENTED_EDGE('',*,*,#18095,.T.);
#18167 = ORIENTED_EDGE('',*,*,#18138,.F.);
#18168 = PLANE('',#18169);
#18169 = AXIS2_PLACEMENT_3D('',#18170,#18171,#18172);
#18170 = CARTESIAN_POINT('',(834.82931034482,65.,78.77));
#18171 = DIRECTION('',(0.,0.,1.));
#18172 = DIRECTION('',(1.,0.,-0.));
#18173 = ( GEOMETRIC_REPRESENTATION_CONTEXT(3) 
GLOBAL_UNCERTAINTY_ASSIGNED_CONTEXT((#18177)) 
GLOBAL_UNIT_ASSIGNED_CONTEXT((#18174,#18175,#18176)) 
REPRESENTATION_CONTEXT('Context #1',
  '3D Context with UNIT and UNCERTAINTY') );
#18174 = ( LENGTH_UNIT() NAMED_UNIT(*) SI_UNIT(.MILLI.,.METRE.) );
#18175 = ( NAMED_UNIT(*) PLANE_ANGLE_UNIT() SI_UNIT($,.RADIAN.) );
#18176 = ( NAMED_UNIT(*) SI_UNIT($,.STERADIAN.) SOLID_ANGLE_UNIT() );
#18177 = UNCERTAINTY_MEASURE_WITH_UNIT(LENGTH_MEASURE(1.E-07),#18174,
  'distance_accuracy_value','confusion accuracy');
#18178 = CONTEXT_DEPENDENT_SHAPE_REPRESENTATION(#18179,#18181);
#18179 = ( REPRESENTATION_RELATIONSHIP('','',#15172,#10) 
REPRESENTATION_RELATIONSHIP_WITH_TRANSFORMATION(#18180) 
SHAPE_REPRESENTATION_RELATIONSHIP() );
#18180 = ITEM_DEFINED_TRANSFORMATION('','',#11,#111);
#18181 = PRODUCT_DEFINITION_SHAPE('Placement','Placement of an item',
  #18182);
#18182 = NEXT_ASSEMBLY_USAGE_OCCURRENCE('47','REF keys_black','',#5,
  #15167,$);
#18183 = PRODUCT_RELATED_PRODUCT_CATEGORY('part',$,(#15169));
#18184 = SHAPE_DEFINITION_REPRESENTATION(#18185,#18191);
#18185 = PRODUCT_DEFINITION_SHAPE('','',#18186);
#18186 = PRODUCT_DEFINITION('design','',#18187,#18190);
#18187 = PRODUCT_DEFINITION_FORMATION('','',#18188);
#18188 = PRODUCT('REF panel','REF panel','',(#18189));
#18189 = PRODUCT_CONTEXT('',#2,'mechanical');
#18190 = PRODUCT_DEFINITION_CONTEXT('part definition',#2,'design');
#18191 = ADVANCED_BREP_SHAPE_REPRESENTATION('',(#11,#18192),#18498);
#18192 = MANIFOLD_SOLID_BREP('',#18193);
#18193 = CLOSED_SHELL('',(#18194,#18234,#18265,#18333,#18357,#18418,
    #18430,#18447,#18464,#18481));
#18194 = ADVANCED_FACE('',(#18195),#18229,.F.);
#18195 = FACE_BOUND('',#18196,.F.);
#18196 = EDGE_LOOP('',(#18197,#18207,#18215,#18223));
#18197 = ORIENTED_EDGE('',*,*,#18198,.F.);
#18198 = EDGE_CURVE('',#18199,#18201,#18203,.T.);
#18199 = VERTEX_POINT('',#18200);
#18200 = CARTESIAN_POINT('',(14.,14.,57.));
#18201 = VERTEX_POINT('',#18202);
#18202 = CARTESIAN_POINT('',(14.,14.,59.));
#18203 = LINE('',#18204,#18205);
#18204 = CARTESIAN_POINT('',(14.,14.,57.));
#18205 = VECTOR('',#18206,1.);
#18206 = DIRECTION('',(0.,0.,1.));
#18207 = ORIENTED_EDGE('',*,*,#18208,.T.);
#18208 = EDGE_CURVE('',#18199,#18209,#18211,.T.);
#18209 = VERTEX_POINT('',#18210);
#18210 = CARTESIAN_POINT('',(14.,244.,57.));
#18211 = LINE('',#18212,#18213);
#18212 = CARTESIAN_POINT('',(14.,14.,57.));
#18213 = VECTOR('',#18214,1.);
#18214 = DIRECTION('',(-0.,1.,0.));
#18215 = ORIENTED_EDGE('',*,*,#18216,.T.);
#18216 = EDGE_CURVE('',#18209,#18217,#18219,.T.);
#18217 = VERTEX_POINT('',#18218);
#18218 = CARTESIAN_POINT('',(14.,244.,59.));
#18219 = LINE('',#18220,#18221);
#18220 = CARTESIAN_POINT('',(14.,244.,57.));
#18221 = VECTOR('',#18222,1.);
#18222 = DIRECTION('',(0.,0.,1.));
#18223 = ORIENTED_EDGE('',*,*,#18224,.F.);
#18224 = EDGE_CURVE('',#18201,#18217,#18225,.T.);
#18225 = LINE('',#18226,#18227);
#18226 = CARTESIAN_POINT('',(14.,14.,59.));
#18227 = VECTOR('',#18228,1.);
#18228 = DIRECTION('',(-0.,1.,0.));
#18229 = PLANE('',#18230);
#18230 = AXIS2_PLACEMENT_3D('',#18231,#18232,#18233);
#18231 = CARTESIAN_POINT('',(14.,14.,57.));
#18232 = DIRECTION('',(1.,0.,-0.));
#18233 = DIRECTION('',(0.,0.,1.));
#18234 = ADVANCED_FACE('',(#18235),#18260,.F.);
#18235 = FACE_BOUND('',#18236,.F.);
#18236 = EDGE_LOOP('',(#18237,#18245,#18246,#18254));
#18237 = ORIENTED_EDGE('',*,*,#18238,.F.);
#18238 = EDGE_CURVE('',#18199,#18239,#18241,.T.);
#18239 = VERTEX_POINT('',#18240);
#18240 = CARTESIAN_POINT('',(184.,14.,57.));
#18241 = LINE('',#18242,#18243);
#18242 = CARTESIAN_POINT('',(14.,14.,57.));
#18243 = VECTOR('',#18244,1.);
#18244 = DIRECTION('',(1.,0.,-0.));
#18245 = ORIENTED_EDGE('',*,*,#18198,.T.);
#18246 = ORIENTED_EDGE('',*,*,#18247,.T.);
#18247 = EDGE_CURVE('',#18201,#18248,#18250,.T.);
#18248 = VERTEX_POINT('',#18249);
#18249 = CARTESIAN_POINT('',(184.,14.,59.));
#18250 = LINE('',#18251,#18252);
#18251 = CARTESIAN_POINT('',(14.,14.,59.));
#18252 = VECTOR('',#18253,1.);
#18253 = DIRECTION('',(1.,0.,-0.));
#18254 = ORIENTED_EDGE('',*,*,#18255,.F.);
#18255 = EDGE_CURVE('',#18239,#18248,#18256,.T.);
#18256 = LINE('',#18257,#18258);
#18257 = CARTESIAN_POINT('',(184.,14.,57.));
#18258 = VECTOR('',#18259,1.);
#18259 = DIRECTION('',(0.,0.,1.));
#18260 = PLANE('',#18261);
#18261 = AXIS2_PLACEMENT_3D('',#18262,#18263,#18264);
#18262 = CARTESIAN_POINT('',(14.,14.,57.));
#18263 = DIRECTION('',(-0.,1.,0.));
#18264 = DIRECTION('',(0.,0.,1.));
#18265 = ADVANCED_FACE('',(#18266,#18284,#18295,#18306,#18317),#18328,
  .T.);
#18266 = FACE_BOUND('',#18267,.T.);
#18267 = EDGE_LOOP('',(#18268,#18269,#18270,#18278));
#18268 = ORIENTED_EDGE('',*,*,#18224,.F.);
#18269 = ORIENTED_EDGE('',*,*,#18247,.T.);
#18270 = ORIENTED_EDGE('',*,*,#18271,.T.);
#18271 = EDGE_CURVE('',#18248,#18272,#18274,.T.);
#18272 = VERTEX_POINT('',#18273);
#18273 = CARTESIAN_POINT('',(184.,244.,59.));
#18274 = LINE('',#18275,#18276);
#18275 = CARTESIAN_POINT('',(184.,14.,59.));
#18276 = VECTOR('',#18277,1.);
#18277 = DIRECTION('',(-0.,1.,0.));
#18278 = ORIENTED_EDGE('',*,*,#18279,.F.);
#18279 = EDGE_CURVE('',#18217,#18272,#18280,.T.);
#18280 = LINE('',#18281,#18282);
#18281 = CARTESIAN_POINT('',(14.,244.,59.));
#18282 = VECTOR('',#18283,1.);
#18283 = DIRECTION('',(1.,0.,-0.));
#18284 = FACE_BOUND('',#18285,.T.);
#18285 = EDGE_LOOP('',(#18286));
#18286 = ORIENTED_EDGE('',*,*,#18287,.F.);
#18287 = EDGE_CURVE('',#18288,#18288,#18290,.T.);
#18288 = VERTEX_POINT('',#18289);
#18289 = CARTESIAN_POINT('',(28.1,26.5,59.));
#18290 = CIRCLE('',#18291,1.6);
#18291 = AXIS2_PLACEMENT_3D('',#18292,#18293,#18294);
#18292 = CARTESIAN_POINT('',(26.5,26.5,59.));
#18293 = DIRECTION('',(0.,0.,1.));
#18294 = DIRECTION('',(1.,0.,-0.));
#18295 = FACE_BOUND('',#18296,.T.);
#18296 = EDGE_LOOP('',(#18297));
#18297 = ORIENTED_EDGE('',*,*,#18298,.F.);
#18298 = EDGE_CURVE('',#18299,#18299,#18301,.T.);
#18299 = VERTEX_POINT('',#18300);
#18300 = CARTESIAN_POINT('',(173.1,26.5,59.));
#18301 = CIRCLE('',#18302,1.6);
#18302 = AXIS2_PLACEMENT_3D('',#18303,#18304,#18305);
#18303 = CARTESIAN_POINT('',(171.5,26.5,59.));
#18304 = DIRECTION('',(0.,0.,1.));
#18305 = DIRECTION('',(1.,0.,-0.));
#18306 = FACE_BOUND('',#18307,.T.);
#18307 = EDGE_LOOP('',(#18308));
#18308 = ORIENTED_EDGE('',*,*,#18309,.F.);
#18309 = EDGE_CURVE('',#18310,#18310,#18312,.T.);
#18310 = VERTEX_POINT('',#18311);
#18311 = CARTESIAN_POINT('',(28.1,231.5,59.));
#18312 = CIRCLE('',#18313,1.6);
#18313 = AXIS2_PLACEMENT_3D('',#18314,#18315,#18316);
#18314 = CARTESIAN_POINT('',(26.5,231.5,59.));
#18315 = DIRECTION('',(0.,0.,1.));
#18316 = DIRECTION('',(1.,0.,-0.));
#18317 = FACE_BOUND('',#18318,.T.);
#18318 = EDGE_LOOP('',(#18319));
#18319 = ORIENTED_EDGE('',*,*,#18320,.F.);
#18320 = EDGE_CURVE('',#18321,#18321,#18323,.T.);
#18321 = VERTEX_POINT('',#18322);
#18322 = CARTESIAN_POINT('',(173.1,231.5,59.));
#18323 = CIRCLE('',#18324,1.6);
#18324 = AXIS2_PLACEMENT_3D('',#18325,#18326,#18327);
#18325 = CARTESIAN_POINT('',(171.5,231.5,59.));
#18326 = DIRECTION('',(0.,0.,1.));
#18327 = DIRECTION('',(1.,0.,-0.));
#18328 = PLANE('',#18329);
#18329 = AXIS2_PLACEMENT_3D('',#18330,#18331,#18332);
#18330 = CARTESIAN_POINT('',(14.,14.,59.));
#18331 = DIRECTION('',(0.,0.,1.));
#18332 = DIRECTION('',(1.,0.,-0.));
#18333 = ADVANCED_FACE('',(#18334),#18352,.T.);
#18334 = FACE_BOUND('',#18335,.T.);
#18335 = EDGE_LOOP('',(#18336,#18344,#18345,#18346));
#18336 = ORIENTED_EDGE('',*,*,#18337,.F.);
#18337 = EDGE_CURVE('',#18209,#18338,#18340,.T.);
#18338 = VERTEX_POINT('',#18339);
#18339 = CARTESIAN_POINT('',(184.,244.,57.));
#18340 = LINE('',#18341,#18342);
#18341 = CARTESIAN_POINT('',(14.,244.,57.));
#18342 = VECTOR('',#18343,1.);
#18343 = DIRECTION('',(1.,0.,-0.));
#18344 = ORIENTED_EDGE('',*,*,#18216,.T.);
#18345 = ORIENTED_EDGE('',*,*,#18279,.T.);
#18346 = ORIENTED_EDGE('',*,*,#18347,.F.);
#18347 = EDGE_CURVE('',#18338,#18272,#18348,.T.);
#18348 = LINE('',#18349,#18350);
#18349 = CARTESIAN_POINT('',(184.,244.,57.));
#18350 = VECTOR('',#18351,1.);
#18351 = DIRECTION('',(0.,0.,1.));
#18352 = PLANE('',#18353);
#18353 = AXIS2_PLACEMENT_3D('',#18354,#18355,#18356);
#18354 = CARTESIAN_POINT('',(14.,244.,57.));
#18355 = DIRECTION('',(-0.,1.,0.));
#18356 = DIRECTION('',(0.,0.,1.));
#18357 = ADVANCED_FACE('',(#18358,#18369,#18380,#18391,#18402),#18413,
  .F.);
#18358 = FACE_BOUND('',#18359,.F.);
#18359 = EDGE_LOOP('',(#18360,#18361,#18362,#18368));
#18360 = ORIENTED_EDGE('',*,*,#18208,.F.);
#18361 = ORIENTED_EDGE('',*,*,#18238,.T.);
#18362 = ORIENTED_EDGE('',*,*,#18363,.T.);
#18363 = EDGE_CURVE('',#18239,#18338,#18364,.T.);
#18364 = LINE('',#18365,#18366);
#18365 = CARTESIAN_POINT('',(184.,14.,57.));
#18366 = VECTOR('',#18367,1.);
#18367 = DIRECTION('',(-0.,1.,0.));
#18368 = ORIENTED_EDGE('',*,*,#18337,.F.);
#18369 = FACE_BOUND('',#18370,.F.);
#18370 = EDGE_LOOP('',(#18371));
#18371 = ORIENTED_EDGE('',*,*,#18372,.F.);
#18372 = EDGE_CURVE('',#18373,#18373,#18375,.T.);
#18373 = VERTEX_POINT('',#18374);
#18374 = CARTESIAN_POINT('',(28.1,26.5,57.));
#18375 = CIRCLE('',#18376,1.6);
#18376 = AXIS2_PLACEMENT_3D('',#18377,#18378,#18379);
#18377 = CARTESIAN_POINT('',(26.5,26.5,57.));
#18378 = DIRECTION('',(0.,0.,1.));
#18379 = DIRECTION('',(1.,0.,-0.));
#18380 = FACE_BOUND('',#18381,.F.);
#18381 = EDGE_LOOP('',(#18382));
#18382 = ORIENTED_EDGE('',*,*,#18383,.F.);
#18383 = EDGE_CURVE('',#18384,#18384,#18386,.T.);
#18384 = VERTEX_POINT('',#18385);
#18385 = CARTESIAN_POINT('',(173.1,26.5,57.));
#18386 = CIRCLE('',#18387,1.6);
#18387 = AXIS2_PLACEMENT_3D('',#18388,#18389,#18390);
#18388 = CARTESIAN_POINT('',(171.5,26.5,57.));
#18389 = DIRECTION('',(0.,0.,1.));
#18390 = DIRECTION('',(1.,0.,-0.));
#18391 = FACE_BOUND('',#18392,.F.);
#18392 = EDGE_LOOP('',(#18393));
#18393 = ORIENTED_EDGE('',*,*,#18394,.F.);
#18394 = EDGE_CURVE('',#18395,#18395,#18397,.T.);
#18395 = VERTEX_POINT('',#18396);
#18396 = CARTESIAN_POINT('',(28.1,231.5,57.));
#18397 = CIRCLE('',#18398,1.6);
#18398 = AXIS2_PLACEMENT_3D('',#18399,#18400,#18401);
#18399 = CARTESIAN_POINT('',(26.5,231.5,57.));
#18400 = DIRECTION('',(0.,0.,1.));
#18401 = DIRECTION('',(1.,0.,-0.));
#18402 = FACE_BOUND('',#18403,.F.);
#18403 = EDGE_LOOP('',(#18404));
#18404 = ORIENTED_EDGE('',*,*,#18405,.F.);
#18405 = EDGE_CURVE('',#18406,#18406,#18408,.T.);
#18406 = VERTEX_POINT('',#18407);
#18407 = CARTESIAN_POINT('',(173.1,231.5,57.));
#18408 = CIRCLE('',#18409,1.6);
#18409 = AXIS2_PLACEMENT_3D('',#18410,#18411,#18412);
#18410 = CARTESIAN_POINT('',(171.5,231.5,57.));
#18411 = DIRECTION('',(0.,0.,1.));
#18412 = DIRECTION('',(1.,0.,-0.));
#18413 = PLANE('',#18414);
#18414 = AXIS2_PLACEMENT_3D('',#18415,#18416,#18417);
#18415 = CARTESIAN_POINT('',(14.,14.,57.));
#18416 = DIRECTION('',(0.,0.,1.));
#18417 = DIRECTION('',(1.,0.,-0.));
#18418 = ADVANCED_FACE('',(#18419),#18425,.T.);
#18419 = FACE_BOUND('',#18420,.T.);
#18420 = EDGE_LOOP('',(#18421,#18422,#18423,#18424));
#18421 = ORIENTED_EDGE('',*,*,#18255,.F.);
#18422 = ORIENTED_EDGE('',*,*,#18363,.T.);
#18423 = ORIENTED_EDGE('',*,*,#18347,.T.);
#18424 = ORIENTED_EDGE('',*,*,#18271,.F.);
#18425 = PLANE('',#18426);
#18426 = AXIS2_PLACEMENT_3D('',#18427,#18428,#18429);
#18427 = CARTESIAN_POINT('',(184.,14.,57.));
#18428 = DIRECTION('',(1.,0.,-0.));
#18429 = DIRECTION('',(0.,0.,1.));
#18430 = ADVANCED_FACE('',(#18431),#18442,.F.);
#18431 = FACE_BOUND('',#18432,.F.);
#18432 = EDGE_LOOP('',(#18433,#18434,#18440,#18441));
#18433 = ORIENTED_EDGE('',*,*,#18287,.F.);
#18434 = ORIENTED_EDGE('',*,*,#18435,.F.);
#18435 = EDGE_CURVE('',#18373,#18288,#18436,.T.);
#18436 = LINE('',#18437,#18438);
#18437 = CARTESIAN_POINT('',(28.1,26.5,56.));
#18438 = VECTOR('',#18439,1.);
#18439 = DIRECTION('',(0.,0.,1.));
#18440 = ORIENTED_EDGE('',*,*,#18372,.T.);
#18441 = ORIENTED_EDGE('',*,*,#18435,.T.);
#18442 = CYLINDRICAL_SURFACE('',#18443,1.6);
#18443 = AXIS2_PLACEMENT_3D('',#18444,#18445,#18446);
#18444 = CARTESIAN_POINT('',(26.5,26.5,56.));
#18445 = DIRECTION('',(0.,0.,1.));
#18446 = DIRECTION('',(1.,0.,-0.));
#18447 = ADVANCED_FACE('',(#18448),#18459,.F.);
#18448 = FACE_BOUND('',#18449,.F.);
#18449 = EDGE_LOOP('',(#18450,#18451,#18457,#18458));
#18450 = ORIENTED_EDGE('',*,*,#18298,.F.);
#18451 = ORIENTED_EDGE('',*,*,#18452,.F.);
#18452 = EDGE_CURVE('',#18384,#18299,#18453,.T.);
#18453 = LINE('',#18454,#18455);
#18454 = CARTESIAN_POINT('',(173.1,26.5,56.));
#18455 = VECTOR('',#18456,1.);
#18456 = DIRECTION('',(0.,0.,1.));
#18457 = ORIENTED_EDGE('',*,*,#18383,.T.);
#18458 = ORIENTED_EDGE('',*,*,#18452,.T.);
#18459 = CYLINDRICAL_SURFACE('',#18460,1.6);
#18460 = AXIS2_PLACEMENT_3D('',#18461,#18462,#18463);
#18461 = CARTESIAN_POINT('',(171.5,26.5,56.));
#18462 = DIRECTION('',(0.,0.,1.));
#18463 = DIRECTION('',(1.,0.,-0.));
#18464 = ADVANCED_FACE('',(#18465),#18476,.F.);
#18465 = FACE_BOUND('',#18466,.F.);
#18466 = EDGE_LOOP('',(#18467,#18468,#18474,#18475));
#18467 = ORIENTED_EDGE('',*,*,#18309,.F.);
#18468 = ORIENTED_EDGE('',*,*,#18469,.F.);
#18469 = EDGE_CURVE('',#18395,#18310,#18470,.T.);
#18470 = LINE('',#18471,#18472);
#18471 = CARTESIAN_POINT('',(28.1,231.5,56.));
#18472 = VECTOR('',#18473,1.);
#18473 = DIRECTION('',(0.,0.,1.));
#18474 = ORIENTED_EDGE('',*,*,#18394,.T.);
#18475 = ORIENTED_EDGE('',*,*,#18469,.T.);
#18476 = CYLINDRICAL_SURFACE('',#18477,1.6);
#18477 = AXIS2_PLACEMENT_3D('',#18478,#18479,#18480);
#18478 = CARTESIAN_POINT('',(26.5,231.5,56.));
#18479 = DIRECTION('',(0.,0.,1.));
#18480 = DIRECTION('',(1.,0.,-0.));
#18481 = ADVANCED_FACE('',(#18482),#18493,.F.);
#18482 = FACE_BOUND('',#18483,.F.);
#18483 = EDGE_LOOP('',(#18484,#18485,#18491,#18492));
#18484 = ORIENTED_EDGE('',*,*,#18320,.F.);
#18485 = ORIENTED_EDGE('',*,*,#18486,.F.);
#18486 = EDGE_CURVE('',#18406,#18321,#18487,.T.);
#18487 = LINE('',#18488,#18489);
#18488 = CARTESIAN_POINT('',(173.1,231.5,56.));
#18489 = VECTOR('',#18490,1.);
#18490 = DIRECTION('',(0.,0.,1.));
#18491 = ORIENTED_EDGE('',*,*,#18405,.T.);
#18492 = ORIENTED_EDGE('',*,*,#18486,.T.);
#18493 = CYLINDRICAL_SURFACE('',#18494,1.6);
#18494 = AXIS2_PLACEMENT_3D('',#18495,#18496,#18497);
#18495 = CARTESIAN_POINT('',(171.5,231.5,56.));
#18496 = DIRECTION('',(0.,0.,1.));
#18497 = DIRECTION('',(1.,0.,-0.));
#18498 = ( GEOMETRIC_REPRESENTATION_CONTEXT(3) 
GLOBAL_UNCERTAINTY_ASSIGNED_CONTEXT((#18502)) 
GLOBAL_UNIT_ASSIGNED_CONTEXT((#18499,#18500,#18501)) 
REPRESENTATION_CONTEXT('Context #1',
  '3D Context with UNIT and UNCERTAINTY') );
#18499 = ( LENGTH_UNIT() NAMED_UNIT(*) SI_UNIT(.MILLI.,.METRE.) );
#18500 = ( NAMED_UNIT(*) PLANE_ANGLE_UNIT() SI_UNIT($,.RADIAN.) );
#18501 = ( NAMED_UNIT(*) SI_UNIT($,.STERADIAN.) SOLID_ANGLE_UNIT() );
#18502 = UNCERTAINTY_MEASURE_WITH_UNIT(LENGTH_MEASURE(1.E-07),#18499,
  'distance_accuracy_value','confusion accuracy');
#18503 = CONTEXT_DEPENDENT_SHAPE_REPRESENTATION(#18504,#18506);
#18504 = ( REPRESENTATION_RELATIONSHIP('','',#18191,#10) 
REPRESENTATION_RELATIONSHIP_WITH_TRANSFORMATION(#18505) 
SHAPE_REPRESENTATION_RELATIONSHIP() );
#18505 = ITEM_DEFINED_TRANSFORMATION('','',#11,#115);
#18506 = PRODUCT_DEFINITION_SHAPE('Placement','Placement of an item',
  #18507);
#18507 = NEXT_ASSEMBLY_USAGE_OCCURRENCE('48','REF panel','',#5,#18186,$
  );
#18508 = PRODUCT_RELATED_PRODUCT_CATEGORY('part',$,(#18188));
#18509 = SHAPE_DEFINITION_REPRESENTATION(#18510,#18516);
#18510 = PRODUCT_DEFINITION_SHAPE('','',#18511);
#18511 = PRODUCT_DEFINITION('design','',#18512,#18515);
#18512 = PRODUCT_DEFINITION_FORMATION('','',#18513);
#18513 = PRODUCT('REF panel_standoffs','REF panel_standoffs','',(#18514)
  );
#18514 = PRODUCT_CONTEXT('',#2,'mechanical');
#18515 = PRODUCT_DEFINITION_CONTEXT('part definition',#2,'design');
#18516 = SHAPE_REPRESENTATION('',(#11,#18517,#18570,#18623,#18676),
  #18729);
#18517 = MANIFOLD_SOLID_BREP('',#18518);
#18518 = CLOSED_SHELL('',(#18519,#18552,#18561));
#18519 = ADVANCED_FACE('',(#18520),#18547,.T.);
#18520 = FACE_BOUND('',#18521,.T.);
#18521 = EDGE_LOOP('',(#18522,#18531,#18539,#18546));
#18522 = ORIENTED_EDGE('',*,*,#18523,.F.);
#18523 = EDGE_CURVE('',#18524,#18524,#18526,.T.);
#18524 = VERTEX_POINT('',#18525);
#18525 = CARTESIAN_POINT('',(29.25,26.5,57.));
#18526 = CIRCLE('',#18527,2.75);
#18527 = AXIS2_PLACEMENT_3D('',#18528,#18529,#18530);
#18528 = CARTESIAN_POINT('',(26.5,26.5,57.));
#18529 = DIRECTION('',(0.,0.,1.));
#18530 = DIRECTION('',(1.,0.,-0.));
#18531 = ORIENTED_EDGE('',*,*,#18532,.F.);
#18532 = EDGE_CURVE('',#18533,#18524,#18535,.T.);
#18533 = VERTEX_POINT('',#18534);
#18534 = CARTESIAN_POINT('',(29.25,26.5,9.));
#18535 = LINE('',#18536,#18537);
#18536 = CARTESIAN_POINT('',(29.25,26.5,9.));
#18537 = VECTOR('',#18538,1.);
#18538 = DIRECTION('',(0.,0.,1.));
#18539 = ORIENTED_EDGE('',*,*,#18540,.T.);
#18540 = EDGE_CURVE('',#18533,#18533,#18541,.T.);
#18541 = CIRCLE('',#18542,2.75);
#18542 = AXIS2_PLACEMENT_3D('',#18543,#18544,#18545);
#18543 = CARTESIAN_POINT('',(26.5,26.5,9.));
#18544 = DIRECTION('',(0.,0.,1.));
#18545 = DIRECTION('',(1.,0.,-0.));
#18546 = ORIENTED_EDGE('',*,*,#18532,.T.);
#18547 = CYLINDRICAL_SURFACE('',#18548,2.75);
#18548 = AXIS2_PLACEMENT_3D('',#18549,#18550,#18551);
#18549 = CARTESIAN_POINT('',(26.5,26.5,9.));
#18550 = DIRECTION('',(0.,0.,1.));
#18551 = DIRECTION('',(1.,0.,-0.));
#18552 = ADVANCED_FACE('',(#18553),#18556,.T.);
#18553 = FACE_BOUND('',#18554,.T.);
#18554 = EDGE_LOOP('',(#18555));
#18555 = ORIENTED_EDGE('',*,*,#18523,.T.);
#18556 = PLANE('',#18557);
#18557 = AXIS2_PLACEMENT_3D('',#18558,#18559,#18560);
#18558 = CARTESIAN_POINT('',(26.5,26.5,57.));
#18559 = DIRECTION('',(0.,0.,1.));
#18560 = DIRECTION('',(1.,0.,-0.));
#18561 = ADVANCED_FACE('',(#18562),#18565,.F.);
#18562 = FACE_BOUND('',#18563,.T.);
#18563 = EDGE_LOOP('',(#18564));
#18564 = ORIENTED_EDGE('',*,*,#18540,.F.);
#18565 = PLANE('',#18566);
#18566 = AXIS2_PLACEMENT_3D('',#18567,#18568,#18569);
#18567 = CARTESIAN_POINT('',(26.5,26.5,9.));
#18568 = DIRECTION('',(0.,0.,1.));
#18569 = DIRECTION('',(1.,0.,-0.));
#18570 = MANIFOLD_SOLID_BREP('',#18571);
#18571 = CLOSED_SHELL('',(#18572,#18605,#18614));
#18572 = ADVANCED_FACE('',(#18573),#18600,.T.);
#18573 = FACE_BOUND('',#18574,.T.);
#18574 = EDGE_LOOP('',(#18575,#18584,#18592,#18599));
#18575 = ORIENTED_EDGE('',*,*,#18576,.F.);
#18576 = EDGE_CURVE('',#18577,#18577,#18579,.T.);
#18577 = VERTEX_POINT('',#18578);
#18578 = CARTESIAN_POINT('',(174.25,26.5,57.));
#18579 = CIRCLE('',#18580,2.75);
#18580 = AXIS2_PLACEMENT_3D('',#18581,#18582,#18583);
#18581 = CARTESIAN_POINT('',(171.5,26.5,57.));
#18582 = DIRECTION('',(0.,0.,1.));
#18583 = DIRECTION('',(1.,0.,-0.));
#18584 = ORIENTED_EDGE('',*,*,#18585,.F.);
#18585 = EDGE_CURVE('',#18586,#18577,#18588,.T.);
#18586 = VERTEX_POINT('',#18587);
#18587 = CARTESIAN_POINT('',(174.25,26.5,9.));
#18588 = LINE('',#18589,#18590);
#18589 = CARTESIAN_POINT('',(174.25,26.5,9.));
#18590 = VECTOR('',#18591,1.);
#18591 = DIRECTION('',(0.,0.,1.));
#18592 = ORIENTED_EDGE('',*,*,#18593,.T.);
#18593 = EDGE_CURVE('',#18586,#18586,#18594,.T.);
#18594 = CIRCLE('',#18595,2.75);
#18595 = AXIS2_PLACEMENT_3D('',#18596,#18597,#18598);
#18596 = CARTESIAN_POINT('',(171.5,26.5,9.));
#18597 = DIRECTION('',(0.,0.,1.));
#18598 = DIRECTION('',(1.,0.,-0.));
#18599 = ORIENTED_EDGE('',*,*,#18585,.T.);
#18600 = CYLINDRICAL_SURFACE('',#18601,2.75);
#18601 = AXIS2_PLACEMENT_3D('',#18602,#18603,#18604);
#18602 = CARTESIAN_POINT('',(171.5,26.5,9.));
#18603 = DIRECTION('',(0.,0.,1.));
#18604 = DIRECTION('',(1.,0.,-0.));
#18605 = ADVANCED_FACE('',(#18606),#18609,.T.);
#18606 = FACE_BOUND('',#18607,.T.);
#18607 = EDGE_LOOP('',(#18608));
#18608 = ORIENTED_EDGE('',*,*,#18576,.T.);
#18609 = PLANE('',#18610);
#18610 = AXIS2_PLACEMENT_3D('',#18611,#18612,#18613);
#18611 = CARTESIAN_POINT('',(171.5,26.5,57.));
#18612 = DIRECTION('',(0.,0.,1.));
#18613 = DIRECTION('',(1.,0.,-0.));
#18614 = ADVANCED_FACE('',(#18615),#18618,.F.);
#18615 = FACE_BOUND('',#18616,.T.);
#18616 = EDGE_LOOP('',(#18617));
#18617 = ORIENTED_EDGE('',*,*,#18593,.F.);
#18618 = PLANE('',#18619);
#18619 = AXIS2_PLACEMENT_3D('',#18620,#18621,#18622);
#18620 = CARTESIAN_POINT('',(171.5,26.5,9.));
#18621 = DIRECTION('',(0.,0.,1.));
#18622 = DIRECTION('',(1.,0.,-0.));
#18623 = MANIFOLD_SOLID_BREP('',#18624);
#18624 = CLOSED_SHELL('',(#18625,#18658,#18667));
#18625 = ADVANCED_FACE('',(#18626),#18653,.T.);
#18626 = FACE_BOUND('',#18627,.T.);
#18627 = EDGE_LOOP('',(#18628,#18637,#18645,#18652));
#18628 = ORIENTED_EDGE('',*,*,#18629,.F.);
#18629 = EDGE_CURVE('',#18630,#18630,#18632,.T.);
#18630 = VERTEX_POINT('',#18631);
#18631 = CARTESIAN_POINT('',(29.25,231.5,57.));
#18632 = CIRCLE('',#18633,2.75);
#18633 = AXIS2_PLACEMENT_3D('',#18634,#18635,#18636);
#18634 = CARTESIAN_POINT('',(26.5,231.5,57.));
#18635 = DIRECTION('',(0.,0.,1.));
#18636 = DIRECTION('',(1.,0.,-0.));
#18637 = ORIENTED_EDGE('',*,*,#18638,.F.);
#18638 = EDGE_CURVE('',#18639,#18630,#18641,.T.);
#18639 = VERTEX_POINT('',#18640);
#18640 = CARTESIAN_POINT('',(29.25,231.5,9.));
#18641 = LINE('',#18642,#18643);
#18642 = CARTESIAN_POINT('',(29.25,231.5,9.));
#18643 = VECTOR('',#18644,1.);
#18644 = DIRECTION('',(0.,0.,1.));
#18645 = ORIENTED_EDGE('',*,*,#18646,.T.);
#18646 = EDGE_CURVE('',#18639,#18639,#18647,.T.);
#18647 = CIRCLE('',#18648,2.75);
#18648 = AXIS2_PLACEMENT_3D('',#18649,#18650,#18651);
#18649 = CARTESIAN_POINT('',(26.5,231.5,9.));
#18650 = DIRECTION('',(0.,0.,1.));
#18651 = DIRECTION('',(1.,0.,-0.));
#18652 = ORIENTED_EDGE('',*,*,#18638,.T.);
#18653 = CYLINDRICAL_SURFACE('',#18654,2.75);
#18654 = AXIS2_PLACEMENT_3D('',#18655,#18656,#18657);
#18655 = CARTESIAN_POINT('',(26.5,231.5,9.));
#18656 = DIRECTION('',(0.,0.,1.));
#18657 = DIRECTION('',(1.,0.,-0.));
#18658 = ADVANCED_FACE('',(#18659),#18662,.T.);
#18659 = FACE_BOUND('',#18660,.T.);
#18660 = EDGE_LOOP('',(#18661));
#18661 = ORIENTED_EDGE('',*,*,#18629,.T.);
#18662 = PLANE('',#18663);
#18663 = AXIS2_PLACEMENT_3D('',#18664,#18665,#18666);
#18664 = CARTESIAN_POINT('',(26.5,231.5,57.));
#18665 = DIRECTION('',(0.,0.,1.));
#18666 = DIRECTION('',(1.,0.,-0.));
#18667 = ADVANCED_FACE('',(#18668),#18671,.F.);
#18668 = FACE_BOUND('',#18669,.T.);
#18669 = EDGE_LOOP('',(#18670));
#18670 = ORIENTED_EDGE('',*,*,#18646,.F.);
#18671 = PLANE('',#18672);
#18672 = AXIS2_PLACEMENT_3D('',#18673,#18674,#18675);
#18673 = CARTESIAN_POINT('',(26.5,231.5,9.));
#18674 = DIRECTION('',(0.,0.,1.));
#18675 = DIRECTION('',(1.,0.,-0.));
#18676 = MANIFOLD_SOLID_BREP('',#18677);
#18677 = CLOSED_SHELL('',(#18678,#18711,#18720));
#18678 = ADVANCED_FACE('',(#18679),#18706,.T.);
#18679 = FACE_BOUND('',#18680,.T.);
#18680 = EDGE_LOOP('',(#18681,#18690,#18698,#18705));
#18681 = ORIENTED_EDGE('',*,*,#18682,.F.);
#18682 = EDGE_CURVE('',#18683,#18683,#18685,.T.);
#18683 = VERTEX_POINT('',#18684);
#18684 = CARTESIAN_POINT('',(174.25,231.5,57.));
#18685 = CIRCLE('',#18686,2.75);
#18686 = AXIS2_PLACEMENT_3D('',#18687,#18688,#18689);
#18687 = CARTESIAN_POINT('',(171.5,231.5,57.));
#18688 = DIRECTION('',(0.,0.,1.));
#18689 = DIRECTION('',(1.,0.,-0.));
#18690 = ORIENTED_EDGE('',*,*,#18691,.F.);
#18691 = EDGE_CURVE('',#18692,#18683,#18694,.T.);
#18692 = VERTEX_POINT('',#18693);
#18693 = CARTESIAN_POINT('',(174.25,231.5,9.));
#18694 = LINE('',#18695,#18696);
#18695 = CARTESIAN_POINT('',(174.25,231.5,9.));
#18696 = VECTOR('',#18697,1.);
#18697 = DIRECTION('',(0.,0.,1.));
#18698 = ORIENTED_EDGE('',*,*,#18699,.T.);
#18699 = EDGE_CURVE('',#18692,#18692,#18700,.T.);
#18700 = CIRCLE('',#18701,2.75);
#18701 = AXIS2_PLACEMENT_3D('',#18702,#18703,#18704);
#18702 = CARTESIAN_POINT('',(171.5,231.5,9.));
#18703 = DIRECTION('',(0.,0.,1.));
#18704 = DIRECTION('',(1.,0.,-0.));
#18705 = ORIENTED_EDGE('',*,*,#18691,.T.);
#18706 = CYLINDRICAL_SURFACE('',#18707,2.75);
#18707 = AXIS2_PLACEMENT_3D('',#18708,#18709,#18710);
#18708 = CARTESIAN_POINT('',(171.5,231.5,9.));
#18709 = DIRECTION('',(0.,0.,1.));
#18710 = DIRECTION('',(1.,0.,-0.));
#18711 = ADVANCED_FACE('',(#18712),#18715,.T.);
#18712 = FACE_BOUND('',#18713,.T.);
#18713 = EDGE_LOOP('',(#18714));
#18714 = ORIENTED_EDGE('',*,*,#18682,.T.);
#18715 = PLANE('',#18716);
#18716 = AXIS2_PLACEMENT_3D('',#18717,#18718,#18719);
#18717 = CARTESIAN_POINT('',(171.5,231.5,57.));
#18718 = DIRECTION('',(0.,0.,1.));
#18719 = DIRECTION('',(1.,0.,-0.));
#18720 = ADVANCED_FACE('',(#18721),#18724,.F.);
#18721 = FACE_BOUND('',#18722,.T.);
#18722 = EDGE_LOOP('',(#18723));
#18723 = ORIENTED_EDGE('',*,*,#18699,.F.);
#18724 = PLANE('',#18725);
#18725 = AXIS2_PLACEMENT_3D('',#18726,#18727,#18728);
#18726 = CARTESIAN_POINT('',(171.5,231.5,9.));
#18727 = DIRECTION('',(0.,0.,1.));
#18728 = DIRECTION('',(1.,0.,-0.));
#18729 = ( GEOMETRIC_REPRESENTATION_CONTEXT(3) 
GLOBAL_UNCERTAINTY_ASSIGNED_CONTEXT((#18733)) 
GLOBAL_UNIT_ASSIGNED_CONTEXT((#18730,#18731,#18732)) 
REPRESENTATION_CONTEXT('Context #1',
  '3D Context with UNIT and UNCERTAINTY') );
#18730 = ( LENGTH_UNIT() NAMED_UNIT(*) SI_UNIT(.MILLI.,.METRE.) );
#18731 = ( NAMED_UNIT(*) PLANE_ANGLE_UNIT() SI_UNIT($,.RADIAN.) );
#18732 = ( NAMED_UNIT(*) SI_UNIT($,.STERADIAN.) SOLID_ANGLE_UNIT() );
#18733 = UNCERTAINTY_MEASURE_WITH_UNIT(LENGTH_MEASURE(1.E-07),#18730,
  'distance_accuracy_value','confusion accuracy');
#18734 = CONTEXT_DEPENDENT_SHAPE_REPRESENTATION(#18735,#18737);
#18735 = ( REPRESENTATION_RELATIONSHIP('','',#18516,#10) 
REPRESENTATION_RELATIONSHIP_WITH_TRANSFORMATION(#18736) 
SHAPE_REPRESENTATION_RELATIONSHIP() );
#18736 = ITEM_DEFINED_TRANSFORMATION('','',#11,#119);
#18737 = PRODUCT_DEFINITION_SHAPE('Placement','Placement of an item',
  #18738);
#18738 = NEXT_ASSEMBLY_USAGE_OCCURRENCE('49','REF panel_standoffs','',#5
  ,#18511,$);
#18739 = PRODUCT_RELATED_PRODUCT_CATEGORY('part',$,(#18513));
#18740 = SHAPE_DEFINITION_REPRESENTATION(#18741,#18747);
#18741 = PRODUCT_DEFINITION_SHAPE('','',#18742);
#18742 = PRODUCT_DEFINITION('design','',#18743,#18746);
#18743 = PRODUCT_DEFINITION_FORMATION('','',#18744);
#18744 = PRODUCT('REF board3620','REF board3620','',(#18745));
#18745 = PRODUCT_CONTEXT('',#2,'mechanical');
#18746 = PRODUCT_DEFINITION_CONTEXT('part definition',#2,'design');
#18747 = ADVANCED_BREP_SHAPE_REPRESENTATION('',(#11,#18748),#19162);
#18748 = MANIFOLD_SOLID_BREP('',#18749);
#18749 = CLOSED_SHELL('',(#18750,#18790,#18821,#18909,#18933,#19014,
    #19031,#19048,#19065,#19082,#19099,#19116,#19133,#19150));
#18750 = ADVANCED_FACE('',(#18751),#18785,.F.);
#18751 = FACE_BOUND('',#18752,.F.);
#18752 = EDGE_LOOP('',(#18753,#18763,#18771,#18779));
#18753 = ORIENTED_EDGE('',*,*,#18754,.F.);
#18754 = EDGE_CURVE('',#18755,#18757,#18759,.T.);
#18755 = VERTEX_POINT('',#18756);
#18756 = CARTESIAN_POINT('',(19.,42.,43.4));
#18757 = VERTEX_POINT('',#18758);
#18758 = CARTESIAN_POINT('',(19.,42.,45.));
#18759 = LINE('',#18760,#18761);
#18760 = CARTESIAN_POINT('',(19.,42.,42.4));
#18761 = VECTOR('',#18762,1.);
#18762 = DIRECTION('',(0.,0.,1.));
#18763 = ORIENTED_EDGE('',*,*,#18764,.T.);
#18764 = EDGE_CURVE('',#18755,#18765,#18767,.T.);
#18765 = VERTEX_POINT('',#18766);
#18766 = CARTESIAN_POINT('',(19.,216.,43.4));
#18767 = LINE('',#18768,#18769);
#18768 = CARTESIAN_POINT('',(19.,19.,43.4));
#18769 = VECTOR('',#18770,1.);
#18770 = DIRECTION('',(-0.,1.,0.));
#18771 = ORIENTED_EDGE('',*,*,#18772,.T.);
#18772 = EDGE_CURVE('',#18765,#18773,#18775,.T.);
#18773 = VERTEX_POINT('',#18774);
#18774 = CARTESIAN_POINT('',(19.,216.,45.));
#18775 = LINE('',#18776,#18777);
#18776 = CARTESIAN_POINT('',(19.,216.,42.4));
#18777 = VECTOR('',#18778,1.);
#18778 = DIRECTION('',(0.,0.,1.));
#18779 = ORIENTED_EDGE('',*,*,#18780,.F.);
#18780 = EDGE_CURVE('',#18757,#18773,#18781,.T.);
#18781 = LINE('',#18782,#18783);
#18782 = CARTESIAN_POINT('',(19.,19.,45.));
#18783 = VECTOR('',#18784,1.);
#18784 = DIRECTION('',(-0.,1.,0.));
#18785 = PLANE('',#18786);
#18786 = AXIS2_PLACEMENT_3D('',#18787,#18788,#18789);
#18787 = CARTESIAN_POINT('',(19.,19.,43.4));
#18788 = DIRECTION('',(1.,0.,-0.));
#18789 = DIRECTION('',(0.,0.,1.));
#18790 = ADVANCED_FACE('',(#18791),#18816,.F.);
#18791 = FACE_BOUND('',#18792,.F.);
#18792 = EDGE_LOOP('',(#18793,#18803,#18809,#18810));
#18793 = ORIENTED_EDGE('',*,*,#18794,.F.);
#18794 = EDGE_CURVE('',#18795,#18797,#18799,.T.);
#18795 = VERTEX_POINT('',#18796);
#18796 = CARTESIAN_POINT('',(42.,42.,43.4));
#18797 = VERTEX_POINT('',#18798);
#18798 = CARTESIAN_POINT('',(42.,42.,45.));
#18799 = LINE('',#18800,#18801);
#18800 = CARTESIAN_POINT('',(42.,42.,42.4));
#18801 = VECTOR('',#18802,1.);
#18802 = DIRECTION('',(0.,0.,1.));
#18803 = ORIENTED_EDGE('',*,*,#18804,.T.);
#18804 = EDGE_CURVE('',#18795,#18755,#18805,.T.);
#18805 = LINE('',#18806,#18807);
#18806 = CARTESIAN_POINT('',(19.,42.,43.4));
#18807 = VECTOR('',#18808,1.);
#18808 = DIRECTION('',(-1.,-0.,0.));
#18809 = ORIENTED_EDGE('',*,*,#18754,.T.);
#18810 = ORIENTED_EDGE('',*,*,#18811,.F.);
#18811 = EDGE_CURVE('',#18797,#18757,#18812,.T.);
#18812 = LINE('',#18813,#18814);
#18813 = CARTESIAN_POINT('',(19.,42.,45.));
#18814 = VECTOR('',#18815,1.);
#18815 = DIRECTION('',(-1.,-0.,0.));
#18816 = PLANE('',#18817);
#18817 = AXIS2_PLACEMENT_3D('',#18818,#18819,#18820);
#18818 = CARTESIAN_POINT('',(19.,42.,42.4));
#18819 = DIRECTION('',(-0.,1.,0.));
#18820 = DIRECTION('',(0.,0.,1.));
#18821 = ADVANCED_FACE('',(#18822),#18904,.T.);
#18822 = FACE_BOUND('',#18823,.T.);
#18823 = EDGE_LOOP('',(#18824,#18825,#18826,#18834,#18842,#18850,#18858,
    #18866,#18874,#18882,#18890,#18898));
#18824 = ORIENTED_EDGE('',*,*,#18780,.F.);
#18825 = ORIENTED_EDGE('',*,*,#18811,.F.);
#18826 = ORIENTED_EDGE('',*,*,#18827,.F.);
#18827 = EDGE_CURVE('',#18828,#18797,#18830,.T.);
#18828 = VERTEX_POINT('',#18829);
#18829 = CARTESIAN_POINT('',(42.,19.,45.));
#18830 = LINE('',#18831,#18832);
#18831 = CARTESIAN_POINT('',(42.,19.,45.));
#18832 = VECTOR('',#18833,1.);
#18833 = DIRECTION('',(-0.,1.,0.));
#18834 = ORIENTED_EDGE('',*,*,#18835,.T.);
#18835 = EDGE_CURVE('',#18828,#18836,#18838,.T.);
#18836 = VERTEX_POINT('',#18837);
#18837 = CARTESIAN_POINT('',(156.,19.,45.));
#18838 = LINE('',#18839,#18840);
#18839 = CARTESIAN_POINT('',(19.,19.,45.));
#18840 = VECTOR('',#18841,1.);
#18841 = DIRECTION('',(1.,0.,-0.));
#18842 = ORIENTED_EDGE('',*,*,#18843,.T.);
#18843 = EDGE_CURVE('',#18836,#18844,#18846,.T.);
#18844 = VERTEX_POINT('',#18845);
#18845 = CARTESIAN_POINT('',(156.,42.,45.));
#18846 = LINE('',#18847,#18848);
#18847 = CARTESIAN_POINT('',(156.,19.,45.));
#18848 = VECTOR('',#18849,1.);
#18849 = DIRECTION('',(-0.,1.,0.));
#18850 = ORIENTED_EDGE('',*,*,#18851,.F.);
#18851 = EDGE_CURVE('',#18852,#18844,#18854,.T.);
#18852 = VERTEX_POINT('',#18853);
#18853 = CARTESIAN_POINT('',(179.,42.,45.));
#18854 = LINE('',#18855,#18856);
#18855 = CARTESIAN_POINT('',(87.5,42.,45.));
#18856 = VECTOR('',#18857,1.);
#18857 = DIRECTION('',(-1.,-0.,0.));
#18858 = ORIENTED_EDGE('',*,*,#18859,.T.);
#18859 = EDGE_CURVE('',#18852,#18860,#18862,.T.);
#18860 = VERTEX_POINT('',#18861);
#18861 = CARTESIAN_POINT('',(179.,216.,45.));
#18862 = LINE('',#18863,#18864);
#18863 = CARTESIAN_POINT('',(179.,19.,45.));
#18864 = VECTOR('',#18865,1.);
#18865 = DIRECTION('',(-0.,1.,0.));
#18866 = ORIENTED_EDGE('',*,*,#18867,.T.);
#18867 = EDGE_CURVE('',#18860,#18868,#18870,.T.);
#18868 = VERTEX_POINT('',#18869);
#18869 = CARTESIAN_POINT('',(156.,216.,45.));
#18870 = LINE('',#18871,#18872);
#18871 = CARTESIAN_POINT('',(87.5,216.,45.));
#18872 = VECTOR('',#18873,1.);
#18873 = DIRECTION('',(-1.,-0.,0.));
#18874 = ORIENTED_EDGE('',*,*,#18875,.T.);
#18875 = EDGE_CURVE('',#18868,#18876,#18878,.T.);
#18876 = VERTEX_POINT('',#18877);
#18877 = CARTESIAN_POINT('',(156.,239.,45.));
#18878 = LINE('',#18879,#18880);
#18879 = CARTESIAN_POINT('',(156.,117.5,45.));
#18880 = VECTOR('',#18881,1.);
#18881 = DIRECTION('',(-0.,1.,0.));
#18882 = ORIENTED_EDGE('',*,*,#18883,.F.);
#18883 = EDGE_CURVE('',#18884,#18876,#18886,.T.);
#18884 = VERTEX_POINT('',#18885);
#18885 = CARTESIAN_POINT('',(42.,239.,45.));
#18886 = LINE('',#18887,#18888);
#18887 = CARTESIAN_POINT('',(19.,239.,45.));
#18888 = VECTOR('',#18889,1.);
#18889 = DIRECTION('',(1.,0.,-0.));
#18890 = ORIENTED_EDGE('',*,*,#18891,.F.);
#18891 = EDGE_CURVE('',#18892,#18884,#18894,.T.);
#18892 = VERTEX_POINT('',#18893);
#18893 = CARTESIAN_POINT('',(42.,216.,45.));
#18894 = LINE('',#18895,#18896);
#18895 = CARTESIAN_POINT('',(42.,117.5,45.));
#18896 = VECTOR('',#18897,1.);
#18897 = DIRECTION('',(-0.,1.,0.));
#18898 = ORIENTED_EDGE('',*,*,#18899,.T.);
#18899 = EDGE_CURVE('',#18892,#18773,#18900,.T.);
#18900 = LINE('',#18901,#18902);
#18901 = CARTESIAN_POINT('',(19.,216.,45.));
#18902 = VECTOR('',#18903,1.);
#18903 = DIRECTION('',(-1.,-0.,0.));
#18904 = PLANE('',#18905);
#18905 = AXIS2_PLACEMENT_3D('',#18906,#18907,#18908);
#18906 = CARTESIAN_POINT('',(19.,19.,45.));
#18907 = DIRECTION('',(0.,0.,1.));
#18908 = DIRECTION('',(1.,0.,-0.));
#18909 = ADVANCED_FACE('',(#18910),#18928,.T.);
#18910 = FACE_BOUND('',#18911,.T.);
#18911 = EDGE_LOOP('',(#18912,#18920,#18926,#18927));
#18912 = ORIENTED_EDGE('',*,*,#18913,.F.);
#18913 = EDGE_CURVE('',#18914,#18892,#18916,.T.);
#18914 = VERTEX_POINT('',#18915);
#18915 = CARTESIAN_POINT('',(42.,216.,43.4));
#18916 = LINE('',#18917,#18918);
#18917 = CARTESIAN_POINT('',(42.,216.,42.4));
#18918 = VECTOR('',#18919,1.);
#18919 = DIRECTION('',(0.,0.,1.));
#18920 = ORIENTED_EDGE('',*,*,#18921,.T.);
#18921 = EDGE_CURVE('',#18914,#18765,#18922,.T.);
#18922 = LINE('',#18923,#18924);
#18923 = CARTESIAN_POINT('',(19.,216.,43.4));
#18924 = VECTOR('',#18925,1.);
#18925 = DIRECTION('',(-1.,-0.,0.));
#18926 = ORIENTED_EDGE('',*,*,#18772,.T.);
#18927 = ORIENTED_EDGE('',*,*,#18899,.F.);
#18928 = PLANE('',#18929);
#18929 = AXIS2_PLACEMENT_3D('',#18930,#18931,#18932);
#18930 = CARTESIAN_POINT('',(19.,216.,42.4));
#18931 = DIRECTION('',(-0.,1.,0.));
#18932 = DIRECTION('',(0.,0.,1.));
#18933 = ADVANCED_FACE('',(#18934),#19009,.F.);
#18934 = FACE_BOUND('',#18935,.F.);
#18935 = EDGE_LOOP('',(#18936,#18937,#18938,#18946,#18954,#18962,#18970,
    #18978,#18986,#18994,#19002,#19008));
#18936 = ORIENTED_EDGE('',*,*,#18764,.F.);
#18937 = ORIENTED_EDGE('',*,*,#18804,.F.);
#18938 = ORIENTED_EDGE('',*,*,#18939,.F.);
#18939 = EDGE_CURVE('',#18940,#18795,#18942,.T.);
#18940 = VERTEX_POINT('',#18941);
#18941 = CARTESIAN_POINT('',(42.,19.,43.4));
#18942 = LINE('',#18943,#18944);
#18943 = CARTESIAN_POINT('',(42.,19.,43.4));
#18944 = VECTOR('',#18945,1.);
#18945 = DIRECTION('',(-0.,1.,0.));
#18946 = ORIENTED_EDGE('',*,*,#18947,.T.);
#18947 = EDGE_CURVE('',#18940,#18948,#18950,.T.);
#18948 = VERTEX_POINT('',#18949);
#18949 = CARTESIAN_POINT('',(156.,19.,43.4));
#18950 = LINE('',#18951,#18952);
#18951 = CARTESIAN_POINT('',(19.,19.,43.4));
#18952 = VECTOR('',#18953,1.);
#18953 = DIRECTION('',(1.,0.,-0.));
#18954 = ORIENTED_EDGE('',*,*,#18955,.T.);
#18955 = EDGE_CURVE('',#18948,#18956,#18958,.T.);
#18956 = VERTEX_POINT('',#18957);
#18957 = CARTESIAN_POINT('',(156.,42.,43.4));
#18958 = LINE('',#18959,#18960);
#18959 = CARTESIAN_POINT('',(156.,19.,43.4));
#18960 = VECTOR('',#18961,1.);
#18961 = DIRECTION('',(-0.,1.,0.));
#18962 = ORIENTED_EDGE('',*,*,#18963,.F.);
#18963 = EDGE_CURVE('',#18964,#18956,#18966,.T.);
#18964 = VERTEX_POINT('',#18965);
#18965 = CARTESIAN_POINT('',(179.,42.,43.4));
#18966 = LINE('',#18967,#18968);
#18967 = CARTESIAN_POINT('',(87.5,42.,43.4));
#18968 = VECTOR('',#18969,1.);
#18969 = DIRECTION('',(-1.,-0.,0.));
#18970 = ORIENTED_EDGE('',*,*,#18971,.T.);
#18971 = EDGE_CURVE('',#18964,#18972,#18974,.T.);
#18972 = VERTEX_POINT('',#18973);
#18973 = CARTESIAN_POINT('',(179.,216.,43.4));
#18974 = LINE('',#18975,#18976);
#18975 = CARTESIAN_POINT('',(179.,19.,43.4));
#18976 = VECTOR('',#18977,1.);
#18977 = DIRECTION('',(-0.,1.,0.));
#18978 = ORIENTED_EDGE('',*,*,#18979,.T.);
#18979 = EDGE_CURVE('',#18972,#18980,#18982,.T.);
#18980 = VERTEX_POINT('',#18981);
#18981 = CARTESIAN_POINT('',(156.,216.,43.4));
#18982 = LINE('',#18983,#18984);
#18983 = CARTESIAN_POINT('',(87.5,216.,43.4));
#18984 = VECTOR('',#18985,1.);
#18985 = DIRECTION('',(-1.,-0.,0.));
#18986 = ORIENTED_EDGE('',*,*,#18987,.T.);
#18987 = EDGE_CURVE('',#18980,#18988,#18990,.T.);
#18988 = VERTEX_POINT('',#18989);
#18989 = CARTESIAN_POINT('',(156.,239.,43.4));
#18990 = LINE('',#18991,#18992);
#18991 = CARTESIAN_POINT('',(156.,117.5,43.4));
#18992 = VECTOR('',#18993,1.);
#18993 = DIRECTION('',(-0.,1.,0.));
#18994 = ORIENTED_EDGE('',*,*,#18995,.F.);
#18995 = EDGE_CURVE('',#18996,#18988,#18998,.T.);
#18996 = VERTEX_POINT('',#18997);
#18997 = CARTESIAN_POINT('',(42.,239.,43.4));
#18998 = LINE('',#18999,#19000);
#18999 = CARTESIAN_POINT('',(19.,239.,43.4));
#19000 = VECTOR('',#19001,1.);
#19001 = DIRECTION('',(1.,0.,-0.));
#19002 = ORIENTED_EDGE('',*,*,#19003,.F.);
#19003 = EDGE_CURVE('',#18914,#18996,#19004,.T.);
#19004 = LINE('',#19005,#19006);
#19005 = CARTESIAN_POINT('',(42.,117.5,43.4));
#19006 = VECTOR('',#19007,1.);
#19007 = DIRECTION('',(-0.,1.,0.));
#19008 = ORIENTED_EDGE('',*,*,#18921,.T.);
#19009 = PLANE('',#19010);
#19010 = AXIS2_PLACEMENT_3D('',#19011,#19012,#19013);
#19011 = CARTESIAN_POINT('',(19.,19.,43.4));
#19012 = DIRECTION('',(0.,0.,1.));
#19013 = DIRECTION('',(1.,0.,-0.));
#19014 = ADVANCED_FACE('',(#19015),#19026,.F.);
#19015 = FACE_BOUND('',#19016,.F.);
#19016 = EDGE_LOOP('',(#19017,#19023,#19024,#19025));
#19017 = ORIENTED_EDGE('',*,*,#19018,.F.);
#19018 = EDGE_CURVE('',#18940,#18828,#19019,.T.);
#19019 = LINE('',#19020,#19021);
#19020 = CARTESIAN_POINT('',(42.,19.,42.4));
#19021 = VECTOR('',#19022,1.);
#19022 = DIRECTION('',(0.,0.,1.));
#19023 = ORIENTED_EDGE('',*,*,#18939,.T.);
#19024 = ORIENTED_EDGE('',*,*,#18794,.T.);
#19025 = ORIENTED_EDGE('',*,*,#18827,.F.);
#19026 = PLANE('',#19027);
#19027 = AXIS2_PLACEMENT_3D('',#19028,#19029,#19030);
#19028 = CARTESIAN_POINT('',(42.,19.,42.4));
#19029 = DIRECTION('',(1.,0.,-0.));
#19030 = DIRECTION('',(0.,0.,1.));
#19031 = ADVANCED_FACE('',(#19032),#19043,.F.);
#19032 = FACE_BOUND('',#19033,.F.);
#19033 = EDGE_LOOP('',(#19034,#19035,#19036,#19042));
#19034 = ORIENTED_EDGE('',*,*,#18913,.F.);
#19035 = ORIENTED_EDGE('',*,*,#19003,.T.);
#19036 = ORIENTED_EDGE('',*,*,#19037,.T.);
#19037 = EDGE_CURVE('',#18996,#18884,#19038,.T.);
#19038 = LINE('',#19039,#19040);
#19039 = CARTESIAN_POINT('',(42.,239.,42.4));
#19040 = VECTOR('',#19041,1.);
#19041 = DIRECTION('',(0.,0.,1.));
#19042 = ORIENTED_EDGE('',*,*,#18891,.F.);
#19043 = PLANE('',#19044);
#19044 = AXIS2_PLACEMENT_3D('',#19045,#19046,#19047);
#19045 = CARTESIAN_POINT('',(42.,216.,42.4));
#19046 = DIRECTION('',(1.,0.,-0.));
#19047 = DIRECTION('',(0.,0.,1.));
#19048 = ADVANCED_FACE('',(#19049),#19060,.T.);
#19049 = FACE_BOUND('',#19050,.T.);
#19050 = EDGE_LOOP('',(#19051,#19052,#19053,#19054));
#19051 = ORIENTED_EDGE('',*,*,#18995,.F.);
#19052 = ORIENTED_EDGE('',*,*,#19037,.T.);
#19053 = ORIENTED_EDGE('',*,*,#18883,.T.);
#19054 = ORIENTED_EDGE('',*,*,#19055,.F.);
#19055 = EDGE_CURVE('',#18988,#18876,#19056,.T.);
#19056 = LINE('',#19057,#19058);
#19057 = CARTESIAN_POINT('',(156.,239.,42.4));
#19058 = VECTOR('',#19059,1.);
#19059 = DIRECTION('',(0.,0.,1.));
#19060 = PLANE('',#19061);
#19061 = AXIS2_PLACEMENT_3D('',#19062,#19063,#19064);
#19062 = CARTESIAN_POINT('',(19.,239.,43.4));
#19063 = DIRECTION('',(-0.,1.,0.));
#19064 = DIRECTION('',(0.,0.,1.));
#19065 = ADVANCED_FACE('',(#19066),#19077,.T.);
#19066 = FACE_BOUND('',#19067,.T.);
#19067 = EDGE_LOOP('',(#19068,#19074,#19075,#19076));
#19068 = ORIENTED_EDGE('',*,*,#19069,.F.);
#19069 = EDGE_CURVE('',#18980,#18868,#19070,.T.);
#19070 = LINE('',#19071,#19072);
#19071 = CARTESIAN_POINT('',(156.,216.,42.4));
#19072 = VECTOR('',#19073,1.);
#19073 = DIRECTION('',(0.,0.,1.));
#19074 = ORIENTED_EDGE('',*,*,#18987,.T.);
#19075 = ORIENTED_EDGE('',*,*,#19055,.T.);
#19076 = ORIENTED_EDGE('',*,*,#18875,.F.);
#19077 = PLANE('',#19078);
#19078 = AXIS2_PLACEMENT_3D('',#19079,#19080,#19081);
#19079 = CARTESIAN_POINT('',(156.,216.,42.4));
#19080 = DIRECTION('',(1.,0.,-0.));
#19081 = DIRECTION('',(0.,0.,1.));
#19082 = ADVANCED_FACE('',(#19083),#19094,.T.);
#19083 = FACE_BOUND('',#19084,.T.);
#19084 = EDGE_LOOP('',(#19085,#19091,#19092,#19093));
#19085 = ORIENTED_EDGE('',*,*,#19086,.F.);
#19086 = EDGE_CURVE('',#18972,#18860,#19087,.T.);
#19087 = LINE('',#19088,#19089);
#19088 = CARTESIAN_POINT('',(179.,216.,42.4));
#19089 = VECTOR('',#19090,1.);
#19090 = DIRECTION('',(0.,0.,1.));
#19091 = ORIENTED_EDGE('',*,*,#18979,.T.);
#19092 = ORIENTED_EDGE('',*,*,#19069,.T.);
#19093 = ORIENTED_EDGE('',*,*,#18867,.F.);
#19094 = PLANE('',#19095);
#19095 = AXIS2_PLACEMENT_3D('',#19096,#19097,#19098);
#19096 = CARTESIAN_POINT('',(156.,216.,42.4));
#19097 = DIRECTION('',(-0.,1.,0.));
#19098 = DIRECTION('',(0.,0.,1.));
#19099 = ADVANCED_FACE('',(#19100),#19111,.T.);
#19100 = FACE_BOUND('',#19101,.T.);
#19101 = EDGE_LOOP('',(#19102,#19108,#19109,#19110));
#19102 = ORIENTED_EDGE('',*,*,#19103,.F.);
#19103 = EDGE_CURVE('',#18964,#18852,#19104,.T.);
#19104 = LINE('',#19105,#19106);
#19105 = CARTESIAN_POINT('',(179.,42.,42.4));
#19106 = VECTOR('',#19107,1.);
#19107 = DIRECTION('',(0.,0.,1.));
#19108 = ORIENTED_EDGE('',*,*,#18971,.T.);
#19109 = ORIENTED_EDGE('',*,*,#19086,.T.);
#19110 = ORIENTED_EDGE('',*,*,#18859,.F.);
#19111 = PLANE('',#19112);
#19112 = AXIS2_PLACEMENT_3D('',#19113,#19114,#19115);
#19113 = CARTESIAN_POINT('',(179.,19.,43.4));
#19114 = DIRECTION('',(1.,0.,-0.));
#19115 = DIRECTION('',(0.,0.,1.));
#19116 = ADVANCED_FACE('',(#19117),#19128,.F.);
#19117 = FACE_BOUND('',#19118,.F.);
#19118 = EDGE_LOOP('',(#19119,#19120,#19121,#19127));
#19119 = ORIENTED_EDGE('',*,*,#19103,.F.);
#19120 = ORIENTED_EDGE('',*,*,#18963,.T.);
#19121 = ORIENTED_EDGE('',*,*,#19122,.T.);
#19122 = EDGE_CURVE('',#18956,#18844,#19123,.T.);
#19123 = LINE('',#19124,#19125);
#19124 = CARTESIAN_POINT('',(156.,42.,42.4));
#19125 = VECTOR('',#19126,1.);
#19126 = DIRECTION('',(0.,0.,1.));
#19127 = ORIENTED_EDGE('',*,*,#18851,.F.);
#19128 = PLANE('',#19129);
#19129 = AXIS2_PLACEMENT_3D('',#19130,#19131,#19132);
#19130 = CARTESIAN_POINT('',(156.,42.,42.4));
#19131 = DIRECTION('',(-0.,1.,0.));
#19132 = DIRECTION('',(0.,0.,1.));
#19133 = ADVANCED_FACE('',(#19134),#19145,.T.);
#19134 = FACE_BOUND('',#19135,.T.);
#19135 = EDGE_LOOP('',(#19136,#19142,#19143,#19144));
#19136 = ORIENTED_EDGE('',*,*,#19137,.F.);
#19137 = EDGE_CURVE('',#18948,#18836,#19138,.T.);
#19138 = LINE('',#19139,#19140);
#19139 = CARTESIAN_POINT('',(156.,19.,42.4));
#19140 = VECTOR('',#19141,1.);
#19141 = DIRECTION('',(0.,0.,1.));
#19142 = ORIENTED_EDGE('',*,*,#18955,.T.);
#19143 = ORIENTED_EDGE('',*,*,#19122,.T.);
#19144 = ORIENTED_EDGE('',*,*,#18843,.F.);
#19145 = PLANE('',#19146);
#19146 = AXIS2_PLACEMENT_3D('',#19147,#19148,#19149);
#19147 = CARTESIAN_POINT('',(156.,19.,42.4));
#19148 = DIRECTION('',(1.,0.,-0.));
#19149 = DIRECTION('',(0.,0.,1.));
#19150 = ADVANCED_FACE('',(#19151),#19157,.F.);
#19151 = FACE_BOUND('',#19152,.F.);
#19152 = EDGE_LOOP('',(#19153,#19154,#19155,#19156));
#19153 = ORIENTED_EDGE('',*,*,#18947,.F.);
#19154 = ORIENTED_EDGE('',*,*,#19018,.T.);
#19155 = ORIENTED_EDGE('',*,*,#18835,.T.);
#19156 = ORIENTED_EDGE('',*,*,#19137,.F.);
#19157 = PLANE('',#19158);
#19158 = AXIS2_PLACEMENT_3D('',#19159,#19160,#19161);
#19159 = CARTESIAN_POINT('',(19.,19.,43.4));
#19160 = DIRECTION('',(-0.,1.,0.));
#19161 = DIRECTION('',(0.,0.,1.));
#19162 = ( GEOMETRIC_REPRESENTATION_CONTEXT(3) 
GLOBAL_UNCERTAINTY_ASSIGNED_CONTEXT((#19166)) 
GLOBAL_UNIT_ASSIGNED_CONTEXT((#19163,#19164,#19165)) 
REPRESENTATION_CONTEXT('Context #1',
  '3D Context with UNIT and UNCERTAINTY') );
#19163 = ( LENGTH_UNIT() NAMED_UNIT(*) SI_UNIT(.MILLI.,.METRE.) );
#19164 = ( NAMED_UNIT(*) PLANE_ANGLE_UNIT() SI_UNIT($,.RADIAN.) );
#19165 = ( NAMED_UNIT(*) SI_UNIT($,.STERADIAN.) SOLID_ANGLE_UNIT() );
#19166 = UNCERTAINTY_MEASURE_WITH_UNIT(LENGTH_MEASURE(2.E-07),#19163,
  'distance_accuracy_value','confusion accuracy');
#19167 = CONTEXT_DEPENDENT_SHAPE_REPRESENTATION(#19168,#19170);
#19168 = ( REPRESENTATION_RELATIONSHIP('','',#18747,#10) 
REPRESENTATION_RELATIONSHIP_WITH_TRANSFORMATION(#19169) 
SHAPE_REPRESENTATION_RELATIONSHIP() );
#19169 = ITEM_DEFINED_TRANSFORMATION('','',#11,#123);
#19170 = PRODUCT_DEFINITION_SHAPE('Placement','Placement of an item',
  #19171);
#19171 = NEXT_ASSEMBLY_USAGE_OCCURRENCE('50','REF board3620','',#5,
  #18742,$);
#19172 = PRODUCT_RELATED_PRODUCT_CATEGORY('part',$,(#18744));
#19173 = SHAPE_DEFINITION_REPRESENTATION(#19174,#19180);
#19174 = PRODUCT_DEFINITION_SHAPE('','',#19175);
#19175 = PRODUCT_DEFINITION('design','',#19176,#19179);
#19176 = PRODUCT_DEFINITION_FORMATION('','',#19177);
#19177 = PRODUCT('REF board3620_parts','REF board3620_parts','',(#19178)
  );
#19178 = PRODUCT_CONTEXT('',#2,'mechanical');
#19179 = PRODUCT_DEFINITION_CONTEXT('part definition',#2,'design');
#19180 = ADVANCED_BREP_SHAPE_REPRESENTATION('',(#11,#19181),#19595);
#19181 = MANIFOLD_SOLID_BREP('',#19182);
#19182 = CLOSED_SHELL('',(#19183,#19223,#19254,#19342,#19366,#19447,
    #19464,#19481,#19498,#19515,#19532,#19549,#19566,#19583));
#19183 = ADVANCED_FACE('',(#19184),#19218,.F.);
#19184 = FACE_BOUND('',#19185,.F.);
#19185 = EDGE_LOOP('',(#19186,#19196,#19204,#19212));
#19186 = ORIENTED_EDGE('',*,*,#19187,.F.);
#19187 = EDGE_CURVE('',#19188,#19190,#19192,.T.);
#19188 = VERTEX_POINT('',#19189);
#19189 = CARTESIAN_POINT('',(19.,42.,18.4));
#19190 = VERTEX_POINT('',#19191);
#19191 = CARTESIAN_POINT('',(19.,42.,43.4));
#19192 = LINE('',#19193,#19194);
#19193 = CARTESIAN_POINT('',(19.,42.,17.4));
#19194 = VECTOR('',#19195,1.);
#19195 = DIRECTION('',(0.,0.,1.));
#19196 = ORIENTED_EDGE('',*,*,#19197,.T.);
#19197 = EDGE_CURVE('',#19188,#19198,#19200,.T.);
#19198 = VERTEX_POINT('',#19199);
#19199 = CARTESIAN_POINT('',(19.,216.,18.4));
#19200 = LINE('',#19201,#19202);
#19201 = CARTESIAN_POINT('',(19.,19.,18.4));
#19202 = VECTOR('',#19203,1.);
#19203 = DIRECTION('',(-0.,1.,0.));
#19204 = ORIENTED_EDGE('',*,*,#19205,.T.);
#19205 = EDGE_CURVE('',#19198,#19206,#19208,.T.);
#19206 = VERTEX_POINT('',#19207);
#19207 = CARTESIAN_POINT('',(19.,216.,43.4));
#19208 = LINE('',#19209,#19210);
#19209 = CARTESIAN_POINT('',(19.,216.,17.4));
#19210 = VECTOR('',#19211,1.);
#19211 = DIRECTION('',(0.,0.,1.));
#19212 = ORIENTED_EDGE('',*,*,#19213,.F.);
#19213 = EDGE_CURVE('',#19190,#19206,#19214,.T.);
#19214 = LINE('',#19215,#19216);
#19215 = CARTESIAN_POINT('',(19.,19.,43.4));
#19216 = VECTOR('',#19217,1.);
#19217 = DIRECTION('',(-0.,1.,0.));
#19218 = PLANE('',#19219);
#19219 = AXIS2_PLACEMENT_3D('',#19220,#19221,#19222);
#19220 = CARTESIAN_POINT('',(19.,19.,18.4));
#19221 = DIRECTION('',(1.,0.,-0.));
#19222 = DIRECTION('',(0.,0.,1.));
#19223 = ADVANCED_FACE('',(#19224),#19249,.F.);
#19224 = FACE_BOUND('',#19225,.F.);
#19225 = EDGE_LOOP('',(#19226,#19236,#19242,#19243));
#19226 = ORIENTED_EDGE('',*,*,#19227,.F.);
#19227 = EDGE_CURVE('',#19228,#19230,#19232,.T.);
#19228 = VERTEX_POINT('',#19229);
#19229 = CARTESIAN_POINT('',(42.,42.,18.4));
#19230 = VERTEX_POINT('',#19231);
#19231 = CARTESIAN_POINT('',(42.,42.,43.4));
#19232 = LINE('',#19233,#19234);
#19233 = CARTESIAN_POINT('',(42.,42.,17.4));
#19234 = VECTOR('',#19235,1.);
#19235 = DIRECTION('',(0.,0.,1.));
#19236 = ORIENTED_EDGE('',*,*,#19237,.T.);
#19237 = EDGE_CURVE('',#19228,#19188,#19238,.T.);
#19238 = LINE('',#19239,#19240);
#19239 = CARTESIAN_POINT('',(19.,42.,18.4));
#19240 = VECTOR('',#19241,1.);
#19241 = DIRECTION('',(-1.,-0.,0.));
#19242 = ORIENTED_EDGE('',*,*,#19187,.T.);
#19243 = ORIENTED_EDGE('',*,*,#19244,.F.);
#19244 = EDGE_CURVE('',#19230,#19190,#19245,.T.);
#19245 = LINE('',#19246,#19247);
#19246 = CARTESIAN_POINT('',(19.,42.,43.4));
#19247 = VECTOR('',#19248,1.);
#19248 = DIRECTION('',(-1.,-0.,0.));
#19249 = PLANE('',#19250);
#19250 = AXIS2_PLACEMENT_3D('',#19251,#19252,#19253);
#19251 = CARTESIAN_POINT('',(19.,42.,17.4));
#19252 = DIRECTION('',(-0.,1.,0.));
#19253 = DIRECTION('',(0.,0.,1.));
#19254 = ADVANCED_FACE('',(#19255),#19337,.T.);
#19255 = FACE_BOUND('',#19256,.T.);
#19256 = EDGE_LOOP('',(#19257,#19258,#19259,#19267,#19275,#19283,#19291,
    #19299,#19307,#19315,#19323,#19331));
#19257 = ORIENTED_EDGE('',*,*,#19213,.F.);
#19258 = ORIENTED_EDGE('',*,*,#19244,.F.);
#19259 = ORIENTED_EDGE('',*,*,#19260,.F.);
#19260 = EDGE_CURVE('',#19261,#19230,#19263,.T.);
#19261 = VERTEX_POINT('',#19262);
#19262 = CARTESIAN_POINT('',(42.,19.,43.4));
#19263 = LINE('',#19264,#19265);
#19264 = CARTESIAN_POINT('',(42.,19.,43.4));
#19265 = VECTOR('',#19266,1.);
#19266 = DIRECTION('',(-0.,1.,0.));
#19267 = ORIENTED_EDGE('',*,*,#19268,.T.);
#19268 = EDGE_CURVE('',#19261,#19269,#19271,.T.);
#19269 = VERTEX_POINT('',#19270);
#19270 = CARTESIAN_POINT('',(156.,19.,43.4));
#19271 = LINE('',#19272,#19273);
#19272 = CARTESIAN_POINT('',(19.,19.,43.4));
#19273 = VECTOR('',#19274,1.);
#19274 = DIRECTION('',(1.,0.,-0.));
#19275 = ORIENTED_EDGE('',*,*,#19276,.T.);
#19276 = EDGE_CURVE('',#19269,#19277,#19279,.T.);
#19277 = VERTEX_POINT('',#19278);
#19278 = CARTESIAN_POINT('',(156.,42.,43.4));
#19279 = LINE('',#19280,#19281);
#19280 = CARTESIAN_POINT('',(156.,19.,43.4));
#19281 = VECTOR('',#19282,1.);
#19282 = DIRECTION('',(-0.,1.,0.));
#19283 = ORIENTED_EDGE('',*,*,#19284,.F.);
#19284 = EDGE_CURVE('',#19285,#19277,#19287,.T.);
#19285 = VERTEX_POINT('',#19286);
#19286 = CARTESIAN_POINT('',(179.,42.,43.4));
#19287 = LINE('',#19288,#19289);
#19288 = CARTESIAN_POINT('',(87.5,42.,43.4));
#19289 = VECTOR('',#19290,1.);
#19290 = DIRECTION('',(-1.,-0.,0.));
#19291 = ORIENTED_EDGE('',*,*,#19292,.T.);
#19292 = EDGE_CURVE('',#19285,#19293,#19295,.T.);
#19293 = VERTEX_POINT('',#19294);
#19294 = CARTESIAN_POINT('',(179.,216.,43.4));
#19295 = LINE('',#19296,#19297);
#19296 = CARTESIAN_POINT('',(179.,19.,43.4));
#19297 = VECTOR('',#19298,1.);
#19298 = DIRECTION('',(-0.,1.,0.));
#19299 = ORIENTED_EDGE('',*,*,#19300,.T.);
#19300 = EDGE_CURVE('',#19293,#19301,#19303,.T.);
#19301 = VERTEX_POINT('',#19302);
#19302 = CARTESIAN_POINT('',(156.,216.,43.4));
#19303 = LINE('',#19304,#19305);
#19304 = CARTESIAN_POINT('',(87.5,216.,43.4));
#19305 = VECTOR('',#19306,1.);
#19306 = DIRECTION('',(-1.,-0.,0.));
#19307 = ORIENTED_EDGE('',*,*,#19308,.T.);
#19308 = EDGE_CURVE('',#19301,#19309,#19311,.T.);
#19309 = VERTEX_POINT('',#19310);
#19310 = CARTESIAN_POINT('',(156.,239.,43.4));
#19311 = LINE('',#19312,#19313);
#19312 = CARTESIAN_POINT('',(156.,117.5,43.4));
#19313 = VECTOR('',#19314,1.);
#19314 = DIRECTION('',(-0.,1.,0.));
#19315 = ORIENTED_EDGE('',*,*,#19316,.F.);
#19316 = EDGE_CURVE('',#19317,#19309,#19319,.T.);
#19317 = VERTEX_POINT('',#19318);
#19318 = CARTESIAN_POINT('',(42.,239.,43.4));
#19319 = LINE('',#19320,#19321);
#19320 = CARTESIAN_POINT('',(19.,239.,43.4));
#19321 = VECTOR('',#19322,1.);
#19322 = DIRECTION('',(1.,0.,-0.));
#19323 = ORIENTED_EDGE('',*,*,#19324,.F.);
#19324 = EDGE_CURVE('',#19325,#19317,#19327,.T.);
#19325 = VERTEX_POINT('',#19326);
#19326 = CARTESIAN_POINT('',(42.,216.,43.4));
#19327 = LINE('',#19328,#19329);
#19328 = CARTESIAN_POINT('',(42.,117.5,43.4));
#19329 = VECTOR('',#19330,1.);
#19330 = DIRECTION('',(-0.,1.,0.));
#19331 = ORIENTED_EDGE('',*,*,#19332,.T.);
#19332 = EDGE_CURVE('',#19325,#19206,#19333,.T.);
#19333 = LINE('',#19334,#19335);
#19334 = CARTESIAN_POINT('',(19.,216.,43.4));
#19335 = VECTOR('',#19336,1.);
#19336 = DIRECTION('',(-1.,-0.,0.));
#19337 = PLANE('',#19338);
#19338 = AXIS2_PLACEMENT_3D('',#19339,#19340,#19341);
#19339 = CARTESIAN_POINT('',(19.,19.,43.4));
#19340 = DIRECTION('',(0.,0.,1.));
#19341 = DIRECTION('',(1.,0.,-0.));
#19342 = ADVANCED_FACE('',(#19343),#19361,.T.);
#19343 = FACE_BOUND('',#19344,.T.);
#19344 = EDGE_LOOP('',(#19345,#19353,#19359,#19360));
#19345 = ORIENTED_EDGE('',*,*,#19346,.F.);
#19346 = EDGE_CURVE('',#19347,#19325,#19349,.T.);
#19347 = VERTEX_POINT('',#19348);
#19348 = CARTESIAN_POINT('',(42.,216.,18.4));
#19349 = LINE('',#19350,#19351);
#19350 = CARTESIAN_POINT('',(42.,216.,17.4));
#19351 = VECTOR('',#19352,1.);
#19352 = DIRECTION('',(0.,0.,1.));
#19353 = ORIENTED_EDGE('',*,*,#19354,.T.);
#19354 = EDGE_CURVE('',#19347,#19198,#19355,.T.);
#19355 = LINE('',#19356,#19357);
#19356 = CARTESIAN_POINT('',(19.,216.,18.4));
#19357 = VECTOR('',#19358,1.);
#19358 = DIRECTION('',(-1.,-0.,0.));
#19359 = ORIENTED_EDGE('',*,*,#19205,.T.);
#19360 = ORIENTED_EDGE('',*,*,#19332,.F.);
#19361 = PLANE('',#19362);
#19362 = AXIS2_PLACEMENT_3D('',#19363,#19364,#19365);
#19363 = CARTESIAN_POINT('',(19.,216.,17.4));
#19364 = DIRECTION('',(-0.,1.,0.));
#19365 = DIRECTION('',(0.,0.,1.));
#19366 = ADVANCED_FACE('',(#19367),#19442,.F.);
#19367 = FACE_BOUND('',#19368,.F.);
#19368 = EDGE_LOOP('',(#19369,#19370,#19371,#19379,#19387,#19395,#19403,
    #19411,#19419,#19427,#19435,#19441));
#19369 = ORIENTED_EDGE('',*,*,#19197,.F.);
#19370 = ORIENTED_EDGE('',*,*,#19237,.F.);
#19371 = ORIENTED_EDGE('',*,*,#19372,.F.);
#19372 = EDGE_CURVE('',#19373,#19228,#19375,.T.);
#19373 = VERTEX_POINT('',#19374);
#19374 = CARTESIAN_POINT('',(42.,19.,18.4));
#19375 = LINE('',#19376,#19377);
#19376 = CARTESIAN_POINT('',(42.,19.,18.4));
#19377 = VECTOR('',#19378,1.);
#19378 = DIRECTION('',(-0.,1.,0.));
#19379 = ORIENTED_EDGE('',*,*,#19380,.T.);
#19380 = EDGE_CURVE('',#19373,#19381,#19383,.T.);
#19381 = VERTEX_POINT('',#19382);
#19382 = CARTESIAN_POINT('',(156.,19.,18.4));
#19383 = LINE('',#19384,#19385);
#19384 = CARTESIAN_POINT('',(19.,19.,18.4));
#19385 = VECTOR('',#19386,1.);
#19386 = DIRECTION('',(1.,0.,-0.));
#19387 = ORIENTED_EDGE('',*,*,#19388,.T.);
#19388 = EDGE_CURVE('',#19381,#19389,#19391,.T.);
#19389 = VERTEX_POINT('',#19390);
#19390 = CARTESIAN_POINT('',(156.,42.,18.4));
#19391 = LINE('',#19392,#19393);
#19392 = CARTESIAN_POINT('',(156.,19.,18.4));
#19393 = VECTOR('',#19394,1.);
#19394 = DIRECTION('',(-0.,1.,0.));
#19395 = ORIENTED_EDGE('',*,*,#19396,.F.);
#19396 = EDGE_CURVE('',#19397,#19389,#19399,.T.);
#19397 = VERTEX_POINT('',#19398);
#19398 = CARTESIAN_POINT('',(179.,42.,18.4));
#19399 = LINE('',#19400,#19401);
#19400 = CARTESIAN_POINT('',(87.5,42.,18.4));
#19401 = VECTOR('',#19402,1.);
#19402 = DIRECTION('',(-1.,-0.,0.));
#19403 = ORIENTED_EDGE('',*,*,#19404,.T.);
#19404 = EDGE_CURVE('',#19397,#19405,#19407,.T.);
#19405 = VERTEX_POINT('',#19406);
#19406 = CARTESIAN_POINT('',(179.,216.,18.4));
#19407 = LINE('',#19408,#19409);
#19408 = CARTESIAN_POINT('',(179.,19.,18.4));
#19409 = VECTOR('',#19410,1.);
#19410 = DIRECTION('',(-0.,1.,0.));
#19411 = ORIENTED_EDGE('',*,*,#19412,.T.);
#19412 = EDGE_CURVE('',#19405,#19413,#19415,.T.);
#19413 = VERTEX_POINT('',#19414);
#19414 = CARTESIAN_POINT('',(156.,216.,18.4));
#19415 = LINE('',#19416,#19417);
#19416 = CARTESIAN_POINT('',(87.5,216.,18.4));
#19417 = VECTOR('',#19418,1.);
#19418 = DIRECTION('',(-1.,-0.,0.));
#19419 = ORIENTED_EDGE('',*,*,#19420,.T.);
#19420 = EDGE_CURVE('',#19413,#19421,#19423,.T.);
#19421 = VERTEX_POINT('',#19422);
#19422 = CARTESIAN_POINT('',(156.,239.,18.4));
#19423 = LINE('',#19424,#19425);
#19424 = CARTESIAN_POINT('',(156.,117.5,18.4));
#19425 = VECTOR('',#19426,1.);
#19426 = DIRECTION('',(-0.,1.,0.));
#19427 = ORIENTED_EDGE('',*,*,#19428,.F.);
#19428 = EDGE_CURVE('',#19429,#19421,#19431,.T.);
#19429 = VERTEX_POINT('',#19430);
#19430 = CARTESIAN_POINT('',(42.,239.,18.4));
#19431 = LINE('',#19432,#19433);
#19432 = CARTESIAN_POINT('',(19.,239.,18.4));
#19433 = VECTOR('',#19434,1.);
#19434 = DIRECTION('',(1.,0.,-0.));
#19435 = ORIENTED_EDGE('',*,*,#19436,.F.);
#19436 = EDGE_CURVE('',#19347,#19429,#19437,.T.);
#19437 = LINE('',#19438,#19439);
#19438 = CARTESIAN_POINT('',(42.,117.5,18.4));
#19439 = VECTOR('',#19440,1.);
#19440 = DIRECTION('',(-0.,1.,0.));
#19441 = ORIENTED_EDGE('',*,*,#19354,.T.);
#19442 = PLANE('',#19443);
#19443 = AXIS2_PLACEMENT_3D('',#19444,#19445,#19446);
#19444 = CARTESIAN_POINT('',(19.,19.,18.4));
#19445 = DIRECTION('',(0.,0.,1.));
#19446 = DIRECTION('',(1.,0.,-0.));
#19447 = ADVANCED_FACE('',(#19448),#19459,.F.);
#19448 = FACE_BOUND('',#19449,.F.);
#19449 = EDGE_LOOP('',(#19450,#19456,#19457,#19458));
#19450 = ORIENTED_EDGE('',*,*,#19451,.F.);
#19451 = EDGE_CURVE('',#19373,#19261,#19452,.T.);
#19452 = LINE('',#19453,#19454);
#19453 = CARTESIAN_POINT('',(42.,19.,17.4));
#19454 = VECTOR('',#19455,1.);
#19455 = DIRECTION('',(0.,0.,1.));
#19456 = ORIENTED_EDGE('',*,*,#19372,.T.);
#19457 = ORIENTED_EDGE('',*,*,#19227,.T.);
#19458 = ORIENTED_EDGE('',*,*,#19260,.F.);
#19459 = PLANE('',#19460);
#19460 = AXIS2_PLACEMENT_3D('',#19461,#19462,#19463);
#19461 = CARTESIAN_POINT('',(42.,19.,17.4));
#19462 = DIRECTION('',(1.,0.,-0.));
#19463 = DIRECTION('',(0.,0.,1.));
#19464 = ADVANCED_FACE('',(#19465),#19476,.F.);
#19465 = FACE_BOUND('',#19466,.F.);
#19466 = EDGE_LOOP('',(#19467,#19468,#19469,#19475));
#19467 = ORIENTED_EDGE('',*,*,#19346,.F.);
#19468 = ORIENTED_EDGE('',*,*,#19436,.T.);
#19469 = ORIENTED_EDGE('',*,*,#19470,.T.);
#19470 = EDGE_CURVE('',#19429,#19317,#19471,.T.);
#19471 = LINE('',#19472,#19473);
#19472 = CARTESIAN_POINT('',(42.,239.,17.4));
#19473 = VECTOR('',#19474,1.);
#19474 = DIRECTION('',(0.,0.,1.));
#19475 = ORIENTED_EDGE('',*,*,#19324,.F.);
#19476 = PLANE('',#19477);
#19477 = AXIS2_PLACEMENT_3D('',#19478,#19479,#19480);
#19478 = CARTESIAN_POINT('',(42.,216.,17.4));
#19479 = DIRECTION('',(1.,0.,-0.));
#19480 = DIRECTION('',(0.,0.,1.));
#19481 = ADVANCED_FACE('',(#19482),#19493,.T.);
#19482 = FACE_BOUND('',#19483,.T.);
#19483 = EDGE_LOOP('',(#19484,#19485,#19486,#19487));
#19484 = ORIENTED_EDGE('',*,*,#19428,.F.);
#19485 = ORIENTED_EDGE('',*,*,#19470,.T.);
#19486 = ORIENTED_EDGE('',*,*,#19316,.T.);
#19487 = ORIENTED_EDGE('',*,*,#19488,.F.);
#19488 = EDGE_CURVE('',#19421,#19309,#19489,.T.);
#19489 = LINE('',#19490,#19491);
#19490 = CARTESIAN_POINT('',(156.,239.,17.4));
#19491 = VECTOR('',#19492,1.);
#19492 = DIRECTION('',(0.,0.,1.));
#19493 = PLANE('',#19494);
#19494 = AXIS2_PLACEMENT_3D('',#19495,#19496,#19497);
#19495 = CARTESIAN_POINT('',(19.,239.,18.4));
#19496 = DIRECTION('',(-0.,1.,0.));
#19497 = DIRECTION('',(0.,0.,1.));
#19498 = ADVANCED_FACE('',(#19499),#19510,.T.);
#19499 = FACE_BOUND('',#19500,.T.);
#19500 = EDGE_LOOP('',(#19501,#19507,#19508,#19509));
#19501 = ORIENTED_EDGE('',*,*,#19502,.F.);
#19502 = EDGE_CURVE('',#19413,#19301,#19503,.T.);
#19503 = LINE('',#19504,#19505);
#19504 = CARTESIAN_POINT('',(156.,216.,17.4));
#19505 = VECTOR('',#19506,1.);
#19506 = DIRECTION('',(0.,0.,1.));
#19507 = ORIENTED_EDGE('',*,*,#19420,.T.);
#19508 = ORIENTED_EDGE('',*,*,#19488,.T.);
#19509 = ORIENTED_EDGE('',*,*,#19308,.F.);
#19510 = PLANE('',#19511);
#19511 = AXIS2_PLACEMENT_3D('',#19512,#19513,#19514);
#19512 = CARTESIAN_POINT('',(156.,216.,17.4));
#19513 = DIRECTION('',(1.,0.,-0.));
#19514 = DIRECTION('',(0.,0.,1.));
#19515 = ADVANCED_FACE('',(#19516),#19527,.T.);
#19516 = FACE_BOUND('',#19517,.T.);
#19517 = EDGE_LOOP('',(#19518,#19524,#19525,#19526));
#19518 = ORIENTED_EDGE('',*,*,#19519,.F.);
#19519 = EDGE_CURVE('',#19405,#19293,#19520,.T.);
#19520 = LINE('',#19521,#19522);
#19521 = CARTESIAN_POINT('',(179.,216.,17.4));
#19522 = VECTOR('',#19523,1.);
#19523 = DIRECTION('',(0.,0.,1.));
#19524 = ORIENTED_EDGE('',*,*,#19412,.T.);
#19525 = ORIENTED_EDGE('',*,*,#19502,.T.);
#19526 = ORIENTED_EDGE('',*,*,#19300,.F.);
#19527 = PLANE('',#19528);
#19528 = AXIS2_PLACEMENT_3D('',#19529,#19530,#19531);
#19529 = CARTESIAN_POINT('',(156.,216.,17.4));
#19530 = DIRECTION('',(-0.,1.,0.));
#19531 = DIRECTION('',(0.,0.,1.));
#19532 = ADVANCED_FACE('',(#19533),#19544,.T.);
#19533 = FACE_BOUND('',#19534,.T.);
#19534 = EDGE_LOOP('',(#19535,#19541,#19542,#19543));
#19535 = ORIENTED_EDGE('',*,*,#19536,.F.);
#19536 = EDGE_CURVE('',#19397,#19285,#19537,.T.);
#19537 = LINE('',#19538,#19539);
#19538 = CARTESIAN_POINT('',(179.,42.,17.4));
#19539 = VECTOR('',#19540,1.);
#19540 = DIRECTION('',(0.,0.,1.));
#19541 = ORIENTED_EDGE('',*,*,#19404,.T.);
#19542 = ORIENTED_EDGE('',*,*,#19519,.T.);
#19543 = ORIENTED_EDGE('',*,*,#19292,.F.);
#19544 = PLANE('',#19545);
#19545 = AXIS2_PLACEMENT_3D('',#19546,#19547,#19548);
#19546 = CARTESIAN_POINT('',(179.,19.,18.4));
#19547 = DIRECTION('',(1.,0.,-0.));
#19548 = DIRECTION('',(0.,0.,1.));
#19549 = ADVANCED_FACE('',(#19550),#19561,.F.);
#19550 = FACE_BOUND('',#19551,.F.);
#19551 = EDGE_LOOP('',(#19552,#19553,#19554,#19560));
#19552 = ORIENTED_EDGE('',*,*,#19536,.F.);
#19553 = ORIENTED_EDGE('',*,*,#19396,.T.);
#19554 = ORIENTED_EDGE('',*,*,#19555,.T.);
#19555 = EDGE_CURVE('',#19389,#19277,#19556,.T.);
#19556 = LINE('',#19557,#19558);
#19557 = CARTESIAN_POINT('',(156.,42.,17.4));
#19558 = VECTOR('',#19559,1.);
#19559 = DIRECTION('',(0.,0.,1.));
#19560 = ORIENTED_EDGE('',*,*,#19284,.F.);
#19561 = PLANE('',#19562);
#19562 = AXIS2_PLACEMENT_3D('',#19563,#19564,#19565);
#19563 = CARTESIAN_POINT('',(156.,42.,17.4));
#19564 = DIRECTION('',(-0.,1.,0.));
#19565 = DIRECTION('',(0.,0.,1.));
#19566 = ADVANCED_FACE('',(#19567),#19578,.T.);
#19567 = FACE_BOUND('',#19568,.T.);
#19568 = EDGE_LOOP('',(#19569,#19575,#19576,#19577));
#19569 = ORIENTED_EDGE('',*,*,#19570,.F.);
#19570 = EDGE_CURVE('',#19381,#19269,#19571,.T.);
#19571 = LINE('',#19572,#19573);
#19572 = CARTESIAN_POINT('',(156.,19.,17.4));
#19573 = VECTOR('',#19574,1.);
#19574 = DIRECTION('',(0.,0.,1.));
#19575 = ORIENTED_EDGE('',*,*,#19388,.T.);
#19576 = ORIENTED_EDGE('',*,*,#19555,.T.);
#19577 = ORIENTED_EDGE('',*,*,#19276,.F.);
#19578 = PLANE('',#19579);
#19579 = AXIS2_PLACEMENT_3D('',#19580,#19581,#19582);
#19580 = CARTESIAN_POINT('',(156.,19.,17.4));
#19581 = DIRECTION('',(1.,0.,-0.));
#19582 = DIRECTION('',(0.,0.,1.));
#19583 = ADVANCED_FACE('',(#19584),#19590,.F.);
#19584 = FACE_BOUND('',#19585,.F.);
#19585 = EDGE_LOOP('',(#19586,#19587,#19588,#19589));
#19586 = ORIENTED_EDGE('',*,*,#19380,.F.);
#19587 = ORIENTED_EDGE('',*,*,#19451,.T.);
#19588 = ORIENTED_EDGE('',*,*,#19268,.T.);
#19589 = ORIENTED_EDGE('',*,*,#19570,.F.);
#19590 = PLANE('',#19591);
#19591 = AXIS2_PLACEMENT_3D('',#19592,#19593,#19594);
#19592 = CARTESIAN_POINT('',(19.,19.,18.4));
#19593 = DIRECTION('',(-0.,1.,0.));
#19594 = DIRECTION('',(0.,0.,1.));
#19595 = ( GEOMETRIC_REPRESENTATION_CONTEXT(3) 
GLOBAL_UNCERTAINTY_ASSIGNED_CONTEXT((#19599)) 
GLOBAL_UNIT_ASSIGNED_CONTEXT((#19596,#19597,#19598)) 
REPRESENTATION_CONTEXT('Context #1',
  '3D Context with UNIT and UNCERTAINTY') );
#19596 = ( LENGTH_UNIT() NAMED_UNIT(*) SI_UNIT(.MILLI.,.METRE.) );
#19597 = ( NAMED_UNIT(*) PLANE_ANGLE_UNIT() SI_UNIT($,.RADIAN.) );
#19598 = ( NAMED_UNIT(*) SI_UNIT($,.STERADIAN.) SOLID_ANGLE_UNIT() );
#19599 = UNCERTAINTY_MEASURE_WITH_UNIT(LENGTH_MEASURE(2.E-07),#19596,
  'distance_accuracy_value','confusion accuracy');
#19600 = CONTEXT_DEPENDENT_SHAPE_REPRESENTATION(#19601,#19603);
#19601 = ( REPRESENTATION_RELATIONSHIP('','',#19180,#10) 
REPRESENTATION_RELATIONSHIP_WITH_TRANSFORMATION(#19602) 
SHAPE_REPRESENTATION_RELATIONSHIP() );
#19602 = ITEM_DEFINED_TRANSFORMATION('','',#11,#127);
#19603 = PRODUCT_DEFINITION_SHAPE('Placement','Placement of an item',
  #19604);
#19604 = NEXT_ASSEMBLY_USAGE_OCCURRENCE('51','REF board3620_parts','',#5
  ,#19175,$);
#19605 = PRODUCT_RELATED_PRODUCT_CATEGORY('part',$,(#19177));
#19606 = SHAPE_DEFINITION_REPRESENTATION(#19607,#19613);
#19607 = PRODUCT_DEFINITION_SHAPE('','',#19608);
#19608 = PRODUCT_DEFINITION('design','',#19609,#19612);
#19609 = PRODUCT_DEFINITION_FORMATION('','',#19610);
#19610 = PRODUCT('REF panel_jacks','REF panel_jacks','',(#19611));
#19611 = PRODUCT_CONTEXT('',#2,'mechanical');
#19612 = PRODUCT_DEFINITION_CONTEXT('part definition',#2,'design');
#19613 = SHAPE_REPRESENTATION('',(#11,#19614,#19667,#19720),#19773);
#19614 = MANIFOLD_SOLID_BREP('',#19615);
#19615 = CLOSED_SHELL('',(#19616,#19649,#19658));
#19616 = ADVANCED_FACE('',(#19617),#19644,.T.);
#19617 = FACE_BOUND('',#19618,.T.);
#19618 = EDGE_LOOP('',(#19619,#19628,#19636,#19643));
#19619 = ORIENTED_EDGE('',*,*,#19620,.F.);
#19620 = EDGE_CURVE('',#19621,#19621,#19623,.T.);
#19621 = VERTEX_POINT('',#19622);
#19622 = CARTESIAN_POINT('',(173.,219.,57.));
#19623 = CIRCLE('',#19624,11.);
#19624 = AXIS2_PLACEMENT_3D('',#19625,#19626,#19627);
#19625 = CARTESIAN_POINT('',(162.,219.,57.));
#19626 = DIRECTION('',(0.,0.,1.));
#19627 = DIRECTION('',(1.,0.,-0.));
#19628 = ORIENTED_EDGE('',*,*,#19629,.F.);
#19629 = EDGE_CURVE('',#19630,#19621,#19632,.T.);
#19630 = VERTEX_POINT('',#19631);
#19631 = CARTESIAN_POINT('',(173.,219.,25.));
#19632 = LINE('',#19633,#19634);
#19633 = CARTESIAN_POINT('',(173.,219.,25.));
#19634 = VECTOR('',#19635,1.);
#19635 = DIRECTION('',(0.,0.,1.));
#19636 = ORIENTED_EDGE('',*,*,#19637,.T.);
#19637 = EDGE_CURVE('',#19630,#19630,#19638,.T.);
#19638 = CIRCLE('',#19639,11.);
#19639 = AXIS2_PLACEMENT_3D('',#19640,#19641,#19642);
#19640 = CARTESIAN_POINT('',(162.,219.,25.));
#19641 = DIRECTION('',(0.,0.,1.));
#19642 = DIRECTION('',(1.,0.,-0.));
#19643 = ORIENTED_EDGE('',*,*,#19629,.T.);
#19644 = CYLINDRICAL_SURFACE('',#19645,11.);
#19645 = AXIS2_PLACEMENT_3D('',#19646,#19647,#19648);
#19646 = CARTESIAN_POINT('',(162.,219.,25.));
#19647 = DIRECTION('',(0.,0.,1.));
#19648 = DIRECTION('',(1.,0.,-0.));
#19649 = ADVANCED_FACE('',(#19650),#19653,.T.);
#19650 = FACE_BOUND('',#19651,.T.);
#19651 = EDGE_LOOP('',(#19652));
#19652 = ORIENTED_EDGE('',*,*,#19620,.T.);
#19653 = PLANE('',#19654);
#19654 = AXIS2_PLACEMENT_3D('',#19655,#19656,#19657);
#19655 = CARTESIAN_POINT('',(162.,219.,57.));
#19656 = DIRECTION('',(0.,0.,1.));
#19657 = DIRECTION('',(1.,0.,-0.));
#19658 = ADVANCED_FACE('',(#19659),#19662,.F.);
#19659 = FACE_BOUND('',#19660,.T.);
#19660 = EDGE_LOOP('',(#19661));
#19661 = ORIENTED_EDGE('',*,*,#19637,.F.);
#19662 = PLANE('',#19663);
#19663 = AXIS2_PLACEMENT_3D('',#19664,#19665,#19666);
#19664 = CARTESIAN_POINT('',(162.,219.,25.));
#19665 = DIRECTION('',(0.,0.,1.));
#19666 = DIRECTION('',(1.,0.,-0.));
#19667 = MANIFOLD_SOLID_BREP('',#19668);
#19668 = CLOSED_SHELL('',(#19669,#19702,#19711));
#19669 = ADVANCED_FACE('',(#19670),#19697,.T.);
#19670 = FACE_BOUND('',#19671,.T.);
#19671 = EDGE_LOOP('',(#19672,#19681,#19689,#19696));
#19672 = ORIENTED_EDGE('',*,*,#19673,.F.);
#19673 = EDGE_CURVE('',#19674,#19674,#19676,.T.);
#19674 = VERTEX_POINT('',#19675);
#19675 = CARTESIAN_POINT('',(47.,224.,57.));
#19676 = CIRCLE('',#19677,8.);
#19677 = AXIS2_PLACEMENT_3D('',#19678,#19679,#19680);
#19678 = CARTESIAN_POINT('',(39.,224.,57.));
#19679 = DIRECTION('',(0.,0.,1.));
#19680 = DIRECTION('',(1.,0.,-0.));
#19681 = ORIENTED_EDGE('',*,*,#19682,.F.);
#19682 = EDGE_CURVE('',#19683,#19674,#19685,.T.);
#19683 = VERTEX_POINT('',#19684);
#19684 = CARTESIAN_POINT('',(47.,224.,27.));
#19685 = LINE('',#19686,#19687);
#19686 = CARTESIAN_POINT('',(47.,224.,27.));
#19687 = VECTOR('',#19688,1.);
#19688 = DIRECTION('',(0.,0.,1.));
#19689 = ORIENTED_EDGE('',*,*,#19690,.T.);
#19690 = EDGE_CURVE('',#19683,#19683,#19691,.T.);
#19691 = CIRCLE('',#19692,8.);
#19692 = AXIS2_PLACEMENT_3D('',#19693,#19694,#19695);
#19693 = CARTESIAN_POINT('',(39.,224.,27.));
#19694 = DIRECTION('',(0.,0.,1.));
#19695 = DIRECTION('',(1.,0.,-0.));
#19696 = ORIENTED_EDGE('',*,*,#19682,.T.);
#19697 = CYLINDRICAL_SURFACE('',#19698,8.);
#19698 = AXIS2_PLACEMENT_3D('',#19699,#19700,#19701);
#19699 = CARTESIAN_POINT('',(39.,224.,27.));
#19700 = DIRECTION('',(0.,0.,1.));
#19701 = DIRECTION('',(1.,0.,-0.));
#19702 = ADVANCED_FACE('',(#19703),#19706,.T.);
#19703 = FACE_BOUND('',#19704,.T.);
#19704 = EDGE_LOOP('',(#19705));
#19705 = ORIENTED_EDGE('',*,*,#19673,.T.);
#19706 = PLANE('',#19707);
#19707 = AXIS2_PLACEMENT_3D('',#19708,#19709,#19710);
#19708 = CARTESIAN_POINT('',(39.,224.,57.));
#19709 = DIRECTION('',(0.,0.,1.));
#19710 = DIRECTION('',(1.,0.,-0.));
#19711 = ADVANCED_FACE('',(#19712),#19715,.F.);
#19712 = FACE_BOUND('',#19713,.T.);
#19713 = EDGE_LOOP('',(#19714));
#19714 = ORIENTED_EDGE('',*,*,#19690,.F.);
#19715 = PLANE('',#19716);
#19716 = AXIS2_PLACEMENT_3D('',#19717,#19718,#19719);
#19717 = CARTESIAN_POINT('',(39.,224.,27.));
#19718 = DIRECTION('',(0.,0.,1.));
#19719 = DIRECTION('',(1.,0.,-0.));
#19720 = MANIFOLD_SOLID_BREP('',#19721);
#19721 = CLOSED_SHELL('',(#19722,#19755,#19764));
#19722 = ADVANCED_FACE('',(#19723),#19750,.T.);
#19723 = FACE_BOUND('',#19724,.T.);
#19724 = EDGE_LOOP('',(#19725,#19734,#19742,#19749));
#19725 = ORIENTED_EDGE('',*,*,#19726,.F.);
#19726 = EDGE_CURVE('',#19727,#19727,#19729,.T.);
#19727 = VERTEX_POINT('',#19728);
#19728 = CARTESIAN_POINT('',(47.,196.5,57.));
#19729 = CIRCLE('',#19730,8.);
#19730 = AXIS2_PLACEMENT_3D('',#19731,#19732,#19733);
#19731 = CARTESIAN_POINT('',(39.,196.5,57.));
#19732 = DIRECTION('',(0.,0.,1.));
#19733 = DIRECTION('',(1.,0.,-0.));
#19734 = ORIENTED_EDGE('',*,*,#19735,.F.);
#19735 = EDGE_CURVE('',#19736,#19727,#19738,.T.);
#19736 = VERTEX_POINT('',#19737);
#19737 = CARTESIAN_POINT('',(47.,196.5,27.));
#19738 = LINE('',#19739,#19740);
#19739 = CARTESIAN_POINT('',(47.,196.5,27.));
#19740 = VECTOR('',#19741,1.);
#19741 = DIRECTION('',(0.,0.,1.));
#19742 = ORIENTED_EDGE('',*,*,#19743,.T.);
#19743 = EDGE_CURVE('',#19736,#19736,#19744,.T.);
#19744 = CIRCLE('',#19745,8.);
#19745 = AXIS2_PLACEMENT_3D('',#19746,#19747,#19748);
#19746 = CARTESIAN_POINT('',(39.,196.5,27.));
#19747 = DIRECTION('',(0.,0.,1.));
#19748 = DIRECTION('',(1.,0.,-0.));
#19749 = ORIENTED_EDGE('',*,*,#19735,.T.);
#19750 = CYLINDRICAL_SURFACE('',#19751,8.);
#19751 = AXIS2_PLACEMENT_3D('',#19752,#19753,#19754);
#19752 = CARTESIAN_POINT('',(39.,196.5,27.));
#19753 = DIRECTION('',(0.,0.,1.));
#19754 = DIRECTION('',(1.,0.,-0.));
#19755 = ADVANCED_FACE('',(#19756),#19759,.T.);
#19756 = FACE_BOUND('',#19757,.T.);
#19757 = EDGE_LOOP('',(#19758));
#19758 = ORIENTED_EDGE('',*,*,#19726,.T.);
#19759 = PLANE('',#19760);
#19760 = AXIS2_PLACEMENT_3D('',#19761,#19762,#19763);
#19761 = CARTESIAN_POINT('',(39.,196.5,57.));
#19762 = DIRECTION('',(0.,0.,1.));
#19763 = DIRECTION('',(1.,0.,-0.));
#19764 = ADVANCED_FACE('',(#19765),#19768,.F.);
#19765 = FACE_BOUND('',#19766,.T.);
#19766 = EDGE_LOOP('',(#19767));
#19767 = ORIENTED_EDGE('',*,*,#19743,.F.);
#19768 = PLANE('',#19769);
#19769 = AXIS2_PLACEMENT_3D('',#19770,#19771,#19772);
#19770 = CARTESIAN_POINT('',(39.,196.5,27.));
#19771 = DIRECTION('',(0.,0.,1.));
#19772 = DIRECTION('',(1.,0.,-0.));
#19773 = ( GEOMETRIC_REPRESENTATION_CONTEXT(3) 
GLOBAL_UNCERTAINTY_ASSIGNED_CONTEXT((#19777)) 
GLOBAL_UNIT_ASSIGNED_CONTEXT((#19774,#19775,#19776)) 
REPRESENTATION_CONTEXT('Context #1',
  '3D Context with UNIT and UNCERTAINTY') );
#19774 = ( LENGTH_UNIT() NAMED_UNIT(*) SI_UNIT(.MILLI.,.METRE.) );
#19775 = ( NAMED_UNIT(*) PLANE_ANGLE_UNIT() SI_UNIT($,.RADIAN.) );
#19776 = ( NAMED_UNIT(*) SI_UNIT($,.STERADIAN.) SOLID_ANGLE_UNIT() );
#19777 = UNCERTAINTY_MEASURE_WITH_UNIT(LENGTH_MEASURE(1.E-07),#19774,
  'distance_accuracy_value','confusion accuracy');
#19778 = CONTEXT_DEPENDENT_SHAPE_REPRESENTATION(#19779,#19781);
#19779 = ( REPRESENTATION_RELATIONSHIP('','',#19613,#10) 
REPRESENTATION_RELATIONSHIP_WITH_TRANSFORMATION(#19780) 
SHAPE_REPRESENTATION_RELATIONSHIP() );
#19780 = ITEM_DEFINED_TRANSFORMATION('','',#11,#131);
#19781 = PRODUCT_DEFINITION_SHAPE('Placement','Placement of an item',
  #19782);
#19782 = NEXT_ASSEMBLY_USAGE_OCCURRENCE('52','REF panel_jacks','',#5,
  #19608,$);
#19783 = PRODUCT_RELATED_PRODUCT_CATEGORY('part',$,(#19610));
#19784 = SHAPE_DEFINITION_REPRESENTATION(#19785,#19791);
#19785 = PRODUCT_DEFINITION_SHAPE('','',#19786);
#19786 = PRODUCT_DEFINITION('design','',#19787,#19790);
#19787 = PRODUCT_DEFINITION_FORMATION('','',#19788);
#19788 = PRODUCT('REF emulator','REF emulator','',(#19789));
#19789 = PRODUCT_CONTEXT('',#2,'mechanical');
#19790 = PRODUCT_DEFINITION_CONTEXT('part definition',#2,'design');
#19791 = ADVANCED_BREP_SHAPE_REPRESENTATION('',(#11,#19792),#19942);
#19792 = MANIFOLD_SOLID_BREP('',#19793);
#19793 = CLOSED_SHELL('',(#19794,#19834,#19874,#19896,#19918,#19930));
#19794 = ADVANCED_FACE('',(#19795),#19829,.F.);
#19795 = FACE_BOUND('',#19796,.F.);
#19796 = EDGE_LOOP('',(#19797,#19807,#19815,#19823));
#19797 = ORIENTED_EDGE('',*,*,#19798,.F.);
#19798 = EDGE_CURVE('',#19799,#19801,#19803,.T.);
#19799 = VERTEX_POINT('',#19800);
#19800 = CARTESIAN_POINT('',(206.,178.,15.));
#19801 = VERTEX_POINT('',#19802);
#19802 = CARTESIAN_POINT('',(206.,178.,16.6));
#19803 = LINE('',#19804,#19805);
#19804 = CARTESIAN_POINT('',(206.,178.,15.));
#19805 = VECTOR('',#19806,1.);
#19806 = DIRECTION('',(0.,0.,1.));
#19807 = ORIENTED_EDGE('',*,*,#19808,.T.);
#19808 = EDGE_CURVE('',#19799,#19809,#19811,.T.);
#19809 = VERTEX_POINT('',#19810);
#19810 = CARTESIAN_POINT('',(206.,288.,15.));
#19811 = LINE('',#19812,#19813);
#19812 = CARTESIAN_POINT('',(206.,178.,15.));
#19813 = VECTOR('',#19814,1.);
#19814 = DIRECTION('',(-0.,1.,0.));
#19815 = ORIENTED_EDGE('',*,*,#19816,.T.);
#19816 = EDGE_CURVE('',#19809,#19817,#19819,.T.);
#19817 = VERTEX_POINT('',#19818);
#19818 = CARTESIAN_POINT('',(206.,288.,16.6));
#19819 = LINE('',#19820,#19821);
#19820 = CARTESIAN_POINT('',(206.,288.,15.));
#19821 = VECTOR('',#19822,1.);
#19822 = DIRECTION('',(0.,0.,1.));
#19823 = ORIENTED_EDGE('',*,*,#19824,.F.);
#19824 = EDGE_CURVE('',#19801,#19817,#19825,.T.);
#19825 = LINE('',#19826,#19827);
#19826 = CARTESIAN_POINT('',(206.,178.,16.6));
#19827 = VECTOR('',#19828,1.);
#19828 = DIRECTION('',(-0.,1.,0.));
#19829 = PLANE('',#19830);
#19830 = AXIS2_PLACEMENT_3D('',#19831,#19832,#19833);
#19831 = CARTESIAN_POINT('',(206.,178.,15.));
#19832 = DIRECTION('',(1.,0.,-0.));
#19833 = DIRECTION('',(0.,0.,1.));
#19834 = ADVANCED_FACE('',(#19835),#19869,.T.);
#19835 = FACE_BOUND('',#19836,.T.);
#19836 = EDGE_LOOP('',(#19837,#19847,#19855,#19863));
#19837 = ORIENTED_EDGE('',*,*,#19838,.F.);
#19838 = EDGE_CURVE('',#19839,#19841,#19843,.T.);
#19839 = VERTEX_POINT('',#19840);
#19840 = CARTESIAN_POINT('',(366.,178.,15.));
#19841 = VERTEX_POINT('',#19842);
#19842 = CARTESIAN_POINT('',(366.,178.,16.6));
#19843 = LINE('',#19844,#19845);
#19844 = CARTESIAN_POINT('',(366.,178.,15.));
#19845 = VECTOR('',#19846,1.);
#19846 = DIRECTION('',(0.,0.,1.));
#19847 = ORIENTED_EDGE('',*,*,#19848,.T.);
#19848 = EDGE_CURVE('',#19839,#19849,#19851,.T.);
#19849 = VERTEX_POINT('',#19850);
#19850 = CARTESIAN_POINT('',(366.,288.,15.));
#19851 = LINE('',#19852,#19853);
#19852 = CARTESIAN_POINT('',(366.,178.,15.));
#19853 = VECTOR('',#19854,1.);
#19854 = DIRECTION('',(-0.,1.,0.));
#19855 = ORIENTED_EDGE('',*,*,#19856,.T.);
#19856 = EDGE_CURVE('',#19849,#19857,#19859,.T.);
#19857 = VERTEX_POINT('',#19858);
#19858 = CARTESIAN_POINT('',(366.,288.,16.6));
#19859 = LINE('',#19860,#19861);
#19860 = CARTESIAN_POINT('',(366.,288.,15.));
#19861 = VECTOR('',#19862,1.);
#19862 = DIRECTION('',(0.,0.,1.));
#19863 = ORIENTED_EDGE('',*,*,#19864,.F.);
#19864 = EDGE_CURVE('',#19841,#19857,#19865,.T.);
#19865 = LINE('',#19866,#19867);
#19866 = CARTESIAN_POINT('',(366.,178.,16.6));
#19867 = VECTOR('',#19868,1.);
#19868 = DIRECTION('',(-0.,1.,0.));
#19869 = PLANE('',#19870);
#19870 = AXIS2_PLACEMENT_3D('',#19871,#19872,#19873);
#19871 = CARTESIAN_POINT('',(366.,178.,15.));
#19872 = DIRECTION('',(1.,0.,-0.));
#19873 = DIRECTION('',(0.,0.,1.));
#19874 = ADVANCED_FACE('',(#19875),#19891,.F.);
#19875 = FACE_BOUND('',#19876,.F.);
#19876 = EDGE_LOOP('',(#19877,#19883,#19884,#19890));
#19877 = ORIENTED_EDGE('',*,*,#19878,.F.);
#19878 = EDGE_CURVE('',#19799,#19839,#19879,.T.);
#19879 = LINE('',#19880,#19881);
#19880 = CARTESIAN_POINT('',(206.,178.,15.));
#19881 = VECTOR('',#19882,1.);
#19882 = DIRECTION('',(1.,0.,-0.));
#19883 = ORIENTED_EDGE('',*,*,#19798,.T.);
#19884 = ORIENTED_EDGE('',*,*,#19885,.T.);
#19885 = EDGE_CURVE('',#19801,#19841,#19886,.T.);
#19886 = LINE('',#19887,#19888);
#19887 = CARTESIAN_POINT('',(206.,178.,16.6));
#19888 = VECTOR('',#19889,1.);
#19889 = DIRECTION('',(1.,0.,-0.));
#19890 = ORIENTED_EDGE('',*,*,#19838,.F.);
#19891 = PLANE('',#19892);
#19892 = AXIS2_PLACEMENT_3D('',#19893,#19894,#19895);
#19893 = CARTESIAN_POINT('',(206.,178.,15.));
#19894 = DIRECTION('',(-0.,1.,0.));
#19895 = DIRECTION('',(0.,0.,1.));
#19896 = ADVANCED_FACE('',(#19897),#19913,.T.);
#19897 = FACE_BOUND('',#19898,.T.);
#19898 = EDGE_LOOP('',(#19899,#19905,#19906,#19912));
#19899 = ORIENTED_EDGE('',*,*,#19900,.F.);
#19900 = EDGE_CURVE('',#19809,#19849,#19901,.T.);
#19901 = LINE('',#19902,#19903);
#19902 = CARTESIAN_POINT('',(206.,288.,15.));
#19903 = VECTOR('',#19904,1.);
#19904 = DIRECTION('',(1.,0.,-0.));
#19905 = ORIENTED_EDGE('',*,*,#19816,.T.);
#19906 = ORIENTED_EDGE('',*,*,#19907,.T.);
#19907 = EDGE_CURVE('',#19817,#19857,#19908,.T.);
#19908 = LINE('',#19909,#19910);
#19909 = CARTESIAN_POINT('',(206.,288.,16.6));
#19910 = VECTOR('',#19911,1.);
#19911 = DIRECTION('',(1.,0.,-0.));
#19912 = ORIENTED_EDGE('',*,*,#19856,.F.);
#19913 = PLANE('',#19914);
#19914 = AXIS2_PLACEMENT_3D('',#19915,#19916,#19917);
#19915 = CARTESIAN_POINT('',(206.,288.,15.));
#19916 = DIRECTION('',(-0.,1.,0.));
#19917 = DIRECTION('',(0.,0.,1.));
#19918 = ADVANCED_FACE('',(#19919),#19925,.F.);
#19919 = FACE_BOUND('',#19920,.F.);
#19920 = EDGE_LOOP('',(#19921,#19922,#19923,#19924));
#19921 = ORIENTED_EDGE('',*,*,#19808,.F.);
#19922 = ORIENTED_EDGE('',*,*,#19878,.T.);
#19923 = ORIENTED_EDGE('',*,*,#19848,.T.);
#19924 = ORIENTED_EDGE('',*,*,#19900,.F.);
#19925 = PLANE('',#19926);
#19926 = AXIS2_PLACEMENT_3D('',#19927,#19928,#19929);
#19927 = CARTESIAN_POINT('',(206.,178.,15.));
#19928 = DIRECTION('',(0.,0.,1.));
#19929 = DIRECTION('',(1.,0.,-0.));
#19930 = ADVANCED_FACE('',(#19931),#19937,.T.);
#19931 = FACE_BOUND('',#19932,.T.);
#19932 = EDGE_LOOP('',(#19933,#19934,#19935,#19936));
#19933 = ORIENTED_EDGE('',*,*,#19824,.F.);
#19934 = ORIENTED_EDGE('',*,*,#19885,.T.);
#19935 = ORIENTED_EDGE('',*,*,#19864,.T.);
#19936 = ORIENTED_EDGE('',*,*,#19907,.F.);
#19937 = PLANE('',#19938);
#19938 = AXIS2_PLACEMENT_3D('',#19939,#19940,#19941);
#19939 = CARTESIAN_POINT('',(206.,178.,16.6));
#19940 = DIRECTION('',(0.,0.,1.));
#19941 = DIRECTION('',(1.,0.,-0.));
#19942 = ( GEOMETRIC_REPRESENTATION_CONTEXT(3) 
GLOBAL_UNCERTAINTY_ASSIGNED_CONTEXT((#19946)) 
GLOBAL_UNIT_ASSIGNED_CONTEXT((#19943,#19944,#19945)) 
REPRESENTATION_CONTEXT('Context #1',
  '3D Context with UNIT and UNCERTAINTY') );
#19943 = ( LENGTH_UNIT() NAMED_UNIT(*) SI_UNIT(.MILLI.,.METRE.) );
#19944 = ( NAMED_UNIT(*) PLANE_ANGLE_UNIT() SI_UNIT($,.RADIAN.) );
#19945 = ( NAMED_UNIT(*) SI_UNIT($,.STERADIAN.) SOLID_ANGLE_UNIT() );
#19946 = UNCERTAINTY_MEASURE_WITH_UNIT(LENGTH_MEASURE(1.E-07),#19943,
  'distance_accuracy_value','confusion accuracy');
#19947 = CONTEXT_DEPENDENT_SHAPE_REPRESENTATION(#19948,#19950);
#19948 = ( REPRESENTATION_RELATIONSHIP('','',#19791,#10) 
REPRESENTATION_RELATIONSHIP_WITH_TRANSFORMATION(#19949) 
SHAPE_REPRESENTATION_RELATIONSHIP() );
#19949 = ITEM_DEFINED_TRANSFORMATION('','',#11,#135);
#19950 = PRODUCT_DEFINITION_SHAPE('Placement','Placement of an item',
  #19951);
#19951 = NEXT_ASSEMBLY_USAGE_OCCURRENCE('53','REF emulator','',#5,#19786
  ,$);
#19952 = PRODUCT_RELATED_PRODUCT_CATEGORY('part',$,(#19788));
#19953 = SHAPE_DEFINITION_REPRESENTATION(#19954,#19960);
#19954 = PRODUCT_DEFINITION_SHAPE('','',#19955);
#19955 = PRODUCT_DEFINITION('design','',#19956,#19959);
#19956 = PRODUCT_DEFINITION_FORMATION('','',#19957);
#19957 = PRODUCT('REF emulator_parts','REF emulator_parts','',(#19958));
#19958 = PRODUCT_CONTEXT('',#2,'mechanical');
#19959 = PRODUCT_DEFINITION_CONTEXT('part definition',#2,'design');
#19960 = ADVANCED_BREP_SHAPE_REPRESENTATION('',(#11,#19961),#20111);
#19961 = MANIFOLD_SOLID_BREP('',#19962);
#19962 = CLOSED_SHELL('',(#19963,#20003,#20043,#20065,#20087,#20099));
#19963 = ADVANCED_FACE('',(#19964),#19998,.F.);
#19964 = FACE_BOUND('',#19965,.F.);
#19965 = EDGE_LOOP('',(#19966,#19976,#19984,#19992));
#19966 = ORIENTED_EDGE('',*,*,#19967,.F.);
#19967 = EDGE_CURVE('',#19968,#19970,#19972,.T.);
#19968 = VERTEX_POINT('',#19969);
#19969 = CARTESIAN_POINT('',(209.,181.,16.6));
#19970 = VERTEX_POINT('',#19971);
#19971 = CARTESIAN_POINT('',(209.,181.,38.6));
#19972 = LINE('',#19973,#19974);
#19973 = CARTESIAN_POINT('',(209.,181.,16.6));
#19974 = VECTOR('',#19975,1.);
#19975 = DIRECTION('',(0.,0.,1.));
#19976 = ORIENTED_EDGE('',*,*,#19977,.T.);
#19977 = EDGE_CURVE('',#19968,#19978,#19980,.T.);
#19978 = VERTEX_POINT('',#19979);
#19979 = CARTESIAN_POINT('',(209.,285.,16.6));
#19980 = LINE('',#19981,#19982);
#19981 = CARTESIAN_POINT('',(209.,181.,16.6));
#19982 = VECTOR('',#19983,1.);
#19983 = DIRECTION('',(-0.,1.,0.));
#19984 = ORIENTED_EDGE('',*,*,#19985,.T.);
#19985 = EDGE_CURVE('',#19978,#19986,#19988,.T.);
#19986 = VERTEX_POINT('',#19987);
#19987 = CARTESIAN_POINT('',(209.,285.,38.6));
#19988 = LINE('',#19989,#19990);
#19989 = CARTESIAN_POINT('',(209.,285.,16.6));
#19990 = VECTOR('',#19991,1.);
#19991 = DIRECTION('',(0.,0.,1.));
#19992 = ORIENTED_EDGE('',*,*,#19993,.F.);
#19993 = EDGE_CURVE('',#19970,#19986,#19994,.T.);
#19994 = LINE('',#19995,#19996);
#19995 = CARTESIAN_POINT('',(209.,181.,38.6));
#19996 = VECTOR('',#19997,1.);
#19997 = DIRECTION('',(-0.,1.,0.));
#19998 = PLANE('',#19999);
#19999 = AXIS2_PLACEMENT_3D('',#20000,#20001,#20002);
#20000 = CARTESIAN_POINT('',(209.,181.,16.6));
#20001 = DIRECTION('',(1.,0.,-0.));
#20002 = DIRECTION('',(0.,0.,1.));
#20003 = ADVANCED_FACE('',(#20004),#20038,.T.);
#20004 = FACE_BOUND('',#20005,.T.);
#20005 = EDGE_LOOP('',(#20006,#20016,#20024,#20032));
#20006 = ORIENTED_EDGE('',*,*,#20007,.F.);
#20007 = EDGE_CURVE('',#20008,#20010,#20012,.T.);
#20008 = VERTEX_POINT('',#20009);
#20009 = CARTESIAN_POINT('',(363.,181.,16.6));
#20010 = VERTEX_POINT('',#20011);
#20011 = CARTESIAN_POINT('',(363.,181.,38.6));
#20012 = LINE('',#20013,#20014);
#20013 = CARTESIAN_POINT('',(363.,181.,16.6));
#20014 = VECTOR('',#20015,1.);
#20015 = DIRECTION('',(0.,0.,1.));
#20016 = ORIENTED_EDGE('',*,*,#20017,.T.);
#20017 = EDGE_CURVE('',#20008,#20018,#20020,.T.);
#20018 = VERTEX_POINT('',#20019);
#20019 = CARTESIAN_POINT('',(363.,285.,16.6));
#20020 = LINE('',#20021,#20022);
#20021 = CARTESIAN_POINT('',(363.,181.,16.6));
#20022 = VECTOR('',#20023,1.);
#20023 = DIRECTION('',(-0.,1.,0.));
#20024 = ORIENTED_EDGE('',*,*,#20025,.T.);
#20025 = EDGE_CURVE('',#20018,#20026,#20028,.T.);
#20026 = VERTEX_POINT('',#20027);
#20027 = CARTESIAN_POINT('',(363.,285.,38.6));
#20028 = LINE('',#20029,#20030);
#20029 = CARTESIAN_POINT('',(363.,285.,16.6));
#20030 = VECTOR('',#20031,1.);
#20031 = DIRECTION('',(0.,0.,1.));
#20032 = ORIENTED_EDGE('',*,*,#20033,.F.);
#20033 = EDGE_CURVE('',#20010,#20026,#20034,.T.);
#20034 = LINE('',#20035,#20036);
#20035 = CARTESIAN_POINT('',(363.,181.,38.6));
#20036 = VECTOR('',#20037,1.);
#20037 = DIRECTION('',(-0.,1.,0.));
#20038 = PLANE('',#20039);
#20039 = AXIS2_PLACEMENT_3D('',#20040,#20041,#20042);
#20040 = CARTESIAN_POINT('',(363.,181.,16.6));
#20041 = DIRECTION('',(1.,0.,-0.));
#20042 = DIRECTION('',(0.,0.,1.));
#20043 = ADVANCED_FACE('',(#20044),#20060,.F.);
#20044 = FACE_BOUND('',#20045,.F.);
#20045 = EDGE_LOOP('',(#20046,#20052,#20053,#20059));
#20046 = ORIENTED_EDGE('',*,*,#20047,.F.);
#20047 = EDGE_CURVE('',#19968,#20008,#20048,.T.);
#20048 = LINE('',#20049,#20050);
#20049 = CARTESIAN_POINT('',(209.,181.,16.6));
#20050 = VECTOR('',#20051,1.);
#20051 = DIRECTION('',(1.,0.,-0.));
#20052 = ORIENTED_EDGE('',*,*,#19967,.T.);
#20053 = ORIENTED_EDGE('',*,*,#20054,.T.);
#20054 = EDGE_CURVE('',#19970,#20010,#20055,.T.);
#20055 = LINE('',#20056,#20057);
#20056 = CARTESIAN_POINT('',(209.,181.,38.6));
#20057 = VECTOR('',#20058,1.);
#20058 = DIRECTION('',(1.,0.,-0.));
#20059 = ORIENTED_EDGE('',*,*,#20007,.F.);
#20060 = PLANE('',#20061);
#20061 = AXIS2_PLACEMENT_3D('',#20062,#20063,#20064);
#20062 = CARTESIAN_POINT('',(209.,181.,16.6));
#20063 = DIRECTION('',(-0.,1.,0.));
#20064 = DIRECTION('',(0.,0.,1.));
#20065 = ADVANCED_FACE('',(#20066),#20082,.T.);
#20066 = FACE_BOUND('',#20067,.T.);
#20067 = EDGE_LOOP('',(#20068,#20074,#20075,#20081));
#20068 = ORIENTED_EDGE('',*,*,#20069,.F.);
#20069 = EDGE_CURVE('',#19978,#20018,#20070,.T.);
#20070 = LINE('',#20071,#20072);
#20071 = CARTESIAN_POINT('',(209.,285.,16.6));
#20072 = VECTOR('',#20073,1.);
#20073 = DIRECTION('',(1.,0.,-0.));
#20074 = ORIENTED_EDGE('',*,*,#19985,.T.);
#20075 = ORIENTED_EDGE('',*,*,#20076,.T.);
#20076 = EDGE_CURVE('',#19986,#20026,#20077,.T.);
#20077 = LINE('',#20078,#20079);
#20078 = CARTESIAN_POINT('',(209.,285.,38.6));
#20079 = VECTOR('',#20080,1.);
#20080 = DIRECTION('',(1.,0.,-0.));
#20081 = ORIENTED_EDGE('',*,*,#20025,.F.);
#20082 = PLANE('',#20083);
#20083 = AXIS2_PLACEMENT_3D('',#20084,#20085,#20086);
#20084 = CARTESIAN_POINT('',(209.,285.,16.6));
#20085 = DIRECTION('',(-0.,1.,0.));
#20086 = DIRECTION('',(0.,0.,1.));
#20087 = ADVANCED_FACE('',(#20088),#20094,.F.);
#20088 = FACE_BOUND('',#20089,.F.);
#20089 = EDGE_LOOP('',(#20090,#20091,#20092,#20093));
#20090 = ORIENTED_EDGE('',*,*,#19977,.F.);
#20091 = ORIENTED_EDGE('',*,*,#20047,.T.);
#20092 = ORIENTED_EDGE('',*,*,#20017,.T.);
#20093 = ORIENTED_EDGE('',*,*,#20069,.F.);
#20094 = PLANE('',#20095);
#20095 = AXIS2_PLACEMENT_3D('',#20096,#20097,#20098);
#20096 = CARTESIAN_POINT('',(209.,181.,16.6));
#20097 = DIRECTION('',(0.,0.,1.));
#20098 = DIRECTION('',(1.,0.,-0.));
#20099 = ADVANCED_FACE('',(#20100),#20106,.T.);
#20100 = FACE_BOUND('',#20101,.T.);
#20101 = EDGE_LOOP('',(#20102,#20103,#20104,#20105));
#20102 = ORIENTED_EDGE('',*,*,#19993,.F.);
#20103 = ORIENTED_EDGE('',*,*,#20054,.T.);
#20104 = ORIENTED_EDGE('',*,*,#20033,.T.);
#20105 = ORIENTED_EDGE('',*,*,#20076,.F.);
#20106 = PLANE('',#20107);
#20107 = AXIS2_PLACEMENT_3D('',#20108,#20109,#20110);
#20108 = CARTESIAN_POINT('',(209.,181.,38.6));
#20109 = DIRECTION('',(0.,0.,1.));
#20110 = DIRECTION('',(1.,0.,-0.));
#20111 = ( GEOMETRIC_REPRESENTATION_CONTEXT(3) 
GLOBAL_UNCERTAINTY_ASSIGNED_CONTEXT((#20115)) 
GLOBAL_UNIT_ASSIGNED_CONTEXT((#20112,#20113,#20114)) 
REPRESENTATION_CONTEXT('Context #1',
  '3D Context with UNIT and UNCERTAINTY') );
#20112 = ( LENGTH_UNIT() NAMED_UNIT(*) SI_UNIT(.MILLI.,.METRE.) );
#20113 = ( NAMED_UNIT(*) PLANE_ANGLE_UNIT() SI_UNIT($,.RADIAN.) );
#20114 = ( NAMED_UNIT(*) SI_UNIT($,.STERADIAN.) SOLID_ANGLE_UNIT() );
#20115 = UNCERTAINTY_MEASURE_WITH_UNIT(LENGTH_MEASURE(1.E-07),#20112,
  'distance_accuracy_value','confusion accuracy');
#20116 = CONTEXT_DEPENDENT_SHAPE_REPRESENTATION(#20117,#20119);
#20117 = ( REPRESENTATION_RELATIONSHIP('','',#19960,#10) 
REPRESENTATION_RELATIONSHIP_WITH_TRANSFORMATION(#20118) 
SHAPE_REPRESENTATION_RELATIONSHIP() );
#20118 = ITEM_DEFINED_TRANSFORMATION('','',#11,#139);
#20119 = PRODUCT_DEFINITION_SHAPE('Placement','Placement of an item',
  #20120);
#20120 = NEXT_ASSEMBLY_USAGE_OCCURRENCE('54','REF emulator_parts','',#5,
  #19955,$);
#20121 = PRODUCT_RELATED_PRODUCT_CATEGORY('part',$,(#19957));
#20122 = SHAPE_DEFINITION_REPRESENTATION(#20123,#20129);
#20123 = PRODUCT_DEFINITION_SHAPE('','',#20124);
#20124 = PRODUCT_DEFINITION('design','',#20125,#20128);
#20125 = PRODUCT_DEFINITION_FORMATION('','',#20126);
#20126 = PRODUCT('REF emulator_standoffs','REF emulator_standoffs','',(
    #20127));
#20127 = PRODUCT_CONTEXT('',#2,'mechanical');
#20128 = PRODUCT_DEFINITION_CONTEXT('part definition',#2,'design');
#20129 = SHAPE_REPRESENTATION('',(#11,#20130,#20183,#20236,#20289,#20342
    ,#20395),#20448);
#20130 = MANIFOLD_SOLID_BREP('',#20131);
#20131 = CLOSED_SHELL('',(#20132,#20165,#20174));
#20132 = ADVANCED_FACE('',(#20133),#20160,.T.);
#20133 = FACE_BOUND('',#20134,.T.);
#20134 = EDGE_LOOP('',(#20135,#20144,#20152,#20159));
#20135 = ORIENTED_EDGE('',*,*,#20136,.F.);
#20136 = EDGE_CURVE('',#20137,#20137,#20139,.T.);
#20137 = VERTEX_POINT('',#20138);
#20138 = CARTESIAN_POINT('',(213.75,183.,15.));
#20139 = CIRCLE('',#20140,2.75);
#20140 = AXIS2_PLACEMENT_3D('',#20141,#20142,#20143);
#20141 = CARTESIAN_POINT('',(211.,183.,15.));
#20142 = DIRECTION('',(0.,0.,1.));
#20143 = DIRECTION('',(1.,0.,-0.));
#20144 = ORIENTED_EDGE('',*,*,#20145,.F.);
#20145 = EDGE_CURVE('',#20146,#20137,#20148,.T.);
#20146 = VERTEX_POINT('',#20147);
#20147 = CARTESIAN_POINT('',(213.75,183.,9.));
#20148 = LINE('',#20149,#20150);
#20149 = CARTESIAN_POINT('',(213.75,183.,9.));
#20150 = VECTOR('',#20151,1.);
#20151 = DIRECTION('',(0.,0.,1.));
#20152 = ORIENTED_EDGE('',*,*,#20153,.T.);
#20153 = EDGE_CURVE('',#20146,#20146,#20154,.T.);
#20154 = CIRCLE('',#20155,2.75);
#20155 = AXIS2_PLACEMENT_3D('',#20156,#20157,#20158);
#20156 = CARTESIAN_POINT('',(211.,183.,9.));
#20157 = DIRECTION('',(0.,0.,1.));
#20158 = DIRECTION('',(1.,0.,-0.));
#20159 = ORIENTED_EDGE('',*,*,#20145,.T.);
#20160 = CYLINDRICAL_SURFACE('',#20161,2.75);
#20161 = AXIS2_PLACEMENT_3D('',#20162,#20163,#20164);
#20162 = CARTESIAN_POINT('',(211.,183.,9.));
#20163 = DIRECTION('',(0.,0.,1.));
#20164 = DIRECTION('',(1.,0.,-0.));
#20165 = ADVANCED_FACE('',(#20166),#20169,.T.);
#20166 = FACE_BOUND('',#20167,.T.);
#20167 = EDGE_LOOP('',(#20168));
#20168 = ORIENTED_EDGE('',*,*,#20136,.T.);
#20169 = PLANE('',#20170);
#20170 = AXIS2_PLACEMENT_3D('',#20171,#20172,#20173);
#20171 = CARTESIAN_POINT('',(211.,183.,15.));
#20172 = DIRECTION('',(0.,0.,1.));
#20173 = DIRECTION('',(1.,0.,-0.));
#20174 = ADVANCED_FACE('',(#20175),#20178,.F.);
#20175 = FACE_BOUND('',#20176,.T.);
#20176 = EDGE_LOOP('',(#20177));
#20177 = ORIENTED_EDGE('',*,*,#20153,.F.);
#20178 = PLANE('',#20179);
#20179 = AXIS2_PLACEMENT_3D('',#20180,#20181,#20182);
#20180 = CARTESIAN_POINT('',(211.,183.,9.));
#20181 = DIRECTION('',(0.,0.,1.));
#20182 = DIRECTION('',(1.,0.,-0.));
#20183 = MANIFOLD_SOLID_BREP('',#20184);
#20184 = CLOSED_SHELL('',(#20185,#20218,#20227));
#20185 = ADVANCED_FACE('',(#20186),#20213,.T.);
#20186 = FACE_BOUND('',#20187,.T.);
#20187 = EDGE_LOOP('',(#20188,#20197,#20205,#20212));
#20188 = ORIENTED_EDGE('',*,*,#20189,.F.);
#20189 = EDGE_CURVE('',#20190,#20190,#20192,.T.);
#20190 = VERTEX_POINT('',#20191);
#20191 = CARTESIAN_POINT('',(308.35,183.,15.));
#20192 = CIRCLE('',#20193,2.75);
#20193 = AXIS2_PLACEMENT_3D('',#20194,#20195,#20196);
#20194 = CARTESIAN_POINT('',(305.6,183.,15.));
#20195 = DIRECTION('',(0.,0.,1.));
#20196 = DIRECTION('',(1.,0.,-0.));
#20197 = ORIENTED_EDGE('',*,*,#20198,.F.);
#20198 = EDGE_CURVE('',#20199,#20190,#20201,.T.);
#20199 = VERTEX_POINT('',#20200);
#20200 = CARTESIAN_POINT('',(308.35,183.,9.));
#20201 = LINE('',#20202,#20203);
#20202 = CARTESIAN_POINT('',(308.35,183.,9.));
#20203 = VECTOR('',#20204,1.);
#20204 = DIRECTION('',(0.,0.,1.));
#20205 = ORIENTED_EDGE('',*,*,#20206,.T.);
#20206 = EDGE_CURVE('',#20199,#20199,#20207,.T.);
#20207 = CIRCLE('',#20208,2.75);
#20208 = AXIS2_PLACEMENT_3D('',#20209,#20210,#20211);
#20209 = CARTESIAN_POINT('',(305.6,183.,9.));
#20210 = DIRECTION('',(0.,0.,1.));
#20211 = DIRECTION('',(1.,0.,-0.));
#20212 = ORIENTED_EDGE('',*,*,#20198,.T.);
#20213 = CYLINDRICAL_SURFACE('',#20214,2.75);
#20214 = AXIS2_PLACEMENT_3D('',#20215,#20216,#20217);
#20215 = CARTESIAN_POINT('',(305.6,183.,9.));
#20216 = DIRECTION('',(0.,0.,1.));
#20217 = DIRECTION('',(1.,0.,-0.));
#20218 = ADVANCED_FACE('',(#20219),#20222,.T.);
#20219 = FACE_BOUND('',#20220,.T.);
#20220 = EDGE_LOOP('',(#20221));
#20221 = ORIENTED_EDGE('',*,*,#20189,.T.);
#20222 = PLANE('',#20223);
#20223 = AXIS2_PLACEMENT_3D('',#20224,#20225,#20226);
#20224 = CARTESIAN_POINT('',(305.6,183.,15.));
#20225 = DIRECTION('',(0.,0.,1.));
#20226 = DIRECTION('',(1.,0.,-0.));
#20227 = ADVANCED_FACE('',(#20228),#20231,.F.);
#20228 = FACE_BOUND('',#20229,.T.);
#20229 = EDGE_LOOP('',(#20230));
#20230 = ORIENTED_EDGE('',*,*,#20206,.F.);
#20231 = PLANE('',#20232);
#20232 = AXIS2_PLACEMENT_3D('',#20233,#20234,#20235);
#20233 = CARTESIAN_POINT('',(305.6,183.,9.));
#20234 = DIRECTION('',(0.,0.,1.));
#20235 = DIRECTION('',(1.,0.,-0.));
#20236 = MANIFOLD_SOLID_BREP('',#20237);
#20237 = CLOSED_SHELL('',(#20238,#20271,#20280));
#20238 = ADVANCED_FACE('',(#20239),#20266,.T.);
#20239 = FACE_BOUND('',#20240,.T.);
#20240 = EDGE_LOOP('',(#20241,#20250,#20258,#20265));
#20241 = ORIENTED_EDGE('',*,*,#20242,.F.);
#20242 = EDGE_CURVE('',#20243,#20243,#20245,.T.);
#20243 = VERTEX_POINT('',#20244);
#20244 = CARTESIAN_POINT('',(363.75,183.,15.));
#20245 = CIRCLE('',#20246,2.75);
#20246 = AXIS2_PLACEMENT_3D('',#20247,#20248,#20249);
#20247 = CARTESIAN_POINT('',(361.,183.,15.));
#20248 = DIRECTION('',(0.,0.,1.));
#20249 = DIRECTION('',(1.,0.,-0.));
#20250 = ORIENTED_EDGE('',*,*,#20251,.F.);
#20251 = EDGE_CURVE('',#20252,#20243,#20254,.T.);
#20252 = VERTEX_POINT('',#20253);
#20253 = CARTESIAN_POINT('',(363.75,183.,9.));
#20254 = LINE('',#20255,#20256);
#20255 = CARTESIAN_POINT('',(363.75,183.,9.));
#20256 = VECTOR('',#20257,1.);
#20257 = DIRECTION('',(0.,0.,1.));
#20258 = ORIENTED_EDGE('',*,*,#20259,.T.);
#20259 = EDGE_CURVE('',#20252,#20252,#20260,.T.);
#20260 = CIRCLE('',#20261,2.75);
#20261 = AXIS2_PLACEMENT_3D('',#20262,#20263,#20264);
#20262 = CARTESIAN_POINT('',(361.,183.,9.));
#20263 = DIRECTION('',(0.,0.,1.));
#20264 = DIRECTION('',(1.,0.,-0.));
#20265 = ORIENTED_EDGE('',*,*,#20251,.T.);
#20266 = CYLINDRICAL_SURFACE('',#20267,2.75);
#20267 = AXIS2_PLACEMENT_3D('',#20268,#20269,#20270);
#20268 = CARTESIAN_POINT('',(361.,183.,9.));
#20269 = DIRECTION('',(0.,0.,1.));
#20270 = DIRECTION('',(1.,0.,-0.));
#20271 = ADVANCED_FACE('',(#20272),#20275,.T.);
#20272 = FACE_BOUND('',#20273,.T.);
#20273 = EDGE_LOOP('',(#20274));
#20274 = ORIENTED_EDGE('',*,*,#20242,.T.);
#20275 = PLANE('',#20276);
#20276 = AXIS2_PLACEMENT_3D('',#20277,#20278,#20279);
#20277 = CARTESIAN_POINT('',(361.,183.,15.));
#20278 = DIRECTION('',(0.,0.,1.));
#20279 = DIRECTION('',(1.,0.,-0.));
#20280 = ADVANCED_FACE('',(#20281),#20284,.F.);
#20281 = FACE_BOUND('',#20282,.T.);
#20282 = EDGE_LOOP('',(#20283));
#20283 = ORIENTED_EDGE('',*,*,#20259,.F.);
#20284 = PLANE('',#20285);
#20285 = AXIS2_PLACEMENT_3D('',#20286,#20287,#20288);
#20286 = CARTESIAN_POINT('',(361.,183.,9.));
#20287 = DIRECTION('',(0.,0.,1.));
#20288 = DIRECTION('',(1.,0.,-0.));
#20289 = MANIFOLD_SOLID_BREP('',#20290);
#20290 = CLOSED_SHELL('',(#20291,#20324,#20333));
#20291 = ADVANCED_FACE('',(#20292),#20319,.T.);
#20292 = FACE_BOUND('',#20293,.T.);
#20293 = EDGE_LOOP('',(#20294,#20303,#20311,#20318));
#20294 = ORIENTED_EDGE('',*,*,#20295,.F.);
#20295 = EDGE_CURVE('',#20296,#20296,#20298,.T.);
#20296 = VERTEX_POINT('',#20297);
#20297 = CARTESIAN_POINT('',(213.75,283.,15.));
#20298 = CIRCLE('',#20299,2.75);
#20299 = AXIS2_PLACEMENT_3D('',#20300,#20301,#20302);
#20300 = CARTESIAN_POINT('',(211.,283.,15.));
#20301 = DIRECTION('',(0.,0.,1.));
#20302 = DIRECTION('',(1.,0.,-0.));
#20303 = ORIENTED_EDGE('',*,*,#20304,.F.);
#20304 = EDGE_CURVE('',#20305,#20296,#20307,.T.);
#20305 = VERTEX_POINT('',#20306);
#20306 = CARTESIAN_POINT('',(213.75,283.,9.));
#20307 = LINE('',#20308,#20309);
#20308 = CARTESIAN_POINT('',(213.75,283.,9.));
#20309 = VECTOR('',#20310,1.);
#20310 = DIRECTION('',(0.,0.,1.));
#20311 = ORIENTED_EDGE('',*,*,#20312,.T.);
#20312 = EDGE_CURVE('',#20305,#20305,#20313,.T.);
#20313 = CIRCLE('',#20314,2.75);
#20314 = AXIS2_PLACEMENT_3D('',#20315,#20316,#20317);
#20315 = CARTESIAN_POINT('',(211.,283.,9.));
#20316 = DIRECTION('',(0.,0.,1.));
#20317 = DIRECTION('',(1.,0.,-0.));
#20318 = ORIENTED_EDGE('',*,*,#20304,.T.);
#20319 = CYLINDRICAL_SURFACE('',#20320,2.75);
#20320 = AXIS2_PLACEMENT_3D('',#20321,#20322,#20323);
#20321 = CARTESIAN_POINT('',(211.,283.,9.));
#20322 = DIRECTION('',(0.,0.,1.));
#20323 = DIRECTION('',(1.,0.,-0.));
#20324 = ADVANCED_FACE('',(#20325),#20328,.T.);
#20325 = FACE_BOUND('',#20326,.T.);
#20326 = EDGE_LOOP('',(#20327));
#20327 = ORIENTED_EDGE('',*,*,#20295,.T.);
#20328 = PLANE('',#20329);
#20329 = AXIS2_PLACEMENT_3D('',#20330,#20331,#20332);
#20330 = CARTESIAN_POINT('',(211.,283.,15.));
#20331 = DIRECTION('',(0.,0.,1.));
#20332 = DIRECTION('',(1.,0.,-0.));
#20333 = ADVANCED_FACE('',(#20334),#20337,.F.);
#20334 = FACE_BOUND('',#20335,.T.);
#20335 = EDGE_LOOP('',(#20336));
#20336 = ORIENTED_EDGE('',*,*,#20312,.F.);
#20337 = PLANE('',#20338);
#20338 = AXIS2_PLACEMENT_3D('',#20339,#20340,#20341);
#20339 = CARTESIAN_POINT('',(211.,283.,9.));
#20340 = DIRECTION('',(0.,0.,1.));
#20341 = DIRECTION('',(1.,0.,-0.));
#20342 = MANIFOLD_SOLID_BREP('',#20343);
#20343 = CLOSED_SHELL('',(#20344,#20377,#20386));
#20344 = ADVANCED_FACE('',(#20345),#20372,.T.);
#20345 = FACE_BOUND('',#20346,.T.);
#20346 = EDGE_LOOP('',(#20347,#20356,#20364,#20371));
#20347 = ORIENTED_EDGE('',*,*,#20348,.F.);
#20348 = EDGE_CURVE('',#20349,#20349,#20351,.T.);
#20349 = VERTEX_POINT('',#20350);
#20350 = CARTESIAN_POINT('',(308.35,283.,15.));
#20351 = CIRCLE('',#20352,2.75);
#20352 = AXIS2_PLACEMENT_3D('',#20353,#20354,#20355);
#20353 = CARTESIAN_POINT('',(305.6,283.,15.));
#20354 = DIRECTION('',(0.,0.,1.));
#20355 = DIRECTION('',(1.,0.,-0.));
#20356 = ORIENTED_EDGE('',*,*,#20357,.F.);
#20357 = EDGE_CURVE('',#20358,#20349,#20360,.T.);
#20358 = VERTEX_POINT('',#20359);
#20359 = CARTESIAN_POINT('',(308.35,283.,9.));
#20360 = LINE('',#20361,#20362);
#20361 = CARTESIAN_POINT('',(308.35,283.,9.));
#20362 = VECTOR('',#20363,1.);
#20363 = DIRECTION('',(0.,0.,1.));
#20364 = ORIENTED_EDGE('',*,*,#20365,.T.);
#20365 = EDGE_CURVE('',#20358,#20358,#20366,.T.);
#20366 = CIRCLE('',#20367,2.75);
#20367 = AXIS2_PLACEMENT_3D('',#20368,#20369,#20370);
#20368 = CARTESIAN_POINT('',(305.6,283.,9.));
#20369 = DIRECTION('',(0.,0.,1.));
#20370 = DIRECTION('',(1.,0.,-0.));
#20371 = ORIENTED_EDGE('',*,*,#20357,.T.);
#20372 = CYLINDRICAL_SURFACE('',#20373,2.75);
#20373 = AXIS2_PLACEMENT_3D('',#20374,#20375,#20376);
#20374 = CARTESIAN_POINT('',(305.6,283.,9.));
#20375 = DIRECTION('',(0.,0.,1.));
#20376 = DIRECTION('',(1.,0.,-0.));
#20377 = ADVANCED_FACE('',(#20378),#20381,.T.);
#20378 = FACE_BOUND('',#20379,.T.);
#20379 = EDGE_LOOP('',(#20380));
#20380 = ORIENTED_EDGE('',*,*,#20348,.T.);
#20381 = PLANE('',#20382);
#20382 = AXIS2_PLACEMENT_3D('',#20383,#20384,#20385);
#20383 = CARTESIAN_POINT('',(305.6,283.,15.));
#20384 = DIRECTION('',(0.,0.,1.));
#20385 = DIRECTION('',(1.,0.,-0.));
#20386 = ADVANCED_FACE('',(#20387),#20390,.F.);
#20387 = FACE_BOUND('',#20388,.T.);
#20388 = EDGE_LOOP('',(#20389));
#20389 = ORIENTED_EDGE('',*,*,#20365,.F.);
#20390 = PLANE('',#20391);
#20391 = AXIS2_PLACEMENT_3D('',#20392,#20393,#20394);
#20392 = CARTESIAN_POINT('',(305.6,283.,9.));
#20393 = DIRECTION('',(0.,0.,1.));
#20394 = DIRECTION('',(1.,0.,-0.));
#20395 = MANIFOLD_SOLID_BREP('',#20396);
#20396 = CLOSED_SHELL('',(#20397,#20430,#20439));
#20397 = ADVANCED_FACE('',(#20398),#20425,.T.);
#20398 = FACE_BOUND('',#20399,.T.);
#20399 = EDGE_LOOP('',(#20400,#20409,#20417,#20424));
#20400 = ORIENTED_EDGE('',*,*,#20401,.F.);
#20401 = EDGE_CURVE('',#20402,#20402,#20404,.T.);
#20402 = VERTEX_POINT('',#20403);
#20403 = CARTESIAN_POINT('',(363.75,283.,15.));
#20404 = CIRCLE('',#20405,2.75);
#20405 = AXIS2_PLACEMENT_3D('',#20406,#20407,#20408);
#20406 = CARTESIAN_POINT('',(361.,283.,15.));
#20407 = DIRECTION('',(0.,0.,1.));
#20408 = DIRECTION('',(1.,0.,-0.));
#20409 = ORIENTED_EDGE('',*,*,#20410,.F.);
#20410 = EDGE_CURVE('',#20411,#20402,#20413,.T.);
#20411 = VERTEX_POINT('',#20412);
#20412 = CARTESIAN_POINT('',(363.75,283.,9.));
#20413 = LINE('',#20414,#20415);
#20414 = CARTESIAN_POINT('',(363.75,283.,9.));
#20415 = VECTOR('',#20416,1.);
#20416 = DIRECTION('',(0.,0.,1.));
#20417 = ORIENTED_EDGE('',*,*,#20418,.T.);
#20418 = EDGE_CURVE('',#20411,#20411,#20419,.T.);
#20419 = CIRCLE('',#20420,2.75);
#20420 = AXIS2_PLACEMENT_3D('',#20421,#20422,#20423);
#20421 = CARTESIAN_POINT('',(361.,283.,9.));
#20422 = DIRECTION('',(0.,0.,1.));
#20423 = DIRECTION('',(1.,0.,-0.));
#20424 = ORIENTED_EDGE('',*,*,#20410,.T.);
#20425 = CYLINDRICAL_SURFACE('',#20426,2.75);
#20426 = AXIS2_PLACEMENT_3D('',#20427,#20428,#20429);
#20427 = CARTESIAN_POINT('',(361.,283.,9.));
#20428 = DIRECTION('',(0.,0.,1.));
#20429 = DIRECTION('',(1.,0.,-0.));
#20430 = ADVANCED_FACE('',(#20431),#20434,.T.);
#20431 = FACE_BOUND('',#20432,.T.);
#20432 = EDGE_LOOP('',(#20433));
#20433 = ORIENTED_EDGE('',*,*,#20401,.T.);
#20434 = PLANE('',#20435);
#20435 = AXIS2_PLACEMENT_3D('',#20436,#20437,#20438);
#20436 = CARTESIAN_POINT('',(361.,283.,15.));
#20437 = DIRECTION('',(0.,0.,1.));
#20438 = DIRECTION('',(1.,0.,-0.));
#20439 = ADVANCED_FACE('',(#20440),#20443,.F.);
#20440 = FACE_BOUND('',#20441,.T.);
#20441 = EDGE_LOOP('',(#20442));
#20442 = ORIENTED_EDGE('',*,*,#20418,.F.);
#20443 = PLANE('',#20444);
#20444 = AXIS2_PLACEMENT_3D('',#20445,#20446,#20447);
#20445 = CARTESIAN_POINT('',(361.,283.,9.));
#20446 = DIRECTION('',(0.,0.,1.));
#20447 = DIRECTION('',(1.,0.,-0.));
#20448 = ( GEOMETRIC_REPRESENTATION_CONTEXT(3) 
GLOBAL_UNCERTAINTY_ASSIGNED_CONTEXT((#20452)) 
GLOBAL_UNIT_ASSIGNED_CONTEXT((#20449,#20450,#20451)) 
REPRESENTATION_CONTEXT('Context #1',
  '3D Context with UNIT and UNCERTAINTY') );
#20449 = ( LENGTH_UNIT() NAMED_UNIT(*) SI_UNIT(.MILLI.,.METRE.) );
#20450 = ( NAMED_UNIT(*) PLANE_ANGLE_UNIT() SI_UNIT($,.RADIAN.) );
#20451 = ( NAMED_UNIT(*) SI_UNIT($,.STERADIAN.) SOLID_ANGLE_UNIT() );
#20452 = UNCERTAINTY_MEASURE_WITH_UNIT(LENGTH_MEASURE(1.E-07),#20449,
  'distance_accuracy_value','confusion accuracy');
#20453 = CONTEXT_DEPENDENT_SHAPE_REPRESENTATION(#20454,#20456);
#20454 = ( REPRESENTATION_RELATIONSHIP('','',#20129,#10) 
REPRESENTATION_RELATIONSHIP_WITH_TRANSFORMATION(#20455) 
SHAPE_REPRESENTATION_RELATIONSHIP() );
#20455 = ITEM_DEFINED_TRANSFORMATION('','',#11,#143);
#20456 = PRODUCT_DEFINITION_SHAPE('Placement','Placement of an item',
  #20457);
#20457 = NEXT_ASSEMBLY_USAGE_OCCURRENCE('55','REF emulator_standoffs',''
  ,#5,#20124,$);
#20458 = PRODUCT_RELATED_PRODUCT_CATEGORY('part',$,(#20126));
#20459 = SHAPE_DEFINITION_REPRESENTATION(#20460,#20466);
#20460 = PRODUCT_DEFINITION_SHAPE('','',#20461);
#20461 = PRODUCT_DEFINITION('design','',#20462,#20465);
#20462 = PRODUCT_DEFINITION_FORMATION('','',#20463);
#20463 = PRODUCT('REF psu','REF psu','',(#20464));
#20464 = PRODUCT_CONTEXT('',#2,'mechanical');
#20465 = PRODUCT_DEFINITION_CONTEXT('part definition',#2,'design');
#20466 = ADVANCED_BREP_SHAPE_REPRESENTATION('',(#11,#20467),#20617);
#20467 = MANIFOLD_SOLID_BREP('',#20468);
#20468 = CLOSED_SHELL('',(#20469,#20509,#20549,#20571,#20593,#20605));
#20469 = ADVANCED_FACE('',(#20470),#20504,.F.);
#20470 = FACE_BOUND('',#20471,.F.);
#20471 = EDGE_LOOP('',(#20472,#20482,#20490,#20498));
#20472 = ORIENTED_EDGE('',*,*,#20473,.F.);
#20473 = EDGE_CURVE('',#20474,#20476,#20478,.T.);
#20474 = VERTEX_POINT('',#20475);
#20475 = CARTESIAN_POINT('',(376.,195.,15.));
#20476 = VERTEX_POINT('',#20477);
#20477 = CARTESIAN_POINT('',(376.,195.,16.6));
#20478 = LINE('',#20479,#20480);
#20479 = CARTESIAN_POINT('',(376.,195.,15.));
#20480 = VECTOR('',#20481,1.);
#20481 = DIRECTION('',(0.,0.,1.));
#20482 = ORIENTED_EDGE('',*,*,#20483,.T.);
#20483 = EDGE_CURVE('',#20474,#20484,#20486,.T.);
#20484 = VERTEX_POINT('',#20485);
#20485 = CARTESIAN_POINT('',(376.,275.,15.));
#20486 = LINE('',#20487,#20488);
#20487 = CARTESIAN_POINT('',(376.,195.,15.));
#20488 = VECTOR('',#20489,1.);
#20489 = DIRECTION('',(-0.,1.,0.));
#20490 = ORIENTED_EDGE('',*,*,#20491,.T.);
#20491 = EDGE_CURVE('',#20484,#20492,#20494,.T.);
#20492 = VERTEX_POINT('',#20493);
#20493 = CARTESIAN_POINT('',(376.,275.,16.6));
#20494 = LINE('',#20495,#20496);
#20495 = CARTESIAN_POINT('',(376.,275.,15.));
#20496 = VECTOR('',#20497,1.);
#20497 = DIRECTION('',(0.,0.,1.));
#20498 = ORIENTED_EDGE('',*,*,#20499,.F.);
#20499 = EDGE_CURVE('',#20476,#20492,#20500,.T.);
#20500 = LINE('',#20501,#20502);
#20501 = CARTESIAN_POINT('',(376.,195.,16.6));
#20502 = VECTOR('',#20503,1.);
#20503 = DIRECTION('',(-0.,1.,0.));
#20504 = PLANE('',#20505);
#20505 = AXIS2_PLACEMENT_3D('',#20506,#20507,#20508);
#20506 = CARTESIAN_POINT('',(376.,195.,15.));
#20507 = DIRECTION('',(1.,0.,-0.));
#20508 = DIRECTION('',(0.,0.,1.));
#20509 = ADVANCED_FACE('',(#20510),#20544,.T.);
#20510 = FACE_BOUND('',#20511,.T.);
#20511 = EDGE_LOOP('',(#20512,#20522,#20530,#20538));
#20512 = ORIENTED_EDGE('',*,*,#20513,.F.);
#20513 = EDGE_CURVE('',#20514,#20516,#20518,.T.);
#20514 = VERTEX_POINT('',#20515);
#20515 = CARTESIAN_POINT('',(502.,195.,15.));
#20516 = VERTEX_POINT('',#20517);
#20517 = CARTESIAN_POINT('',(502.,195.,16.6));
#20518 = LINE('',#20519,#20520);
#20519 = CARTESIAN_POINT('',(502.,195.,15.));
#20520 = VECTOR('',#20521,1.);
#20521 = DIRECTION('',(0.,0.,1.));
#20522 = ORIENTED_EDGE('',*,*,#20523,.T.);
#20523 = EDGE_CURVE('',#20514,#20524,#20526,.T.);
#20524 = VERTEX_POINT('',#20525);
#20525 = CARTESIAN_POINT('',(502.,275.,15.));
#20526 = LINE('',#20527,#20528);
#20527 = CARTESIAN_POINT('',(502.,195.,15.));
#20528 = VECTOR('',#20529,1.);
#20529 = DIRECTION('',(-0.,1.,0.));
#20530 = ORIENTED_EDGE('',*,*,#20531,.T.);
#20531 = EDGE_CURVE('',#20524,#20532,#20534,.T.);
#20532 = VERTEX_POINT('',#20533);
#20533 = CARTESIAN_POINT('',(502.,275.,16.6));
#20534 = LINE('',#20535,#20536);
#20535 = CARTESIAN_POINT('',(502.,275.,15.));
#20536 = VECTOR('',#20537,1.);
#20537 = DIRECTION('',(0.,0.,1.));
#20538 = ORIENTED_EDGE('',*,*,#20539,.F.);
#20539 = EDGE_CURVE('',#20516,#20532,#20540,.T.);
#20540 = LINE('',#20541,#20542);
#20541 = CARTESIAN_POINT('',(502.,195.,16.6));
#20542 = VECTOR('',#20543,1.);
#20543 = DIRECTION('',(-0.,1.,0.));
#20544 = PLANE('',#20545);
#20545 = AXIS2_PLACEMENT_3D('',#20546,#20547,#20548);
#20546 = CARTESIAN_POINT('',(502.,195.,15.));
#20547 = DIRECTION('',(1.,0.,-0.));
#20548 = DIRECTION('',(0.,0.,1.));
#20549 = ADVANCED_FACE('',(#20550),#20566,.F.);
#20550 = FACE_BOUND('',#20551,.F.);
#20551 = EDGE_LOOP('',(#20552,#20558,#20559,#20565));
#20552 = ORIENTED_EDGE('',*,*,#20553,.F.);
#20553 = EDGE_CURVE('',#20474,#20514,#20554,.T.);
#20554 = LINE('',#20555,#20556);
#20555 = CARTESIAN_POINT('',(376.,195.,15.));
#20556 = VECTOR('',#20557,1.);
#20557 = DIRECTION('',(1.,0.,-0.));
#20558 = ORIENTED_EDGE('',*,*,#20473,.T.);
#20559 = ORIENTED_EDGE('',*,*,#20560,.T.);
#20560 = EDGE_CURVE('',#20476,#20516,#20561,.T.);
#20561 = LINE('',#20562,#20563);
#20562 = CARTESIAN_POINT('',(376.,195.,16.6));
#20563 = VECTOR('',#20564,1.);
#20564 = DIRECTION('',(1.,0.,-0.));
#20565 = ORIENTED_EDGE('',*,*,#20513,.F.);
#20566 = PLANE('',#20567);
#20567 = AXIS2_PLACEMENT_3D('',#20568,#20569,#20570);
#20568 = CARTESIAN_POINT('',(376.,195.,15.));
#20569 = DIRECTION('',(-0.,1.,0.));
#20570 = DIRECTION('',(0.,0.,1.));
#20571 = ADVANCED_FACE('',(#20572),#20588,.T.);
#20572 = FACE_BOUND('',#20573,.T.);
#20573 = EDGE_LOOP('',(#20574,#20580,#20581,#20587));
#20574 = ORIENTED_EDGE('',*,*,#20575,.F.);
#20575 = EDGE_CURVE('',#20484,#20524,#20576,.T.);
#20576 = LINE('',#20577,#20578);
#20577 = CARTESIAN_POINT('',(376.,275.,15.));
#20578 = VECTOR('',#20579,1.);
#20579 = DIRECTION('',(1.,0.,-0.));
#20580 = ORIENTED_EDGE('',*,*,#20491,.T.);
#20581 = ORIENTED_EDGE('',*,*,#20582,.T.);
#20582 = EDGE_CURVE('',#20492,#20532,#20583,.T.);
#20583 = LINE('',#20584,#20585);
#20584 = CARTESIAN_POINT('',(376.,275.,16.6));
#20585 = VECTOR('',#20586,1.);
#20586 = DIRECTION('',(1.,0.,-0.));
#20587 = ORIENTED_EDGE('',*,*,#20531,.F.);
#20588 = PLANE('',#20589);
#20589 = AXIS2_PLACEMENT_3D('',#20590,#20591,#20592);
#20590 = CARTESIAN_POINT('',(376.,275.,15.));
#20591 = DIRECTION('',(-0.,1.,0.));
#20592 = DIRECTION('',(0.,0.,1.));
#20593 = ADVANCED_FACE('',(#20594),#20600,.F.);
#20594 = FACE_BOUND('',#20595,.F.);
#20595 = EDGE_LOOP('',(#20596,#20597,#20598,#20599));
#20596 = ORIENTED_EDGE('',*,*,#20483,.F.);
#20597 = ORIENTED_EDGE('',*,*,#20553,.T.);
#20598 = ORIENTED_EDGE('',*,*,#20523,.T.);
#20599 = ORIENTED_EDGE('',*,*,#20575,.F.);
#20600 = PLANE('',#20601);
#20601 = AXIS2_PLACEMENT_3D('',#20602,#20603,#20604);
#20602 = CARTESIAN_POINT('',(376.,195.,15.));
#20603 = DIRECTION('',(0.,0.,1.));
#20604 = DIRECTION('',(1.,0.,-0.));
#20605 = ADVANCED_FACE('',(#20606),#20612,.T.);
#20606 = FACE_BOUND('',#20607,.T.);
#20607 = EDGE_LOOP('',(#20608,#20609,#20610,#20611));
#20608 = ORIENTED_EDGE('',*,*,#20499,.F.);
#20609 = ORIENTED_EDGE('',*,*,#20560,.T.);
#20610 = ORIENTED_EDGE('',*,*,#20539,.T.);
#20611 = ORIENTED_EDGE('',*,*,#20582,.F.);
#20612 = PLANE('',#20613);
#20613 = AXIS2_PLACEMENT_3D('',#20614,#20615,#20616);
#20614 = CARTESIAN_POINT('',(376.,195.,16.6));
#20615 = DIRECTION('',(0.,0.,1.));
#20616 = DIRECTION('',(1.,0.,-0.));
#20617 = ( GEOMETRIC_REPRESENTATION_CONTEXT(3) 
GLOBAL_UNCERTAINTY_ASSIGNED_CONTEXT((#20621)) 
GLOBAL_UNIT_ASSIGNED_CONTEXT((#20618,#20619,#20620)) 
REPRESENTATION_CONTEXT('Context #1',
  '3D Context with UNIT and UNCERTAINTY') );
#20618 = ( LENGTH_UNIT() NAMED_UNIT(*) SI_UNIT(.MILLI.,.METRE.) );
#20619 = ( NAMED_UNIT(*) PLANE_ANGLE_UNIT() SI_UNIT($,.RADIAN.) );
#20620 = ( NAMED_UNIT(*) SI_UNIT($,.STERADIAN.) SOLID_ANGLE_UNIT() );
#20621 = UNCERTAINTY_MEASURE_WITH_UNIT(LENGTH_MEASURE(1.E-07),#20618,
  'distance_accuracy_value','confusion accuracy');
#20622 = CONTEXT_DEPENDENT_SHAPE_REPRESENTATION(#20623,#20625);
#20623 = ( REPRESENTATION_RELATIONSHIP('','',#20466,#10) 
REPRESENTATION_RELATIONSHIP_WITH_TRANSFORMATION(#20624) 
SHAPE_REPRESENTATION_RELATIONSHIP() );
#20624 = ITEM_DEFINED_TRANSFORMATION('','',#11,#147);
#20625 = PRODUCT_DEFINITION_SHAPE('Placement','Placement of an item',
  #20626);
#20626 = NEXT_ASSEMBLY_USAGE_OCCURRENCE('56','REF psu','',#5,#20461,$);
#20627 = PRODUCT_RELATED_PRODUCT_CATEGORY('part',$,(#20463));
#20628 = SHAPE_DEFINITION_REPRESENTATION(#20629,#20635);
#20629 = PRODUCT_DEFINITION_SHAPE('','',#20630);
#20630 = PRODUCT_DEFINITION('design','',#20631,#20634);
#20631 = PRODUCT_DEFINITION_FORMATION('','',#20632);
#20632 = PRODUCT('REF psu_parts','REF psu_parts','',(#20633));
#20633 = PRODUCT_CONTEXT('',#2,'mechanical');
#20634 = PRODUCT_DEFINITION_CONTEXT('part definition',#2,'design');
#20635 = ADVANCED_BREP_SHAPE_REPRESENTATION('',(#11,#20636),#20786);
#20636 = MANIFOLD_SOLID_BREP('',#20637);
#20637 = CLOSED_SHELL('',(#20638,#20678,#20718,#20740,#20762,#20774));
#20638 = ADVANCED_FACE('',(#20639),#20673,.F.);
#20639 = FACE_BOUND('',#20640,.F.);
#20640 = EDGE_LOOP('',(#20641,#20651,#20659,#20667));
#20641 = ORIENTED_EDGE('',*,*,#20642,.F.);
#20642 = EDGE_CURVE('',#20643,#20645,#20647,.T.);
#20643 = VERTEX_POINT('',#20644);
#20644 = CARTESIAN_POINT('',(379.,198.,16.6));
#20645 = VERTEX_POINT('',#20646);
#20646 = CARTESIAN_POINT('',(379.,198.,52.6));
#20647 = LINE('',#20648,#20649);
#20648 = CARTESIAN_POINT('',(379.,198.,16.6));
#20649 = VECTOR('',#20650,1.);
#20650 = DIRECTION('',(0.,0.,1.));
#20651 = ORIENTED_EDGE('',*,*,#20652,.T.);
#20652 = EDGE_CURVE('',#20643,#20653,#20655,.T.);
#20653 = VERTEX_POINT('',#20654);
#20654 = CARTESIAN_POINT('',(379.,272.,16.6));
#20655 = LINE('',#20656,#20657);
#20656 = CARTESIAN_POINT('',(379.,198.,16.6));
#20657 = VECTOR('',#20658,1.);
#20658 = DIRECTION('',(-0.,1.,0.));
#20659 = ORIENTED_EDGE('',*,*,#20660,.T.);
#20660 = EDGE_CURVE('',#20653,#20661,#20663,.T.);
#20661 = VERTEX_POINT('',#20662);
#20662 = CARTESIAN_POINT('',(379.,272.,52.6));
#20663 = LINE('',#20664,#20665);
#20664 = CARTESIAN_POINT('',(379.,272.,16.6));
#20665 = VECTOR('',#20666,1.);
#20666 = DIRECTION('',(0.,0.,1.));
#20667 = ORIENTED_EDGE('',*,*,#20668,.F.);
#20668 = EDGE_CURVE('',#20645,#20661,#20669,.T.);
#20669 = LINE('',#20670,#20671);
#20670 = CARTESIAN_POINT('',(379.,198.,52.6));
#20671 = VECTOR('',#20672,1.);
#20672 = DIRECTION('',(-0.,1.,0.));
#20673 = PLANE('',#20674);
#20674 = AXIS2_PLACEMENT_3D('',#20675,#20676,#20677);
#20675 = CARTESIAN_POINT('',(379.,198.,16.6));
#20676 = DIRECTION('',(1.,0.,-0.));
#20677 = DIRECTION('',(0.,0.,1.));
#20678 = ADVANCED_FACE('',(#20679),#20713,.T.);
#20679 = FACE_BOUND('',#20680,.T.);
#20680 = EDGE_LOOP('',(#20681,#20691,#20699,#20707));
#20681 = ORIENTED_EDGE('',*,*,#20682,.F.);
#20682 = EDGE_CURVE('',#20683,#20685,#20687,.T.);
#20683 = VERTEX_POINT('',#20684);
#20684 = CARTESIAN_POINT('',(499.,198.,16.6));
#20685 = VERTEX_POINT('',#20686);
#20686 = CARTESIAN_POINT('',(499.,198.,52.6));
#20687 = LINE('',#20688,#20689);
#20688 = CARTESIAN_POINT('',(499.,198.,16.6));
#20689 = VECTOR('',#20690,1.);
#20690 = DIRECTION('',(0.,0.,1.));
#20691 = ORIENTED_EDGE('',*,*,#20692,.T.);
#20692 = EDGE_CURVE('',#20683,#20693,#20695,.T.);
#20693 = VERTEX_POINT('',#20694);
#20694 = CARTESIAN_POINT('',(499.,272.,16.6));
#20695 = LINE('',#20696,#20697);
#20696 = CARTESIAN_POINT('',(499.,198.,16.6));
#20697 = VECTOR('',#20698,1.);
#20698 = DIRECTION('',(-0.,1.,0.));
#20699 = ORIENTED_EDGE('',*,*,#20700,.T.);
#20700 = EDGE_CURVE('',#20693,#20701,#20703,.T.);
#20701 = VERTEX_POINT('',#20702);
#20702 = CARTESIAN_POINT('',(499.,272.,52.6));
#20703 = LINE('',#20704,#20705);
#20704 = CARTESIAN_POINT('',(499.,272.,16.6));
#20705 = VECTOR('',#20706,1.);
#20706 = DIRECTION('',(0.,0.,1.));
#20707 = ORIENTED_EDGE('',*,*,#20708,.F.);
#20708 = EDGE_CURVE('',#20685,#20701,#20709,.T.);
#20709 = LINE('',#20710,#20711);
#20710 = CARTESIAN_POINT('',(499.,198.,52.6));
#20711 = VECTOR('',#20712,1.);
#20712 = DIRECTION('',(-0.,1.,0.));
#20713 = PLANE('',#20714);
#20714 = AXIS2_PLACEMENT_3D('',#20715,#20716,#20717);
#20715 = CARTESIAN_POINT('',(499.,198.,16.6));
#20716 = DIRECTION('',(1.,0.,-0.));
#20717 = DIRECTION('',(0.,0.,1.));
#20718 = ADVANCED_FACE('',(#20719),#20735,.F.);
#20719 = FACE_BOUND('',#20720,.F.);
#20720 = EDGE_LOOP('',(#20721,#20727,#20728,#20734));
#20721 = ORIENTED_EDGE('',*,*,#20722,.F.);
#20722 = EDGE_CURVE('',#20643,#20683,#20723,.T.);
#20723 = LINE('',#20724,#20725);
#20724 = CARTESIAN_POINT('',(379.,198.,16.6));
#20725 = VECTOR('',#20726,1.);
#20726 = DIRECTION('',(1.,0.,-0.));
#20727 = ORIENTED_EDGE('',*,*,#20642,.T.);
#20728 = ORIENTED_EDGE('',*,*,#20729,.T.);
#20729 = EDGE_CURVE('',#20645,#20685,#20730,.T.);
#20730 = LINE('',#20731,#20732);
#20731 = CARTESIAN_POINT('',(379.,198.,52.6));
#20732 = VECTOR('',#20733,1.);
#20733 = DIRECTION('',(1.,0.,-0.));
#20734 = ORIENTED_EDGE('',*,*,#20682,.F.);
#20735 = PLANE('',#20736);
#20736 = AXIS2_PLACEMENT_3D('',#20737,#20738,#20739);
#20737 = CARTESIAN_POINT('',(379.,198.,16.6));
#20738 = DIRECTION('',(-0.,1.,0.));
#20739 = DIRECTION('',(0.,0.,1.));
#20740 = ADVANCED_FACE('',(#20741),#20757,.T.);
#20741 = FACE_BOUND('',#20742,.T.);
#20742 = EDGE_LOOP('',(#20743,#20749,#20750,#20756));
#20743 = ORIENTED_EDGE('',*,*,#20744,.F.);
#20744 = EDGE_CURVE('',#20653,#20693,#20745,.T.);
#20745 = LINE('',#20746,#20747);
#20746 = CARTESIAN_POINT('',(379.,272.,16.6));
#20747 = VECTOR('',#20748,1.);
#20748 = DIRECTION('',(1.,0.,-0.));
#20749 = ORIENTED_EDGE('',*,*,#20660,.T.);
#20750 = ORIENTED_EDGE('',*,*,#20751,.T.);
#20751 = EDGE_CURVE('',#20661,#20701,#20752,.T.);
#20752 = LINE('',#20753,#20754);
#20753 = CARTESIAN_POINT('',(379.,272.,52.6));
#20754 = VECTOR('',#20755,1.);
#20755 = DIRECTION('',(1.,0.,-0.));
#20756 = ORIENTED_EDGE('',*,*,#20700,.F.);
#20757 = PLANE('',#20758);
#20758 = AXIS2_PLACEMENT_3D('',#20759,#20760,#20761);
#20759 = CARTESIAN_POINT('',(379.,272.,16.6));
#20760 = DIRECTION('',(-0.,1.,0.));
#20761 = DIRECTION('',(0.,0.,1.));
#20762 = ADVANCED_FACE('',(#20763),#20769,.F.);
#20763 = FACE_BOUND('',#20764,.F.);
#20764 = EDGE_LOOP('',(#20765,#20766,#20767,#20768));
#20765 = ORIENTED_EDGE('',*,*,#20652,.F.);
#20766 = ORIENTED_EDGE('',*,*,#20722,.T.);
#20767 = ORIENTED_EDGE('',*,*,#20692,.T.);
#20768 = ORIENTED_EDGE('',*,*,#20744,.F.);
#20769 = PLANE('',#20770);
#20770 = AXIS2_PLACEMENT_3D('',#20771,#20772,#20773);
#20771 = CARTESIAN_POINT('',(379.,198.,16.6));
#20772 = DIRECTION('',(0.,0.,1.));
#20773 = DIRECTION('',(1.,0.,-0.));
#20774 = ADVANCED_FACE('',(#20775),#20781,.T.);
#20775 = FACE_BOUND('',#20776,.T.);
#20776 = EDGE_LOOP('',(#20777,#20778,#20779,#20780));
#20777 = ORIENTED_EDGE('',*,*,#20668,.F.);
#20778 = ORIENTED_EDGE('',*,*,#20729,.T.);
#20779 = ORIENTED_EDGE('',*,*,#20708,.T.);
#20780 = ORIENTED_EDGE('',*,*,#20751,.F.);
#20781 = PLANE('',#20782);
#20782 = AXIS2_PLACEMENT_3D('',#20783,#20784,#20785);
#20783 = CARTESIAN_POINT('',(379.,198.,52.6));
#20784 = DIRECTION('',(0.,0.,1.));
#20785 = DIRECTION('',(1.,0.,-0.));
#20786 = ( GEOMETRIC_REPRESENTATION_CONTEXT(3) 
GLOBAL_UNCERTAINTY_ASSIGNED_CONTEXT((#20790)) 
GLOBAL_UNIT_ASSIGNED_CONTEXT((#20787,#20788,#20789)) 
REPRESENTATION_CONTEXT('Context #1',
  '3D Context with UNIT and UNCERTAINTY') );
#20787 = ( LENGTH_UNIT() NAMED_UNIT(*) SI_UNIT(.MILLI.,.METRE.) );
#20788 = ( NAMED_UNIT(*) PLANE_ANGLE_UNIT() SI_UNIT($,.RADIAN.) );
#20789 = ( NAMED_UNIT(*) SI_UNIT($,.STERADIAN.) SOLID_ANGLE_UNIT() );
#20790 = UNCERTAINTY_MEASURE_WITH_UNIT(LENGTH_MEASURE(1.E-07),#20787,
  'distance_accuracy_value','confusion accuracy');
#20791 = CONTEXT_DEPENDENT_SHAPE_REPRESENTATION(#20792,#20794);
#20792 = ( REPRESENTATION_RELATIONSHIP('','',#20635,#10) 
REPRESENTATION_RELATIONSHIP_WITH_TRANSFORMATION(#20793) 
SHAPE_REPRESENTATION_RELATIONSHIP() );
#20793 = ITEM_DEFINED_TRANSFORMATION('','',#11,#151);
#20794 = PRODUCT_DEFINITION_SHAPE('Placement','Placement of an item',
  #20795);
#20795 = NEXT_ASSEMBLY_USAGE_OCCURRENCE('57','REF psu_parts','',#5,
  #20630,$);
#20796 = PRODUCT_RELATED_PRODUCT_CATEGORY('part',$,(#20632));
#20797 = SHAPE_DEFINITION_REPRESENTATION(#20798,#20804);
#20798 = PRODUCT_DEFINITION_SHAPE('','',#20799);
#20799 = PRODUCT_DEFINITION('design','',#20800,#20803);
#20800 = PRODUCT_DEFINITION_FORMATION('','',#20801);
#20801 = PRODUCT('REF psu_standoffs','REF psu_standoffs','',(#20802));
#20802 = PRODUCT_CONTEXT('',#2,'mechanical');
#20803 = PRODUCT_DEFINITION_CONTEXT('part definition',#2,'design');
#20804 = SHAPE_REPRESENTATION('',(#11,#20805,#20858,#20911,#20964),
  #21017);
#20805 = MANIFOLD_SOLID_BREP('',#20806);
#20806 = CLOSED_SHELL('',(#20807,#20840,#20849));
#20807 = ADVANCED_FACE('',(#20808),#20835,.T.);
#20808 = FACE_BOUND('',#20809,.T.);
#20809 = EDGE_LOOP('',(#20810,#20819,#20827,#20834));
#20810 = ORIENTED_EDGE('',*,*,#20811,.F.);
#20811 = EDGE_CURVE('',#20812,#20812,#20814,.T.);
#20812 = VERTEX_POINT('',#20813);
#20813 = CARTESIAN_POINT('',(382.56,198.81,15.));
#20814 = CIRCLE('',#20815,2.75);
#20815 = AXIS2_PLACEMENT_3D('',#20816,#20817,#20818);
#20816 = CARTESIAN_POINT('',(379.81,198.81,15.));
#20817 = DIRECTION('',(0.,0.,1.));
#20818 = DIRECTION('',(1.,0.,-0.));
#20819 = ORIENTED_EDGE('',*,*,#20820,.F.);
#20820 = EDGE_CURVE('',#20821,#20812,#20823,.T.);
#20821 = VERTEX_POINT('',#20822);
#20822 = CARTESIAN_POINT('',(382.56,198.81,9.));
#20823 = LINE('',#20824,#20825);
#20824 = CARTESIAN_POINT('',(382.56,198.81,9.));
#20825 = VECTOR('',#20826,1.);
#20826 = DIRECTION('',(0.,0.,1.));
#20827 = ORIENTED_EDGE('',*,*,#20828,.T.);
#20828 = EDGE_CURVE('',#20821,#20821,#20829,.T.);
#20829 = CIRCLE('',#20830,2.75);
#20830 = AXIS2_PLACEMENT_3D('',#20831,#20832,#20833);
#20831 = CARTESIAN_POINT('',(379.81,198.81,9.));
#20832 = DIRECTION('',(0.,0.,1.));
#20833 = DIRECTION('',(1.,0.,-0.));
#20834 = ORIENTED_EDGE('',*,*,#20820,.T.);
#20835 = CYLINDRICAL_SURFACE('',#20836,2.75);
#20836 = AXIS2_PLACEMENT_3D('',#20837,#20838,#20839);
#20837 = CARTESIAN_POINT('',(379.81,198.81,9.));
#20838 = DIRECTION('',(0.,0.,1.));
#20839 = DIRECTION('',(1.,0.,-0.));
#20840 = ADVANCED_FACE('',(#20841),#20844,.T.);
#20841 = FACE_BOUND('',#20842,.T.);
#20842 = EDGE_LOOP('',(#20843));
#20843 = ORIENTED_EDGE('',*,*,#20811,.T.);
#20844 = PLANE('',#20845);
#20845 = AXIS2_PLACEMENT_3D('',#20846,#20847,#20848);
#20846 = CARTESIAN_POINT('',(379.81,198.81,15.));
#20847 = DIRECTION('',(0.,0.,1.));
#20848 = DIRECTION('',(1.,0.,-0.));
#20849 = ADVANCED_FACE('',(#20850),#20853,.F.);
#20850 = FACE_BOUND('',#20851,.T.);
#20851 = EDGE_LOOP('',(#20852));
#20852 = ORIENTED_EDGE('',*,*,#20828,.F.);
#20853 = PLANE('',#20854);
#20854 = AXIS2_PLACEMENT_3D('',#20855,#20856,#20857);
#20855 = CARTESIAN_POINT('',(379.81,198.81,9.));
#20856 = DIRECTION('',(0.,0.,1.));
#20857 = DIRECTION('',(1.,0.,-0.));
#20858 = MANIFOLD_SOLID_BREP('',#20859);
#20859 = CLOSED_SHELL('',(#20860,#20893,#20902));
#20860 = ADVANCED_FACE('',(#20861),#20888,.T.);
#20861 = FACE_BOUND('',#20862,.T.);
#20862 = EDGE_LOOP('',(#20863,#20872,#20880,#20887));
#20863 = ORIENTED_EDGE('',*,*,#20864,.F.);
#20864 = EDGE_CURVE('',#20865,#20865,#20867,.T.);
#20865 = VERTEX_POINT('',#20866);
#20866 = CARTESIAN_POINT('',(500.67,198.81,15.));
#20867 = CIRCLE('',#20868,2.75);
#20868 = AXIS2_PLACEMENT_3D('',#20869,#20870,#20871);
#20869 = CARTESIAN_POINT('',(497.92,198.81,15.));
#20870 = DIRECTION('',(0.,0.,1.));
#20871 = DIRECTION('',(1.,0.,-0.));
#20872 = ORIENTED_EDGE('',*,*,#20873,.F.);
#20873 = EDGE_CURVE('',#20874,#20865,#20876,.T.);
#20874 = VERTEX_POINT('',#20875);
#20875 = CARTESIAN_POINT('',(500.67,198.81,9.));
#20876 = LINE('',#20877,#20878);
#20877 = CARTESIAN_POINT('',(500.67,198.81,9.));
#20878 = VECTOR('',#20879,1.);
#20879 = DIRECTION('',(0.,0.,1.));
#20880 = ORIENTED_EDGE('',*,*,#20881,.T.);
#20881 = EDGE_CURVE('',#20874,#20874,#20882,.T.);
#20882 = CIRCLE('',#20883,2.75);
#20883 = AXIS2_PLACEMENT_3D('',#20884,#20885,#20886);
#20884 = CARTESIAN_POINT('',(497.92,198.81,9.));
#20885 = DIRECTION('',(0.,0.,1.));
#20886 = DIRECTION('',(1.,0.,-0.));
#20887 = ORIENTED_EDGE('',*,*,#20873,.T.);
#20888 = CYLINDRICAL_SURFACE('',#20889,2.75);
#20889 = AXIS2_PLACEMENT_3D('',#20890,#20891,#20892);
#20890 = CARTESIAN_POINT('',(497.92,198.81,9.));
#20891 = DIRECTION('',(0.,0.,1.));
#20892 = DIRECTION('',(1.,0.,-0.));
#20893 = ADVANCED_FACE('',(#20894),#20897,.T.);
#20894 = FACE_BOUND('',#20895,.T.);
#20895 = EDGE_LOOP('',(#20896));
#20896 = ORIENTED_EDGE('',*,*,#20864,.T.);
#20897 = PLANE('',#20898);
#20898 = AXIS2_PLACEMENT_3D('',#20899,#20900,#20901);
#20899 = CARTESIAN_POINT('',(497.92,198.81,15.));
#20900 = DIRECTION('',(0.,0.,1.));
#20901 = DIRECTION('',(1.,0.,-0.));
#20902 = ADVANCED_FACE('',(#20903),#20906,.F.);
#20903 = FACE_BOUND('',#20904,.T.);
#20904 = EDGE_LOOP('',(#20905));
#20905 = ORIENTED_EDGE('',*,*,#20881,.F.);
#20906 = PLANE('',#20907);
#20907 = AXIS2_PLACEMENT_3D('',#20908,#20909,#20910);
#20908 = CARTESIAN_POINT('',(497.92,198.81,9.));
#20909 = DIRECTION('',(0.,0.,1.));
#20910 = DIRECTION('',(1.,0.,-0.));
#20911 = MANIFOLD_SOLID_BREP('',#20912);
#20912 = CLOSED_SHELL('',(#20913,#20946,#20955));
#20913 = ADVANCED_FACE('',(#20914),#20941,.T.);
#20914 = FACE_BOUND('',#20915,.T.);
#20915 = EDGE_LOOP('',(#20916,#20925,#20933,#20940));
#20916 = ORIENTED_EDGE('',*,*,#20917,.F.);
#20917 = EDGE_CURVE('',#20918,#20918,#20920,.T.);
#20918 = VERTEX_POINT('',#20919);
#20919 = CARTESIAN_POINT('',(382.56,271.2,15.));
#20920 = CIRCLE('',#20921,2.75);
#20921 = AXIS2_PLACEMENT_3D('',#20922,#20923,#20924);
#20922 = CARTESIAN_POINT('',(379.81,271.2,15.));
#20923 = DIRECTION('',(0.,0.,1.));
#20924 = DIRECTION('',(1.,0.,-0.));
#20925 = ORIENTED_EDGE('',*,*,#20926,.F.);
#20926 = EDGE_CURVE('',#20927,#20918,#20929,.T.);
#20927 = VERTEX_POINT('',#20928);
#20928 = CARTESIAN_POINT('',(382.56,271.2,9.));
#20929 = LINE('',#20930,#20931);
#20930 = CARTESIAN_POINT('',(382.56,271.2,9.));
#20931 = VECTOR('',#20932,1.);
#20932 = DIRECTION('',(0.,0.,1.));
#20933 = ORIENTED_EDGE('',*,*,#20934,.T.);
#20934 = EDGE_CURVE('',#20927,#20927,#20935,.T.);
#20935 = CIRCLE('',#20936,2.75);
#20936 = AXIS2_PLACEMENT_3D('',#20937,#20938,#20939);
#20937 = CARTESIAN_POINT('',(379.81,271.2,9.));
#20938 = DIRECTION('',(0.,0.,1.));
#20939 = DIRECTION('',(1.,0.,-0.));
#20940 = ORIENTED_EDGE('',*,*,#20926,.T.);
#20941 = CYLINDRICAL_SURFACE('',#20942,2.75);
#20942 = AXIS2_PLACEMENT_3D('',#20943,#20944,#20945);
#20943 = CARTESIAN_POINT('',(379.81,271.2,9.));
#20944 = DIRECTION('',(0.,0.,1.));
#20945 = DIRECTION('',(1.,0.,-0.));
#20946 = ADVANCED_FACE('',(#20947),#20950,.T.);
#20947 = FACE_BOUND('',#20948,.T.);
#20948 = EDGE_LOOP('',(#20949));
#20949 = ORIENTED_EDGE('',*,*,#20917,.T.);
#20950 = PLANE('',#20951);
#20951 = AXIS2_PLACEMENT_3D('',#20952,#20953,#20954);
#20952 = CARTESIAN_POINT('',(379.81,271.2,15.));
#20953 = DIRECTION('',(0.,0.,1.));
#20954 = DIRECTION('',(1.,0.,-0.));
#20955 = ADVANCED_FACE('',(#20956),#20959,.F.);
#20956 = FACE_BOUND('',#20957,.T.);
#20957 = EDGE_LOOP('',(#20958));
#20958 = ORIENTED_EDGE('',*,*,#20934,.F.);
#20959 = PLANE('',#20960);
#20960 = AXIS2_PLACEMENT_3D('',#20961,#20962,#20963);
#20961 = CARTESIAN_POINT('',(379.81,271.2,9.));
#20962 = DIRECTION('',(0.,0.,1.));
#20963 = DIRECTION('',(1.,0.,-0.));
#20964 = MANIFOLD_SOLID_BREP('',#20965);
#20965 = CLOSED_SHELL('',(#20966,#20999,#21008));
#20966 = ADVANCED_FACE('',(#20967),#20994,.T.);
#20967 = FACE_BOUND('',#20968,.T.);
#20968 = EDGE_LOOP('',(#20969,#20978,#20986,#20993));
#20969 = ORIENTED_EDGE('',*,*,#20970,.F.);
#20970 = EDGE_CURVE('',#20971,#20971,#20973,.T.);
#20971 = VERTEX_POINT('',#20972);
#20972 = CARTESIAN_POINT('',(500.67,271.2,15.));
#20973 = CIRCLE('',#20974,2.75);
#20974 = AXIS2_PLACEMENT_3D('',#20975,#20976,#20977);
#20975 = CARTESIAN_POINT('',(497.92,271.2,15.));
#20976 = DIRECTION('',(0.,0.,1.));
#20977 = DIRECTION('',(1.,0.,-0.));
#20978 = ORIENTED_EDGE('',*,*,#20979,.F.);
#20979 = EDGE_CURVE('',#20980,#20971,#20982,.T.);
#20980 = VERTEX_POINT('',#20981);
#20981 = CARTESIAN_POINT('',(500.67,271.2,9.));
#20982 = LINE('',#20983,#20984);
#20983 = CARTESIAN_POINT('',(500.67,271.2,9.));
#20984 = VECTOR('',#20985,1.);
#20985 = DIRECTION('',(0.,0.,1.));
#20986 = ORIENTED_EDGE('',*,*,#20987,.T.);
#20987 = EDGE_CURVE('',#20980,#20980,#20988,.T.);
#20988 = CIRCLE('',#20989,2.75);
#20989 = AXIS2_PLACEMENT_3D('',#20990,#20991,#20992);
#20990 = CARTESIAN_POINT('',(497.92,271.2,9.));
#20991 = DIRECTION('',(0.,0.,1.));
#20992 = DIRECTION('',(1.,0.,-0.));
#20993 = ORIENTED_EDGE('',*,*,#20979,.T.);
#20994 = CYLINDRICAL_SURFACE('',#20995,2.75);
#20995 = AXIS2_PLACEMENT_3D('',#20996,#20997,#20998);
#20996 = CARTESIAN_POINT('',(497.92,271.2,9.));
#20997 = DIRECTION('',(0.,0.,1.));
#20998 = DIRECTION('',(1.,0.,-0.));
#20999 = ADVANCED_FACE('',(#21000),#21003,.T.);
#21000 = FACE_BOUND('',#21001,.T.);
#21001 = EDGE_LOOP('',(#21002));
#21002 = ORIENTED_EDGE('',*,*,#20970,.T.);
#21003 = PLANE('',#21004);
#21004 = AXIS2_PLACEMENT_3D('',#21005,#21006,#21007);
#21005 = CARTESIAN_POINT('',(497.92,271.2,15.));
#21006 = DIRECTION('',(0.,0.,1.));
#21007 = DIRECTION('',(1.,0.,-0.));
#21008 = ADVANCED_FACE('',(#21009),#21012,.F.);
#21009 = FACE_BOUND('',#21010,.T.);
#21010 = EDGE_LOOP('',(#21011));
#21011 = ORIENTED_EDGE('',*,*,#20987,.F.);
#21012 = PLANE('',#21013);
#21013 = AXIS2_PLACEMENT_3D('',#21014,#21015,#21016);
#21014 = CARTESIAN_POINT('',(497.92,271.2,9.));
#21015 = DIRECTION('',(0.,0.,1.));
#21016 = DIRECTION('',(1.,0.,-0.));
#21017 = ( GEOMETRIC_REPRESENTATION_CONTEXT(3) 
GLOBAL_UNCERTAINTY_ASSIGNED_CONTEXT((#21021)) 
GLOBAL_UNIT_ASSIGNED_CONTEXT((#21018,#21019,#21020)) 
REPRESENTATION_CONTEXT('Context #1',
  '3D Context with UNIT and UNCERTAINTY') );
#21018 = ( LENGTH_UNIT() NAMED_UNIT(*) SI_UNIT(.MILLI.,.METRE.) );
#21019 = ( NAMED_UNIT(*) PLANE_ANGLE_UNIT() SI_UNIT($,.RADIAN.) );
#21020 = ( NAMED_UNIT(*) SI_UNIT($,.STERADIAN.) SOLID_ANGLE_UNIT() );
#21021 = UNCERTAINTY_MEASURE_WITH_UNIT(LENGTH_MEASURE(1.E-07),#21018,
  'distance_accuracy_value','confusion accuracy');
#21022 = CONTEXT_DEPENDENT_SHAPE_REPRESENTATION(#21023,#21025);
#21023 = ( REPRESENTATION_RELATIONSHIP('','',#20804,#10) 
REPRESENTATION_RELATIONSHIP_WITH_TRANSFORMATION(#21024) 
SHAPE_REPRESENTATION_RELATIONSHIP() );
#21024 = ITEM_DEFINED_TRANSFORMATION('','',#11,#155);
#21025 = PRODUCT_DEFINITION_SHAPE('Placement','Placement of an item',
  #21026);
#21026 = NEXT_ASSEMBLY_USAGE_OCCURRENCE('58','REF psu_standoffs','',#5,
  #20799,$);
#21027 = PRODUCT_RELATED_PRODUCT_CATEGORY('part',$,(#20801));
#21028 = SHAPE_DEFINITION_REPRESENTATION(#21029,#21035);
#21029 = PRODUCT_DEFINITION_SHAPE('','',#21030);
#21030 = PRODUCT_DEFINITION('design','',#21031,#21034);
#21031 = PRODUCT_DEFINITION_FORMATION('','',#21032);
#21032 = PRODUCT('REF plate_parts','REF plate_parts','',(#21033));
#21033 = PRODUCT_CONTEXT('',#2,'mechanical');
#21034 = PRODUCT_DEFINITION_CONTEXT('part definition',#2,'design');
#21035 = SHAPE_REPRESENTATION('',(#11,#21036,#21089,#21142,#21292,#21442
    ,#21495),#21548);
#21036 = MANIFOLD_SOLID_BREP('',#21037);
#21037 = CLOSED_SHELL('',(#21038,#21071,#21080));
#21038 = ADVANCED_FACE('',(#21039),#21066,.T.);
#21039 = FACE_BOUND('',#21040,.T.);
#21040 = EDGE_LOOP('',(#21041,#21050,#21058,#21065));
#21041 = ORIENTED_EDGE('',*,*,#21042,.F.);
#21042 = EDGE_CURVE('',#21043,#21043,#21045,.T.);
#21043 = VERTEX_POINT('',#21044);
#21044 = CARTESIAN_POINT('',(434.,311.,46.));
#21045 = CIRCLE('',#21046,12.);
#21046 = AXIS2_PLACEMENT_3D('',#21047,#21048,#21049);
#21047 = CARTESIAN_POINT('',(434.,311.,34.));
#21048 = DIRECTION('',(0.,1.,0.));
#21049 = DIRECTION('',(0.,-0.,1.));
#21050 = ORIENTED_EDGE('',*,*,#21051,.F.);
#21051 = EDGE_CURVE('',#21052,#21043,#21054,.T.);
#21052 = VERTEX_POINT('',#21053);
#21053 = CARTESIAN_POINT('',(434.,281.,46.));
#21054 = LINE('',#21055,#21056);
#21055 = CARTESIAN_POINT('',(434.,281.,46.));
#21056 = VECTOR('',#21057,1.);
#21057 = DIRECTION('',(0.,1.,0.));
#21058 = ORIENTED_EDGE('',*,*,#21059,.T.);
#21059 = EDGE_CURVE('',#21052,#21052,#21060,.T.);
#21060 = CIRCLE('',#21061,12.);
#21061 = AXIS2_PLACEMENT_3D('',#21062,#21063,#21064);
#21062 = CARTESIAN_POINT('',(434.,281.,34.));
#21063 = DIRECTION('',(0.,1.,0.));
#21064 = DIRECTION('',(0.,-0.,1.));
#21065 = ORIENTED_EDGE('',*,*,#21051,.T.);
#21066 = CYLINDRICAL_SURFACE('',#21067,12.);
#21067 = AXIS2_PLACEMENT_3D('',#21068,#21069,#21070);
#21068 = CARTESIAN_POINT('',(434.,281.,34.));
#21069 = DIRECTION('',(0.,1.,0.));
#21070 = DIRECTION('',(0.,-0.,1.));
#21071 = ADVANCED_FACE('',(#21072),#21075,.T.);
#21072 = FACE_BOUND('',#21073,.T.);
#21073 = EDGE_LOOP('',(#21074));
#21074 = ORIENTED_EDGE('',*,*,#21042,.T.);
#21075 = PLANE('',#21076);
#21076 = AXIS2_PLACEMENT_3D('',#21077,#21078,#21079);
#21077 = CARTESIAN_POINT('',(434.,311.,34.));
#21078 = DIRECTION('',(0.,1.,0.));
#21079 = DIRECTION('',(0.,-0.,1.));
#21080 = ADVANCED_FACE('',(#21081),#21084,.F.);
#21081 = FACE_BOUND('',#21082,.T.);
#21082 = EDGE_LOOP('',(#21083));
#21083 = ORIENTED_EDGE('',*,*,#21059,.F.);
#21084 = PLANE('',#21085);
#21085 = AXIS2_PLACEMENT_3D('',#21086,#21087,#21088);
#21086 = CARTESIAN_POINT('',(434.,281.,34.));
#21087 = DIRECTION('',(0.,1.,0.));
#21088 = DIRECTION('',(0.,-0.,1.));
#21089 = MANIFOLD_SOLID_BREP('',#21090);
#21090 = CLOSED_SHELL('',(#21091,#21124,#21133));
#21091 = ADVANCED_FACE('',(#21092),#21119,.T.);
#21092 = FACE_BOUND('',#21093,.T.);
#21093 = EDGE_LOOP('',(#21094,#21103,#21111,#21118));
#21094 = ORIENTED_EDGE('',*,*,#21095,.F.);
#21095 = EDGE_CURVE('',#21096,#21096,#21098,.T.);
#21096 = VERTEX_POINT('',#21097);
#21097 = CARTESIAN_POINT('',(406.,311.,40.));
#21098 = CIRCLE('',#21099,6.);
#21099 = AXIS2_PLACEMENT_3D('',#21100,#21101,#21102);
#21100 = CARTESIAN_POINT('',(406.,311.,34.));
#21101 = DIRECTION('',(0.,1.,0.));
#21102 = DIRECTION('',(0.,-0.,1.));
#21103 = ORIENTED_EDGE('',*,*,#21104,.F.);
#21104 = EDGE_CURVE('',#21105,#21096,#21107,.T.);
#21105 = VERTEX_POINT('',#21106);
#21106 = CARTESIAN_POINT('',(406.,291.,40.));
#21107 = LINE('',#21108,#21109);
#21108 = CARTESIAN_POINT('',(406.,291.,40.));
#21109 = VECTOR('',#21110,1.);
#21110 = DIRECTION('',(0.,1.,0.));
#21111 = ORIENTED_EDGE('',*,*,#21112,.T.);
#21112 = EDGE_CURVE('',#21105,#21105,#21113,.T.);
#21113 = CIRCLE('',#21114,6.);
#21114 = AXIS2_PLACEMENT_3D('',#21115,#21116,#21117);
#21115 = CARTESIAN_POINT('',(406.,291.,34.));
#21116 = DIRECTION('',(0.,1.,0.));
#21117 = DIRECTION('',(0.,-0.,1.));
#21118 = ORIENTED_EDGE('',*,*,#21104,.T.);
#21119 = CYLINDRICAL_SURFACE('',#21120,6.);
#21120 = AXIS2_PLACEMENT_3D('',#21121,#21122,#21123);
#21121 = CARTESIAN_POINT('',(406.,291.,34.));
#21122 = DIRECTION('',(0.,1.,0.));
#21123 = DIRECTION('',(0.,-0.,1.));
#21124 = ADVANCED_FACE('',(#21125),#21128,.T.);
#21125 = FACE_BOUND('',#21126,.T.);
#21126 = EDGE_LOOP('',(#21127));
#21127 = ORIENTED_EDGE('',*,*,#21095,.T.);
#21128 = PLANE('',#21129);
#21129 = AXIS2_PLACEMENT_3D('',#21130,#21131,#21132);
#21130 = CARTESIAN_POINT('',(406.,311.,34.));
#21131 = DIRECTION('',(0.,1.,0.));
#21132 = DIRECTION('',(0.,-0.,1.));
#21133 = ADVANCED_FACE('',(#21134),#21137,.F.);
#21134 = FACE_BOUND('',#21135,.T.);
#21135 = EDGE_LOOP('',(#21136));
#21136 = ORIENTED_EDGE('',*,*,#21112,.F.);
#21137 = PLANE('',#21138);
#21138 = AXIS2_PLACEMENT_3D('',#21139,#21140,#21141);
#21139 = CARTESIAN_POINT('',(406.,291.,34.));
#21140 = DIRECTION('',(0.,1.,0.));
#21141 = DIRECTION('',(0.,-0.,1.));
#21142 = MANIFOLD_SOLID_BREP('',#21143);
#21143 = CLOSED_SHELL('',(#21144,#21184,#21224,#21246,#21268,#21280));
#21144 = ADVANCED_FACE('',(#21145),#21179,.F.);
#21145 = FACE_BOUND('',#21146,.F.);
#21146 = EDGE_LOOP('',(#21147,#21157,#21165,#21173));
#21147 = ORIENTED_EDGE('',*,*,#21148,.F.);
#21148 = EDGE_CURVE('',#21149,#21151,#21153,.T.);
#21149 = VERTEX_POINT('',#21150);
#21150 = CARTESIAN_POINT('',(375.5,293.,30.));
#21151 = VERTEX_POINT('',#21152);
#21152 = CARTESIAN_POINT('',(375.5,293.,38.));
#21153 = LINE('',#21154,#21155);
#21154 = CARTESIAN_POINT('',(375.5,293.,30.));
#21155 = VECTOR('',#21156,1.);
#21156 = DIRECTION('',(0.,0.,1.));
#21157 = ORIENTED_EDGE('',*,*,#21158,.T.);
#21158 = EDGE_CURVE('',#21149,#21159,#21161,.T.);
#21159 = VERTEX_POINT('',#21160);
#21160 = CARTESIAN_POINT('',(375.5,311.,30.));
#21161 = LINE('',#21162,#21163);
#21162 = CARTESIAN_POINT('',(375.5,293.,30.));
#21163 = VECTOR('',#21164,1.);
#21164 = DIRECTION('',(-0.,1.,0.));
#21165 = ORIENTED_EDGE('',*,*,#21166,.T.);
#21166 = EDGE_CURVE('',#21159,#21167,#21169,.T.);
#21167 = VERTEX_POINT('',#21168);
#21168 = CARTESIAN_POINT('',(375.5,311.,38.));
#21169 = LINE('',#21170,#21171);
#21170 = CARTESIAN_POINT('',(375.5,311.,30.));
#21171 = VECTOR('',#21172,1.);
#21172 = DIRECTION('',(0.,0.,1.));
#21173 = ORIENTED_EDGE('',*,*,#21174,.F.);
#21174 = EDGE_CURVE('',#21151,#21167,#21175,.T.);
#21175 = LINE('',#21176,#21177);
#21176 = CARTESIAN_POINT('',(375.5,293.,38.));
#21177 = VECTOR('',#21178,1.);
#21178 = DIRECTION('',(-0.,1.,0.));
#21179 = PLANE('',#21180);
#21180 = AXIS2_PLACEMENT_3D('',#21181,#21182,#21183);
#21181 = CARTESIAN_POINT('',(375.5,293.,30.));
#21182 = DIRECTION('',(1.,0.,-0.));
#21183 = DIRECTION('',(0.,0.,1.));
#21184 = ADVANCED_FACE('',(#21185),#21219,.T.);
#21185 = FACE_BOUND('',#21186,.T.);
#21186 = EDGE_LOOP('',(#21187,#21197,#21205,#21213));
#21187 = ORIENTED_EDGE('',*,*,#21188,.F.);
#21188 = EDGE_CURVE('',#21189,#21191,#21193,.T.);
#21189 = VERTEX_POINT('',#21190);
#21190 = CARTESIAN_POINT('',(388.5,293.,30.));
#21191 = VERTEX_POINT('',#21192);
#21192 = CARTESIAN_POINT('',(388.5,293.,38.));
#21193 = LINE('',#21194,#21195);
#21194 = CARTESIAN_POINT('',(388.5,293.,30.));
#21195 = VECTOR('',#21196,1.);
#21196 = DIRECTION('',(0.,0.,1.));
#21197 = ORIENTED_EDGE('',*,*,#21198,.T.);
#21198 = EDGE_CURVE('',#21189,#21199,#21201,.T.);
#21199 = VERTEX_POINT('',#21200);
#21200 = CARTESIAN_POINT('',(388.5,311.,30.));
#21201 = LINE('',#21202,#21203);
#21202 = CARTESIAN_POINT('',(388.5,293.,30.));
#21203 = VECTOR('',#21204,1.);
#21204 = DIRECTION('',(-0.,1.,0.));
#21205 = ORIENTED_EDGE('',*,*,#21206,.T.);
#21206 = EDGE_CURVE('',#21199,#21207,#21209,.T.);
#21207 = VERTEX_POINT('',#21208);
#21208 = CARTESIAN_POINT('',(388.5,311.,38.));
#21209 = LINE('',#21210,#21211);
#21210 = CARTESIAN_POINT('',(388.5,311.,30.));
#21211 = VECTOR('',#21212,1.);
#21212 = DIRECTION('',(0.,0.,1.));
#21213 = ORIENTED_EDGE('',*,*,#21214,.F.);
#21214 = EDGE_CURVE('',#21191,#21207,#21215,.T.);
#21215 = LINE('',#21216,#21217);
#21216 = CARTESIAN_POINT('',(388.5,293.,38.));
#21217 = VECTOR('',#21218,1.);
#21218 = DIRECTION('',(-0.,1.,0.));
#21219 = PLANE('',#21220);
#21220 = AXIS2_PLACEMENT_3D('',#21221,#21222,#21223);
#21221 = CARTESIAN_POINT('',(388.5,293.,30.));
#21222 = DIRECTION('',(1.,0.,-0.));
#21223 = DIRECTION('',(0.,0.,1.));
#21224 = ADVANCED_FACE('',(#21225),#21241,.F.);
#21225 = FACE_BOUND('',#21226,.F.);
#21226 = EDGE_LOOP('',(#21227,#21233,#21234,#21240));
#21227 = ORIENTED_EDGE('',*,*,#21228,.F.);
#21228 = EDGE_CURVE('',#21149,#21189,#21229,.T.);
#21229 = LINE('',#21230,#21231);
#21230 = CARTESIAN_POINT('',(375.5,293.,30.));
#21231 = VECTOR('',#21232,1.);
#21232 = DIRECTION('',(1.,0.,-0.));
#21233 = ORIENTED_EDGE('',*,*,#21148,.T.);
#21234 = ORIENTED_EDGE('',*,*,#21235,.T.);
#21235 = EDGE_CURVE('',#21151,#21191,#21236,.T.);
#21236 = LINE('',#21237,#21238);
#21237 = CARTESIAN_POINT('',(375.5,293.,38.));
#21238 = VECTOR('',#21239,1.);
#21239 = DIRECTION('',(1.,0.,-0.));
#21240 = ORIENTED_EDGE('',*,*,#21188,.F.);
#21241 = PLANE('',#21242);
#21242 = AXIS2_PLACEMENT_3D('',#21243,#21244,#21245);
#21243 = CARTESIAN_POINT('',(375.5,293.,30.));
#21244 = DIRECTION('',(-0.,1.,0.));
#21245 = DIRECTION('',(0.,0.,1.));
#21246 = ADVANCED_FACE('',(#21247),#21263,.T.);
#21247 = FACE_BOUND('',#21248,.T.);
#21248 = EDGE_LOOP('',(#21249,#21255,#21256,#21262));
#21249 = ORIENTED_EDGE('',*,*,#21250,.F.);
#21250 = EDGE_CURVE('',#21159,#21199,#21251,.T.);
#21251 = LINE('',#21252,#21253);
#21252 = CARTESIAN_POINT('',(375.5,311.,30.));
#21253 = VECTOR('',#21254,1.);
#21254 = DIRECTION('',(1.,0.,-0.));
#21255 = ORIENTED_EDGE('',*,*,#21166,.T.);
#21256 = ORIENTED_EDGE('',*,*,#21257,.T.);
#21257 = EDGE_CURVE('',#21167,#21207,#21258,.T.);
#21258 = LINE('',#21259,#21260);
#21259 = CARTESIAN_POINT('',(375.5,311.,38.));
#21260 = VECTOR('',#21261,1.);
#21261 = DIRECTION('',(1.,0.,-0.));
#21262 = ORIENTED_EDGE('',*,*,#21206,.F.);
#21263 = PLANE('',#21264);
#21264 = AXIS2_PLACEMENT_3D('',#21265,#21266,#21267);
#21265 = CARTESIAN_POINT('',(375.5,311.,30.));
#21266 = DIRECTION('',(-0.,1.,0.));
#21267 = DIRECTION('',(0.,0.,1.));
#21268 = ADVANCED_FACE('',(#21269),#21275,.F.);
#21269 = FACE_BOUND('',#21270,.F.);
#21270 = EDGE_LOOP('',(#21271,#21272,#21273,#21274));
#21271 = ORIENTED_EDGE('',*,*,#21158,.F.);
#21272 = ORIENTED_EDGE('',*,*,#21228,.T.);
#21273 = ORIENTED_EDGE('',*,*,#21198,.T.);
#21274 = ORIENTED_EDGE('',*,*,#21250,.F.);
#21275 = PLANE('',#21276);
#21276 = AXIS2_PLACEMENT_3D('',#21277,#21278,#21279);
#21277 = CARTESIAN_POINT('',(375.5,293.,30.));
#21278 = DIRECTION('',(0.,0.,1.));
#21279 = DIRECTION('',(1.,0.,-0.));
#21280 = ADVANCED_FACE('',(#21281),#21287,.T.);
#21281 = FACE_BOUND('',#21282,.T.);
#21282 = EDGE_LOOP('',(#21283,#21284,#21285,#21286));
#21283 = ORIENTED_EDGE('',*,*,#21174,.F.);
#21284 = ORIENTED_EDGE('',*,*,#21235,.T.);
#21285 = ORIENTED_EDGE('',*,*,#21214,.T.);
#21286 = ORIENTED_EDGE('',*,*,#21257,.F.);
#21287 = PLANE('',#21288);
#21288 = AXIS2_PLACEMENT_3D('',#21289,#21290,#21291);
#21289 = CARTESIAN_POINT('',(375.5,293.,38.));
#21290 = DIRECTION('',(0.,0.,1.));
#21291 = DIRECTION('',(1.,0.,-0.));
#21292 = MANIFOLD_SOLID_BREP('',#21293);
#21293 = CLOSED_SHELL('',(#21294,#21334,#21374,#21396,#21418,#21430));
#21294 = ADVANCED_FACE('',(#21295),#21329,.F.);
#21295 = FACE_BOUND('',#21296,.F.);
#21296 = EDGE_LOOP('',(#21297,#21307,#21315,#21323));
#21297 = ORIENTED_EDGE('',*,*,#21298,.F.);
#21298 = EDGE_CURVE('',#21299,#21301,#21303,.T.);
#21299 = VERTEX_POINT('',#21300);
#21300 = CARTESIAN_POINT('',(351.5,293.,30.));
#21301 = VERTEX_POINT('',#21302);
#21302 = CARTESIAN_POINT('',(351.5,293.,38.));
#21303 = LINE('',#21304,#21305);
#21304 = CARTESIAN_POINT('',(351.5,293.,30.));
#21305 = VECTOR('',#21306,1.);
#21306 = DIRECTION('',(0.,0.,1.));
#21307 = ORIENTED_EDGE('',*,*,#21308,.T.);
#21308 = EDGE_CURVE('',#21299,#21309,#21311,.T.);
#21309 = VERTEX_POINT('',#21310);
#21310 = CARTESIAN_POINT('',(351.5,311.,30.));
#21311 = LINE('',#21312,#21313);
#21312 = CARTESIAN_POINT('',(351.5,293.,30.));
#21313 = VECTOR('',#21314,1.);
#21314 = DIRECTION('',(-0.,1.,0.));
#21315 = ORIENTED_EDGE('',*,*,#21316,.T.);
#21316 = EDGE_CURVE('',#21309,#21317,#21319,.T.);
#21317 = VERTEX_POINT('',#21318);
#21318 = CARTESIAN_POINT('',(351.5,311.,38.));
#21319 = LINE('',#21320,#21321);
#21320 = CARTESIAN_POINT('',(351.5,311.,30.));
#21321 = VECTOR('',#21322,1.);
#21322 = DIRECTION('',(0.,0.,1.));
#21323 = ORIENTED_EDGE('',*,*,#21324,.F.);
#21324 = EDGE_CURVE('',#21301,#21317,#21325,.T.);
#21325 = LINE('',#21326,#21327);
#21326 = CARTESIAN_POINT('',(351.5,293.,38.));
#21327 = VECTOR('',#21328,1.);
#21328 = DIRECTION('',(-0.,1.,0.));
#21329 = PLANE('',#21330);
#21330 = AXIS2_PLACEMENT_3D('',#21331,#21332,#21333);
#21331 = CARTESIAN_POINT('',(351.5,293.,30.));
#21332 = DIRECTION('',(1.,0.,-0.));
#21333 = DIRECTION('',(0.,0.,1.));
#21334 = ADVANCED_FACE('',(#21335),#21369,.T.);
#21335 = FACE_BOUND('',#21336,.T.);
#21336 = EDGE_LOOP('',(#21337,#21347,#21355,#21363));
#21337 = ORIENTED_EDGE('',*,*,#21338,.F.);
#21338 = EDGE_CURVE('',#21339,#21341,#21343,.T.);
#21339 = VERTEX_POINT('',#21340);
#21340 = CARTESIAN_POINT('',(364.5,293.,30.));
#21341 = VERTEX_POINT('',#21342);
#21342 = CARTESIAN_POINT('',(364.5,293.,38.));
#21343 = LINE('',#21344,#21345);
#21344 = CARTESIAN_POINT('',(364.5,293.,30.));
#21345 = VECTOR('',#21346,1.);
#21346 = DIRECTION('',(0.,0.,1.));
#21347 = ORIENTED_EDGE('',*,*,#21348,.T.);
#21348 = EDGE_CURVE('',#21339,#21349,#21351,.T.);
#21349 = VERTEX_POINT('',#21350);
#21350 = CARTESIAN_POINT('',(364.5,311.,30.));
#21351 = LINE('',#21352,#21353);
#21352 = CARTESIAN_POINT('',(364.5,293.,30.));
#21353 = VECTOR('',#21354,1.);
#21354 = DIRECTION('',(-0.,1.,0.));
#21355 = ORIENTED_EDGE('',*,*,#21356,.T.);
#21356 = EDGE_CURVE('',#21349,#21357,#21359,.T.);
#21357 = VERTEX_POINT('',#21358);
#21358 = CARTESIAN_POINT('',(364.5,311.,38.));
#21359 = LINE('',#21360,#21361);
#21360 = CARTESIAN_POINT('',(364.5,311.,30.));
#21361 = VECTOR('',#21362,1.);
#21362 = DIRECTION('',(0.,0.,1.));
#21363 = ORIENTED_EDGE('',*,*,#21364,.F.);
#21364 = EDGE_CURVE('',#21341,#21357,#21365,.T.);
#21365 = LINE('',#21366,#21367);
#21366 = CARTESIAN_POINT('',(364.5,293.,38.));
#21367 = VECTOR('',#21368,1.);
#21368 = DIRECTION('',(-0.,1.,0.));
#21369 = PLANE('',#21370);
#21370 = AXIS2_PLACEMENT_3D('',#21371,#21372,#21373);
#21371 = CARTESIAN_POINT('',(364.5,293.,30.));
#21372 = DIRECTION('',(1.,0.,-0.));
#21373 = DIRECTION('',(0.,0.,1.));
#21374 = ADVANCED_FACE('',(#21375),#21391,.F.);
#21375 = FACE_BOUND('',#21376,.F.);
#21376 = EDGE_LOOP('',(#21377,#21383,#21384,#21390));
#21377 = ORIENTED_EDGE('',*,*,#21378,.F.);
#21378 = EDGE_CURVE('',#21299,#21339,#21379,.T.);
#21379 = LINE('',#21380,#21381);
#21380 = CARTESIAN_POINT('',(351.5,293.,30.));
#21381 = VECTOR('',#21382,1.);
#21382 = DIRECTION('',(1.,0.,-0.));
#21383 = ORIENTED_EDGE('',*,*,#21298,.T.);
#21384 = ORIENTED_EDGE('',*,*,#21385,.T.);
#21385 = EDGE_CURVE('',#21301,#21341,#21386,.T.);
#21386 = LINE('',#21387,#21388);
#21387 = CARTESIAN_POINT('',(351.5,293.,38.));
#21388 = VECTOR('',#21389,1.);
#21389 = DIRECTION('',(1.,0.,-0.));
#21390 = ORIENTED_EDGE('',*,*,#21338,.F.);
#21391 = PLANE('',#21392);
#21392 = AXIS2_PLACEMENT_3D('',#21393,#21394,#21395);
#21393 = CARTESIAN_POINT('',(351.5,293.,30.));
#21394 = DIRECTION('',(-0.,1.,0.));
#21395 = DIRECTION('',(0.,0.,1.));
#21396 = ADVANCED_FACE('',(#21397),#21413,.T.);
#21397 = FACE_BOUND('',#21398,.T.);
#21398 = EDGE_LOOP('',(#21399,#21405,#21406,#21412));
#21399 = ORIENTED_EDGE('',*,*,#21400,.F.);
#21400 = EDGE_CURVE('',#21309,#21349,#21401,.T.);
#21401 = LINE('',#21402,#21403);
#21402 = CARTESIAN_POINT('',(351.5,311.,30.));
#21403 = VECTOR('',#21404,1.);
#21404 = DIRECTION('',(1.,0.,-0.));
#21405 = ORIENTED_EDGE('',*,*,#21316,.T.);
#21406 = ORIENTED_EDGE('',*,*,#21407,.T.);
#21407 = EDGE_CURVE('',#21317,#21357,#21408,.T.);
#21408 = LINE('',#21409,#21410);
#21409 = CARTESIAN_POINT('',(351.5,311.,38.));
#21410 = VECTOR('',#21411,1.);
#21411 = DIRECTION('',(1.,0.,-0.));
#21412 = ORIENTED_EDGE('',*,*,#21356,.F.);
#21413 = PLANE('',#21414);
#21414 = AXIS2_PLACEMENT_3D('',#21415,#21416,#21417);
#21415 = CARTESIAN_POINT('',(351.5,311.,30.));
#21416 = DIRECTION('',(-0.,1.,0.));
#21417 = DIRECTION('',(0.,0.,1.));
#21418 = ADVANCED_FACE('',(#21419),#21425,.F.);
#21419 = FACE_BOUND('',#21420,.F.);
#21420 = EDGE_LOOP('',(#21421,#21422,#21423,#21424));
#21421 = ORIENTED_EDGE('',*,*,#21308,.F.);
#21422 = ORIENTED_EDGE('',*,*,#21378,.T.);
#21423 = ORIENTED_EDGE('',*,*,#21348,.T.);
#21424 = ORIENTED_EDGE('',*,*,#21400,.F.);
#21425 = PLANE('',#21426);
#21426 = AXIS2_PLACEMENT_3D('',#21427,#21428,#21429);
#21427 = CARTESIAN_POINT('',(351.5,293.,30.));
#21428 = DIRECTION('',(0.,0.,1.));
#21429 = DIRECTION('',(1.,0.,-0.));
#21430 = ADVANCED_FACE('',(#21431),#21437,.T.);
#21431 = FACE_BOUND('',#21432,.T.);
#21432 = EDGE_LOOP('',(#21433,#21434,#21435,#21436));
#21433 = ORIENTED_EDGE('',*,*,#21324,.F.);
#21434 = ORIENTED_EDGE('',*,*,#21385,.T.);
#21435 = ORIENTED_EDGE('',*,*,#21364,.T.);
#21436 = ORIENTED_EDGE('',*,*,#21407,.F.);
#21437 = PLANE('',#21438);
#21438 = AXIS2_PLACEMENT_3D('',#21439,#21440,#21441);
#21439 = CARTESIAN_POINT('',(351.5,293.,38.));
#21440 = DIRECTION('',(0.,0.,1.));
#21441 = DIRECTION('',(1.,0.,-0.));
#21442 = MANIFOLD_SOLID_BREP('',#21443);
#21443 = CLOSED_SHELL('',(#21444,#21477,#21486));
#21444 = ADVANCED_FACE('',(#21445),#21472,.T.);
#21445 = FACE_BOUND('',#21446,.T.);
#21446 = EDGE_LOOP('',(#21447,#21456,#21464,#21471));
#21447 = ORIENTED_EDGE('',*,*,#21448,.F.);
#21448 = EDGE_CURVE('',#21449,#21449,#21451,.T.);
#21449 = VERTEX_POINT('',#21450);
#21450 = CARTESIAN_POINT('',(319.,311.,44.));
#21451 = CIRCLE('',#21452,10.);
#21452 = AXIS2_PLACEMENT_3D('',#21453,#21454,#21455);
#21453 = CARTESIAN_POINT('',(319.,311.,34.));
#21454 = DIRECTION('',(0.,1.,0.));
#21455 = DIRECTION('',(0.,-0.,1.));
#21456 = ORIENTED_EDGE('',*,*,#21457,.F.);
#21457 = EDGE_CURVE('',#21458,#21449,#21460,.T.);
#21458 = VERTEX_POINT('',#21459);
#21459 = CARTESIAN_POINT('',(319.,291.,44.));
#21460 = LINE('',#21461,#21462);
#21461 = CARTESIAN_POINT('',(319.,291.,44.));
#21462 = VECTOR('',#21463,1.);
#21463 = DIRECTION('',(0.,1.,0.));
#21464 = ORIENTED_EDGE('',*,*,#21465,.T.);
#21465 = EDGE_CURVE('',#21458,#21458,#21466,.T.);
#21466 = CIRCLE('',#21467,10.);
#21467 = AXIS2_PLACEMENT_3D('',#21468,#21469,#21470);
#21468 = CARTESIAN_POINT('',(319.,291.,34.));
#21469 = DIRECTION('',(0.,1.,0.));
#21470 = DIRECTION('',(0.,-0.,1.));
#21471 = ORIENTED_EDGE('',*,*,#21457,.T.);
#21472 = CYLINDRICAL_SURFACE('',#21473,10.);
#21473 = AXIS2_PLACEMENT_3D('',#21474,#21475,#21476);
#21474 = CARTESIAN_POINT('',(319.,291.,34.));
#21475 = DIRECTION('',(0.,1.,0.));
#21476 = DIRECTION('',(0.,-0.,1.));
#21477 = ADVANCED_FACE('',(#21478),#21481,.T.);
#21478 = FACE_BOUND('',#21479,.T.);
#21479 = EDGE_LOOP('',(#21480));
#21480 = ORIENTED_EDGE('',*,*,#21448,.T.);
#21481 = PLANE('',#21482);
#21482 = AXIS2_PLACEMENT_3D('',#21483,#21484,#21485);
#21483 = CARTESIAN_POINT('',(319.,311.,34.));
#21484 = DIRECTION('',(0.,1.,0.));
#21485 = DIRECTION('',(0.,-0.,1.));
#21486 = ADVANCED_FACE('',(#21487),#21490,.F.);
#21487 = FACE_BOUND('',#21488,.T.);
#21488 = EDGE_LOOP('',(#21489));
#21489 = ORIENTED_EDGE('',*,*,#21465,.F.);
#21490 = PLANE('',#21491);
#21491 = AXIS2_PLACEMENT_3D('',#21492,#21493,#21494);
#21492 = CARTESIAN_POINT('',(319.,291.,34.));
#21493 = DIRECTION('',(0.,1.,0.));
#21494 = DIRECTION('',(0.,-0.,1.));
#21495 = MANIFOLD_SOLID_BREP('',#21496);
#21496 = CLOSED_SHELL('',(#21497,#21530,#21539));
#21497 = ADVANCED_FACE('',(#21498),#21525,.T.);
#21498 = FACE_BOUND('',#21499,.T.);
#21499 = EDGE_LOOP('',(#21500,#21509,#21517,#21524));
#21500 = ORIENTED_EDGE('',*,*,#21501,.F.);
#21501 = EDGE_CURVE('',#21502,#21502,#21504,.T.);
#21502 = VERTEX_POINT('',#21503);
#21503 = CARTESIAN_POINT('',(279.,311.,44.));
#21504 = CIRCLE('',#21505,10.);
#21505 = AXIS2_PLACEMENT_3D('',#21506,#21507,#21508);
#21506 = CARTESIAN_POINT('',(279.,311.,34.));
#21507 = DIRECTION('',(0.,1.,0.));
#21508 = DIRECTION('',(0.,-0.,1.));
#21509 = ORIENTED_EDGE('',*,*,#21510,.F.);
#21510 = EDGE_CURVE('',#21511,#21502,#21513,.T.);
#21511 = VERTEX_POINT('',#21512);
#21512 = CARTESIAN_POINT('',(279.,291.,44.));
#21513 = LINE('',#21514,#21515);
#21514 = CARTESIAN_POINT('',(279.,291.,44.));
#21515 = VECTOR('',#21516,1.);
#21516 = DIRECTION('',(0.,1.,0.));
#21517 = ORIENTED_EDGE('',*,*,#21518,.T.);
#21518 = EDGE_CURVE('',#21511,#21511,#21519,.T.);
#21519 = CIRCLE('',#21520,10.);
#21520 = AXIS2_PLACEMENT_3D('',#21521,#21522,#21523);
#21521 = CARTESIAN_POINT('',(279.,291.,34.));
#21522 = DIRECTION('',(0.,1.,0.));
#21523 = DIRECTION('',(0.,-0.,1.));
#21524 = ORIENTED_EDGE('',*,*,#21510,.T.);
#21525 = CYLINDRICAL_SURFACE('',#21526,10.);
#21526 = AXIS2_PLACEMENT_3D('',#21527,#21528,#21529);
#21527 = CARTESIAN_POINT('',(279.,291.,34.));
#21528 = DIRECTION('',(0.,1.,0.));
#21529 = DIRECTION('',(0.,-0.,1.));
#21530 = ADVANCED_FACE('',(#21531),#21534,.T.);
#21531 = FACE_BOUND('',#21532,.T.);
#21532 = EDGE_LOOP('',(#21533));
#21533 = ORIENTED_EDGE('',*,*,#21501,.T.);
#21534 = PLANE('',#21535);
#21535 = AXIS2_PLACEMENT_3D('',#21536,#21537,#21538);
#21536 = CARTESIAN_POINT('',(279.,311.,34.));
#21537 = DIRECTION('',(0.,1.,0.));
#21538 = DIRECTION('',(0.,-0.,1.));
#21539 = ADVANCED_FACE('',(#21540),#21543,.F.);
#21540 = FACE_BOUND('',#21541,.T.);
#21541 = EDGE_LOOP('',(#21542));
#21542 = ORIENTED_EDGE('',*,*,#21518,.F.);
#21543 = PLANE('',#21544);
#21544 = AXIS2_PLACEMENT_3D('',#21545,#21546,#21547);
#21545 = CARTESIAN_POINT('',(279.,291.,34.));
#21546 = DIRECTION('',(0.,1.,0.));
#21547 = DIRECTION('',(0.,-0.,1.));
#21548 = ( GEOMETRIC_REPRESENTATION_CONTEXT(3) 
GLOBAL_UNCERTAINTY_ASSIGNED_CONTEXT((#21552)) 
GLOBAL_UNIT_ASSIGNED_CONTEXT((#21549,#21550,#21551)) 
REPRESENTATION_CONTEXT('Context #1',
  '3D Context with UNIT and UNCERTAINTY') );
#21549 = ( LENGTH_UNIT() NAMED_UNIT(*) SI_UNIT(.MILLI.,.METRE.) );
#21550 = ( NAMED_UNIT(*) PLANE_ANGLE_UNIT() SI_UNIT($,.RADIAN.) );
#21551 = ( NAMED_UNIT(*) SI_UNIT($,.STERADIAN.) SOLID_ANGLE_UNIT() );
#21552 = UNCERTAINTY_MEASURE_WITH_UNIT(LENGTH_MEASURE(1.E-07),#21549,
  'distance_accuracy_value','confusion accuracy');
#21553 = CONTEXT_DEPENDENT_SHAPE_REPRESENTATION(#21554,#21556);
#21554 = ( REPRESENTATION_RELATIONSHIP('','',#21035,#10) 
REPRESENTATION_RELATIONSHIP_WITH_TRANSFORMATION(#21555) 
SHAPE_REPRESENTATION_RELATIONSHIP() );
#21555 = ITEM_DEFINED_TRANSFORMATION('','',#11,#159);
#21556 = PRODUCT_DEFINITION_SHAPE('Placement','Placement of an item',
  #21557);
#21557 = NEXT_ASSEMBLY_USAGE_OCCURRENCE('59','REF plate_parts','',#5,
  #21030,$);
#21558 = PRODUCT_RELATED_PRODUCT_CATEGORY('part',$,(#21032));
#21559 = SHAPE_DEFINITION_REPRESENTATION(#21560,#21566);
#21560 = PRODUCT_DEFINITION_SHAPE('','',#21561);
#21561 = PRODUCT_DEFINITION('design','',#21562,#21565);
#21562 = PRODUCT_DEFINITION_FORMATION('','',#21563);
#21563 = PRODUCT('REF feet','REF feet','',(#21564));
#21564 = PRODUCT_CONTEXT('',#2,'mechanical');
#21565 = PRODUCT_DEFINITION_CONTEXT('part definition',#2,'design');
#21566 = SHAPE_REPRESENTATION('',(#11,#21567,#21620,#21673,#21726,#21779
    ,#21832),#21885);
#21567 = MANIFOLD_SOLID_BREP('',#21568);
#21568 = CLOSED_SHELL('',(#21569,#21602,#21611));
#21569 = ADVANCED_FACE('',(#21570),#21597,.T.);
#21570 = FACE_BOUND('',#21571,.T.);
#21571 = EDGE_LOOP('',(#21572,#21581,#21589,#21596));
#21572 = ORIENTED_EDGE('',*,*,#21573,.F.);
#21573 = EDGE_CURVE('',#21574,#21574,#21576,.T.);
#21574 = VERTEX_POINT('',#21575);
#21575 = CARTESIAN_POINT('',(52.5,40.,0.));
#21576 = CIRCLE('',#21577,12.5);
#21577 = AXIS2_PLACEMENT_3D('',#21578,#21579,#21580);
#21578 = CARTESIAN_POINT('',(40.,40.,0.));
#21579 = DIRECTION('',(0.,0.,1.));
#21580 = DIRECTION('',(1.,0.,-0.));
#21581 = ORIENTED_EDGE('',*,*,#21582,.F.);
#21582 = EDGE_CURVE('',#21583,#21574,#21585,.T.);
#21583 = VERTEX_POINT('',#21584);
#21584 = CARTESIAN_POINT('',(52.5,40.,-12.));
#21585 = LINE('',#21586,#21587);
#21586 = CARTESIAN_POINT('',(52.5,40.,-12.));
#21587 = VECTOR('',#21588,1.);
#21588 = DIRECTION('',(0.,0.,1.));
#21589 = ORIENTED_EDGE('',*,*,#21590,.T.);
#21590 = EDGE_CURVE('',#21583,#21583,#21591,.T.);
#21591 = CIRCLE('',#21592,12.5);
#21592 = AXIS2_PLACEMENT_3D('',#21593,#21594,#21595);
#21593 = CARTESIAN_POINT('',(40.,40.,-12.));
#21594 = DIRECTION('',(0.,0.,1.));
#21595 = DIRECTION('',(1.,0.,-0.));
#21596 = ORIENTED_EDGE('',*,*,#21582,.T.);
#21597 = CYLINDRICAL_SURFACE('',#21598,12.5);
#21598 = AXIS2_PLACEMENT_3D('',#21599,#21600,#21601);
#21599 = CARTESIAN_POINT('',(40.,40.,-12.));
#21600 = DIRECTION('',(0.,0.,1.));
#21601 = DIRECTION('',(1.,0.,-0.));
#21602 = ADVANCED_FACE('',(#21603),#21606,.T.);
#21603 = FACE_BOUND('',#21604,.T.);
#21604 = EDGE_LOOP('',(#21605));
#21605 = ORIENTED_EDGE('',*,*,#21573,.T.);
#21606 = PLANE('',#21607);
#21607 = AXIS2_PLACEMENT_3D('',#21608,#21609,#21610);
#21608 = CARTESIAN_POINT('',(40.,40.,0.));
#21609 = DIRECTION('',(0.,0.,1.));
#21610 = DIRECTION('',(1.,0.,-0.));
#21611 = ADVANCED_FACE('',(#21612),#21615,.F.);
#21612 = FACE_BOUND('',#21613,.T.);
#21613 = EDGE_LOOP('',(#21614));
#21614 = ORIENTED_EDGE('',*,*,#21590,.F.);
#21615 = PLANE('',#21616);
#21616 = AXIS2_PLACEMENT_3D('',#21617,#21618,#21619);
#21617 = CARTESIAN_POINT('',(40.,40.,-12.));
#21618 = DIRECTION('',(0.,0.,1.));
#21619 = DIRECTION('',(1.,0.,-0.));
#21620 = MANIFOLD_SOLID_BREP('',#21621);
#21621 = CLOSED_SHELL('',(#21622,#21655,#21664));
#21622 = ADVANCED_FACE('',(#21623),#21650,.T.);
#21623 = FACE_BOUND('',#21624,.T.);
#21624 = EDGE_LOOP('',(#21625,#21634,#21642,#21649));
#21625 = ORIENTED_EDGE('',*,*,#21626,.F.);
#21626 = EDGE_CURVE('',#21627,#21627,#21629,.T.);
#21627 = VERTEX_POINT('',#21628);
#21628 = CARTESIAN_POINT('',(468.,40.,0.));
#21629 = CIRCLE('',#21630,12.5);
#21630 = AXIS2_PLACEMENT_3D('',#21631,#21632,#21633);
#21631 = CARTESIAN_POINT('',(455.5,40.,0.));
#21632 = DIRECTION('',(0.,0.,1.));
#21633 = DIRECTION('',(1.,0.,-0.));
#21634 = ORIENTED_EDGE('',*,*,#21635,.F.);
#21635 = EDGE_CURVE('',#21636,#21627,#21638,.T.);
#21636 = VERTEX_POINT('',#21637);
#21637 = CARTESIAN_POINT('',(468.,40.,-12.));
#21638 = LINE('',#21639,#21640);
#21639 = CARTESIAN_POINT('',(468.,40.,-12.));
#21640 = VECTOR('',#21641,1.);
#21641 = DIRECTION('',(0.,0.,1.));
#21642 = ORIENTED_EDGE('',*,*,#21643,.T.);
#21643 = EDGE_CURVE('',#21636,#21636,#21644,.T.);
#21644 = CIRCLE('',#21645,12.5);
#21645 = AXIS2_PLACEMENT_3D('',#21646,#21647,#21648);
#21646 = CARTESIAN_POINT('',(455.5,40.,-12.));
#21647 = DIRECTION('',(0.,0.,1.));
#21648 = DIRECTION('',(1.,0.,-0.));
#21649 = ORIENTED_EDGE('',*,*,#21635,.T.);
#21650 = CYLINDRICAL_SURFACE('',#21651,12.5);
#21651 = AXIS2_PLACEMENT_3D('',#21652,#21653,#21654);
#21652 = CARTESIAN_POINT('',(455.5,40.,-12.));
#21653 = DIRECTION('',(0.,0.,1.));
#21654 = DIRECTION('',(1.,0.,-0.));
#21655 = ADVANCED_FACE('',(#21656),#21659,.T.);
#21656 = FACE_BOUND('',#21657,.T.);
#21657 = EDGE_LOOP('',(#21658));
#21658 = ORIENTED_EDGE('',*,*,#21626,.T.);
#21659 = PLANE('',#21660);
#21660 = AXIS2_PLACEMENT_3D('',#21661,#21662,#21663);
#21661 = CARTESIAN_POINT('',(455.5,40.,0.));
#21662 = DIRECTION('',(0.,0.,1.));
#21663 = DIRECTION('',(1.,0.,-0.));
#21664 = ADVANCED_FACE('',(#21665),#21668,.F.);
#21665 = FACE_BOUND('',#21666,.T.);
#21666 = EDGE_LOOP('',(#21667));
#21667 = ORIENTED_EDGE('',*,*,#21643,.F.);
#21668 = PLANE('',#21669);
#21669 = AXIS2_PLACEMENT_3D('',#21670,#21671,#21672);
#21670 = CARTESIAN_POINT('',(455.5,40.,-12.));
#21671 = DIRECTION('',(0.,0.,1.));
#21672 = DIRECTION('',(1.,0.,-0.));
#21673 = MANIFOLD_SOLID_BREP('',#21674);
#21674 = CLOSED_SHELL('',(#21675,#21708,#21717));
#21675 = ADVANCED_FACE('',(#21676),#21703,.T.);
#21676 = FACE_BOUND('',#21677,.T.);
#21677 = EDGE_LOOP('',(#21678,#21687,#21695,#21702));
#21678 = ORIENTED_EDGE('',*,*,#21679,.F.);
#21679 = EDGE_CURVE('',#21680,#21680,#21682,.T.);
#21680 = VERTEX_POINT('',#21681);
#21681 = CARTESIAN_POINT('',(883.5,40.,0.));
#21682 = CIRCLE('',#21683,12.5);
#21683 = AXIS2_PLACEMENT_3D('',#21684,#21685,#21686);
#21684 = CARTESIAN_POINT('',(871.,40.,0.));
#21685 = DIRECTION('',(0.,0.,1.));
#21686 = DIRECTION('',(1.,0.,-0.));
#21687 = ORIENTED_EDGE('',*,*,#21688,.F.);
#21688 = EDGE_CURVE('',#21689,#21680,#21691,.T.);
#21689 = VERTEX_POINT('',#21690);
#21690 = CARTESIAN_POINT('',(883.5,40.,-12.));
#21691 = LINE('',#21692,#21693);
#21692 = CARTESIAN_POINT('',(883.5,40.,-12.));
#21693 = VECTOR('',#21694,1.);
#21694 = DIRECTION('',(0.,0.,1.));
#21695 = ORIENTED_EDGE('',*,*,#21696,.T.);
#21696 = EDGE_CURVE('',#21689,#21689,#21697,.T.);
#21697 = CIRCLE('',#21698,12.5);
#21698 = AXIS2_PLACEMENT_3D('',#21699,#21700,#21701);
#21699 = CARTESIAN_POINT('',(871.,40.,-12.));
#21700 = DIRECTION('',(0.,0.,1.));
#21701 = DIRECTION('',(1.,0.,-0.));
#21702 = ORIENTED_EDGE('',*,*,#21688,.T.);
#21703 = CYLINDRICAL_SURFACE('',#21704,12.5);
#21704 = AXIS2_PLACEMENT_3D('',#21705,#21706,#21707);
#21705 = CARTESIAN_POINT('',(871.,40.,-12.));
#21706 = DIRECTION('',(0.,0.,1.));
#21707 = DIRECTION('',(1.,0.,-0.));
#21708 = ADVANCED_FACE('',(#21709),#21712,.T.);
#21709 = FACE_BOUND('',#21710,.T.);
#21710 = EDGE_LOOP('',(#21711));
#21711 = ORIENTED_EDGE('',*,*,#21679,.T.);
#21712 = PLANE('',#21713);
#21713 = AXIS2_PLACEMENT_3D('',#21714,#21715,#21716);
#21714 = CARTESIAN_POINT('',(871.,40.,0.));
#21715 = DIRECTION('',(0.,0.,1.));
#21716 = DIRECTION('',(1.,0.,-0.));
#21717 = ADVANCED_FACE('',(#21718),#21721,.F.);
#21718 = FACE_BOUND('',#21719,.T.);
#21719 = EDGE_LOOP('',(#21720));
#21720 = ORIENTED_EDGE('',*,*,#21696,.F.);
#21721 = PLANE('',#21722);
#21722 = AXIS2_PLACEMENT_3D('',#21723,#21724,#21725);
#21723 = CARTESIAN_POINT('',(871.,40.,-12.));
#21724 = DIRECTION('',(0.,0.,1.));
#21725 = DIRECTION('',(1.,0.,-0.));
#21726 = MANIFOLD_SOLID_BREP('',#21727);
#21727 = CLOSED_SHELL('',(#21728,#21761,#21770));
#21728 = ADVANCED_FACE('',(#21729),#21756,.T.);
#21729 = FACE_BOUND('',#21730,.T.);
#21730 = EDGE_LOOP('',(#21731,#21740,#21748,#21755));
#21731 = ORIENTED_EDGE('',*,*,#21732,.F.);
#21732 = EDGE_CURVE('',#21733,#21733,#21735,.T.);
#21733 = VERTEX_POINT('',#21734);
#21734 = CARTESIAN_POINT('',(52.5,270.,0.));
#21735 = CIRCLE('',#21736,12.5);
#21736 = AXIS2_PLACEMENT_3D('',#21737,#21738,#21739);
#21737 = CARTESIAN_POINT('',(40.,270.,0.));
#21738 = DIRECTION('',(0.,0.,1.));
#21739 = DIRECTION('',(1.,0.,-0.));
#21740 = ORIENTED_EDGE('',*,*,#21741,.F.);
#21741 = EDGE_CURVE('',#21742,#21733,#21744,.T.);
#21742 = VERTEX_POINT('',#21743);
#21743 = CARTESIAN_POINT('',(52.5,270.,-12.));
#21744 = LINE('',#21745,#21746);
#21745 = CARTESIAN_POINT('',(52.5,270.,-12.));
#21746 = VECTOR('',#21747,1.);
#21747 = DIRECTION('',(0.,0.,1.));
#21748 = ORIENTED_EDGE('',*,*,#21749,.T.);
#21749 = EDGE_CURVE('',#21742,#21742,#21750,.T.);
#21750 = CIRCLE('',#21751,12.5);
#21751 = AXIS2_PLACEMENT_3D('',#21752,#21753,#21754);
#21752 = CARTESIAN_POINT('',(40.,270.,-12.));
#21753 = DIRECTION('',(0.,0.,1.));
#21754 = DIRECTION('',(1.,0.,-0.));
#21755 = ORIENTED_EDGE('',*,*,#21741,.T.);
#21756 = CYLINDRICAL_SURFACE('',#21757,12.5);
#21757 = AXIS2_PLACEMENT_3D('',#21758,#21759,#21760);
#21758 = CARTESIAN_POINT('',(40.,270.,-12.));
#21759 = DIRECTION('',(0.,0.,1.));
#21760 = DIRECTION('',(1.,0.,-0.));
#21761 = ADVANCED_FACE('',(#21762),#21765,.T.);
#21762 = FACE_BOUND('',#21763,.T.);
#21763 = EDGE_LOOP('',(#21764));
#21764 = ORIENTED_EDGE('',*,*,#21732,.T.);
#21765 = PLANE('',#21766);
#21766 = AXIS2_PLACEMENT_3D('',#21767,#21768,#21769);
#21767 = CARTESIAN_POINT('',(40.,270.,0.));
#21768 = DIRECTION('',(0.,0.,1.));
#21769 = DIRECTION('',(1.,0.,-0.));
#21770 = ADVANCED_FACE('',(#21771),#21774,.F.);
#21771 = FACE_BOUND('',#21772,.T.);
#21772 = EDGE_LOOP('',(#21773));
#21773 = ORIENTED_EDGE('',*,*,#21749,.F.);
#21774 = PLANE('',#21775);
#21775 = AXIS2_PLACEMENT_3D('',#21776,#21777,#21778);
#21776 = CARTESIAN_POINT('',(40.,270.,-12.));
#21777 = DIRECTION('',(0.,0.,1.));
#21778 = DIRECTION('',(1.,0.,-0.));
#21779 = MANIFOLD_SOLID_BREP('',#21780);
#21780 = CLOSED_SHELL('',(#21781,#21814,#21823));
#21781 = ADVANCED_FACE('',(#21782),#21809,.T.);
#21782 = FACE_BOUND('',#21783,.T.);
#21783 = EDGE_LOOP('',(#21784,#21793,#21801,#21808));
#21784 = ORIENTED_EDGE('',*,*,#21785,.F.);
#21785 = EDGE_CURVE('',#21786,#21786,#21788,.T.);
#21786 = VERTEX_POINT('',#21787);
#21787 = CARTESIAN_POINT('',(468.,270.,0.));
#21788 = CIRCLE('',#21789,12.5);
#21789 = AXIS2_PLACEMENT_3D('',#21790,#21791,#21792);
#21790 = CARTESIAN_POINT('',(455.5,270.,0.));
#21791 = DIRECTION('',(0.,0.,1.));
#21792 = DIRECTION('',(1.,0.,-0.));
#21793 = ORIENTED_EDGE('',*,*,#21794,.F.);
#21794 = EDGE_CURVE('',#21795,#21786,#21797,.T.);
#21795 = VERTEX_POINT('',#21796);
#21796 = CARTESIAN_POINT('',(468.,270.,-12.));
#21797 = LINE('',#21798,#21799);
#21798 = CARTESIAN_POINT('',(468.,270.,-12.));
#21799 = VECTOR('',#21800,1.);
#21800 = DIRECTION('',(0.,0.,1.));
#21801 = ORIENTED_EDGE('',*,*,#21802,.T.);
#21802 = EDGE_CURVE('',#21795,#21795,#21803,.T.);
#21803 = CIRCLE('',#21804,12.5);
#21804 = AXIS2_PLACEMENT_3D('',#21805,#21806,#21807);
#21805 = CARTESIAN_POINT('',(455.5,270.,-12.));
#21806 = DIRECTION('',(0.,0.,1.));
#21807 = DIRECTION('',(1.,0.,-0.));
#21808 = ORIENTED_EDGE('',*,*,#21794,.T.);
#21809 = CYLINDRICAL_SURFACE('',#21810,12.5);
#21810 = AXIS2_PLACEMENT_3D('',#21811,#21812,#21813);
#21811 = CARTESIAN_POINT('',(455.5,270.,-12.));
#21812 = DIRECTION('',(0.,0.,1.));
#21813 = DIRECTION('',(1.,0.,-0.));
#21814 = ADVANCED_FACE('',(#21815),#21818,.T.);
#21815 = FACE_BOUND('',#21816,.T.);
#21816 = EDGE_LOOP('',(#21817));
#21817 = ORIENTED_EDGE('',*,*,#21785,.T.);
#21818 = PLANE('',#21819);
#21819 = AXIS2_PLACEMENT_3D('',#21820,#21821,#21822);
#21820 = CARTESIAN_POINT('',(455.5,270.,0.));
#21821 = DIRECTION('',(0.,0.,1.));
#21822 = DIRECTION('',(1.,0.,-0.));
#21823 = ADVANCED_FACE('',(#21824),#21827,.F.);
#21824 = FACE_BOUND('',#21825,.T.);
#21825 = EDGE_LOOP('',(#21826));
#21826 = ORIENTED_EDGE('',*,*,#21802,.F.);
#21827 = PLANE('',#21828);
#21828 = AXIS2_PLACEMENT_3D('',#21829,#21830,#21831);
#21829 = CARTESIAN_POINT('',(455.5,270.,-12.));
#21830 = DIRECTION('',(0.,0.,1.));
#21831 = DIRECTION('',(1.,0.,-0.));
#21832 = MANIFOLD_SOLID_BREP('',#21833);
#21833 = CLOSED_SHELL('',(#21834,#21867,#21876));
#21834 = ADVANCED_FACE('',(#21835),#21862,.T.);
#21835 = FACE_BOUND('',#21836,.T.);
#21836 = EDGE_LOOP('',(#21837,#21846,#21854,#21861));
#21837 = ORIENTED_EDGE('',*,*,#21838,.F.);
#21838 = EDGE_CURVE('',#21839,#21839,#21841,.T.);
#21839 = VERTEX_POINT('',#21840);
#21840 = CARTESIAN_POINT('',(883.5,270.,0.));
#21841 = CIRCLE('',#21842,12.5);
#21842 = AXIS2_PLACEMENT_3D('',#21843,#21844,#21845);
#21843 = CARTESIAN_POINT('',(871.,270.,0.));
#21844 = DIRECTION('',(0.,0.,1.));
#21845 = DIRECTION('',(1.,0.,-0.));
#21846 = ORIENTED_EDGE('',*,*,#21847,.F.);
#21847 = EDGE_CURVE('',#21848,#21839,#21850,.T.);
#21848 = VERTEX_POINT('',#21849);
#21849 = CARTESIAN_POINT('',(883.5,270.,-12.));
#21850 = LINE('',#21851,#21852);
#21851 = CARTESIAN_POINT('',(883.5,270.,-12.));
#21852 = VECTOR('',#21853,1.);
#21853 = DIRECTION('',(0.,0.,1.));
#21854 = ORIENTED_EDGE('',*,*,#21855,.T.);
#21855 = EDGE_CURVE('',#21848,#21848,#21856,.T.);
#21856 = CIRCLE('',#21857,12.5);
#21857 = AXIS2_PLACEMENT_3D('',#21858,#21859,#21860);
#21858 = CARTESIAN_POINT('',(871.,270.,-12.));
#21859 = DIRECTION('',(0.,0.,1.));
#21860 = DIRECTION('',(1.,0.,-0.));
#21861 = ORIENTED_EDGE('',*,*,#21847,.T.);
#21862 = CYLINDRICAL_SURFACE('',#21863,12.5);
#21863 = AXIS2_PLACEMENT_3D('',#21864,#21865,#21866);
#21864 = CARTESIAN_POINT('',(871.,270.,-12.));
#21865 = DIRECTION('',(0.,0.,1.));
#21866 = DIRECTION('',(1.,0.,-0.));
#21867 = ADVANCED_FACE('',(#21868),#21871,.T.);
#21868 = FACE_BOUND('',#21869,.T.);
#21869 = EDGE_LOOP('',(#21870));
#21870 = ORIENTED_EDGE('',*,*,#21838,.T.);
#21871 = PLANE('',#21872);
#21872 = AXIS2_PLACEMENT_3D('',#21873,#21874,#21875);
#21873 = CARTESIAN_POINT('',(871.,270.,0.));
#21874 = DIRECTION('',(0.,0.,1.));
#21875 = DIRECTION('',(1.,0.,-0.));
#21876 = ADVANCED_FACE('',(#21877),#21880,.F.);
#21877 = FACE_BOUND('',#21878,.T.);
#21878 = EDGE_LOOP('',(#21879));
#21879 = ORIENTED_EDGE('',*,*,#21855,.F.);
#21880 = PLANE('',#21881);
#21881 = AXIS2_PLACEMENT_3D('',#21882,#21883,#21884);
#21882 = CARTESIAN_POINT('',(871.,270.,-12.));
#21883 = DIRECTION('',(0.,0.,1.));
#21884 = DIRECTION('',(1.,0.,-0.));
#21885 = ( GEOMETRIC_REPRESENTATION_CONTEXT(3) 
GLOBAL_UNCERTAINTY_ASSIGNED_CONTEXT((#21889)) 
GLOBAL_UNIT_ASSIGNED_CONTEXT((#21886,#21887,#21888)) 
REPRESENTATION_CONTEXT('Context #1',
  '3D Context with UNIT and UNCERTAINTY') );
#21886 = ( LENGTH_UNIT() NAMED_UNIT(*) SI_UNIT(.MILLI.,.METRE.) );
#21887 = ( NAMED_UNIT(*) PLANE_ANGLE_UNIT() SI_UNIT($,.RADIAN.) );
#21888 = ( NAMED_UNIT(*) SI_UNIT($,.STERADIAN.) SOLID_ANGLE_UNIT() );
#21889 = UNCERTAINTY_MEASURE_WITH_UNIT(LENGTH_MEASURE(1.E-07),#21886,
  'distance_accuracy_value','confusion accuracy');
#21890 = CONTEXT_DEPENDENT_SHAPE_REPRESENTATION(#21891,#21893);
#21891 = ( REPRESENTATION_RELATIONSHIP('','',#21566,#10) 
REPRESENTATION_RELATIONSHIP_WITH_TRANSFORMATION(#21892) 
SHAPE_REPRESENTATION_RELATIONSHIP() );
#21892 = ITEM_DEFINED_TRANSFORMATION('','',#11,#163);
#21893 = PRODUCT_DEFINITION_SHAPE('Placement','Placement of an item',
  #21894);
#21894 = NEXT_ASSEMBLY_USAGE_OCCURRENCE('60','REF feet','',#5,#21561,$);
#21895 = PRODUCT_RELATED_PRODUCT_CATEGORY('part',$,(#21563));
#21896 = SHAPE_DEFINITION_REPRESENTATION(#21897,#21903);
#21897 = PRODUCT_DEFINITION_SHAPE('','',#21898);
#21898 = PRODUCT_DEFINITION('design','',#21899,#21902);
#21899 = PRODUCT_DEFINITION_FORMATION('','',#21900);
#21900 = PRODUCT('REF latches','REF latches','',(#21901));
#21901 = PRODUCT_CONTEXT('',#2,'mechanical');
#21902 = PRODUCT_DEFINITION_CONTEXT('part definition',#2,'design');
#21903 = SHAPE_REPRESENTATION('',(#11,#21904,#22054,#22204,#22354),
  #22504);
#21904 = MANIFOLD_SOLID_BREP('',#21905);
#21905 = CLOSED_SHELL('',(#21906,#21946,#21986,#22008,#22030,#22042));
#21906 = ADVANCED_FACE('',(#21907),#21941,.F.);
#21907 = FACE_BOUND('',#21908,.F.);
#21908 = EDGE_LOOP('',(#21909,#21919,#21927,#21935));
#21909 = ORIENTED_EDGE('',*,*,#21910,.F.);
#21910 = EDGE_CURVE('',#21911,#21913,#21915,.T.);
#21911 = VERTEX_POINT('',#21912);
#21912 = CARTESIAN_POINT('',(130.,-12.,34.));
#21913 = VERTEX_POINT('',#21914);
#21914 = CARTESIAN_POINT('',(130.,-12.,84.));
#21915 = LINE('',#21916,#21917);
#21916 = CARTESIAN_POINT('',(130.,-12.,34.));
#21917 = VECTOR('',#21918,1.);
#21918 = DIRECTION('',(0.,0.,1.));
#21919 = ORIENTED_EDGE('',*,*,#21920,.T.);
#21920 = EDGE_CURVE('',#21911,#21921,#21923,.T.);
#21921 = VERTEX_POINT('',#21922);
#21922 = CARTESIAN_POINT('',(130.,-1.,34.));
#21923 = LINE('',#21924,#21925);
#21924 = CARTESIAN_POINT('',(130.,-12.,34.));
#21925 = VECTOR('',#21926,1.);
#21926 = DIRECTION('',(-0.,1.,0.));
#21927 = ORIENTED_EDGE('',*,*,#21928,.T.);
#21928 = EDGE_CURVE('',#21921,#21929,#21931,.T.);
#21929 = VERTEX_POINT('',#21930);
#21930 = CARTESIAN_POINT('',(130.,-1.,84.));
#21931 = LINE('',#21932,#21933);
#21932 = CARTESIAN_POINT('',(130.,-1.,34.));
#21933 = VECTOR('',#21934,1.);
#21934 = DIRECTION('',(0.,0.,1.));
#21935 = ORIENTED_EDGE('',*,*,#21936,.F.);
#21936 = EDGE_CURVE('',#21913,#21929,#21937,.T.);
#21937 = LINE('',#21938,#21939);
#21938 = CARTESIAN_POINT('',(130.,-12.,84.));
#21939 = VECTOR('',#21940,1.);
#21940 = DIRECTION('',(-0.,1.,0.));
#21941 = PLANE('',#21942);
#21942 = AXIS2_PLACEMENT_3D('',#21943,#21944,#21945);
#21943 = CARTESIAN_POINT('',(130.,-12.,34.));
#21944 = DIRECTION('',(1.,0.,-0.));
#21945 = DIRECTION('',(0.,0.,1.));
#21946 = ADVANCED_FACE('',(#21947),#21981,.T.);
#21947 = FACE_BOUND('',#21948,.T.);
#21948 = EDGE_LOOP('',(#21949,#21959,#21967,#21975));
#21949 = ORIENTED_EDGE('',*,*,#21950,.F.);
#21950 = EDGE_CURVE('',#21951,#21953,#21955,.T.);
#21951 = VERTEX_POINT('',#21952);
#21952 = CARTESIAN_POINT('',(170.,-12.,34.));
#21953 = VERTEX_POINT('',#21954);
#21954 = CARTESIAN_POINT('',(170.,-12.,84.));
#21955 = LINE('',#21956,#21957);
#21956 = CARTESIAN_POINT('',(170.,-12.,34.));
#21957 = VECTOR('',#21958,1.);
#21958 = DIRECTION('',(0.,0.,1.));
#21959 = ORIENTED_EDGE('',*,*,#21960,.T.);
#21960 = EDGE_CURVE('',#21951,#21961,#21963,.T.);
#21961 = VERTEX_POINT('',#21962);
#21962 = CARTESIAN_POINT('',(170.,-1.,34.));
#21963 = LINE('',#21964,#21965);
#21964 = CARTESIAN_POINT('',(170.,-12.,34.));
#21965 = VECTOR('',#21966,1.);
#21966 = DIRECTION('',(-0.,1.,0.));
#21967 = ORIENTED_EDGE('',*,*,#21968,.T.);
#21968 = EDGE_CURVE('',#21961,#21969,#21971,.T.);
#21969 = VERTEX_POINT('',#21970);
#21970 = CARTESIAN_POINT('',(170.,-1.,84.));
#21971 = LINE('',#21972,#21973);
#21972 = CARTESIAN_POINT('',(170.,-1.,34.));
#21973 = VECTOR('',#21974,1.);
#21974 = DIRECTION('',(0.,0.,1.));
#21975 = ORIENTED_EDGE('',*,*,#21976,.F.);
#21976 = EDGE_CURVE('',#21953,#21969,#21977,.T.);
#21977 = LINE('',#21978,#21979);
#21978 = CARTESIAN_POINT('',(170.,-12.,84.));
#21979 = VECTOR('',#21980,1.);
#21980 = DIRECTION('',(-0.,1.,0.));
#21981 = PLANE('',#21982);
#21982 = AXIS2_PLACEMENT_3D('',#21983,#21984,#21985);
#21983 = CARTESIAN_POINT('',(170.,-12.,34.));
#21984 = DIRECTION('',(1.,0.,-0.));
#21985 = DIRECTION('',(0.,0.,1.));
#21986 = ADVANCED_FACE('',(#21987),#22003,.F.);
#21987 = FACE_BOUND('',#21988,.F.);
#21988 = EDGE_LOOP('',(#21989,#21995,#21996,#22002));
#21989 = ORIENTED_EDGE('',*,*,#21990,.F.);
#21990 = EDGE_CURVE('',#21911,#21951,#21991,.T.);
#21991 = LINE('',#21992,#21993);
#21992 = CARTESIAN_POINT('',(130.,-12.,34.));
#21993 = VECTOR('',#21994,1.);
#21994 = DIRECTION('',(1.,0.,-0.));
#21995 = ORIENTED_EDGE('',*,*,#21910,.T.);
#21996 = ORIENTED_EDGE('',*,*,#21997,.T.);
#21997 = EDGE_CURVE('',#21913,#21953,#21998,.T.);
#21998 = LINE('',#21999,#22000);
#21999 = CARTESIAN_POINT('',(130.,-12.,84.));
#22000 = VECTOR('',#22001,1.);
#22001 = DIRECTION('',(1.,0.,-0.));
#22002 = ORIENTED_EDGE('',*,*,#21950,.F.);
#22003 = PLANE('',#22004);
#22004 = AXIS2_PLACEMENT_3D('',#22005,#22006,#22007);
#22005 = CARTESIAN_POINT('',(130.,-12.,34.));
#22006 = DIRECTION('',(-0.,1.,0.));
#22007 = DIRECTION('',(0.,0.,1.));
#22008 = ADVANCED_FACE('',(#22009),#22025,.T.);
#22009 = FACE_BOUND('',#22010,.T.);
#22010 = EDGE_LOOP('',(#22011,#22017,#22018,#22024));
#22011 = ORIENTED_EDGE('',*,*,#22012,.F.);
#22012 = EDGE_CURVE('',#21921,#21961,#22013,.T.);
#22013 = LINE('',#22014,#22015);
#22014 = CARTESIAN_POINT('',(130.,-1.,34.));
#22015 = VECTOR('',#22016,1.);
#22016 = DIRECTION('',(1.,0.,-0.));
#22017 = ORIENTED_EDGE('',*,*,#21928,.T.);
#22018 = ORIENTED_EDGE('',*,*,#22019,.T.);
#22019 = EDGE_CURVE('',#21929,#21969,#22020,.T.);
#22020 = LINE('',#22021,#22022);
#22021 = CARTESIAN_POINT('',(130.,-1.,84.));
#22022 = VECTOR('',#22023,1.);
#22023 = DIRECTION('',(1.,0.,-0.));
#22024 = ORIENTED_EDGE('',*,*,#21968,.F.);
#22025 = PLANE('',#22026);
#22026 = AXIS2_PLACEMENT_3D('',#22027,#22028,#22029);
#22027 = CARTESIAN_POINT('',(130.,-1.,34.));
#22028 = DIRECTION('',(-0.,1.,0.));
#22029 = DIRECTION('',(0.,0.,1.));
#22030 = ADVANCED_FACE('',(#22031),#22037,.F.);
#22031 = FACE_BOUND('',#22032,.F.);
#22032 = EDGE_LOOP('',(#22033,#22034,#22035,#22036));
#22033 = ORIENTED_EDGE('',*,*,#21920,.F.);
#22034 = ORIENTED_EDGE('',*,*,#21990,.T.);
#22035 = ORIENTED_EDGE('',*,*,#21960,.T.);
#22036 = ORIENTED_EDGE('',*,*,#22012,.F.);
#22037 = PLANE('',#22038);
#22038 = AXIS2_PLACEMENT_3D('',#22039,#22040,#22041);
#22039 = CARTESIAN_POINT('',(130.,-12.,34.));
#22040 = DIRECTION('',(0.,0.,1.));
#22041 = DIRECTION('',(1.,0.,-0.));
#22042 = ADVANCED_FACE('',(#22043),#22049,.T.);
#22043 = FACE_BOUND('',#22044,.T.);
#22044 = EDGE_LOOP('',(#22045,#22046,#22047,#22048));
#22045 = ORIENTED_EDGE('',*,*,#21936,.F.);
#22046 = ORIENTED_EDGE('',*,*,#21997,.T.);
#22047 = ORIENTED_EDGE('',*,*,#21976,.T.);
#22048 = ORIENTED_EDGE('',*,*,#22019,.F.);
#22049 = PLANE('',#22050);
#22050 = AXIS2_PLACEMENT_3D('',#22051,#22052,#22053);
#22051 = CARTESIAN_POINT('',(130.,-12.,84.));
#22052 = DIRECTION('',(0.,0.,1.));
#22053 = DIRECTION('',(1.,0.,-0.));
#22054 = MANIFOLD_SOLID_BREP('',#22055);
#22055 = CLOSED_SHELL('',(#22056,#22096,#22136,#22158,#22180,#22192));
#22056 = ADVANCED_FACE('',(#22057),#22091,.F.);
#22057 = FACE_BOUND('',#22058,.F.);
#22058 = EDGE_LOOP('',(#22059,#22069,#22077,#22085));
#22059 = ORIENTED_EDGE('',*,*,#22060,.F.);
#22060 = EDGE_CURVE('',#22061,#22063,#22065,.T.);
#22061 = VERTEX_POINT('',#22062);
#22062 = CARTESIAN_POINT('',(741.,-12.,34.));
#22063 = VERTEX_POINT('',#22064);
#22064 = CARTESIAN_POINT('',(741.,-12.,84.));
#22065 = LINE('',#22066,#22067);
#22066 = CARTESIAN_POINT('',(741.,-12.,34.));
#22067 = VECTOR('',#22068,1.);
#22068 = DIRECTION('',(0.,0.,1.));
#22069 = ORIENTED_EDGE('',*,*,#22070,.T.);
#22070 = EDGE_CURVE('',#22061,#22071,#22073,.T.);
#22071 = VERTEX_POINT('',#22072);
#22072 = CARTESIAN_POINT('',(741.,-1.,34.));
#22073 = LINE('',#22074,#22075);
#22074 = CARTESIAN_POINT('',(741.,-12.,34.));
#22075 = VECTOR('',#22076,1.);
#22076 = DIRECTION('',(-0.,1.,0.));
#22077 = ORIENTED_EDGE('',*,*,#22078,.T.);
#22078 = EDGE_CURVE('',#22071,#22079,#22081,.T.);
#22079 = VERTEX_POINT('',#22080);
#22080 = CARTESIAN_POINT('',(741.,-1.,84.));
#22081 = LINE('',#22082,#22083);
#22082 = CARTESIAN_POINT('',(741.,-1.,34.));
#22083 = VECTOR('',#22084,1.);
#22084 = DIRECTION('',(0.,0.,1.));
#22085 = ORIENTED_EDGE('',*,*,#22086,.F.);
#22086 = EDGE_CURVE('',#22063,#22079,#22087,.T.);
#22087 = LINE('',#22088,#22089);
#22088 = CARTESIAN_POINT('',(741.,-12.,84.));
#22089 = VECTOR('',#22090,1.);
#22090 = DIRECTION('',(-0.,1.,0.));
#22091 = PLANE('',#22092);
#22092 = AXIS2_PLACEMENT_3D('',#22093,#22094,#22095);
#22093 = CARTESIAN_POINT('',(741.,-12.,34.));
#22094 = DIRECTION('',(1.,0.,-0.));
#22095 = DIRECTION('',(0.,0.,1.));
#22096 = ADVANCED_FACE('',(#22097),#22131,.T.);
#22097 = FACE_BOUND('',#22098,.T.);
#22098 = EDGE_LOOP('',(#22099,#22109,#22117,#22125));
#22099 = ORIENTED_EDGE('',*,*,#22100,.F.);
#22100 = EDGE_CURVE('',#22101,#22103,#22105,.T.);
#22101 = VERTEX_POINT('',#22102);
#22102 = CARTESIAN_POINT('',(781.,-12.,34.));
#22103 = VERTEX_POINT('',#22104);
#22104 = CARTESIAN_POINT('',(781.,-12.,84.));
#22105 = LINE('',#22106,#22107);
#22106 = CARTESIAN_POINT('',(781.,-12.,34.));
#22107 = VECTOR('',#22108,1.);
#22108 = DIRECTION('',(0.,0.,1.));
#22109 = ORIENTED_EDGE('',*,*,#22110,.T.);
#22110 = EDGE_CURVE('',#22101,#22111,#22113,.T.);
#22111 = VERTEX_POINT('',#22112);
#22112 = CARTESIAN_POINT('',(781.,-1.,34.));
#22113 = LINE('',#22114,#22115);
#22114 = CARTESIAN_POINT('',(781.,-12.,34.));
#22115 = VECTOR('',#22116,1.);
#22116 = DIRECTION('',(-0.,1.,0.));
#22117 = ORIENTED_EDGE('',*,*,#22118,.T.);
#22118 = EDGE_CURVE('',#22111,#22119,#22121,.T.);
#22119 = VERTEX_POINT('',#22120);
#22120 = CARTESIAN_POINT('',(781.,-1.,84.));
#22121 = LINE('',#22122,#22123);
#22122 = CARTESIAN_POINT('',(781.,-1.,34.));
#22123 = VECTOR('',#22124,1.);
#22124 = DIRECTION('',(0.,0.,1.));
#22125 = ORIENTED_EDGE('',*,*,#22126,.F.);
#22126 = EDGE_CURVE('',#22103,#22119,#22127,.T.);
#22127 = LINE('',#22128,#22129);
#22128 = CARTESIAN_POINT('',(781.,-12.,84.));
#22129 = VECTOR('',#22130,1.);
#22130 = DIRECTION('',(-0.,1.,0.));
#22131 = PLANE('',#22132);
#22132 = AXIS2_PLACEMENT_3D('',#22133,#22134,#22135);
#22133 = CARTESIAN_POINT('',(781.,-12.,34.));
#22134 = DIRECTION('',(1.,0.,-0.));
#22135 = DIRECTION('',(0.,0.,1.));
#22136 = ADVANCED_FACE('',(#22137),#22153,.F.);
#22137 = FACE_BOUND('',#22138,.F.);
#22138 = EDGE_LOOP('',(#22139,#22145,#22146,#22152));
#22139 = ORIENTED_EDGE('',*,*,#22140,.F.);
#22140 = EDGE_CURVE('',#22061,#22101,#22141,.T.);
#22141 = LINE('',#22142,#22143);
#22142 = CARTESIAN_POINT('',(741.,-12.,34.));
#22143 = VECTOR('',#22144,1.);
#22144 = DIRECTION('',(1.,0.,-0.));
#22145 = ORIENTED_EDGE('',*,*,#22060,.T.);
#22146 = ORIENTED_EDGE('',*,*,#22147,.T.);
#22147 = EDGE_CURVE('',#22063,#22103,#22148,.T.);
#22148 = LINE('',#22149,#22150);
#22149 = CARTESIAN_POINT('',(741.,-12.,84.));
#22150 = VECTOR('',#22151,1.);
#22151 = DIRECTION('',(1.,0.,-0.));
#22152 = ORIENTED_EDGE('',*,*,#22100,.F.);
#22153 = PLANE('',#22154);
#22154 = AXIS2_PLACEMENT_3D('',#22155,#22156,#22157);
#22155 = CARTESIAN_POINT('',(741.,-12.,34.));
#22156 = DIRECTION('',(-0.,1.,0.));
#22157 = DIRECTION('',(0.,0.,1.));
#22158 = ADVANCED_FACE('',(#22159),#22175,.T.);
#22159 = FACE_BOUND('',#22160,.T.);
#22160 = EDGE_LOOP('',(#22161,#22167,#22168,#22174));
#22161 = ORIENTED_EDGE('',*,*,#22162,.F.);
#22162 = EDGE_CURVE('',#22071,#22111,#22163,.T.);
#22163 = LINE('',#22164,#22165);
#22164 = CARTESIAN_POINT('',(741.,-1.,34.));
#22165 = VECTOR('',#22166,1.);
#22166 = DIRECTION('',(1.,0.,-0.));
#22167 = ORIENTED_EDGE('',*,*,#22078,.T.);
#22168 = ORIENTED_EDGE('',*,*,#22169,.T.);
#22169 = EDGE_CURVE('',#22079,#22119,#22170,.T.);
#22170 = LINE('',#22171,#22172);
#22171 = CARTESIAN_POINT('',(741.,-1.,84.));
#22172 = VECTOR('',#22173,1.);
#22173 = DIRECTION('',(1.,0.,-0.));
#22174 = ORIENTED_EDGE('',*,*,#22118,.F.);
#22175 = PLANE('',#22176);
#22176 = AXIS2_PLACEMENT_3D('',#22177,#22178,#22179);
#22177 = CARTESIAN_POINT('',(741.,-1.,34.));
#22178 = DIRECTION('',(-0.,1.,0.));
#22179 = DIRECTION('',(0.,0.,1.));
#22180 = ADVANCED_FACE('',(#22181),#22187,.F.);
#22181 = FACE_BOUND('',#22182,.F.);
#22182 = EDGE_LOOP('',(#22183,#22184,#22185,#22186));
#22183 = ORIENTED_EDGE('',*,*,#22070,.F.);
#22184 = ORIENTED_EDGE('',*,*,#22140,.T.);
#22185 = ORIENTED_EDGE('',*,*,#22110,.T.);
#22186 = ORIENTED_EDGE('',*,*,#22162,.F.);
#22187 = PLANE('',#22188);
#22188 = AXIS2_PLACEMENT_3D('',#22189,#22190,#22191);
#22189 = CARTESIAN_POINT('',(741.,-12.,34.));
#22190 = DIRECTION('',(0.,0.,1.));
#22191 = DIRECTION('',(1.,0.,-0.));
#22192 = ADVANCED_FACE('',(#22193),#22199,.T.);
#22193 = FACE_BOUND('',#22194,.T.);
#22194 = EDGE_LOOP('',(#22195,#22196,#22197,#22198));
#22195 = ORIENTED_EDGE('',*,*,#22086,.F.);
#22196 = ORIENTED_EDGE('',*,*,#22147,.T.);
#22197 = ORIENTED_EDGE('',*,*,#22126,.T.);
#22198 = ORIENTED_EDGE('',*,*,#22169,.F.);
#22199 = PLANE('',#22200);
#22200 = AXIS2_PLACEMENT_3D('',#22201,#22202,#22203);
#22201 = CARTESIAN_POINT('',(741.,-12.,84.));
#22202 = DIRECTION('',(0.,0.,1.));
#22203 = DIRECTION('',(1.,0.,-0.));
#22204 = MANIFOLD_SOLID_BREP('',#22205);
#22205 = CLOSED_SHELL('',(#22206,#22246,#22286,#22308,#22330,#22342));
#22206 = ADVANCED_FACE('',(#22207),#22241,.F.);
#22207 = FACE_BOUND('',#22208,.F.);
#22208 = EDGE_LOOP('',(#22209,#22219,#22227,#22235));
#22209 = ORIENTED_EDGE('',*,*,#22210,.F.);
#22210 = EDGE_CURVE('',#22211,#22213,#22215,.T.);
#22211 = VERTEX_POINT('',#22212);
#22212 = CARTESIAN_POINT('',(130.,311.,34.));
#22213 = VERTEX_POINT('',#22214);
#22214 = CARTESIAN_POINT('',(130.,311.,84.));
#22215 = LINE('',#22216,#22217);
#22216 = CARTESIAN_POINT('',(130.,311.,34.));
#22217 = VECTOR('',#22218,1.);
#22218 = DIRECTION('',(0.,0.,1.));
#22219 = ORIENTED_EDGE('',*,*,#22220,.T.);
#22220 = EDGE_CURVE('',#22211,#22221,#22223,.T.);
#22221 = VERTEX_POINT('',#22222);
#22222 = CARTESIAN_POINT('',(130.,322.,34.));
#22223 = LINE('',#22224,#22225);
#22224 = CARTESIAN_POINT('',(130.,311.,34.));
#22225 = VECTOR('',#22226,1.);
#22226 = DIRECTION('',(-0.,1.,0.));
#22227 = ORIENTED_EDGE('',*,*,#22228,.T.);
#22228 = EDGE_CURVE('',#22221,#22229,#22231,.T.);
#22229 = VERTEX_POINT('',#22230);
#22230 = CARTESIAN_POINT('',(130.,322.,84.));
#22231 = LINE('',#22232,#22233);
#22232 = CARTESIAN_POINT('',(130.,322.,34.));
#22233 = VECTOR('',#22234,1.);
#22234 = DIRECTION('',(0.,0.,1.));
#22235 = ORIENTED_EDGE('',*,*,#22236,.F.);
#22236 = EDGE_CURVE('',#22213,#22229,#22237,.T.);
#22237 = LINE('',#22238,#22239);
#22238 = CARTESIAN_POINT('',(130.,311.,84.));
#22239 = VECTOR('',#22240,1.);
#22240 = DIRECTION('',(-0.,1.,0.));
#22241 = PLANE('',#22242);
#22242 = AXIS2_PLACEMENT_3D('',#22243,#22244,#22245);
#22243 = CARTESIAN_POINT('',(130.,311.,34.));
#22244 = DIRECTION('',(1.,0.,-0.));
#22245 = DIRECTION('',(0.,0.,1.));
#22246 = ADVANCED_FACE('',(#22247),#22281,.T.);
#22247 = FACE_BOUND('',#22248,.T.);
#22248 = EDGE_LOOP('',(#22249,#22259,#22267,#22275));
#22249 = ORIENTED_EDGE('',*,*,#22250,.F.);
#22250 = EDGE_CURVE('',#22251,#22253,#22255,.T.);
#22251 = VERTEX_POINT('',#22252);
#22252 = CARTESIAN_POINT('',(170.,311.,34.));
#22253 = VERTEX_POINT('',#22254);
#22254 = CARTESIAN_POINT('',(170.,311.,84.));
#22255 = LINE('',#22256,#22257);
#22256 = CARTESIAN_POINT('',(170.,311.,34.));
#22257 = VECTOR('',#22258,1.);
#22258 = DIRECTION('',(0.,0.,1.));
#22259 = ORIENTED_EDGE('',*,*,#22260,.T.);
#22260 = EDGE_CURVE('',#22251,#22261,#22263,.T.);
#22261 = VERTEX_POINT('',#22262);
#22262 = CARTESIAN_POINT('',(170.,322.,34.));
#22263 = LINE('',#22264,#22265);
#22264 = CARTESIAN_POINT('',(170.,311.,34.));
#22265 = VECTOR('',#22266,1.);
#22266 = DIRECTION('',(-0.,1.,0.));
#22267 = ORIENTED_EDGE('',*,*,#22268,.T.);
#22268 = EDGE_CURVE('',#22261,#22269,#22271,.T.);
#22269 = VERTEX_POINT('',#22270);
#22270 = CARTESIAN_POINT('',(170.,322.,84.));
#22271 = LINE('',#22272,#22273);
#22272 = CARTESIAN_POINT('',(170.,322.,34.));
#22273 = VECTOR('',#22274,1.);
#22274 = DIRECTION('',(0.,0.,1.));
#22275 = ORIENTED_EDGE('',*,*,#22276,.F.);
#22276 = EDGE_CURVE('',#22253,#22269,#22277,.T.);
#22277 = LINE('',#22278,#22279);
#22278 = CARTESIAN_POINT('',(170.,311.,84.));
#22279 = VECTOR('',#22280,1.);
#22280 = DIRECTION('',(-0.,1.,0.));
#22281 = PLANE('',#22282);
#22282 = AXIS2_PLACEMENT_3D('',#22283,#22284,#22285);
#22283 = CARTESIAN_POINT('',(170.,311.,34.));
#22284 = DIRECTION('',(1.,0.,-0.));
#22285 = DIRECTION('',(0.,0.,1.));
#22286 = ADVANCED_FACE('',(#22287),#22303,.F.);
#22287 = FACE_BOUND('',#22288,.F.);
#22288 = EDGE_LOOP('',(#22289,#22295,#22296,#22302));
#22289 = ORIENTED_EDGE('',*,*,#22290,.F.);
#22290 = EDGE_CURVE('',#22211,#22251,#22291,.T.);
#22291 = LINE('',#22292,#22293);
#22292 = CARTESIAN_POINT('',(130.,311.,34.));
#22293 = VECTOR('',#22294,1.);
#22294 = DIRECTION('',(1.,0.,-0.));
#22295 = ORIENTED_EDGE('',*,*,#22210,.T.);
#22296 = ORIENTED_EDGE('',*,*,#22297,.T.);
#22297 = EDGE_CURVE('',#22213,#22253,#22298,.T.);
#22298 = LINE('',#22299,#22300);
#22299 = CARTESIAN_POINT('',(130.,311.,84.));
#22300 = VECTOR('',#22301,1.);
#22301 = DIRECTION('',(1.,0.,-0.));
#22302 = ORIENTED_EDGE('',*,*,#22250,.F.);
#22303 = PLANE('',#22304);
#22304 = AXIS2_PLACEMENT_3D('',#22305,#22306,#22307);
#22305 = CARTESIAN_POINT('',(130.,311.,34.));
#22306 = DIRECTION('',(-0.,1.,0.));
#22307 = DIRECTION('',(0.,0.,1.));
#22308 = ADVANCED_FACE('',(#22309),#22325,.T.);
#22309 = FACE_BOUND('',#22310,.T.);
#22310 = EDGE_LOOP('',(#22311,#22317,#22318,#22324));
#22311 = ORIENTED_EDGE('',*,*,#22312,.F.);
#22312 = EDGE_CURVE('',#22221,#22261,#22313,.T.);
#22313 = LINE('',#22314,#22315);
#22314 = CARTESIAN_POINT('',(130.,322.,34.));
#22315 = VECTOR('',#22316,1.);
#22316 = DIRECTION('',(1.,0.,-0.));
#22317 = ORIENTED_EDGE('',*,*,#22228,.T.);
#22318 = ORIENTED_EDGE('',*,*,#22319,.T.);
#22319 = EDGE_CURVE('',#22229,#22269,#22320,.T.);
#22320 = LINE('',#22321,#22322);
#22321 = CARTESIAN_POINT('',(130.,322.,84.));
#22322 = VECTOR('',#22323,1.);
#22323 = DIRECTION('',(1.,0.,-0.));
#22324 = ORIENTED_EDGE('',*,*,#22268,.F.);
#22325 = PLANE('',#22326);
#22326 = AXIS2_PLACEMENT_3D('',#22327,#22328,#22329);
#22327 = CARTESIAN_POINT('',(130.,322.,34.));
#22328 = DIRECTION('',(-0.,1.,0.));
#22329 = DIRECTION('',(0.,0.,1.));
#22330 = ADVANCED_FACE('',(#22331),#22337,.F.);
#22331 = FACE_BOUND('',#22332,.F.);
#22332 = EDGE_LOOP('',(#22333,#22334,#22335,#22336));
#22333 = ORIENTED_EDGE('',*,*,#22220,.F.);
#22334 = ORIENTED_EDGE('',*,*,#22290,.T.);
#22335 = ORIENTED_EDGE('',*,*,#22260,.T.);
#22336 = ORIENTED_EDGE('',*,*,#22312,.F.);
#22337 = PLANE('',#22338);
#22338 = AXIS2_PLACEMENT_3D('',#22339,#22340,#22341);
#22339 = CARTESIAN_POINT('',(130.,311.,34.));
#22340 = DIRECTION('',(0.,0.,1.));
#22341 = DIRECTION('',(1.,0.,-0.));
#22342 = ADVANCED_FACE('',(#22343),#22349,.T.);
#22343 = FACE_BOUND('',#22344,.T.);
#22344 = EDGE_LOOP('',(#22345,#22346,#22347,#22348));
#22345 = ORIENTED_EDGE('',*,*,#22236,.F.);
#22346 = ORIENTED_EDGE('',*,*,#22297,.T.);
#22347 = ORIENTED_EDGE('',*,*,#22276,.T.);
#22348 = ORIENTED_EDGE('',*,*,#22319,.F.);
#22349 = PLANE('',#22350);
#22350 = AXIS2_PLACEMENT_3D('',#22351,#22352,#22353);
#22351 = CARTESIAN_POINT('',(130.,311.,84.));
#22352 = DIRECTION('',(0.,0.,1.));
#22353 = DIRECTION('',(1.,0.,-0.));
#22354 = MANIFOLD_SOLID_BREP('',#22355);
#22355 = CLOSED_SHELL('',(#22356,#22396,#22436,#22458,#22480,#22492));
#22356 = ADVANCED_FACE('',(#22357),#22391,.F.);
#22357 = FACE_BOUND('',#22358,.F.);
#22358 = EDGE_LOOP('',(#22359,#22369,#22377,#22385));
#22359 = ORIENTED_EDGE('',*,*,#22360,.F.);
#22360 = EDGE_CURVE('',#22361,#22363,#22365,.T.);
#22361 = VERTEX_POINT('',#22362);
#22362 = CARTESIAN_POINT('',(741.,311.,34.));
#22363 = VERTEX_POINT('',#22364);
#22364 = CARTESIAN_POINT('',(741.,311.,84.));
#22365 = LINE('',#22366,#22367);
#22366 = CARTESIAN_POINT('',(741.,311.,34.));
#22367 = VECTOR('',#22368,1.);
#22368 = DIRECTION('',(0.,0.,1.));
#22369 = ORIENTED_EDGE('',*,*,#22370,.T.);
#22370 = EDGE_CURVE('',#22361,#22371,#22373,.T.);
#22371 = VERTEX_POINT('',#22372);
#22372 = CARTESIAN_POINT('',(741.,322.,34.));
#22373 = LINE('',#22374,#22375);
#22374 = CARTESIAN_POINT('',(741.,311.,34.));
#22375 = VECTOR('',#22376,1.);
#22376 = DIRECTION('',(-0.,1.,0.));
#22377 = ORIENTED_EDGE('',*,*,#22378,.T.);
#22378 = EDGE_CURVE('',#22371,#22379,#22381,.T.);
#22379 = VERTEX_POINT('',#22380);
#22380 = CARTESIAN_POINT('',(741.,322.,84.));
#22381 = LINE('',#22382,#22383);
#22382 = CARTESIAN_POINT('',(741.,322.,34.));
#22383 = VECTOR('',#22384,1.);
#22384 = DIRECTION('',(0.,0.,1.));
#22385 = ORIENTED_EDGE('',*,*,#22386,.F.);
#22386 = EDGE_CURVE('',#22363,#22379,#22387,.T.);
#22387 = LINE('',#22388,#22389);
#22388 = CARTESIAN_POINT('',(741.,311.,84.));
#22389 = VECTOR('',#22390,1.);
#22390 = DIRECTION('',(-0.,1.,0.));
#22391 = PLANE('',#22392);
#22392 = AXIS2_PLACEMENT_3D('',#22393,#22394,#22395);
#22393 = CARTESIAN_POINT('',(741.,311.,34.));
#22394 = DIRECTION('',(1.,0.,-0.));
#22395 = DIRECTION('',(0.,0.,1.));
#22396 = ADVANCED_FACE('',(#22397),#22431,.T.);
#22397 = FACE_BOUND('',#22398,.T.);
#22398 = EDGE_LOOP('',(#22399,#22409,#22417,#22425));
#22399 = ORIENTED_EDGE('',*,*,#22400,.F.);
#22400 = EDGE_CURVE('',#22401,#22403,#22405,.T.);
#22401 = VERTEX_POINT('',#22402);
#22402 = CARTESIAN_POINT('',(781.,311.,34.));
#22403 = VERTEX_POINT('',#22404);
#22404 = CARTESIAN_POINT('',(781.,311.,84.));
#22405 = LINE('',#22406,#22407);
#22406 = CARTESIAN_POINT('',(781.,311.,34.));
#22407 = VECTOR('',#22408,1.);
#22408 = DIRECTION('',(0.,0.,1.));
#22409 = ORIENTED_EDGE('',*,*,#22410,.T.);
#22410 = EDGE_CURVE('',#22401,#22411,#22413,.T.);
#22411 = VERTEX_POINT('',#22412);
#22412 = CARTESIAN_POINT('',(781.,322.,34.));
#22413 = LINE('',#22414,#22415);
#22414 = CARTESIAN_POINT('',(781.,311.,34.));
#22415 = VECTOR('',#22416,1.);
#22416 = DIRECTION('',(-0.,1.,0.));
#22417 = ORIENTED_EDGE('',*,*,#22418,.T.);
#22418 = EDGE_CURVE('',#22411,#22419,#22421,.T.);
#22419 = VERTEX_POINT('',#22420);
#22420 = CARTESIAN_POINT('',(781.,322.,84.));
#22421 = LINE('',#22422,#22423);
#22422 = CARTESIAN_POINT('',(781.,322.,34.));
#22423 = VECTOR('',#22424,1.);
#22424 = DIRECTION('',(0.,0.,1.));
#22425 = ORIENTED_EDGE('',*,*,#22426,.F.);
#22426 = EDGE_CURVE('',#22403,#22419,#22427,.T.);
#22427 = LINE('',#22428,#22429);
#22428 = CARTESIAN_POINT('',(781.,311.,84.));
#22429 = VECTOR('',#22430,1.);
#22430 = DIRECTION('',(-0.,1.,0.));
#22431 = PLANE('',#22432);
#22432 = AXIS2_PLACEMENT_3D('',#22433,#22434,#22435);
#22433 = CARTESIAN_POINT('',(781.,311.,34.));
#22434 = DIRECTION('',(1.,0.,-0.));
#22435 = DIRECTION('',(0.,0.,1.));
#22436 = ADVANCED_FACE('',(#22437),#22453,.F.);
#22437 = FACE_BOUND('',#22438,.F.);
#22438 = EDGE_LOOP('',(#22439,#22445,#22446,#22452));
#22439 = ORIENTED_EDGE('',*,*,#22440,.F.);
#22440 = EDGE_CURVE('',#22361,#22401,#22441,.T.);
#22441 = LINE('',#22442,#22443);
#22442 = CARTESIAN_POINT('',(741.,311.,34.));
#22443 = VECTOR('',#22444,1.);
#22444 = DIRECTION('',(1.,0.,-0.));
#22445 = ORIENTED_EDGE('',*,*,#22360,.T.);
#22446 = ORIENTED_EDGE('',*,*,#22447,.T.);
#22447 = EDGE_CURVE('',#22363,#22403,#22448,.T.);
#22448 = LINE('',#22449,#22450);
#22449 = CARTESIAN_POINT('',(741.,311.,84.));
#22450 = VECTOR('',#22451,1.);
#22451 = DIRECTION('',(1.,0.,-0.));
#22452 = ORIENTED_EDGE('',*,*,#22400,.F.);
#22453 = PLANE('',#22454);
#22454 = AXIS2_PLACEMENT_3D('',#22455,#22456,#22457);
#22455 = CARTESIAN_POINT('',(741.,311.,34.));
#22456 = DIRECTION('',(-0.,1.,0.));
#22457 = DIRECTION('',(0.,0.,1.));
#22458 = ADVANCED_FACE('',(#22459),#22475,.T.);
#22459 = FACE_BOUND('',#22460,.T.);
#22460 = EDGE_LOOP('',(#22461,#22467,#22468,#22474));
#22461 = ORIENTED_EDGE('',*,*,#22462,.F.);
#22462 = EDGE_CURVE('',#22371,#22411,#22463,.T.);
#22463 = LINE('',#22464,#22465);
#22464 = CARTESIAN_POINT('',(741.,322.,34.));
#22465 = VECTOR('',#22466,1.);
#22466 = DIRECTION('',(1.,0.,-0.));
#22467 = ORIENTED_EDGE('',*,*,#22378,.T.);
#22468 = ORIENTED_EDGE('',*,*,#22469,.T.);
#22469 = EDGE_CURVE('',#22379,#22419,#22470,.T.);
#22470 = LINE('',#22471,#22472);
#22471 = CARTESIAN_POINT('',(741.,322.,84.));
#22472 = VECTOR('',#22473,1.);
#22473 = DIRECTION('',(1.,0.,-0.));
#22474 = ORIENTED_EDGE('',*,*,#22418,.F.);
#22475 = PLANE('',#22476);
#22476 = AXIS2_PLACEMENT_3D('',#22477,#22478,#22479);
#22477 = CARTESIAN_POINT('',(741.,322.,34.));
#22478 = DIRECTION('',(-0.,1.,0.));
#22479 = DIRECTION('',(0.,0.,1.));
#22480 = ADVANCED_FACE('',(#22481),#22487,.F.);
#22481 = FACE_BOUND('',#22482,.F.);
#22482 = EDGE_LOOP('',(#22483,#22484,#22485,#22486));
#22483 = ORIENTED_EDGE('',*,*,#22370,.F.);
#22484 = ORIENTED_EDGE('',*,*,#22440,.T.);
#22485 = ORIENTED_EDGE('',*,*,#22410,.T.);
#22486 = ORIENTED_EDGE('',*,*,#22462,.F.);
#22487 = PLANE('',#22488);
#22488 = AXIS2_PLACEMENT_3D('',#22489,#22490,#22491);
#22489 = CARTESIAN_POINT('',(741.,311.,34.));
#22490 = DIRECTION('',(0.,0.,1.));
#22491 = DIRECTION('',(1.,0.,-0.));
#22492 = ADVANCED_FACE('',(#22493),#22499,.T.);
#22493 = FACE_BOUND('',#22494,.T.);
#22494 = EDGE_LOOP('',(#22495,#22496,#22497,#22498));
#22495 = ORIENTED_EDGE('',*,*,#22386,.F.);
#22496 = ORIENTED_EDGE('',*,*,#22447,.T.);
#22497 = ORIENTED_EDGE('',*,*,#22426,.T.);
#22498 = ORIENTED_EDGE('',*,*,#22469,.F.);
#22499 = PLANE('',#22500);
#22500 = AXIS2_PLACEMENT_3D('',#22501,#22502,#22503);
#22501 = CARTESIAN_POINT('',(741.,311.,84.));
#22502 = DIRECTION('',(0.,0.,1.));
#22503 = DIRECTION('',(1.,0.,-0.));
#22504 = ( GEOMETRIC_REPRESENTATION_CONTEXT(3) 
GLOBAL_UNCERTAINTY_ASSIGNED_CONTEXT((#22508)) 
GLOBAL_UNIT_ASSIGNED_CONTEXT((#22505,#22506,#22507)) 
REPRESENTATION_CONTEXT('Context #1',
  '3D Context with UNIT and UNCERTAINTY') );
#22505 = ( LENGTH_UNIT() NAMED_UNIT(*) SI_UNIT(.MILLI.,.METRE.) );
#22506 = ( NAMED_UNIT(*) PLANE_ANGLE_UNIT() SI_UNIT($,.RADIAN.) );
#22507 = ( NAMED_UNIT(*) SI_UNIT($,.STERADIAN.) SOLID_ANGLE_UNIT() );
#22508 = UNCERTAINTY_MEASURE_WITH_UNIT(LENGTH_MEASURE(1.E-07),#22505,
  'distance_accuracy_value','confusion accuracy');
#22509 = CONTEXT_DEPENDENT_SHAPE_REPRESENTATION(#22510,#22512);
#22510 = ( REPRESENTATION_RELATIONSHIP('','',#21903,#10) 
REPRESENTATION_RELATIONSHIP_WITH_TRANSFORMATION(#22511) 
SHAPE_REPRESENTATION_RELATIONSHIP() );
#22511 = ITEM_DEFINED_TRANSFORMATION('','',#11,#167);
#22512 = PRODUCT_DEFINITION_SHAPE('Placement','Placement of an item',
  #22513);
#22513 = NEXT_ASSEMBLY_USAGE_OCCURRENCE('61','REF latches','',#5,#21898,
  $);
#22514 = PRODUCT_RELATED_PRODUCT_CATEGORY('part',$,(#21900));
ENDSEC;
END-ISO-10303-21;
