ISO-10303-21;
HEADER;
FILE_DESCRIPTION(('FreeCAD Model'),'2;1');
FILE_NAME('Open CASCADE Shape Model','2026-10-08T21:36:16',(''),(''),
  'Open CASCADE STEP processor 7.8','FreeCAD','Unknown');
FILE_SCHEMA(('AUTOMOTIVE_DESIGN { 1 0 10303 214 1 1 1 1 }'));
ENDSEC;
DATA;
#1 = APPLICATION_PROTOCOL_DEFINITION('international standard',
  'automotive_design',2000,#2);
#2 = APPLICATION_CONTEXT(
  'core data for automotive mechanical design processes');
#3 = SHAPE_DEFINITION_REPRESENTATION(#4,#10);
#4 = PRODUCT_DEFINITION_SHAPE('','',#5);
#5 = PRODUCT_DEFINITION('design','',#6,#9);
#6 = PRODUCT_DEFINITION_FORMATION('','',#7);
#7 = PRODUCT('ARP3620_Woodcase','ARP3620_Woodcase','',(#8));
#8 = PRODUCT_CONTEXT('',#2,'mechanical');
#9 = PRODUCT_DEFINITION_CONTEXT('part definition',#2,'design');
#10 = SHAPE_REPRESENTATION('',(#11,#15,#19,#23,#27,#31,#35,#39,#43,#47,
    #51,#55,#59,#63,#67,#71,#75,#79,#83,#87,#91,#95,#99),#103);
#11 = AXIS2_PLACEMENT_3D('',#12,#13,#14);
#12 = CARTESIAN_POINT('',(0.,0.,0.));
#13 = DIRECTION('',(0.,0.,1.));
#14 = DIRECTION('',(1.,0.,-0.));
#15 = AXIS2_PLACEMENT_3D('',#16,#17,#18);
#16 = CARTESIAN_POINT('',(0.,0.,0.));
#17 = DIRECTION('',(0.,0.,1.));
#18 = DIRECTION('',(1.,0.,0.));
#19 = AXIS2_PLACEMENT_3D('',#20,#21,#22);
#20 = CARTESIAN_POINT('',(0.,0.,0.));
#21 = DIRECTION('',(0.,0.,1.));
#22 = DIRECTION('',(1.,0.,0.));
#23 = AXIS2_PLACEMENT_3D('',#24,#25,#26);
#24 = CARTESIAN_POINT('',(0.,0.,0.));
#25 = DIRECTION('',(0.,0.,1.));
#26 = DIRECTION('',(1.,0.,0.));
#27 = AXIS2_PLACEMENT_3D('',#28,#29,#30);
#28 = CARTESIAN_POINT('',(0.,0.,0.));
#29 = DIRECTION('',(0.,0.,1.));
#30 = DIRECTION('',(1.,0.,0.));
#31 = AXIS2_PLACEMENT_3D('',#32,#33,#34);
#32 = CARTESIAN_POINT('',(0.,0.,0.));
#33 = DIRECTION('',(0.,0.,1.));
#34 = DIRECTION('',(1.,0.,0.));
#35 = AXIS2_PLACEMENT_3D('',#36,#37,#38);
#36 = CARTESIAN_POINT('',(0.,0.,0.));
#37 = DIRECTION('',(0.,0.,1.));
#38 = DIRECTION('',(1.,0.,0.));
#39 = AXIS2_PLACEMENT_3D('',#40,#41,#42);
#40 = CARTESIAN_POINT('',(0.,0.,0.));
#41 = DIRECTION('',(0.,0.,1.));
#42 = DIRECTION('',(1.,0.,0.));
#43 = AXIS2_PLACEMENT_3D('',#44,#45,#46);
#44 = CARTESIAN_POINT('',(0.,0.,0.));
#45 = DIRECTION('',(0.,0.,1.));
#46 = DIRECTION('',(1.,0.,0.));
#47 = AXIS2_PLACEMENT_3D('',#48,#49,#50);
#48 = CARTESIAN_POINT('',(0.,0.,0.));
#49 = DIRECTION('',(0.,0.,1.));
#50 = DIRECTION('',(1.,0.,0.));
#51 = AXIS2_PLACEMENT_3D('',#52,#53,#54);
#52 = CARTESIAN_POINT('',(0.,0.,0.));
#53 = DIRECTION('',(0.,0.,1.));
#54 = DIRECTION('',(1.,0.,0.));
#55 = AXIS2_PLACEMENT_3D('',#56,#57,#58);
#56 = CARTESIAN_POINT('',(0.,0.,0.));
#57 = DIRECTION('',(0.,0.,1.));
#58 = DIRECTION('',(1.,0.,0.));
#59 = AXIS2_PLACEMENT_3D('',#60,#61,#62);
#60 = CARTESIAN_POINT('',(0.,0.,0.));
#61 = DIRECTION('',(0.,0.,1.));
#62 = DIRECTION('',(1.,0.,0.));
#63 = AXIS2_PLACEMENT_3D('',#64,#65,#66);
#64 = CARTESIAN_POINT('',(0.,0.,0.));
#65 = DIRECTION('',(0.,0.,1.));
#66 = DIRECTION('',(1.,0.,0.));
#67 = AXIS2_PLACEMENT_3D('',#68,#69,#70);
#68 = CARTESIAN_POINT('',(0.,0.,0.));
#69 = DIRECTION('',(0.,0.,1.));
#70 = DIRECTION('',(1.,0.,0.));
#71 = AXIS2_PLACEMENT_3D('',#72,#73,#74);
#72 = CARTESIAN_POINT('',(0.,0.,0.));
#73 = DIRECTION('',(0.,0.,1.));
#74 = DIRECTION('',(1.,0.,0.));
#75 = AXIS2_PLACEMENT_3D('',#76,#77,#78);
#76 = CARTESIAN_POINT('',(0.,0.,0.));
#77 = DIRECTION('',(0.,0.,1.));
#78 = DIRECTION('',(1.,0.,0.));
#79 = AXIS2_PLACEMENT_3D('',#80,#81,#82);
#80 = CARTESIAN_POINT('',(0.,0.,0.));
#81 = DIRECTION('',(0.,0.,1.));
#82 = DIRECTION('',(1.,0.,0.));
#83 = AXIS2_PLACEMENT_3D('',#84,#85,#86);
#84 = CARTESIAN_POINT('',(0.,0.,0.));
#85 = DIRECTION('',(0.,0.,1.));
#86 = DIRECTION('',(1.,0.,0.));
#87 = AXIS2_PLACEMENT_3D('',#88,#89,#90);
#88 = CARTESIAN_POINT('',(0.,0.,0.));
#89 = DIRECTION('',(0.,0.,1.));
#90 = DIRECTION('',(1.,0.,0.));
#91 = AXIS2_PLACEMENT_3D('',#92,#93,#94);
#92 = CARTESIAN_POINT('',(0.,0.,0.));
#93 = DIRECTION('',(0.,0.,1.));
#94 = DIRECTION('',(1.,0.,0.));
#95 = AXIS2_PLACEMENT_3D('',#96,#97,#98);
#96 = CARTESIAN_POINT('',(0.,0.,0.));
#97 = DIRECTION('',(0.,0.,1.));
#98 = DIRECTION('',(1.,0.,0.));
#99 = AXIS2_PLACEMENT_3D('',#100,#101,#102);
#100 = CARTESIAN_POINT('',(0.,0.,0.));
#101 = DIRECTION('',(0.,0.,1.));
#102 = DIRECTION('',(1.,0.,0.));
#103 = ( GEOMETRIC_REPRESENTATION_CONTEXT(3) 
GLOBAL_UNCERTAINTY_ASSIGNED_CONTEXT((#107)) GLOBAL_UNIT_ASSIGNED_CONTEXT
((#104,#105,#106)) REPRESENTATION_CONTEXT('Context #1',
  '3D Context with UNIT and UNCERTAINTY') );
#104 = ( LENGTH_UNIT() NAMED_UNIT(*) SI_UNIT(.MILLI.,.METRE.) );
#105 = ( NAMED_UNIT(*) PLANE_ANGLE_UNIT() SI_UNIT($,.RADIAN.) );
#106 = ( NAMED_UNIT(*) SI_UNIT($,.STERADIAN.) SOLID_ANGLE_UNIT() );
#107 = UNCERTAINTY_MEASURE_WITH_UNIT(LENGTH_MEASURE(1.E-07),#104,
  'distance_accuracy_value','confusion accuracy');
#108 = PRODUCT_RELATED_PRODUCT_CATEGORY('part',$,(#7));
#109 = SHAPE_DEFINITION_REPRESENTATION(#110,#116);
#110 = PRODUCT_DEFINITION_SHAPE('','',#111);
#111 = PRODUCT_DEFINITION('design','',#112,#115);
#112 = PRODUCT_DEFINITION_FORMATION('','',#113);
#113 = PRODUCT('Base','Base','',(#114));
#114 = PRODUCT_CONTEXT('',#2,'mechanical');
#115 = PRODUCT_DEFINITION_CONTEXT('part definition',#2,'design');
#116 = ADVANCED_BREP_SHAPE_REPRESENTATION('',(#11,#117),#3531);
#117 = MANIFOLD_SOLID_BREP('',#118);
#118 = CLOSED_SHELL('',(#119,#159,#190,#221,#799,#1377,#1389,#1414,#1439
    ,#1464,#1489,#1514,#1539,#1564,#1589,#1614,#1639,#1664,#1689,#1714,
    #1739,#1764,#1789,#1814,#1839,#1864,#1889,#1914,#1939,#1964,#1989,
    #2014,#2039,#2064,#2089,#2114,#2139,#2164,#2189,#2214,#2239,#2264,
    #2289,#2314,#2339,#2364,#2389,#2414,#2439,#2464,#2489,#2514,#2539,
    #2564,#2589,#2614,#2639,#2664,#2681,#2698,#2715,#2732,#2749,#2766,
    #2783,#2800,#2817,#2834,#2851,#2868,#2885,#2902,#2919,#2936,#2953,
    #2970,#2987,#3004,#3021,#3038,#3055,#3072,#3089,#3106,#3123,#3140,
    #3157,#3174,#3191,#3208,#3225,#3242,#3259,#3276,#3293,#3310,#3327,
    #3344,#3361,#3378,#3395,#3412,#3429,#3446,#3463,#3480,#3497,#3514));
#119 = ADVANCED_FACE('',(#120),#154,.F.);
#120 = FACE_BOUND('',#121,.F.);
#121 = EDGE_LOOP('',(#122,#132,#140,#148));
#122 = ORIENTED_EDGE('',*,*,#123,.T.);
#123 = EDGE_CURVE('',#124,#126,#128,.T.);
#124 = VERTEX_POINT('',#125);
#125 = CARTESIAN_POINT('',(0.,0.,0.));
#126 = VERTEX_POINT('',#127);
#127 = CARTESIAN_POINT('',(0.,0.,9.));
#128 = LINE('',#129,#130);
#129 = CARTESIAN_POINT('',(0.,0.,0.));
#130 = VECTOR('',#131,1.);
#131 = DIRECTION('',(0.,0.,1.));
#132 = ORIENTED_EDGE('',*,*,#133,.T.);
#133 = EDGE_CURVE('',#126,#134,#136,.T.);
#134 = VERTEX_POINT('',#135);
#135 = CARTESIAN_POINT('',(911.,0.,9.));
#136 = LINE('',#137,#138);
#137 = CARTESIAN_POINT('',(0.,0.,9.));
#138 = VECTOR('',#139,1.);
#139 = DIRECTION('',(1.,0.,0.));
#140 = ORIENTED_EDGE('',*,*,#141,.F.);
#141 = EDGE_CURVE('',#142,#134,#144,.T.);
#142 = VERTEX_POINT('',#143);
#143 = CARTESIAN_POINT('',(911.,0.,0.));
#144 = LINE('',#145,#146);
#145 = CARTESIAN_POINT('',(911.,0.,0.));
#146 = VECTOR('',#147,1.);
#147 = DIRECTION('',(0.,0.,1.));
#148 = ORIENTED_EDGE('',*,*,#149,.F.);
#149 = EDGE_CURVE('',#124,#142,#150,.T.);
#150 = LINE('',#151,#152);
#151 = CARTESIAN_POINT('',(0.,0.,0.));
#152 = VECTOR('',#153,1.);
#153 = DIRECTION('',(1.,0.,0.));
#154 = PLANE('',#155);
#155 = AXIS2_PLACEMENT_3D('',#156,#157,#158);
#156 = CARTESIAN_POINT('',(0.,0.,0.));
#157 = DIRECTION('',(0.,1.,0.));
#158 = DIRECTION('',(1.,0.,0.));
#159 = ADVANCED_FACE('',(#160),#185,.F.);
#160 = FACE_BOUND('',#161,.F.);
#161 = EDGE_LOOP('',(#162,#172,#178,#179));
#162 = ORIENTED_EDGE('',*,*,#163,.T.);
#163 = EDGE_CURVE('',#164,#166,#168,.T.);
#164 = VERTEX_POINT('',#165);
#165 = CARTESIAN_POINT('',(0.,310.,0.));
#166 = VERTEX_POINT('',#167);
#167 = CARTESIAN_POINT('',(0.,310.,9.));
#168 = LINE('',#169,#170);
#169 = CARTESIAN_POINT('',(0.,310.,0.));
#170 = VECTOR('',#171,1.);
#171 = DIRECTION('',(0.,0.,1.));
#172 = ORIENTED_EDGE('',*,*,#173,.T.);
#173 = EDGE_CURVE('',#166,#126,#174,.T.);
#174 = LINE('',#175,#176);
#175 = CARTESIAN_POINT('',(0.,310.,9.));
#176 = VECTOR('',#177,1.);
#177 = DIRECTION('',(0.,-1.,0.));
#178 = ORIENTED_EDGE('',*,*,#123,.F.);
#179 = ORIENTED_EDGE('',*,*,#180,.F.);
#180 = EDGE_CURVE('',#164,#124,#181,.T.);
#181 = LINE('',#182,#183);
#182 = CARTESIAN_POINT('',(0.,310.,0.));
#183 = VECTOR('',#184,1.);
#184 = DIRECTION('',(0.,-1.,0.));
#185 = PLANE('',#186);
#186 = AXIS2_PLACEMENT_3D('',#187,#188,#189);
#187 = CARTESIAN_POINT('',(0.,310.,0.));
#188 = DIRECTION('',(1.,0.,-0.));
#189 = DIRECTION('',(0.,-1.,0.));
#190 = ADVANCED_FACE('',(#191),#216,.F.);
#191 = FACE_BOUND('',#192,.F.);
#192 = EDGE_LOOP('',(#193,#194,#202,#210));
#193 = ORIENTED_EDGE('',*,*,#141,.T.);
#194 = ORIENTED_EDGE('',*,*,#195,.T.);
#195 = EDGE_CURVE('',#134,#196,#198,.T.);
#196 = VERTEX_POINT('',#197);
#197 = CARTESIAN_POINT('',(911.,310.,9.));
#198 = LINE('',#199,#200);
#199 = CARTESIAN_POINT('',(911.,0.,9.));
#200 = VECTOR('',#201,1.);
#201 = DIRECTION('',(0.,1.,0.));
#202 = ORIENTED_EDGE('',*,*,#203,.F.);
#203 = EDGE_CURVE('',#204,#196,#206,.T.);
#204 = VERTEX_POINT('',#205);
#205 = CARTESIAN_POINT('',(911.,310.,0.));
#206 = LINE('',#207,#208);
#207 = CARTESIAN_POINT('',(911.,310.,0.));
#208 = VECTOR('',#209,1.);
#209 = DIRECTION('',(0.,0.,1.));
#210 = ORIENTED_EDGE('',*,*,#211,.F.);
#211 = EDGE_CURVE('',#142,#204,#212,.T.);
#212 = LINE('',#213,#214);
#213 = CARTESIAN_POINT('',(911.,0.,0.));
#214 = VECTOR('',#215,1.);
#215 = DIRECTION('',(0.,1.,0.));
#216 = PLANE('',#217);
#217 = AXIS2_PLACEMENT_3D('',#218,#219,#220);
#218 = CARTESIAN_POINT('',(911.,0.,0.));
#219 = DIRECTION('',(-1.,0.,0.));
#220 = DIRECTION('',(0.,1.,0.));
#221 = ADVANCED_FACE('',(#222,#233,#244,#255,#266,#277,#288,#299,#310,
    #321,#332,#343,#354,#365,#376,#387,#398,#409,#420,#431,#442,#453,
    #464,#475,#486,#497,#508,#519,#530,#541,#552,#563,#574,#585,#596,
    #607,#618,#629,#640,#651,#662,#673,#684,#695,#706,#717,#728,#739,
    #750,#761,#772,#783),#794,.F.);
#222 = FACE_BOUND('',#223,.F.);
#223 = EDGE_LOOP('',(#224,#225,#226,#232));
#224 = ORIENTED_EDGE('',*,*,#149,.T.);
#225 = ORIENTED_EDGE('',*,*,#211,.T.);
#226 = ORIENTED_EDGE('',*,*,#227,.T.);
#227 = EDGE_CURVE('',#204,#164,#228,.T.);
#228 = LINE('',#229,#230);
#229 = CARTESIAN_POINT('',(911.,310.,0.));
#230 = VECTOR('',#231,1.);
#231 = DIRECTION('',(-1.,0.,0.));
#232 = ORIENTED_EDGE('',*,*,#180,.T.);
#233 = FACE_BOUND('',#234,.F.);
#234 = EDGE_LOOP('',(#235));
#235 = ORIENTED_EDGE('',*,*,#236,.F.);
#236 = EDGE_CURVE('',#237,#237,#239,.T.);
#237 = VERTEX_POINT('',#238);
#238 = CARTESIAN_POINT('',(29.,6.,-1.014653635757E-17));
#239 = CIRCLE('',#240,4.);
#240 = AXIS2_PLACEMENT_3D('',#241,#242,#243);
#241 = CARTESIAN_POINT('',(25.,6.,0.));
#242 = DIRECTION('',(0.,0.,1.));
#243 = DIRECTION('',(1.,0.,-0.));
#244 = FACE_BOUND('',#245,.F.);
#245 = EDGE_LOOP('',(#246));
#246 = ORIENTED_EDGE('',*,*,#247,.F.);
#247 = EDGE_CURVE('',#248,#248,#250,.T.);
#248 = VERTEX_POINT('',#249);
#249 = CARTESIAN_POINT('',(29.75,26.5,-1.014653635757E-17));
#250 = CIRCLE('',#251,3.25);
#251 = AXIS2_PLACEMENT_3D('',#252,#253,#254);
#252 = CARTESIAN_POINT('',(26.5,26.5,0.));
#253 = DIRECTION('',(0.,0.,1.));
#254 = DIRECTION('',(1.,0.,-0.));
#255 = FACE_BOUND('',#256,.F.);
#256 = EDGE_LOOP('',(#257));
#257 = ORIENTED_EDGE('',*,*,#258,.F.);
#258 = EDGE_CURVE('',#259,#259,#261,.T.);
#259 = VERTEX_POINT('',#260);
#260 = CARTESIAN_POINT('',(10.,37.,-1.014653635757E-17));
#261 = CIRCLE('',#262,4.);
#262 = AXIS2_PLACEMENT_3D('',#263,#264,#265);
#263 = CARTESIAN_POINT('',(6.,37.,0.));
#264 = DIRECTION('',(0.,0.,1.));
#265 = DIRECTION('',(1.,0.,-0.));
#266 = FACE_BOUND('',#267,.F.);
#267 = EDGE_LOOP('',(#268));
#268 = ORIENTED_EDGE('',*,*,#269,.F.);
#269 = EDGE_CURVE('',#270,#270,#272,.T.);
#270 = VERTEX_POINT('',#271);
#271 = CARTESIAN_POINT('',(172.5,6.,-1.014653635757E-17));
#272 = CIRCLE('',#273,4.);
#273 = AXIS2_PLACEMENT_3D('',#274,#275,#276);
#274 = CARTESIAN_POINT('',(168.5,6.,0.));
#275 = DIRECTION('',(0.,0.,1.));
#276 = DIRECTION('',(1.,0.,-0.));
#277 = FACE_BOUND('',#278,.F.);
#278 = EDGE_LOOP('',(#279));
#279 = ORIENTED_EDGE('',*,*,#280,.F.);
#280 = EDGE_CURVE('',#281,#281,#283,.T.);
#281 = VERTEX_POINT('',#282);
#282 = CARTESIAN_POINT('',(174.75,26.5,-1.014653635757E-17));
#283 = CIRCLE('',#284,3.25);
#284 = AXIS2_PLACEMENT_3D('',#285,#286,#287);
#285 = CARTESIAN_POINT('',(171.5,26.5,0.));
#286 = DIRECTION('',(0.,0.,1.));
#287 = DIRECTION('',(1.,0.,-0.));
#288 = FACE_BOUND('',#289,.F.);
#289 = EDGE_LOOP('',(#290));
#290 = ORIENTED_EDGE('',*,*,#291,.F.);
#291 = EDGE_CURVE('',#292,#292,#294,.T.);
#292 = VERTEX_POINT('',#293);
#293 = CARTESIAN_POINT('',(196.,37.,-1.014653635757E-17));
#294 = CIRCLE('',#295,4.);
#295 = AXIS2_PLACEMENT_3D('',#296,#297,#298);
#296 = CARTESIAN_POINT('',(192.,37.,0.));
#297 = DIRECTION('',(0.,0.,1.));
#298 = DIRECTION('',(1.,0.,-0.));
#299 = FACE_BOUND('',#300,.F.);
#300 = EDGE_LOOP('',(#301));
#301 = ORIENTED_EDGE('',*,*,#302,.F.);
#302 = EDGE_CURVE('',#303,#303,#305,.T.);
#303 = VERTEX_POINT('',#304);
#304 = CARTESIAN_POINT('',(316.,6.,-1.014653635757E-17));
#305 = CIRCLE('',#306,4.);
#306 = AXIS2_PLACEMENT_3D('',#307,#308,#309);
#307 = CARTESIAN_POINT('',(312.,6.,0.));
#308 = DIRECTION('',(0.,0.,1.));
#309 = DIRECTION('',(1.,0.,-0.));
#310 = FACE_BOUND('',#311,.F.);
#311 = EDGE_LOOP('',(#312));
#312 = ORIENTED_EDGE('',*,*,#313,.F.);
#313 = EDGE_CURVE('',#314,#314,#316,.T.);
#314 = VERTEX_POINT('',#315);
#315 = CARTESIAN_POINT('',(226.65,86.5,-1.014653635757E-17));
#316 = CIRCLE('',#317,5.);
#317 = AXIS2_PLACEMENT_3D('',#318,#319,#320);
#318 = CARTESIAN_POINT('',(221.65,86.5,0.));
#319 = DIRECTION('',(0.,0.,1.));
#320 = DIRECTION('',(1.,0.,-0.));
#321 = FACE_BOUND('',#322,.F.);
#322 = EDGE_LOOP('',(#323));
#323 = ORIENTED_EDGE('',*,*,#324,.F.);
#324 = EDGE_CURVE('',#325,#325,#327,.T.);
#325 = VERTEX_POINT('',#326);
#326 = CARTESIAN_POINT('',(363.72,86.5,-1.014653635757E-17));
#327 = CIRCLE('',#328,5.);
#328 = AXIS2_PLACEMENT_3D('',#329,#330,#331);
#329 = CARTESIAN_POINT('',(358.72,86.5,0.));
#330 = DIRECTION('',(0.,0.,1.));
#331 = DIRECTION('',(1.,0.,-0.));
#332 = FACE_BOUND('',#333,.F.);
#333 = EDGE_LOOP('',(#334));
#334 = ORIENTED_EDGE('',*,*,#335,.F.);
#335 = EDGE_CURVE('',#336,#336,#338,.T.);
#336 = VERTEX_POINT('',#337);
#337 = CARTESIAN_POINT('',(394.,86.5,-1.014653635757E-17));
#338 = CIRCLE('',#339,4.);
#339 = AXIS2_PLACEMENT_3D('',#340,#341,#342);
#340 = CARTESIAN_POINT('',(390.,86.5,0.));
#341 = DIRECTION('',(0.,0.,1.));
#342 = DIRECTION('',(1.,0.,-0.));
#343 = FACE_BOUND('',#344,.F.);
#344 = EDGE_LOOP('',(#345));
#345 = ORIENTED_EDGE('',*,*,#346,.F.);
#346 = EDGE_CURVE('',#347,#347,#349,.T.);
#347 = VERTEX_POINT('',#348);
#348 = CARTESIAN_POINT('',(459.5,6.,-1.014653635757E-17));
#349 = CIRCLE('',#350,4.);
#350 = AXIS2_PLACEMENT_3D('',#351,#352,#353);
#351 = CARTESIAN_POINT('',(455.5,6.,0.));
#352 = DIRECTION('',(0.,0.,1.));
#353 = DIRECTION('',(1.,0.,-0.));
#354 = FACE_BOUND('',#355,.F.);
#355 = EDGE_LOOP('',(#356));
#356 = ORIENTED_EDGE('',*,*,#357,.F.);
#357 = EDGE_CURVE('',#358,#358,#360,.T.);
#358 = VERTEX_POINT('',#359);
#359 = CARTESIAN_POINT('',(603.,6.,-1.014653635757E-17));
#360 = CIRCLE('',#361,4.);
#361 = AXIS2_PLACEMENT_3D('',#362,#363,#364);
#362 = CARTESIAN_POINT('',(599.,6.,0.));
#363 = DIRECTION('',(0.,0.,1.));
#364 = DIRECTION('',(1.,0.,-0.));
#365 = FACE_BOUND('',#366,.F.);
#366 = EDGE_LOOP('',(#367));
#367 = ORIENTED_EDGE('',*,*,#368,.F.);
#368 = EDGE_CURVE('',#369,#369,#371,.T.);
#369 = VERTEX_POINT('',#370);
#370 = CARTESIAN_POINT('',(746.5,6.,-1.014653635757E-17));
#371 = CIRCLE('',#372,4.);
#372 = AXIS2_PLACEMENT_3D('',#373,#374,#375);
#373 = CARTESIAN_POINT('',(742.5,6.,0.));
#374 = DIRECTION('',(0.,0.,1.));
#375 = DIRECTION('',(1.,0.,-0.));
#376 = FACE_BOUND('',#377,.F.);
#377 = EDGE_LOOP('',(#378));
#378 = ORIENTED_EDGE('',*,*,#379,.F.);
#379 = EDGE_CURVE('',#380,#380,#382,.T.);
#380 = VERTEX_POINT('',#381);
#381 = CARTESIAN_POINT('',(890.,6.,-1.014653635757E-17));
#382 = CIRCLE('',#383,4.);
#383 = AXIS2_PLACEMENT_3D('',#384,#385,#386);
#384 = CARTESIAN_POINT('',(886.,6.,0.));
#385 = DIRECTION('',(0.,0.,1.));
#386 = DIRECTION('',(1.,0.,-0.));
#387 = FACE_BOUND('',#388,.F.);
#388 = EDGE_LOOP('',(#389));
#389 = ORIENTED_EDGE('',*,*,#390,.F.);
#390 = EDGE_CURVE('',#391,#391,#393,.T.);
#391 = VERTEX_POINT('',#392);
#392 = CARTESIAN_POINT('',(897.,37.,-1.014653635757E-17));
#393 = CIRCLE('',#394,4.);
#394 = AXIS2_PLACEMENT_3D('',#395,#396,#397);
#395 = CARTESIAN_POINT('',(893.,37.,0.));
#396 = DIRECTION('',(0.,0.,1.));
#397 = DIRECTION('',(1.,0.,-0.));
#398 = FACE_BOUND('',#399,.F.);
#399 = EDGE_LOOP('',(#400));
#400 = ORIENTED_EDGE('',*,*,#401,.F.);
#401 = EDGE_CURVE('',#402,#402,#404,.T.);
#402 = VERTEX_POINT('',#403);
#403 = CARTESIAN_POINT('',(909.,37.,-1.014653635757E-17));
#404 = CIRCLE('',#405,4.);
#405 = AXIS2_PLACEMENT_3D('',#406,#407,#408);
#406 = CARTESIAN_POINT('',(905.,37.,0.));
#407 = DIRECTION('',(0.,0.,1.));
#408 = DIRECTION('',(1.,0.,-0.));
#409 = FACE_BOUND('',#410,.F.);
#410 = EDGE_LOOP('',(#411));
#411 = ORIENTED_EDGE('',*,*,#412,.F.);
#412 = EDGE_CURVE('',#413,#413,#415,.T.);
#413 = VERTEX_POINT('',#414);
#414 = CARTESIAN_POINT('',(528.61,86.5,-1.014653635757E-17));
#415 = CIRCLE('',#416,5.);
#416 = AXIS2_PLACEMENT_3D('',#417,#418,#419);
#417 = CARTESIAN_POINT('',(523.61,86.5,0.));
#418 = DIRECTION('',(0.,0.,1.));
#419 = DIRECTION('',(1.,0.,-0.));
#420 = FACE_BOUND('',#421,.F.);
#421 = EDGE_LOOP('',(#422));
#422 = ORIENTED_EDGE('',*,*,#423,.F.);
#423 = EDGE_CURVE('',#424,#424,#426,.T.);
#424 = VERTEX_POINT('',#425);
#425 = CARTESIAN_POINT('',(708.2,86.5,-1.014653635757E-17));
#426 = CIRCLE('',#427,5.);
#427 = AXIS2_PLACEMENT_3D('',#428,#429,#430);
#428 = CARTESIAN_POINT('',(703.2,86.5,0.));
#429 = DIRECTION('',(0.,0.,1.));
#430 = DIRECTION('',(1.,0.,-0.));
#431 = FACE_BOUND('',#432,.F.);
#432 = EDGE_LOOP('',(#433));
#433 = ORIENTED_EDGE('',*,*,#434,.F.);
#434 = EDGE_CURVE('',#435,#435,#437,.T.);
#435 = VERTEX_POINT('',#436);
#436 = CARTESIAN_POINT('',(873.4,86.5,-1.014653635757E-17));
#437 = CIRCLE('',#438,5.);
#438 = AXIS2_PLACEMENT_3D('',#439,#440,#441);
#439 = CARTESIAN_POINT('',(868.4,86.5,0.));
#440 = DIRECTION('',(0.,0.,1.));
#441 = DIRECTION('',(1.,0.,-0.));
#442 = FACE_BOUND('',#443,.F.);
#443 = EDGE_LOOP('',(#444));
#444 = ORIENTED_EDGE('',*,*,#445,.F.);
#445 = EDGE_CURVE('',#446,#446,#448,.T.);
#446 = VERTEX_POINT('',#447);
#447 = CARTESIAN_POINT('',(10.,155.,-1.014653635757E-17));
#448 = CIRCLE('',#449,4.);
#449 = AXIS2_PLACEMENT_3D('',#450,#451,#452);
#450 = CARTESIAN_POINT('',(6.,155.,0.));
#451 = DIRECTION('',(0.,0.,1.));
#452 = DIRECTION('',(1.,0.,-0.));
#453 = FACE_BOUND('',#454,.F.);
#454 = EDGE_LOOP('',(#455));
#455 = ORIENTED_EDGE('',*,*,#456,.F.);
#456 = EDGE_CURVE('',#457,#457,#459,.T.);
#457 = VERTEX_POINT('',#458);
#458 = CARTESIAN_POINT('',(196.,155.,-1.014653635757E-17));
#459 = CIRCLE('',#460,4.);
#460 = AXIS2_PLACEMENT_3D('',#461,#462,#463);
#461 = CARTESIAN_POINT('',(192.,155.,0.));
#462 = DIRECTION('',(0.,0.,1.));
#463 = DIRECTION('',(1.,0.,-0.));
#464 = FACE_BOUND('',#465,.F.);
#465 = EDGE_LOOP('',(#466));
#466 = ORIENTED_EDGE('',*,*,#467,.F.);
#467 = EDGE_CURVE('',#468,#468,#470,.T.);
#468 = VERTEX_POINT('',#469);
#469 = CARTESIAN_POINT('',(226.65,162.,-1.014653635757E-17));
#470 = CIRCLE('',#471,5.);
#471 = AXIS2_PLACEMENT_3D('',#472,#473,#474);
#472 = CARTESIAN_POINT('',(221.65,162.,0.));
#473 = DIRECTION('',(0.,0.,1.));
#474 = DIRECTION('',(1.,0.,-0.));
#475 = FACE_BOUND('',#476,.F.);
#476 = EDGE_LOOP('',(#477));
#477 = ORIENTED_EDGE('',*,*,#478,.F.);
#478 = EDGE_CURVE('',#479,#479,#481,.T.);
#479 = VERTEX_POINT('',#480);
#480 = CARTESIAN_POINT('',(214.25,183.,-1.014653635757E-17));
#481 = CIRCLE('',#482,3.25);
#482 = AXIS2_PLACEMENT_3D('',#483,#484,#485);
#483 = CARTESIAN_POINT('',(211.,183.,0.));
#484 = DIRECTION('',(0.,0.,1.));
#485 = DIRECTION('',(1.,0.,-0.));
#486 = FACE_BOUND('',#487,.F.);
#487 = EDGE_LOOP('',(#488));
#488 = ORIENTED_EDGE('',*,*,#489,.F.);
#489 = EDGE_CURVE('',#490,#490,#492,.T.);
#490 = VERTEX_POINT('',#491);
#491 = CARTESIAN_POINT('',(308.85,183.,-1.014653635757E-17));
#492 = CIRCLE('',#493,3.25);
#493 = AXIS2_PLACEMENT_3D('',#494,#495,#496);
#494 = CARTESIAN_POINT('',(305.6,183.,0.));
#495 = DIRECTION('',(0.,0.,1.));
#496 = DIRECTION('',(1.,0.,-0.));
#497 = FACE_BOUND('',#498,.F.);
#498 = EDGE_LOOP('',(#499));
#499 = ORIENTED_EDGE('',*,*,#500,.F.);
#500 = EDGE_CURVE('',#501,#501,#503,.T.);
#501 = VERTEX_POINT('',#502);
#502 = CARTESIAN_POINT('',(363.72,162.,-1.014653635757E-17));
#503 = CIRCLE('',#504,5.);
#504 = AXIS2_PLACEMENT_3D('',#505,#506,#507);
#505 = CARTESIAN_POINT('',(358.72,162.,0.));
#506 = DIRECTION('',(0.,0.,1.));
#507 = DIRECTION('',(1.,0.,-0.));
#508 = FACE_BOUND('',#509,.F.);
#509 = EDGE_LOOP('',(#510));
#510 = ORIENTED_EDGE('',*,*,#511,.F.);
#511 = EDGE_CURVE('',#512,#512,#514,.T.);
#512 = VERTEX_POINT('',#513);
#513 = CARTESIAN_POINT('',(394.,162.,-1.014653635757E-17));
#514 = CIRCLE('',#515,4.);
#515 = AXIS2_PLACEMENT_3D('',#516,#517,#518);
#516 = CARTESIAN_POINT('',(390.,162.,0.));
#517 = DIRECTION('',(0.,0.,1.));
#518 = DIRECTION('',(1.,0.,-0.));
#519 = FACE_BOUND('',#520,.F.);
#520 = EDGE_LOOP('',(#521));
#521 = ORIENTED_EDGE('',*,*,#522,.F.);
#522 = EDGE_CURVE('',#523,#523,#525,.T.);
#523 = VERTEX_POINT('',#524);
#524 = CARTESIAN_POINT('',(364.25,183.,-1.014653635757E-17));
#525 = CIRCLE('',#526,3.25);
#526 = AXIS2_PLACEMENT_3D('',#527,#528,#529);
#527 = CARTESIAN_POINT('',(361.,183.,0.));
#528 = DIRECTION('',(0.,0.,1.));
#529 = DIRECTION('',(1.,0.,-0.));
#530 = FACE_BOUND('',#531,.F.);
#531 = EDGE_LOOP('',(#532));
#532 = ORIENTED_EDGE('',*,*,#533,.F.);
#533 = EDGE_CURVE('',#534,#534,#536,.T.);
#534 = VERTEX_POINT('',#535);
#535 = CARTESIAN_POINT('',(383.06,198.81,-1.014653635757E-17));
#536 = CIRCLE('',#537,3.25);
#537 = AXIS2_PLACEMENT_3D('',#538,#539,#540);
#538 = CARTESIAN_POINT('',(379.81,198.81,0.));
#539 = DIRECTION('',(0.,0.,1.));
#540 = DIRECTION('',(1.,0.,-0.));
#541 = FACE_BOUND('',#542,.F.);
#542 = EDGE_LOOP('',(#543));
#543 = ORIENTED_EDGE('',*,*,#544,.F.);
#544 = EDGE_CURVE('',#545,#545,#547,.T.);
#545 = VERTEX_POINT('',#546);
#546 = CARTESIAN_POINT('',(29.75,231.5,-1.014653635757E-17));
#547 = CIRCLE('',#548,3.25);
#548 = AXIS2_PLACEMENT_3D('',#549,#550,#551);
#549 = CARTESIAN_POINT('',(26.5,231.5,0.));
#550 = DIRECTION('',(0.,0.,1.));
#551 = DIRECTION('',(1.,0.,-0.));
#552 = FACE_BOUND('',#553,.F.);
#553 = EDGE_LOOP('',(#554));
#554 = ORIENTED_EDGE('',*,*,#555,.F.);
#555 = EDGE_CURVE('',#556,#556,#558,.T.);
#556 = VERTEX_POINT('',#557);
#557 = CARTESIAN_POINT('',(174.75,231.5,-1.014653635757E-17));
#558 = CIRCLE('',#559,3.25);
#559 = AXIS2_PLACEMENT_3D('',#560,#561,#562);
#560 = CARTESIAN_POINT('',(171.5,231.5,0.));
#561 = DIRECTION('',(0.,0.,1.));
#562 = DIRECTION('',(1.,0.,-0.));
#563 = FACE_BOUND('',#564,.F.);
#564 = EDGE_LOOP('',(#565));
#565 = ORIENTED_EDGE('',*,*,#566,.F.);
#566 = EDGE_CURVE('',#567,#567,#569,.T.);
#567 = VERTEX_POINT('',#568);
#568 = CARTESIAN_POINT('',(10.,273.,-1.014653635757E-17));
#569 = CIRCLE('',#570,4.);
#570 = AXIS2_PLACEMENT_3D('',#571,#572,#573);
#571 = CARTESIAN_POINT('',(6.,273.,0.));
#572 = DIRECTION('',(0.,0.,1.));
#573 = DIRECTION('',(1.,0.,-0.));
#574 = FACE_BOUND('',#575,.F.);
#575 = EDGE_LOOP('',(#576));
#576 = ORIENTED_EDGE('',*,*,#577,.F.);
#577 = EDGE_CURVE('',#578,#578,#580,.T.);
#578 = VERTEX_POINT('',#579);
#579 = CARTESIAN_POINT('',(29.,304.,-1.014653635757E-17));
#580 = CIRCLE('',#581,4.);
#581 = AXIS2_PLACEMENT_3D('',#582,#583,#584);
#582 = CARTESIAN_POINT('',(25.,304.,0.));
#583 = DIRECTION('',(0.,0.,1.));
#584 = DIRECTION('',(1.,0.,-0.));
#585 = FACE_BOUND('',#586,.F.);
#586 = EDGE_LOOP('',(#587));
#587 = ORIENTED_EDGE('',*,*,#588,.F.);
#588 = EDGE_CURVE('',#589,#589,#591,.T.);
#589 = VERTEX_POINT('',#590);
#590 = CARTESIAN_POINT('',(214.25,283.,-1.014653635757E-17));
#591 = CIRCLE('',#592,3.25);
#592 = AXIS2_PLACEMENT_3D('',#593,#594,#595);
#593 = CARTESIAN_POINT('',(211.,283.,0.));
#594 = DIRECTION('',(0.,0.,1.));
#595 = DIRECTION('',(1.,0.,-0.));
#596 = FACE_BOUND('',#597,.F.);
#597 = EDGE_LOOP('',(#598));
#598 = ORIENTED_EDGE('',*,*,#599,.F.);
#599 = EDGE_CURVE('',#600,#600,#602,.T.);
#600 = VERTEX_POINT('',#601);
#601 = CARTESIAN_POINT('',(172.5,304.,-1.014653635757E-17));
#602 = CIRCLE('',#603,4.);
#603 = AXIS2_PLACEMENT_3D('',#604,#605,#606);
#604 = CARTESIAN_POINT('',(168.5,304.,0.));
#605 = DIRECTION('',(0.,0.,1.));
#606 = DIRECTION('',(1.,0.,-0.));
#607 = FACE_BOUND('',#608,.F.);
#608 = EDGE_LOOP('',(#609));
#609 = ORIENTED_EDGE('',*,*,#610,.F.);
#610 = EDGE_CURVE('',#611,#611,#613,.T.);
#611 = VERTEX_POINT('',#612);
#612 = CARTESIAN_POINT('',(308.85,283.,-1.014653635757E-17));
#613 = CIRCLE('',#614,3.25);
#614 = AXIS2_PLACEMENT_3D('',#615,#616,#617);
#615 = CARTESIAN_POINT('',(305.6,283.,0.));
#616 = DIRECTION('',(0.,0.,1.));
#617 = DIRECTION('',(1.,0.,-0.));
#618 = FACE_BOUND('',#619,.F.);
#619 = EDGE_LOOP('',(#620));
#620 = ORIENTED_EDGE('',*,*,#621,.F.);
#621 = EDGE_CURVE('',#622,#622,#624,.T.);
#622 = VERTEX_POINT('',#623);
#623 = CARTESIAN_POINT('',(316.,304.,-1.014653635757E-17));
#624 = CIRCLE('',#625,4.);
#625 = AXIS2_PLACEMENT_3D('',#626,#627,#628);
#626 = CARTESIAN_POINT('',(312.,304.,0.));
#627 = DIRECTION('',(0.,0.,1.));
#628 = DIRECTION('',(1.,0.,-0.));
#629 = FACE_BOUND('',#630,.F.);
#630 = EDGE_LOOP('',(#631));
#631 = ORIENTED_EDGE('',*,*,#632,.F.);
#632 = EDGE_CURVE('',#633,#633,#635,.T.);
#633 = VERTEX_POINT('',#634);
#634 = CARTESIAN_POINT('',(383.06,271.2,-1.014653635757E-17));
#635 = CIRCLE('',#636,3.25);
#636 = AXIS2_PLACEMENT_3D('',#637,#638,#639);
#637 = CARTESIAN_POINT('',(379.81,271.2,0.));
#638 = DIRECTION('',(0.,0.,1.));
#639 = DIRECTION('',(1.,0.,-0.));
#640 = FACE_BOUND('',#641,.F.);
#641 = EDGE_LOOP('',(#642));
#642 = ORIENTED_EDGE('',*,*,#643,.F.);
#643 = EDGE_CURVE('',#644,#644,#646,.T.);
#644 = VERTEX_POINT('',#645);
#645 = CARTESIAN_POINT('',(364.25,283.,-1.014653635757E-17));
#646 = CIRCLE('',#647,3.25);
#647 = AXIS2_PLACEMENT_3D('',#648,#649,#650);
#648 = CARTESIAN_POINT('',(361.,283.,0.));
#649 = DIRECTION('',(0.,0.,1.));
#650 = DIRECTION('',(1.,0.,-0.));
#651 = FACE_BOUND('',#652,.F.);
#652 = EDGE_LOOP('',(#653));
#653 = ORIENTED_EDGE('',*,*,#654,.F.);
#654 = EDGE_CURVE('',#655,#655,#657,.T.);
#655 = VERTEX_POINT('',#656);
#656 = CARTESIAN_POINT('',(528.61,162.,-1.014653635757E-17));
#657 = CIRCLE('',#658,5.);
#658 = AXIS2_PLACEMENT_3D('',#659,#660,#661);
#659 = CARTESIAN_POINT('',(523.61,162.,0.));
#660 = DIRECTION('',(0.,0.,1.));
#661 = DIRECTION('',(1.,0.,-0.));
#662 = FACE_BOUND('',#663,.F.);
#663 = EDGE_LOOP('',(#664));
#664 = ORIENTED_EDGE('',*,*,#665,.F.);
#665 = EDGE_CURVE('',#666,#666,#668,.T.);
#666 = VERTEX_POINT('',#667);
#667 = CARTESIAN_POINT('',(501.17,198.81,-1.014653635757E-17));
#668 = CIRCLE('',#669,3.25);
#669 = AXIS2_PLACEMENT_3D('',#670,#671,#672);
#670 = CARTESIAN_POINT('',(497.92,198.81,0.));
#671 = DIRECTION('',(0.,0.,1.));
#672 = DIRECTION('',(1.,0.,-0.));
#673 = FACE_BOUND('',#674,.F.);
#674 = EDGE_LOOP('',(#675));
#675 = ORIENTED_EDGE('',*,*,#676,.F.);
#676 = EDGE_CURVE('',#677,#677,#679,.T.);
#677 = VERTEX_POINT('',#678);
#678 = CARTESIAN_POINT('',(708.2,162.,-1.014653635757E-17));
#679 = CIRCLE('',#680,5.);
#680 = AXIS2_PLACEMENT_3D('',#681,#682,#683);
#681 = CARTESIAN_POINT('',(703.2,162.,0.));
#682 = DIRECTION('',(0.,0.,1.));
#683 = DIRECTION('',(1.,0.,-0.));
#684 = FACE_BOUND('',#685,.F.);
#685 = EDGE_LOOP('',(#686));
#686 = ORIENTED_EDGE('',*,*,#687,.F.);
#687 = EDGE_CURVE('',#688,#688,#690,.T.);
#688 = VERTEX_POINT('',#689);
#689 = CARTESIAN_POINT('',(873.4,162.,-1.014653635757E-17));
#690 = CIRCLE('',#691,5.);
#691 = AXIS2_PLACEMENT_3D('',#692,#693,#694);
#692 = CARTESIAN_POINT('',(868.4,162.,0.));
#693 = DIRECTION('',(0.,0.,1.));
#694 = DIRECTION('',(1.,0.,-0.));
#695 = FACE_BOUND('',#696,.F.);
#696 = EDGE_LOOP('',(#697));
#697 = ORIENTED_EDGE('',*,*,#698,.F.);
#698 = EDGE_CURVE('',#699,#699,#701,.T.);
#699 = VERTEX_POINT('',#700);
#700 = CARTESIAN_POINT('',(897.,155.,-1.014653635757E-17));
#701 = CIRCLE('',#702,4.);
#702 = AXIS2_PLACEMENT_3D('',#703,#704,#705);
#703 = CARTESIAN_POINT('',(893.,155.,0.));
#704 = DIRECTION('',(0.,0.,1.));
#705 = DIRECTION('',(1.,0.,-0.));
#706 = FACE_BOUND('',#707,.F.);
#707 = EDGE_LOOP('',(#708));
#708 = ORIENTED_EDGE('',*,*,#709,.F.);
#709 = EDGE_CURVE('',#710,#710,#712,.T.);
#710 = VERTEX_POINT('',#711);
#711 = CARTESIAN_POINT('',(909.,155.,-1.014653635757E-17));
#712 = CIRCLE('',#713,4.);
#713 = AXIS2_PLACEMENT_3D('',#714,#715,#716);
#714 = CARTESIAN_POINT('',(905.,155.,0.));
#715 = DIRECTION('',(0.,0.,1.));
#716 = DIRECTION('',(1.,0.,-0.));
#717 = FACE_BOUND('',#718,.F.);
#718 = EDGE_LOOP('',(#719));
#719 = ORIENTED_EDGE('',*,*,#720,.F.);
#720 = EDGE_CURVE('',#721,#721,#723,.T.);
#721 = VERTEX_POINT('',#722);
#722 = CARTESIAN_POINT('',(501.17,271.2,-1.014653635757E-17));
#723 = CIRCLE('',#724,3.25);
#724 = AXIS2_PLACEMENT_3D('',#725,#726,#727);
#725 = CARTESIAN_POINT('',(497.92,271.2,0.));
#726 = DIRECTION('',(0.,0.,1.));
#727 = DIRECTION('',(1.,0.,-0.));
#728 = FACE_BOUND('',#729,.F.);
#729 = EDGE_LOOP('',(#730));
#730 = ORIENTED_EDGE('',*,*,#731,.F.);
#731 = EDGE_CURVE('',#732,#732,#734,.T.);
#732 = VERTEX_POINT('',#733);
#733 = CARTESIAN_POINT('',(459.5,304.,-1.014653635757E-17));
#734 = CIRCLE('',#735,4.);
#735 = AXIS2_PLACEMENT_3D('',#736,#737,#738);
#736 = CARTESIAN_POINT('',(455.5,304.,0.));
#737 = DIRECTION('',(0.,0.,1.));
#738 = DIRECTION('',(1.,0.,-0.));
#739 = FACE_BOUND('',#740,.F.);
#740 = EDGE_LOOP('',(#741));
#741 = ORIENTED_EDGE('',*,*,#742,.F.);
#742 = EDGE_CURVE('',#743,#743,#745,.T.);
#743 = VERTEX_POINT('',#744);
#744 = CARTESIAN_POINT('',(603.,304.,-1.014653635757E-17));
#745 = CIRCLE('',#746,4.);
#746 = AXIS2_PLACEMENT_3D('',#747,#748,#749);
#747 = CARTESIAN_POINT('',(599.,304.,0.));
#748 = DIRECTION('',(0.,0.,1.));
#749 = DIRECTION('',(1.,0.,-0.));
#750 = FACE_BOUND('',#751,.F.);
#751 = EDGE_LOOP('',(#752));
#752 = ORIENTED_EDGE('',*,*,#753,.F.);
#753 = EDGE_CURVE('',#754,#754,#756,.T.);
#754 = VERTEX_POINT('',#755);
#755 = CARTESIAN_POINT('',(746.5,304.,-1.014653635757E-17));
#756 = CIRCLE('',#757,4.);
#757 = AXIS2_PLACEMENT_3D('',#758,#759,#760);
#758 = CARTESIAN_POINT('',(742.5,304.,0.));
#759 = DIRECTION('',(0.,0.,1.));
#760 = DIRECTION('',(1.,0.,-0.));
#761 = FACE_BOUND('',#762,.F.);
#762 = EDGE_LOOP('',(#763));
#763 = ORIENTED_EDGE('',*,*,#764,.F.);
#764 = EDGE_CURVE('',#765,#765,#767,.T.);
#765 = VERTEX_POINT('',#766);
#766 = CARTESIAN_POINT('',(897.,273.,-1.014653635757E-17));
#767 = CIRCLE('',#768,4.);
#768 = AXIS2_PLACEMENT_3D('',#769,#770,#771);
#769 = CARTESIAN_POINT('',(893.,273.,0.));
#770 = DIRECTION('',(0.,0.,1.));
#771 = DIRECTION('',(1.,0.,-0.));
#772 = FACE_BOUND('',#773,.F.);
#773 = EDGE_LOOP('',(#774));
#774 = ORIENTED_EDGE('',*,*,#775,.F.);
#775 = EDGE_CURVE('',#776,#776,#778,.T.);
#776 = VERTEX_POINT('',#777);
#777 = CARTESIAN_POINT('',(909.,273.,-1.014653635757E-17));
#778 = CIRCLE('',#779,4.);
#779 = AXIS2_PLACEMENT_3D('',#780,#781,#782);
#780 = CARTESIAN_POINT('',(905.,273.,0.));
#781 = DIRECTION('',(0.,0.,1.));
#782 = DIRECTION('',(1.,0.,-0.));
#783 = FACE_BOUND('',#784,.F.);
#784 = EDGE_LOOP('',(#785));
#785 = ORIENTED_EDGE('',*,*,#786,.F.);
#786 = EDGE_CURVE('',#787,#787,#789,.T.);
#787 = VERTEX_POINT('',#788);
#788 = CARTESIAN_POINT('',(890.,304.,-1.014653635757E-17));
#789 = CIRCLE('',#790,4.);
#790 = AXIS2_PLACEMENT_3D('',#791,#792,#793);
#791 = CARTESIAN_POINT('',(886.,304.,0.));
#792 = DIRECTION('',(0.,0.,1.));
#793 = DIRECTION('',(1.,0.,-0.));
#794 = PLANE('',#795);
#795 = AXIS2_PLACEMENT_3D('',#796,#797,#798);
#796 = CARTESIAN_POINT('',(455.5,155.,0.));
#797 = DIRECTION('',(0.,0.,1.));
#798 = DIRECTION('',(1.,0.,-0.));
#799 = ADVANCED_FACE('',(#800,#811,#822,#833,#844,#855,#866,#877,#888,
    #899,#910,#921,#932,#943,#954,#965,#976,#987,#998,#1009,#1020,#1031,
    #1042,#1053,#1064,#1075,#1086,#1097,#1108,#1119,#1130,#1141,#1152,
    #1163,#1174,#1185,#1196,#1207,#1218,#1229,#1240,#1251,#1262,#1273,
    #1284,#1295,#1306,#1317,#1328,#1339,#1350,#1361),#1372,.T.);
#800 = FACE_BOUND('',#801,.T.);
#801 = EDGE_LOOP('',(#802,#803,#804,#810));
#802 = ORIENTED_EDGE('',*,*,#133,.T.);
#803 = ORIENTED_EDGE('',*,*,#195,.T.);
#804 = ORIENTED_EDGE('',*,*,#805,.T.);
#805 = EDGE_CURVE('',#196,#166,#806,.T.);
#806 = LINE('',#807,#808);
#807 = CARTESIAN_POINT('',(911.,310.,9.));
#808 = VECTOR('',#809,1.);
#809 = DIRECTION('',(-1.,0.,0.));
#810 = ORIENTED_EDGE('',*,*,#173,.T.);
#811 = FACE_BOUND('',#812,.T.);
#812 = EDGE_LOOP('',(#813));
#813 = ORIENTED_EDGE('',*,*,#814,.F.);
#814 = EDGE_CURVE('',#815,#815,#817,.T.);
#815 = VERTEX_POINT('',#816);
#816 = CARTESIAN_POINT('',(27.,6.,9.));
#817 = CIRCLE('',#818,2.);
#818 = AXIS2_PLACEMENT_3D('',#819,#820,#821);
#819 = CARTESIAN_POINT('',(25.,6.,9.));
#820 = DIRECTION('',(0.,0.,1.));
#821 = DIRECTION('',(1.,0.,-0.));
#822 = FACE_BOUND('',#823,.T.);
#823 = EDGE_LOOP('',(#824));
#824 = ORIENTED_EDGE('',*,*,#825,.F.);
#825 = EDGE_CURVE('',#826,#826,#828,.T.);
#826 = VERTEX_POINT('',#827);
#827 = CARTESIAN_POINT('',(28.2,26.5,9.));
#828 = CIRCLE('',#829,1.7);
#829 = AXIS2_PLACEMENT_3D('',#830,#831,#832);
#830 = CARTESIAN_POINT('',(26.5,26.5,9.));
#831 = DIRECTION('',(0.,0.,1.));
#832 = DIRECTION('',(1.,0.,-0.));
#833 = FACE_BOUND('',#834,.T.);
#834 = EDGE_LOOP('',(#835));
#835 = ORIENTED_EDGE('',*,*,#836,.F.);
#836 = EDGE_CURVE('',#837,#837,#839,.T.);
#837 = VERTEX_POINT('',#838);
#838 = CARTESIAN_POINT('',(8.,37.,9.));
#839 = CIRCLE('',#840,2.);
#840 = AXIS2_PLACEMENT_3D('',#841,#842,#843);
#841 = CARTESIAN_POINT('',(6.,37.,9.));
#842 = DIRECTION('',(0.,0.,1.));
#843 = DIRECTION('',(1.,0.,-0.));
#844 = FACE_BOUND('',#845,.T.);
#845 = EDGE_LOOP('',(#846));
#846 = ORIENTED_EDGE('',*,*,#847,.F.);
#847 = EDGE_CURVE('',#848,#848,#850,.T.);
#848 = VERTEX_POINT('',#849);
#849 = CARTESIAN_POINT('',(170.5,6.,9.));
#850 = CIRCLE('',#851,2.);
#851 = AXIS2_PLACEMENT_3D('',#852,#853,#854);
#852 = CARTESIAN_POINT('',(168.5,6.,9.));
#853 = DIRECTION('',(0.,0.,1.));
#854 = DIRECTION('',(1.,0.,-0.));
#855 = FACE_BOUND('',#856,.T.);
#856 = EDGE_LOOP('',(#857));
#857 = ORIENTED_EDGE('',*,*,#858,.F.);
#858 = EDGE_CURVE('',#859,#859,#861,.T.);
#859 = VERTEX_POINT('',#860);
#860 = CARTESIAN_POINT('',(173.2,26.5,9.));
#861 = CIRCLE('',#862,1.7);
#862 = AXIS2_PLACEMENT_3D('',#863,#864,#865);
#863 = CARTESIAN_POINT('',(171.5,26.5,9.));
#864 = DIRECTION('',(0.,0.,1.));
#865 = DIRECTION('',(1.,0.,-0.));
#866 = FACE_BOUND('',#867,.T.);
#867 = EDGE_LOOP('',(#868));
#868 = ORIENTED_EDGE('',*,*,#869,.F.);
#869 = EDGE_CURVE('',#870,#870,#872,.T.);
#870 = VERTEX_POINT('',#871);
#871 = CARTESIAN_POINT('',(194.,37.,9.));
#872 = CIRCLE('',#873,2.);
#873 = AXIS2_PLACEMENT_3D('',#874,#875,#876);
#874 = CARTESIAN_POINT('',(192.,37.,9.));
#875 = DIRECTION('',(0.,0.,1.));
#876 = DIRECTION('',(1.,0.,-0.));
#877 = FACE_BOUND('',#878,.T.);
#878 = EDGE_LOOP('',(#879));
#879 = ORIENTED_EDGE('',*,*,#880,.F.);
#880 = EDGE_CURVE('',#881,#881,#883,.T.);
#881 = VERTEX_POINT('',#882);
#882 = CARTESIAN_POINT('',(314.,6.,9.));
#883 = CIRCLE('',#884,2.);
#884 = AXIS2_PLACEMENT_3D('',#885,#886,#887);
#885 = CARTESIAN_POINT('',(312.,6.,9.));
#886 = DIRECTION('',(0.,0.,1.));
#887 = DIRECTION('',(1.,0.,-0.));
#888 = FACE_BOUND('',#889,.T.);
#889 = EDGE_LOOP('',(#890));
#890 = ORIENTED_EDGE('',*,*,#891,.F.);
#891 = EDGE_CURVE('',#892,#892,#894,.T.);
#892 = VERTEX_POINT('',#893);
#893 = CARTESIAN_POINT('',(224.15,86.5,9.));
#894 = CIRCLE('',#895,2.5);
#895 = AXIS2_PLACEMENT_3D('',#896,#897,#898);
#896 = CARTESIAN_POINT('',(221.65,86.5,9.));
#897 = DIRECTION('',(0.,0.,1.));
#898 = DIRECTION('',(1.,0.,-0.));
#899 = FACE_BOUND('',#900,.T.);
#900 = EDGE_LOOP('',(#901));
#901 = ORIENTED_EDGE('',*,*,#902,.F.);
#902 = EDGE_CURVE('',#903,#903,#905,.T.);
#903 = VERTEX_POINT('',#904);
#904 = CARTESIAN_POINT('',(361.22,86.5,9.));
#905 = CIRCLE('',#906,2.5);
#906 = AXIS2_PLACEMENT_3D('',#907,#908,#909);
#907 = CARTESIAN_POINT('',(358.72,86.5,9.));
#908 = DIRECTION('',(0.,0.,1.));
#909 = DIRECTION('',(1.,0.,-0.));
#910 = FACE_BOUND('',#911,.T.);
#911 = EDGE_LOOP('',(#912));
#912 = ORIENTED_EDGE('',*,*,#913,.F.);
#913 = EDGE_CURVE('',#914,#914,#916,.T.);
#914 = VERTEX_POINT('',#915);
#915 = CARTESIAN_POINT('',(392.,86.5,9.));
#916 = CIRCLE('',#917,2.);
#917 = AXIS2_PLACEMENT_3D('',#918,#919,#920);
#918 = CARTESIAN_POINT('',(390.,86.5,9.));
#919 = DIRECTION('',(0.,0.,1.));
#920 = DIRECTION('',(1.,0.,-0.));
#921 = FACE_BOUND('',#922,.T.);
#922 = EDGE_LOOP('',(#923));
#923 = ORIENTED_EDGE('',*,*,#924,.F.);
#924 = EDGE_CURVE('',#925,#925,#927,.T.);
#925 = VERTEX_POINT('',#926);
#926 = CARTESIAN_POINT('',(457.5,6.,9.));
#927 = CIRCLE('',#928,2.);
#928 = AXIS2_PLACEMENT_3D('',#929,#930,#931);
#929 = CARTESIAN_POINT('',(455.5,6.,9.));
#930 = DIRECTION('',(0.,0.,1.));
#931 = DIRECTION('',(1.,0.,-0.));
#932 = FACE_BOUND('',#933,.T.);
#933 = EDGE_LOOP('',(#934));
#934 = ORIENTED_EDGE('',*,*,#935,.F.);
#935 = EDGE_CURVE('',#936,#936,#938,.T.);
#936 = VERTEX_POINT('',#937);
#937 = CARTESIAN_POINT('',(601.,6.,9.));
#938 = CIRCLE('',#939,2.);
#939 = AXIS2_PLACEMENT_3D('',#940,#941,#942);
#940 = CARTESIAN_POINT('',(599.,6.,9.));
#941 = DIRECTION('',(0.,0.,1.));
#942 = DIRECTION('',(1.,0.,-0.));
#943 = FACE_BOUND('',#944,.T.);
#944 = EDGE_LOOP('',(#945));
#945 = ORIENTED_EDGE('',*,*,#946,.F.);
#946 = EDGE_CURVE('',#947,#947,#949,.T.);
#947 = VERTEX_POINT('',#948);
#948 = CARTESIAN_POINT('',(744.5,6.,9.));
#949 = CIRCLE('',#950,2.);
#950 = AXIS2_PLACEMENT_3D('',#951,#952,#953);
#951 = CARTESIAN_POINT('',(742.5,6.,9.));
#952 = DIRECTION('',(0.,0.,1.));
#953 = DIRECTION('',(1.,0.,-0.));
#954 = FACE_BOUND('',#955,.T.);
#955 = EDGE_LOOP('',(#956));
#956 = ORIENTED_EDGE('',*,*,#957,.F.);
#957 = EDGE_CURVE('',#958,#958,#960,.T.);
#958 = VERTEX_POINT('',#959);
#959 = CARTESIAN_POINT('',(888.,6.,9.));
#960 = CIRCLE('',#961,2.);
#961 = AXIS2_PLACEMENT_3D('',#962,#963,#964);
#962 = CARTESIAN_POINT('',(886.,6.,9.));
#963 = DIRECTION('',(0.,0.,1.));
#964 = DIRECTION('',(1.,0.,-0.));
#965 = FACE_BOUND('',#966,.T.);
#966 = EDGE_LOOP('',(#967));
#967 = ORIENTED_EDGE('',*,*,#968,.F.);
#968 = EDGE_CURVE('',#969,#969,#971,.T.);
#969 = VERTEX_POINT('',#970);
#970 = CARTESIAN_POINT('',(895.,37.,9.));
#971 = CIRCLE('',#972,2.);
#972 = AXIS2_PLACEMENT_3D('',#973,#974,#975);
#973 = CARTESIAN_POINT('',(893.,37.,9.));
#974 = DIRECTION('',(0.,0.,1.));
#975 = DIRECTION('',(1.,0.,-0.));
#976 = FACE_BOUND('',#977,.T.);
#977 = EDGE_LOOP('',(#978));
#978 = ORIENTED_EDGE('',*,*,#979,.F.);
#979 = EDGE_CURVE('',#980,#980,#982,.T.);
#980 = VERTEX_POINT('',#981);
#981 = CARTESIAN_POINT('',(907.,37.,9.));
#982 = CIRCLE('',#983,2.);
#983 = AXIS2_PLACEMENT_3D('',#984,#985,#986);
#984 = CARTESIAN_POINT('',(905.,37.,9.));
#985 = DIRECTION('',(0.,0.,1.));
#986 = DIRECTION('',(1.,0.,-0.));
#987 = FACE_BOUND('',#988,.T.);
#988 = EDGE_LOOP('',(#989));
#989 = ORIENTED_EDGE('',*,*,#990,.F.);
#990 = EDGE_CURVE('',#991,#991,#993,.T.);
#991 = VERTEX_POINT('',#992);
#992 = CARTESIAN_POINT('',(526.11,86.5,9.));
#993 = CIRCLE('',#994,2.5);
#994 = AXIS2_PLACEMENT_3D('',#995,#996,#997);
#995 = CARTESIAN_POINT('',(523.61,86.5,9.));
#996 = DIRECTION('',(0.,0.,1.));
#997 = DIRECTION('',(1.,0.,-0.));
#998 = FACE_BOUND('',#999,.T.);
#999 = EDGE_LOOP('',(#1000));
#1000 = ORIENTED_EDGE('',*,*,#1001,.F.);
#1001 = EDGE_CURVE('',#1002,#1002,#1004,.T.);
#1002 = VERTEX_POINT('',#1003);
#1003 = CARTESIAN_POINT('',(705.7,86.5,9.));
#1004 = CIRCLE('',#1005,2.5);
#1005 = AXIS2_PLACEMENT_3D('',#1006,#1007,#1008);
#1006 = CARTESIAN_POINT('',(703.2,86.5,9.));
#1007 = DIRECTION('',(0.,0.,1.));
#1008 = DIRECTION('',(1.,0.,-0.));
#1009 = FACE_BOUND('',#1010,.T.);
#1010 = EDGE_LOOP('',(#1011));
#1011 = ORIENTED_EDGE('',*,*,#1012,.F.);
#1012 = EDGE_CURVE('',#1013,#1013,#1015,.T.);
#1013 = VERTEX_POINT('',#1014);
#1014 = CARTESIAN_POINT('',(870.9,86.5,9.));
#1015 = CIRCLE('',#1016,2.5);
#1016 = AXIS2_PLACEMENT_3D('',#1017,#1018,#1019);
#1017 = CARTESIAN_POINT('',(868.4,86.5,9.));
#1018 = DIRECTION('',(0.,0.,1.));
#1019 = DIRECTION('',(1.,0.,-0.));
#1020 = FACE_BOUND('',#1021,.T.);
#1021 = EDGE_LOOP('',(#1022));
#1022 = ORIENTED_EDGE('',*,*,#1023,.F.);
#1023 = EDGE_CURVE('',#1024,#1024,#1026,.T.);
#1024 = VERTEX_POINT('',#1025);
#1025 = CARTESIAN_POINT('',(8.,155.,9.));
#1026 = CIRCLE('',#1027,2.);
#1027 = AXIS2_PLACEMENT_3D('',#1028,#1029,#1030);
#1028 = CARTESIAN_POINT('',(6.,155.,9.));
#1029 = DIRECTION('',(0.,0.,1.));
#1030 = DIRECTION('',(1.,0.,-0.));
#1031 = FACE_BOUND('',#1032,.T.);
#1032 = EDGE_LOOP('',(#1033));
#1033 = ORIENTED_EDGE('',*,*,#1034,.F.);
#1034 = EDGE_CURVE('',#1035,#1035,#1037,.T.);
#1035 = VERTEX_POINT('',#1036);
#1036 = CARTESIAN_POINT('',(194.,155.,9.));
#1037 = CIRCLE('',#1038,2.);
#1038 = AXIS2_PLACEMENT_3D('',#1039,#1040,#1041);
#1039 = CARTESIAN_POINT('',(192.,155.,9.));
#1040 = DIRECTION('',(0.,0.,1.));
#1041 = DIRECTION('',(1.,0.,-0.));
#1042 = FACE_BOUND('',#1043,.T.);
#1043 = EDGE_LOOP('',(#1044));
#1044 = ORIENTED_EDGE('',*,*,#1045,.F.);
#1045 = EDGE_CURVE('',#1046,#1046,#1048,.T.);
#1046 = VERTEX_POINT('',#1047);
#1047 = CARTESIAN_POINT('',(224.15,162.,9.));
#1048 = CIRCLE('',#1049,2.5);
#1049 = AXIS2_PLACEMENT_3D('',#1050,#1051,#1052);
#1050 = CARTESIAN_POINT('',(221.65,162.,9.));
#1051 = DIRECTION('',(0.,0.,1.));
#1052 = DIRECTION('',(1.,0.,-0.));
#1053 = FACE_BOUND('',#1054,.T.);
#1054 = EDGE_LOOP('',(#1055));
#1055 = ORIENTED_EDGE('',*,*,#1056,.F.);
#1056 = EDGE_CURVE('',#1057,#1057,#1059,.T.);
#1057 = VERTEX_POINT('',#1058);
#1058 = CARTESIAN_POINT('',(212.7,183.,9.));
#1059 = CIRCLE('',#1060,1.7);
#1060 = AXIS2_PLACEMENT_3D('',#1061,#1062,#1063);
#1061 = CARTESIAN_POINT('',(211.,183.,9.));
#1062 = DIRECTION('',(0.,0.,1.));
#1063 = DIRECTION('',(1.,0.,-0.));
#1064 = FACE_BOUND('',#1065,.T.);
#1065 = EDGE_LOOP('',(#1066));
#1066 = ORIENTED_EDGE('',*,*,#1067,.F.);
#1067 = EDGE_CURVE('',#1068,#1068,#1070,.T.);
#1068 = VERTEX_POINT('',#1069);
#1069 = CARTESIAN_POINT('',(307.3,183.,9.));
#1070 = CIRCLE('',#1071,1.7);
#1071 = AXIS2_PLACEMENT_3D('',#1072,#1073,#1074);
#1072 = CARTESIAN_POINT('',(305.6,183.,9.));
#1073 = DIRECTION('',(0.,0.,1.));
#1074 = DIRECTION('',(1.,0.,-0.));
#1075 = FACE_BOUND('',#1076,.T.);
#1076 = EDGE_LOOP('',(#1077));
#1077 = ORIENTED_EDGE('',*,*,#1078,.F.);
#1078 = EDGE_CURVE('',#1079,#1079,#1081,.T.);
#1079 = VERTEX_POINT('',#1080);
#1080 = CARTESIAN_POINT('',(361.22,162.,9.));
#1081 = CIRCLE('',#1082,2.5);
#1082 = AXIS2_PLACEMENT_3D('',#1083,#1084,#1085);
#1083 = CARTESIAN_POINT('',(358.72,162.,9.));
#1084 = DIRECTION('',(0.,0.,1.));
#1085 = DIRECTION('',(1.,0.,-0.));
#1086 = FACE_BOUND('',#1087,.T.);
#1087 = EDGE_LOOP('',(#1088));
#1088 = ORIENTED_EDGE('',*,*,#1089,.F.);
#1089 = EDGE_CURVE('',#1090,#1090,#1092,.T.);
#1090 = VERTEX_POINT('',#1091);
#1091 = CARTESIAN_POINT('',(392.,162.,9.));
#1092 = CIRCLE('',#1093,2.);
#1093 = AXIS2_PLACEMENT_3D('',#1094,#1095,#1096);
#1094 = CARTESIAN_POINT('',(390.,162.,9.));
#1095 = DIRECTION('',(0.,0.,1.));
#1096 = DIRECTION('',(1.,0.,-0.));
#1097 = FACE_BOUND('',#1098,.T.);
#1098 = EDGE_LOOP('',(#1099));
#1099 = ORIENTED_EDGE('',*,*,#1100,.F.);
#1100 = EDGE_CURVE('',#1101,#1101,#1103,.T.);
#1101 = VERTEX_POINT('',#1102);
#1102 = CARTESIAN_POINT('',(362.7,183.,9.));
#1103 = CIRCLE('',#1104,1.7);
#1104 = AXIS2_PLACEMENT_3D('',#1105,#1106,#1107);
#1105 = CARTESIAN_POINT('',(361.,183.,9.));
#1106 = DIRECTION('',(0.,0.,1.));
#1107 = DIRECTION('',(1.,0.,-0.));
#1108 = FACE_BOUND('',#1109,.T.);
#1109 = EDGE_LOOP('',(#1110));
#1110 = ORIENTED_EDGE('',*,*,#1111,.F.);
#1111 = EDGE_CURVE('',#1112,#1112,#1114,.T.);
#1112 = VERTEX_POINT('',#1113);
#1113 = CARTESIAN_POINT('',(381.51,198.81,9.));
#1114 = CIRCLE('',#1115,1.7);
#1115 = AXIS2_PLACEMENT_3D('',#1116,#1117,#1118);
#1116 = CARTESIAN_POINT('',(379.81,198.81,9.));
#1117 = DIRECTION('',(0.,0.,1.));
#1118 = DIRECTION('',(1.,0.,-0.));
#1119 = FACE_BOUND('',#1120,.T.);
#1120 = EDGE_LOOP('',(#1121));
#1121 = ORIENTED_EDGE('',*,*,#1122,.F.);
#1122 = EDGE_CURVE('',#1123,#1123,#1125,.T.);
#1123 = VERTEX_POINT('',#1124);
#1124 = CARTESIAN_POINT('',(28.2,231.5,9.));
#1125 = CIRCLE('',#1126,1.7);
#1126 = AXIS2_PLACEMENT_3D('',#1127,#1128,#1129);
#1127 = CARTESIAN_POINT('',(26.5,231.5,9.));
#1128 = DIRECTION('',(0.,0.,1.));
#1129 = DIRECTION('',(1.,0.,-0.));
#1130 = FACE_BOUND('',#1131,.T.);
#1131 = EDGE_LOOP('',(#1132));
#1132 = ORIENTED_EDGE('',*,*,#1133,.F.);
#1133 = EDGE_CURVE('',#1134,#1134,#1136,.T.);
#1134 = VERTEX_POINT('',#1135);
#1135 = CARTESIAN_POINT('',(173.2,231.5,9.));
#1136 = CIRCLE('',#1137,1.7);
#1137 = AXIS2_PLACEMENT_3D('',#1138,#1139,#1140);
#1138 = CARTESIAN_POINT('',(171.5,231.5,9.));
#1139 = DIRECTION('',(0.,0.,1.));
#1140 = DIRECTION('',(1.,0.,-0.));
#1141 = FACE_BOUND('',#1142,.T.);
#1142 = EDGE_LOOP('',(#1143));
#1143 = ORIENTED_EDGE('',*,*,#1144,.F.);
#1144 = EDGE_CURVE('',#1145,#1145,#1147,.T.);
#1145 = VERTEX_POINT('',#1146);
#1146 = CARTESIAN_POINT('',(8.,273.,9.));
#1147 = CIRCLE('',#1148,2.);
#1148 = AXIS2_PLACEMENT_3D('',#1149,#1150,#1151);
#1149 = CARTESIAN_POINT('',(6.,273.,9.));
#1150 = DIRECTION('',(0.,0.,1.));
#1151 = DIRECTION('',(1.,0.,-0.));
#1152 = FACE_BOUND('',#1153,.T.);
#1153 = EDGE_LOOP('',(#1154));
#1154 = ORIENTED_EDGE('',*,*,#1155,.F.);
#1155 = EDGE_CURVE('',#1156,#1156,#1158,.T.);
#1156 = VERTEX_POINT('',#1157);
#1157 = CARTESIAN_POINT('',(27.,304.,9.));
#1158 = CIRCLE('',#1159,2.);
#1159 = AXIS2_PLACEMENT_3D('',#1160,#1161,#1162);
#1160 = CARTESIAN_POINT('',(25.,304.,9.));
#1161 = DIRECTION('',(0.,0.,1.));
#1162 = DIRECTION('',(1.,0.,-0.));
#1163 = FACE_BOUND('',#1164,.T.);
#1164 = EDGE_LOOP('',(#1165));
#1165 = ORIENTED_EDGE('',*,*,#1166,.F.);
#1166 = EDGE_CURVE('',#1167,#1167,#1169,.T.);
#1167 = VERTEX_POINT('',#1168);
#1168 = CARTESIAN_POINT('',(212.7,283.,9.));
#1169 = CIRCLE('',#1170,1.7);
#1170 = AXIS2_PLACEMENT_3D('',#1171,#1172,#1173);
#1171 = CARTESIAN_POINT('',(211.,283.,9.));
#1172 = DIRECTION('',(0.,0.,1.));
#1173 = DIRECTION('',(1.,0.,-0.));
#1174 = FACE_BOUND('',#1175,.T.);
#1175 = EDGE_LOOP('',(#1176));
#1176 = ORIENTED_EDGE('',*,*,#1177,.F.);
#1177 = EDGE_CURVE('',#1178,#1178,#1180,.T.);
#1178 = VERTEX_POINT('',#1179);
#1179 = CARTESIAN_POINT('',(170.5,304.,9.));
#1180 = CIRCLE('',#1181,2.);
#1181 = AXIS2_PLACEMENT_3D('',#1182,#1183,#1184);
#1182 = CARTESIAN_POINT('',(168.5,304.,9.));
#1183 = DIRECTION('',(0.,0.,1.));
#1184 = DIRECTION('',(1.,0.,-0.));
#1185 = FACE_BOUND('',#1186,.T.);
#1186 = EDGE_LOOP('',(#1187));
#1187 = ORIENTED_EDGE('',*,*,#1188,.F.);
#1188 = EDGE_CURVE('',#1189,#1189,#1191,.T.);
#1189 = VERTEX_POINT('',#1190);
#1190 = CARTESIAN_POINT('',(307.3,283.,9.));
#1191 = CIRCLE('',#1192,1.7);
#1192 = AXIS2_PLACEMENT_3D('',#1193,#1194,#1195);
#1193 = CARTESIAN_POINT('',(305.6,283.,9.));
#1194 = DIRECTION('',(0.,0.,1.));
#1195 = DIRECTION('',(1.,0.,-0.));
#1196 = FACE_BOUND('',#1197,.T.);
#1197 = EDGE_LOOP('',(#1198));
#1198 = ORIENTED_EDGE('',*,*,#1199,.F.);
#1199 = EDGE_CURVE('',#1200,#1200,#1202,.T.);
#1200 = VERTEX_POINT('',#1201);
#1201 = CARTESIAN_POINT('',(314.,304.,9.));
#1202 = CIRCLE('',#1203,2.);
#1203 = AXIS2_PLACEMENT_3D('',#1204,#1205,#1206);
#1204 = CARTESIAN_POINT('',(312.,304.,9.));
#1205 = DIRECTION('',(0.,0.,1.));
#1206 = DIRECTION('',(1.,0.,-0.));
#1207 = FACE_BOUND('',#1208,.T.);
#1208 = EDGE_LOOP('',(#1209));
#1209 = ORIENTED_EDGE('',*,*,#1210,.F.);
#1210 = EDGE_CURVE('',#1211,#1211,#1213,.T.);
#1211 = VERTEX_POINT('',#1212);
#1212 = CARTESIAN_POINT('',(381.51,271.2,9.));
#1213 = CIRCLE('',#1214,1.7);
#1214 = AXIS2_PLACEMENT_3D('',#1215,#1216,#1217);
#1215 = CARTESIAN_POINT('',(379.81,271.2,9.));
#1216 = DIRECTION('',(0.,0.,1.));
#1217 = DIRECTION('',(1.,0.,-0.));
#1218 = FACE_BOUND('',#1219,.T.);
#1219 = EDGE_LOOP('',(#1220));
#1220 = ORIENTED_EDGE('',*,*,#1221,.F.);
#1221 = EDGE_CURVE('',#1222,#1222,#1224,.T.);
#1222 = VERTEX_POINT('',#1223);
#1223 = CARTESIAN_POINT('',(362.7,283.,9.));
#1224 = CIRCLE('',#1225,1.7);
#1225 = AXIS2_PLACEMENT_3D('',#1226,#1227,#1228);
#1226 = CARTESIAN_POINT('',(361.,283.,9.));
#1227 = DIRECTION('',(0.,0.,1.));
#1228 = DIRECTION('',(1.,0.,-0.));
#1229 = FACE_BOUND('',#1230,.T.);
#1230 = EDGE_LOOP('',(#1231));
#1231 = ORIENTED_EDGE('',*,*,#1232,.F.);
#1232 = EDGE_CURVE('',#1233,#1233,#1235,.T.);
#1233 = VERTEX_POINT('',#1234);
#1234 = CARTESIAN_POINT('',(526.11,162.,9.));
#1235 = CIRCLE('',#1236,2.5);
#1236 = AXIS2_PLACEMENT_3D('',#1237,#1238,#1239);
#1237 = CARTESIAN_POINT('',(523.61,162.,9.));
#1238 = DIRECTION('',(0.,0.,1.));
#1239 = DIRECTION('',(1.,0.,-0.));
#1240 = FACE_BOUND('',#1241,.T.);
#1241 = EDGE_LOOP('',(#1242));
#1242 = ORIENTED_EDGE('',*,*,#1243,.F.);
#1243 = EDGE_CURVE('',#1244,#1244,#1246,.T.);
#1244 = VERTEX_POINT('',#1245);
#1245 = CARTESIAN_POINT('',(499.62,198.81,9.));
#1246 = CIRCLE('',#1247,1.7);
#1247 = AXIS2_PLACEMENT_3D('',#1248,#1249,#1250);
#1248 = CARTESIAN_POINT('',(497.92,198.81,9.));
#1249 = DIRECTION('',(0.,0.,1.));
#1250 = DIRECTION('',(1.,0.,-0.));
#1251 = FACE_BOUND('',#1252,.T.);
#1252 = EDGE_LOOP('',(#1253));
#1253 = ORIENTED_EDGE('',*,*,#1254,.F.);
#1254 = EDGE_CURVE('',#1255,#1255,#1257,.T.);
#1255 = VERTEX_POINT('',#1256);
#1256 = CARTESIAN_POINT('',(705.7,162.,9.));
#1257 = CIRCLE('',#1258,2.5);
#1258 = AXIS2_PLACEMENT_3D('',#1259,#1260,#1261);
#1259 = CARTESIAN_POINT('',(703.2,162.,9.));
#1260 = DIRECTION('',(0.,0.,1.));
#1261 = DIRECTION('',(1.,0.,-0.));
#1262 = FACE_BOUND('',#1263,.T.);
#1263 = EDGE_LOOP('',(#1264));
#1264 = ORIENTED_EDGE('',*,*,#1265,.F.);
#1265 = EDGE_CURVE('',#1266,#1266,#1268,.T.);
#1266 = VERTEX_POINT('',#1267);
#1267 = CARTESIAN_POINT('',(870.9,162.,9.));
#1268 = CIRCLE('',#1269,2.5);
#1269 = AXIS2_PLACEMENT_3D('',#1270,#1271,#1272);
#1270 = CARTESIAN_POINT('',(868.4,162.,9.));
#1271 = DIRECTION('',(0.,0.,1.));
#1272 = DIRECTION('',(1.,0.,-0.));
#1273 = FACE_BOUND('',#1274,.T.);
#1274 = EDGE_LOOP('',(#1275));
#1275 = ORIENTED_EDGE('',*,*,#1276,.F.);
#1276 = EDGE_CURVE('',#1277,#1277,#1279,.T.);
#1277 = VERTEX_POINT('',#1278);
#1278 = CARTESIAN_POINT('',(895.,155.,9.));
#1279 = CIRCLE('',#1280,2.);
#1280 = AXIS2_PLACEMENT_3D('',#1281,#1282,#1283);
#1281 = CARTESIAN_POINT('',(893.,155.,9.));
#1282 = DIRECTION('',(0.,0.,1.));
#1283 = DIRECTION('',(1.,0.,-0.));
#1284 = FACE_BOUND('',#1285,.T.);
#1285 = EDGE_LOOP('',(#1286));
#1286 = ORIENTED_EDGE('',*,*,#1287,.F.);
#1287 = EDGE_CURVE('',#1288,#1288,#1290,.T.);
#1288 = VERTEX_POINT('',#1289);
#1289 = CARTESIAN_POINT('',(907.,155.,9.));
#1290 = CIRCLE('',#1291,2.);
#1291 = AXIS2_PLACEMENT_3D('',#1292,#1293,#1294);
#1292 = CARTESIAN_POINT('',(905.,155.,9.));
#1293 = DIRECTION('',(0.,0.,1.));
#1294 = DIRECTION('',(1.,0.,-0.));
#1295 = FACE_BOUND('',#1296,.T.);
#1296 = EDGE_LOOP('',(#1297));
#1297 = ORIENTED_EDGE('',*,*,#1298,.F.);
#1298 = EDGE_CURVE('',#1299,#1299,#1301,.T.);
#1299 = VERTEX_POINT('',#1300);
#1300 = CARTESIAN_POINT('',(499.62,271.2,9.));
#1301 = CIRCLE('',#1302,1.7);
#1302 = AXIS2_PLACEMENT_3D('',#1303,#1304,#1305);
#1303 = CARTESIAN_POINT('',(497.92,271.2,9.));
#1304 = DIRECTION('',(0.,0.,1.));
#1305 = DIRECTION('',(1.,0.,-0.));
#1306 = FACE_BOUND('',#1307,.T.);
#1307 = EDGE_LOOP('',(#1308));
#1308 = ORIENTED_EDGE('',*,*,#1309,.F.);
#1309 = EDGE_CURVE('',#1310,#1310,#1312,.T.);
#1310 = VERTEX_POINT('',#1311);
#1311 = CARTESIAN_POINT('',(457.5,304.,9.));
#1312 = CIRCLE('',#1313,2.);
#1313 = AXIS2_PLACEMENT_3D('',#1314,#1315,#1316);
#1314 = CARTESIAN_POINT('',(455.5,304.,9.));
#1315 = DIRECTION('',(0.,0.,1.));
#1316 = DIRECTION('',(1.,0.,-0.));
#1317 = FACE_BOUND('',#1318,.T.);
#1318 = EDGE_LOOP('',(#1319));
#1319 = ORIENTED_EDGE('',*,*,#1320,.F.);
#1320 = EDGE_CURVE('',#1321,#1321,#1323,.T.);
#1321 = VERTEX_POINT('',#1322);
#1322 = CARTESIAN_POINT('',(601.,304.,9.));
#1323 = CIRCLE('',#1324,2.);
#1324 = AXIS2_PLACEMENT_3D('',#1325,#1326,#1327);
#1325 = CARTESIAN_POINT('',(599.,304.,9.));
#1326 = DIRECTION('',(0.,0.,1.));
#1327 = DIRECTION('',(1.,0.,-0.));
#1328 = FACE_BOUND('',#1329,.T.);
#1329 = EDGE_LOOP('',(#1330));
#1330 = ORIENTED_EDGE('',*,*,#1331,.F.);
#1331 = EDGE_CURVE('',#1332,#1332,#1334,.T.);
#1332 = VERTEX_POINT('',#1333);
#1333 = CARTESIAN_POINT('',(744.5,304.,9.));
#1334 = CIRCLE('',#1335,2.);
#1335 = AXIS2_PLACEMENT_3D('',#1336,#1337,#1338);
#1336 = CARTESIAN_POINT('',(742.5,304.,9.));
#1337 = DIRECTION('',(0.,0.,1.));
#1338 = DIRECTION('',(1.,0.,-0.));
#1339 = FACE_BOUND('',#1340,.T.);
#1340 = EDGE_LOOP('',(#1341));
#1341 = ORIENTED_EDGE('',*,*,#1342,.F.);
#1342 = EDGE_CURVE('',#1343,#1343,#1345,.T.);
#1343 = VERTEX_POINT('',#1344);
#1344 = CARTESIAN_POINT('',(895.,273.,9.));
#1345 = CIRCLE('',#1346,2.);
#1346 = AXIS2_PLACEMENT_3D('',#1347,#1348,#1349);
#1347 = CARTESIAN_POINT('',(893.,273.,9.));
#1348 = DIRECTION('',(0.,0.,1.));
#1349 = DIRECTION('',(1.,0.,-0.));
#1350 = FACE_BOUND('',#1351,.T.);
#1351 = EDGE_LOOP('',(#1352));
#1352 = ORIENTED_EDGE('',*,*,#1353,.F.);
#1353 = EDGE_CURVE('',#1354,#1354,#1356,.T.);
#1354 = VERTEX_POINT('',#1355);
#1355 = CARTESIAN_POINT('',(907.,273.,9.));
#1356 = CIRCLE('',#1357,2.);
#1357 = AXIS2_PLACEMENT_3D('',#1358,#1359,#1360);
#1358 = CARTESIAN_POINT('',(905.,273.,9.));
#1359 = DIRECTION('',(0.,0.,1.));
#1360 = DIRECTION('',(1.,0.,-0.));
#1361 = FACE_BOUND('',#1362,.T.);
#1362 = EDGE_LOOP('',(#1363));
#1363 = ORIENTED_EDGE('',*,*,#1364,.F.);
#1364 = EDGE_CURVE('',#1365,#1365,#1367,.T.);
#1365 = VERTEX_POINT('',#1366);
#1366 = CARTESIAN_POINT('',(888.,304.,9.));
#1367 = CIRCLE('',#1368,2.);
#1368 = AXIS2_PLACEMENT_3D('',#1369,#1370,#1371);
#1369 = CARTESIAN_POINT('',(886.,304.,9.));
#1370 = DIRECTION('',(0.,0.,1.));
#1371 = DIRECTION('',(1.,0.,-0.));
#1372 = PLANE('',#1373);
#1373 = AXIS2_PLACEMENT_3D('',#1374,#1375,#1376);
#1374 = CARTESIAN_POINT('',(455.5,155.,9.));
#1375 = DIRECTION('',(0.,0.,1.));
#1376 = DIRECTION('',(1.,0.,-0.));
#1377 = ADVANCED_FACE('',(#1378),#1384,.F.);
#1378 = FACE_BOUND('',#1379,.F.);
#1379 = EDGE_LOOP('',(#1380,#1381,#1382,#1383));
#1380 = ORIENTED_EDGE('',*,*,#203,.T.);
#1381 = ORIENTED_EDGE('',*,*,#805,.T.);
#1382 = ORIENTED_EDGE('',*,*,#163,.F.);
#1383 = ORIENTED_EDGE('',*,*,#227,.F.);
#1384 = PLANE('',#1385);
#1385 = AXIS2_PLACEMENT_3D('',#1386,#1387,#1388);
#1386 = CARTESIAN_POINT('',(911.,310.,0.));
#1387 = DIRECTION('',(0.,-1.,0.));
#1388 = DIRECTION('',(-1.,0.,0.));
#1389 = ADVANCED_FACE('',(#1390),#1409,.F.);
#1390 = FACE_BOUND('',#1391,.F.);
#1391 = EDGE_LOOP('',(#1392,#1400,#1407,#1408));
#1392 = ORIENTED_EDGE('',*,*,#1393,.T.);
#1393 = EDGE_CURVE('',#237,#1394,#1396,.T.);
#1394 = VERTEX_POINT('',#1395);
#1395 = CARTESIAN_POINT('',(27.,6.,2.));
#1396 = LINE('',#1397,#1398);
#1397 = CARTESIAN_POINT('',(29.5,6.,-0.5));
#1398 = VECTOR('',#1399,1.);
#1399 = DIRECTION('',(-0.707106781187,1.731912112471E-16,0.707106781187)
  );
#1400 = ORIENTED_EDGE('',*,*,#1401,.F.);
#1401 = EDGE_CURVE('',#1394,#1394,#1402,.T.);
#1402 = CIRCLE('',#1403,2.);
#1403 = AXIS2_PLACEMENT_3D('',#1404,#1405,#1406);
#1404 = CARTESIAN_POINT('',(25.,6.,2.));
#1405 = DIRECTION('',(0.,0.,1.));
#1406 = DIRECTION('',(1.,0.,-0.));
#1407 = ORIENTED_EDGE('',*,*,#1393,.F.);
#1408 = ORIENTED_EDGE('',*,*,#236,.T.);
#1409 = CONICAL_SURFACE('',#1410,4.5,0.785398163397);
#1410 = AXIS2_PLACEMENT_3D('',#1411,#1412,#1413);
#1411 = CARTESIAN_POINT('',(25.,6.,-0.5));
#1412 = DIRECTION('',(-0.,-0.,-1.));
#1413 = DIRECTION('',(1.,0.,-0.));
#1414 = ADVANCED_FACE('',(#1415),#1434,.F.);
#1415 = FACE_BOUND('',#1416,.F.);
#1416 = EDGE_LOOP('',(#1417,#1425,#1432,#1433));
#1417 = ORIENTED_EDGE('',*,*,#1418,.T.);
#1418 = EDGE_CURVE('',#248,#1419,#1421,.T.);
#1419 = VERTEX_POINT('',#1420);
#1420 = CARTESIAN_POINT('',(28.2,26.5,1.55));
#1421 = LINE('',#1422,#1423);
#1422 = CARTESIAN_POINT('',(30.25,26.5,-0.5));
#1423 = VECTOR('',#1424,1.);
#1424 = DIRECTION('',(-0.707106781187,1.731912112471E-16,0.707106781187)
  );
#1425 = ORIENTED_EDGE('',*,*,#1426,.F.);
#1426 = EDGE_CURVE('',#1419,#1419,#1427,.T.);
#1427 = CIRCLE('',#1428,1.7);
#1428 = AXIS2_PLACEMENT_3D('',#1429,#1430,#1431);
#1429 = CARTESIAN_POINT('',(26.5,26.5,1.55));
#1430 = DIRECTION('',(0.,0.,1.));
#1431 = DIRECTION('',(1.,0.,-0.));
#1432 = ORIENTED_EDGE('',*,*,#1418,.F.);
#1433 = ORIENTED_EDGE('',*,*,#247,.T.);
#1434 = CONICAL_SURFACE('',#1435,3.75,0.785398163397);
#1435 = AXIS2_PLACEMENT_3D('',#1436,#1437,#1438);
#1436 = CARTESIAN_POINT('',(26.5,26.5,-0.5));
#1437 = DIRECTION('',(-0.,-0.,-1.));
#1438 = DIRECTION('',(1.,0.,-0.));
#1439 = ADVANCED_FACE('',(#1440),#1459,.F.);
#1440 = FACE_BOUND('',#1441,.F.);
#1441 = EDGE_LOOP('',(#1442,#1450,#1457,#1458));
#1442 = ORIENTED_EDGE('',*,*,#1443,.T.);
#1443 = EDGE_CURVE('',#259,#1444,#1446,.T.);
#1444 = VERTEX_POINT('',#1445);
#1445 = CARTESIAN_POINT('',(8.,37.,2.));
#1446 = LINE('',#1447,#1448);
#1447 = CARTESIAN_POINT('',(10.5,37.,-0.5));
#1448 = VECTOR('',#1449,1.);
#1449 = DIRECTION('',(-0.707106781187,1.731912112471E-16,0.707106781187)
  );
#1450 = ORIENTED_EDGE('',*,*,#1451,.F.);
#1451 = EDGE_CURVE('',#1444,#1444,#1452,.T.);
#1452 = CIRCLE('',#1453,2.);
#1453 = AXIS2_PLACEMENT_3D('',#1454,#1455,#1456);
#1454 = CARTESIAN_POINT('',(6.,37.,2.));
#1455 = DIRECTION('',(0.,0.,1.));
#1456 = DIRECTION('',(1.,0.,-0.));
#1457 = ORIENTED_EDGE('',*,*,#1443,.F.);
#1458 = ORIENTED_EDGE('',*,*,#258,.T.);
#1459 = CONICAL_SURFACE('',#1460,4.5,0.785398163397);
#1460 = AXIS2_PLACEMENT_3D('',#1461,#1462,#1463);
#1461 = CARTESIAN_POINT('',(6.,37.,-0.5));
#1462 = DIRECTION('',(-0.,-0.,-1.));
#1463 = DIRECTION('',(1.,0.,-0.));
#1464 = ADVANCED_FACE('',(#1465),#1484,.F.);
#1465 = FACE_BOUND('',#1466,.F.);
#1466 = EDGE_LOOP('',(#1467,#1475,#1482,#1483));
#1467 = ORIENTED_EDGE('',*,*,#1468,.T.);
#1468 = EDGE_CURVE('',#270,#1469,#1471,.T.);
#1469 = VERTEX_POINT('',#1470);
#1470 = CARTESIAN_POINT('',(170.5,6.,2.));
#1471 = LINE('',#1472,#1473);
#1472 = CARTESIAN_POINT('',(173.,6.,-0.5));
#1473 = VECTOR('',#1474,1.);
#1474 = DIRECTION('',(-0.707106781187,1.731912112471E-16,0.707106781187)
  );
#1475 = ORIENTED_EDGE('',*,*,#1476,.F.);
#1476 = EDGE_CURVE('',#1469,#1469,#1477,.T.);
#1477 = CIRCLE('',#1478,2.);
#1478 = AXIS2_PLACEMENT_3D('',#1479,#1480,#1481);
#1479 = CARTESIAN_POINT('',(168.5,6.,2.));
#1480 = DIRECTION('',(0.,0.,1.));
#1481 = DIRECTION('',(1.,0.,-0.));
#1482 = ORIENTED_EDGE('',*,*,#1468,.F.);
#1483 = ORIENTED_EDGE('',*,*,#269,.T.);
#1484 = CONICAL_SURFACE('',#1485,4.5,0.785398163397);
#1485 = AXIS2_PLACEMENT_3D('',#1486,#1487,#1488);
#1486 = CARTESIAN_POINT('',(168.5,6.,-0.5));
#1487 = DIRECTION('',(-0.,-0.,-1.));
#1488 = DIRECTION('',(1.,0.,-0.));
#1489 = ADVANCED_FACE('',(#1490),#1509,.F.);
#1490 = FACE_BOUND('',#1491,.F.);
#1491 = EDGE_LOOP('',(#1492,#1500,#1507,#1508));
#1492 = ORIENTED_EDGE('',*,*,#1493,.T.);
#1493 = EDGE_CURVE('',#281,#1494,#1496,.T.);
#1494 = VERTEX_POINT('',#1495);
#1495 = CARTESIAN_POINT('',(173.2,26.5,1.55));
#1496 = LINE('',#1497,#1498);
#1497 = CARTESIAN_POINT('',(175.25,26.5,-0.5));
#1498 = VECTOR('',#1499,1.);
#1499 = DIRECTION('',(-0.707106781187,1.731912112471E-16,0.707106781187)
  );
#1500 = ORIENTED_EDGE('',*,*,#1501,.F.);
#1501 = EDGE_CURVE('',#1494,#1494,#1502,.T.);
#1502 = CIRCLE('',#1503,1.7);
#1503 = AXIS2_PLACEMENT_3D('',#1504,#1505,#1506);
#1504 = CARTESIAN_POINT('',(171.5,26.5,1.55));
#1505 = DIRECTION('',(0.,0.,1.));
#1506 = DIRECTION('',(1.,0.,-0.));
#1507 = ORIENTED_EDGE('',*,*,#1493,.F.);
#1508 = ORIENTED_EDGE('',*,*,#280,.T.);
#1509 = CONICAL_SURFACE('',#1510,3.75,0.785398163397);
#1510 = AXIS2_PLACEMENT_3D('',#1511,#1512,#1513);
#1511 = CARTESIAN_POINT('',(171.5,26.5,-0.5));
#1512 = DIRECTION('',(-0.,-0.,-1.));
#1513 = DIRECTION('',(1.,0.,-0.));
#1514 = ADVANCED_FACE('',(#1515),#1534,.F.);
#1515 = FACE_BOUND('',#1516,.F.);
#1516 = EDGE_LOOP('',(#1517,#1525,#1532,#1533));
#1517 = ORIENTED_EDGE('',*,*,#1518,.T.);
#1518 = EDGE_CURVE('',#292,#1519,#1521,.T.);
#1519 = VERTEX_POINT('',#1520);
#1520 = CARTESIAN_POINT('',(194.,37.,2.));
#1521 = LINE('',#1522,#1523);
#1522 = CARTESIAN_POINT('',(196.5,37.,-0.5));
#1523 = VECTOR('',#1524,1.);
#1524 = DIRECTION('',(-0.707106781187,1.731912112471E-16,0.707106781187)
  );
#1525 = ORIENTED_EDGE('',*,*,#1526,.F.);
#1526 = EDGE_CURVE('',#1519,#1519,#1527,.T.);
#1527 = CIRCLE('',#1528,2.);
#1528 = AXIS2_PLACEMENT_3D('',#1529,#1530,#1531);
#1529 = CARTESIAN_POINT('',(192.,37.,2.));
#1530 = DIRECTION('',(0.,0.,1.));
#1531 = DIRECTION('',(1.,0.,-0.));
#1532 = ORIENTED_EDGE('',*,*,#1518,.F.);
#1533 = ORIENTED_EDGE('',*,*,#291,.T.);
#1534 = CONICAL_SURFACE('',#1535,4.5,0.785398163397);
#1535 = AXIS2_PLACEMENT_3D('',#1536,#1537,#1538);
#1536 = CARTESIAN_POINT('',(192.,37.,-0.5));
#1537 = DIRECTION('',(-0.,-0.,-1.));
#1538 = DIRECTION('',(1.,0.,-0.));
#1539 = ADVANCED_FACE('',(#1540),#1559,.F.);
#1540 = FACE_BOUND('',#1541,.F.);
#1541 = EDGE_LOOP('',(#1542,#1550,#1557,#1558));
#1542 = ORIENTED_EDGE('',*,*,#1543,.T.);
#1543 = EDGE_CURVE('',#303,#1544,#1546,.T.);
#1544 = VERTEX_POINT('',#1545);
#1545 = CARTESIAN_POINT('',(314.,6.,2.));
#1546 = LINE('',#1547,#1548);
#1547 = CARTESIAN_POINT('',(316.5,6.,-0.5));
#1548 = VECTOR('',#1549,1.);
#1549 = DIRECTION('',(-0.707106781187,1.731912112471E-16,0.707106781187)
  );
#1550 = ORIENTED_EDGE('',*,*,#1551,.F.);
#1551 = EDGE_CURVE('',#1544,#1544,#1552,.T.);
#1552 = CIRCLE('',#1553,2.);
#1553 = AXIS2_PLACEMENT_3D('',#1554,#1555,#1556);
#1554 = CARTESIAN_POINT('',(312.,6.,2.));
#1555 = DIRECTION('',(0.,0.,1.));
#1556 = DIRECTION('',(1.,0.,-0.));
#1557 = ORIENTED_EDGE('',*,*,#1543,.F.);
#1558 = ORIENTED_EDGE('',*,*,#302,.T.);
#1559 = CONICAL_SURFACE('',#1560,4.5,0.785398163397);
#1560 = AXIS2_PLACEMENT_3D('',#1561,#1562,#1563);
#1561 = CARTESIAN_POINT('',(312.,6.,-0.5));
#1562 = DIRECTION('',(-0.,-0.,-1.));
#1563 = DIRECTION('',(1.,0.,-0.));
#1564 = ADVANCED_FACE('',(#1565),#1584,.F.);
#1565 = FACE_BOUND('',#1566,.F.);
#1566 = EDGE_LOOP('',(#1567,#1575,#1582,#1583));
#1567 = ORIENTED_EDGE('',*,*,#1568,.T.);
#1568 = EDGE_CURVE('',#314,#1569,#1571,.T.);
#1569 = VERTEX_POINT('',#1570);
#1570 = CARTESIAN_POINT('',(224.15,86.5,2.5));
#1571 = LINE('',#1572,#1573);
#1572 = CARTESIAN_POINT('',(227.15,86.5,-0.5));
#1573 = VECTOR('',#1574,1.);
#1574 = DIRECTION('',(-0.707106781187,1.731912112471E-16,0.707106781187)
  );
#1575 = ORIENTED_EDGE('',*,*,#1576,.F.);
#1576 = EDGE_CURVE('',#1569,#1569,#1577,.T.);
#1577 = CIRCLE('',#1578,2.5);
#1578 = AXIS2_PLACEMENT_3D('',#1579,#1580,#1581);
#1579 = CARTESIAN_POINT('',(221.65,86.5,2.5));
#1580 = DIRECTION('',(0.,0.,1.));
#1581 = DIRECTION('',(1.,0.,-0.));
#1582 = ORIENTED_EDGE('',*,*,#1568,.F.);
#1583 = ORIENTED_EDGE('',*,*,#313,.T.);
#1584 = CONICAL_SURFACE('',#1585,5.5,0.785398163397);
#1585 = AXIS2_PLACEMENT_3D('',#1586,#1587,#1588);
#1586 = CARTESIAN_POINT('',(221.65,86.5,-0.5));
#1587 = DIRECTION('',(-0.,-0.,-1.));
#1588 = DIRECTION('',(1.,0.,-0.));
#1589 = ADVANCED_FACE('',(#1590),#1609,.F.);
#1590 = FACE_BOUND('',#1591,.F.);
#1591 = EDGE_LOOP('',(#1592,#1600,#1607,#1608));
#1592 = ORIENTED_EDGE('',*,*,#1593,.T.);
#1593 = EDGE_CURVE('',#325,#1594,#1596,.T.);
#1594 = VERTEX_POINT('',#1595);
#1595 = CARTESIAN_POINT('',(361.22,86.5,2.5));
#1596 = LINE('',#1597,#1598);
#1597 = CARTESIAN_POINT('',(364.22,86.5,-0.5));
#1598 = VECTOR('',#1599,1.);
#1599 = DIRECTION('',(-0.707106781187,1.731912112471E-16,0.707106781187)
  );
#1600 = ORIENTED_EDGE('',*,*,#1601,.F.);
#1601 = EDGE_CURVE('',#1594,#1594,#1602,.T.);
#1602 = CIRCLE('',#1603,2.5);
#1603 = AXIS2_PLACEMENT_3D('',#1604,#1605,#1606);
#1604 = CARTESIAN_POINT('',(358.72,86.5,2.5));
#1605 = DIRECTION('',(0.,0.,1.));
#1606 = DIRECTION('',(1.,0.,-0.));
#1607 = ORIENTED_EDGE('',*,*,#1593,.F.);
#1608 = ORIENTED_EDGE('',*,*,#324,.T.);
#1609 = CONICAL_SURFACE('',#1610,5.5,0.785398163397);
#1610 = AXIS2_PLACEMENT_3D('',#1611,#1612,#1613);
#1611 = CARTESIAN_POINT('',(358.72,86.5,-0.5));
#1612 = DIRECTION('',(-0.,-0.,-1.));
#1613 = DIRECTION('',(1.,0.,-0.));
#1614 = ADVANCED_FACE('',(#1615),#1634,.F.);
#1615 = FACE_BOUND('',#1616,.F.);
#1616 = EDGE_LOOP('',(#1617,#1625,#1632,#1633));
#1617 = ORIENTED_EDGE('',*,*,#1618,.T.);
#1618 = EDGE_CURVE('',#336,#1619,#1621,.T.);
#1619 = VERTEX_POINT('',#1620);
#1620 = CARTESIAN_POINT('',(392.,86.5,2.));
#1621 = LINE('',#1622,#1623);
#1622 = CARTESIAN_POINT('',(394.5,86.5,-0.5));
#1623 = VECTOR('',#1624,1.);
#1624 = DIRECTION('',(-0.707106781187,1.731912112471E-16,0.707106781187)
  );
#1625 = ORIENTED_EDGE('',*,*,#1626,.F.);
#1626 = EDGE_CURVE('',#1619,#1619,#1627,.T.);
#1627 = CIRCLE('',#1628,2.);
#1628 = AXIS2_PLACEMENT_3D('',#1629,#1630,#1631);
#1629 = CARTESIAN_POINT('',(390.,86.5,2.));
#1630 = DIRECTION('',(0.,0.,1.));
#1631 = DIRECTION('',(1.,0.,-0.));
#1632 = ORIENTED_EDGE('',*,*,#1618,.F.);
#1633 = ORIENTED_EDGE('',*,*,#335,.T.);
#1634 = CONICAL_SURFACE('',#1635,4.5,0.785398163397);
#1635 = AXIS2_PLACEMENT_3D('',#1636,#1637,#1638);
#1636 = CARTESIAN_POINT('',(390.,86.5,-0.5));
#1637 = DIRECTION('',(-0.,-0.,-1.));
#1638 = DIRECTION('',(1.,0.,-0.));
#1639 = ADVANCED_FACE('',(#1640),#1659,.F.);
#1640 = FACE_BOUND('',#1641,.F.);
#1641 = EDGE_LOOP('',(#1642,#1650,#1657,#1658));
#1642 = ORIENTED_EDGE('',*,*,#1643,.T.);
#1643 = EDGE_CURVE('',#347,#1644,#1646,.T.);
#1644 = VERTEX_POINT('',#1645);
#1645 = CARTESIAN_POINT('',(457.5,6.,2.));
#1646 = LINE('',#1647,#1648);
#1647 = CARTESIAN_POINT('',(460.,6.,-0.5));
#1648 = VECTOR('',#1649,1.);
#1649 = DIRECTION('',(-0.707106781187,1.731912112471E-16,0.707106781187)
  );
#1650 = ORIENTED_EDGE('',*,*,#1651,.F.);
#1651 = EDGE_CURVE('',#1644,#1644,#1652,.T.);
#1652 = CIRCLE('',#1653,2.);
#1653 = AXIS2_PLACEMENT_3D('',#1654,#1655,#1656);
#1654 = CARTESIAN_POINT('',(455.5,6.,2.));
#1655 = DIRECTION('',(0.,0.,1.));
#1656 = DIRECTION('',(1.,0.,-0.));
#1657 = ORIENTED_EDGE('',*,*,#1643,.F.);
#1658 = ORIENTED_EDGE('',*,*,#346,.T.);
#1659 = CONICAL_SURFACE('',#1660,4.5,0.785398163397);
#1660 = AXIS2_PLACEMENT_3D('',#1661,#1662,#1663);
#1661 = CARTESIAN_POINT('',(455.5,6.,-0.5));
#1662 = DIRECTION('',(-0.,-0.,-1.));
#1663 = DIRECTION('',(1.,0.,-0.));
#1664 = ADVANCED_FACE('',(#1665),#1684,.F.);
#1665 = FACE_BOUND('',#1666,.F.);
#1666 = EDGE_LOOP('',(#1667,#1675,#1682,#1683));
#1667 = ORIENTED_EDGE('',*,*,#1668,.T.);
#1668 = EDGE_CURVE('',#358,#1669,#1671,.T.);
#1669 = VERTEX_POINT('',#1670);
#1670 = CARTESIAN_POINT('',(601.,6.,2.));
#1671 = LINE('',#1672,#1673);
#1672 = CARTESIAN_POINT('',(603.5,6.,-0.5));
#1673 = VECTOR('',#1674,1.);
#1674 = DIRECTION('',(-0.707106781187,1.731912112471E-16,0.707106781187)
  );
#1675 = ORIENTED_EDGE('',*,*,#1676,.F.);
#1676 = EDGE_CURVE('',#1669,#1669,#1677,.T.);
#1677 = CIRCLE('',#1678,2.);
#1678 = AXIS2_PLACEMENT_3D('',#1679,#1680,#1681);
#1679 = CARTESIAN_POINT('',(599.,6.,2.));
#1680 = DIRECTION('',(0.,0.,1.));
#1681 = DIRECTION('',(1.,0.,-0.));
#1682 = ORIENTED_EDGE('',*,*,#1668,.F.);
#1683 = ORIENTED_EDGE('',*,*,#357,.T.);
#1684 = CONICAL_SURFACE('',#1685,4.5,0.785398163397);
#1685 = AXIS2_PLACEMENT_3D('',#1686,#1687,#1688);
#1686 = CARTESIAN_POINT('',(599.,6.,-0.5));
#1687 = DIRECTION('',(-0.,-0.,-1.));
#1688 = DIRECTION('',(1.,0.,-0.));
#1689 = ADVANCED_FACE('',(#1690),#1709,.F.);
#1690 = FACE_BOUND('',#1691,.F.);
#1691 = EDGE_LOOP('',(#1692,#1700,#1707,#1708));
#1692 = ORIENTED_EDGE('',*,*,#1693,.T.);
#1693 = EDGE_CURVE('',#369,#1694,#1696,.T.);
#1694 = VERTEX_POINT('',#1695);
#1695 = CARTESIAN_POINT('',(744.5,6.,2.));
#1696 = LINE('',#1697,#1698);
#1697 = CARTESIAN_POINT('',(747.,6.,-0.5));
#1698 = VECTOR('',#1699,1.);
#1699 = DIRECTION('',(-0.707106781187,1.731912112471E-16,0.707106781187)
  );
#1700 = ORIENTED_EDGE('',*,*,#1701,.F.);
#1701 = EDGE_CURVE('',#1694,#1694,#1702,.T.);
#1702 = CIRCLE('',#1703,2.);
#1703 = AXIS2_PLACEMENT_3D('',#1704,#1705,#1706);
#1704 = CARTESIAN_POINT('',(742.5,6.,2.));
#1705 = DIRECTION('',(0.,0.,1.));
#1706 = DIRECTION('',(1.,0.,-0.));
#1707 = ORIENTED_EDGE('',*,*,#1693,.F.);
#1708 = ORIENTED_EDGE('',*,*,#368,.T.);
#1709 = CONICAL_SURFACE('',#1710,4.5,0.785398163397);
#1710 = AXIS2_PLACEMENT_3D('',#1711,#1712,#1713);
#1711 = CARTESIAN_POINT('',(742.5,6.,-0.5));
#1712 = DIRECTION('',(-0.,-0.,-1.));
#1713 = DIRECTION('',(1.,0.,-0.));
#1714 = ADVANCED_FACE('',(#1715),#1734,.F.);
#1715 = FACE_BOUND('',#1716,.F.);
#1716 = EDGE_LOOP('',(#1717,#1725,#1732,#1733));
#1717 = ORIENTED_EDGE('',*,*,#1718,.T.);
#1718 = EDGE_CURVE('',#380,#1719,#1721,.T.);
#1719 = VERTEX_POINT('',#1720);
#1720 = CARTESIAN_POINT('',(888.,6.,2.));
#1721 = LINE('',#1722,#1723);
#1722 = CARTESIAN_POINT('',(890.5,6.,-0.5));
#1723 = VECTOR('',#1724,1.);
#1724 = DIRECTION('',(-0.707106781187,1.731912112471E-16,0.707106781187)
  );
#1725 = ORIENTED_EDGE('',*,*,#1726,.F.);
#1726 = EDGE_CURVE('',#1719,#1719,#1727,.T.);
#1727 = CIRCLE('',#1728,2.);
#1728 = AXIS2_PLACEMENT_3D('',#1729,#1730,#1731);
#1729 = CARTESIAN_POINT('',(886.,6.,2.));
#1730 = DIRECTION('',(0.,0.,1.));
#1731 = DIRECTION('',(1.,0.,-0.));
#1732 = ORIENTED_EDGE('',*,*,#1718,.F.);
#1733 = ORIENTED_EDGE('',*,*,#379,.T.);
#1734 = CONICAL_SURFACE('',#1735,4.5,0.785398163397);
#1735 = AXIS2_PLACEMENT_3D('',#1736,#1737,#1738);
#1736 = CARTESIAN_POINT('',(886.,6.,-0.5));
#1737 = DIRECTION('',(-0.,-0.,-1.));
#1738 = DIRECTION('',(1.,0.,-0.));
#1739 = ADVANCED_FACE('',(#1740),#1759,.F.);
#1740 = FACE_BOUND('',#1741,.F.);
#1741 = EDGE_LOOP('',(#1742,#1750,#1757,#1758));
#1742 = ORIENTED_EDGE('',*,*,#1743,.T.);
#1743 = EDGE_CURVE('',#391,#1744,#1746,.T.);
#1744 = VERTEX_POINT('',#1745);
#1745 = CARTESIAN_POINT('',(895.,37.,2.));
#1746 = LINE('',#1747,#1748);
#1747 = CARTESIAN_POINT('',(897.5,37.,-0.5));
#1748 = VECTOR('',#1749,1.);
#1749 = DIRECTION('',(-0.707106781187,1.731912112471E-16,0.707106781187)
  );
#1750 = ORIENTED_EDGE('',*,*,#1751,.F.);
#1751 = EDGE_CURVE('',#1744,#1744,#1752,.T.);
#1752 = CIRCLE('',#1753,2.);
#1753 = AXIS2_PLACEMENT_3D('',#1754,#1755,#1756);
#1754 = CARTESIAN_POINT('',(893.,37.,2.));
#1755 = DIRECTION('',(0.,0.,1.));
#1756 = DIRECTION('',(1.,0.,-0.));
#1757 = ORIENTED_EDGE('',*,*,#1743,.F.);
#1758 = ORIENTED_EDGE('',*,*,#390,.T.);
#1759 = CONICAL_SURFACE('',#1760,4.5,0.785398163397);
#1760 = AXIS2_PLACEMENT_3D('',#1761,#1762,#1763);
#1761 = CARTESIAN_POINT('',(893.,37.,-0.5));
#1762 = DIRECTION('',(-0.,-0.,-1.));
#1763 = DIRECTION('',(1.,0.,-0.));
#1764 = ADVANCED_FACE('',(#1765),#1784,.F.);
#1765 = FACE_BOUND('',#1766,.F.);
#1766 = EDGE_LOOP('',(#1767,#1775,#1782,#1783));
#1767 = ORIENTED_EDGE('',*,*,#1768,.T.);
#1768 = EDGE_CURVE('',#402,#1769,#1771,.T.);
#1769 = VERTEX_POINT('',#1770);
#1770 = CARTESIAN_POINT('',(907.,37.,2.));
#1771 = LINE('',#1772,#1773);
#1772 = CARTESIAN_POINT('',(909.5,37.,-0.5));
#1773 = VECTOR('',#1774,1.);
#1774 = DIRECTION('',(-0.707106781187,1.731912112471E-16,0.707106781187)
  );
#1775 = ORIENTED_EDGE('',*,*,#1776,.F.);
#1776 = EDGE_CURVE('',#1769,#1769,#1777,.T.);
#1777 = CIRCLE('',#1778,2.);
#1778 = AXIS2_PLACEMENT_3D('',#1779,#1780,#1781);
#1779 = CARTESIAN_POINT('',(905.,37.,2.));
#1780 = DIRECTION('',(0.,0.,1.));
#1781 = DIRECTION('',(1.,0.,-0.));
#1782 = ORIENTED_EDGE('',*,*,#1768,.F.);
#1783 = ORIENTED_EDGE('',*,*,#401,.T.);
#1784 = CONICAL_SURFACE('',#1785,4.5,0.785398163397);
#1785 = AXIS2_PLACEMENT_3D('',#1786,#1787,#1788);
#1786 = CARTESIAN_POINT('',(905.,37.,-0.5));
#1787 = DIRECTION('',(-0.,-0.,-1.));
#1788 = DIRECTION('',(1.,0.,-0.));
#1789 = ADVANCED_FACE('',(#1790),#1809,.F.);
#1790 = FACE_BOUND('',#1791,.F.);
#1791 = EDGE_LOOP('',(#1792,#1800,#1807,#1808));
#1792 = ORIENTED_EDGE('',*,*,#1793,.T.);
#1793 = EDGE_CURVE('',#413,#1794,#1796,.T.);
#1794 = VERTEX_POINT('',#1795);
#1795 = CARTESIAN_POINT('',(526.11,86.5,2.5));
#1796 = LINE('',#1797,#1798);
#1797 = CARTESIAN_POINT('',(529.11,86.5,-0.5));
#1798 = VECTOR('',#1799,1.);
#1799 = DIRECTION('',(-0.707106781187,1.731912112471E-16,0.707106781187)
  );
#1800 = ORIENTED_EDGE('',*,*,#1801,.F.);
#1801 = EDGE_CURVE('',#1794,#1794,#1802,.T.);
#1802 = CIRCLE('',#1803,2.5);
#1803 = AXIS2_PLACEMENT_3D('',#1804,#1805,#1806);
#1804 = CARTESIAN_POINT('',(523.61,86.5,2.5));
#1805 = DIRECTION('',(0.,0.,1.));
#1806 = DIRECTION('',(1.,0.,-0.));
#1807 = ORIENTED_EDGE('',*,*,#1793,.F.);
#1808 = ORIENTED_EDGE('',*,*,#412,.T.);
#1809 = CONICAL_SURFACE('',#1810,5.5,0.785398163397);
#1810 = AXIS2_PLACEMENT_3D('',#1811,#1812,#1813);
#1811 = CARTESIAN_POINT('',(523.61,86.5,-0.5));
#1812 = DIRECTION('',(-0.,-0.,-1.));
#1813 = DIRECTION('',(1.,0.,-0.));
#1814 = ADVANCED_FACE('',(#1815),#1834,.F.);
#1815 = FACE_BOUND('',#1816,.F.);
#1816 = EDGE_LOOP('',(#1817,#1825,#1832,#1833));
#1817 = ORIENTED_EDGE('',*,*,#1818,.T.);
#1818 = EDGE_CURVE('',#424,#1819,#1821,.T.);
#1819 = VERTEX_POINT('',#1820);
#1820 = CARTESIAN_POINT('',(705.7,86.5,2.5));
#1821 = LINE('',#1822,#1823);
#1822 = CARTESIAN_POINT('',(708.7,86.5,-0.5));
#1823 = VECTOR('',#1824,1.);
#1824 = DIRECTION('',(-0.707106781187,1.731912112471E-16,0.707106781187)
  );
#1825 = ORIENTED_EDGE('',*,*,#1826,.F.);
#1826 = EDGE_CURVE('',#1819,#1819,#1827,.T.);
#1827 = CIRCLE('',#1828,2.5);
#1828 = AXIS2_PLACEMENT_3D('',#1829,#1830,#1831);
#1829 = CARTESIAN_POINT('',(703.2,86.5,2.5));
#1830 = DIRECTION('',(0.,0.,1.));
#1831 = DIRECTION('',(1.,0.,-0.));
#1832 = ORIENTED_EDGE('',*,*,#1818,.F.);
#1833 = ORIENTED_EDGE('',*,*,#423,.T.);
#1834 = CONICAL_SURFACE('',#1835,5.5,0.785398163397);
#1835 = AXIS2_PLACEMENT_3D('',#1836,#1837,#1838);
#1836 = CARTESIAN_POINT('',(703.2,86.5,-0.5));
#1837 = DIRECTION('',(-0.,-0.,-1.));
#1838 = DIRECTION('',(1.,0.,-0.));
#1839 = ADVANCED_FACE('',(#1840),#1859,.F.);
#1840 = FACE_BOUND('',#1841,.F.);
#1841 = EDGE_LOOP('',(#1842,#1850,#1857,#1858));
#1842 = ORIENTED_EDGE('',*,*,#1843,.T.);
#1843 = EDGE_CURVE('',#435,#1844,#1846,.T.);
#1844 = VERTEX_POINT('',#1845);
#1845 = CARTESIAN_POINT('',(870.9,86.5,2.5));
#1846 = LINE('',#1847,#1848);
#1847 = CARTESIAN_POINT('',(873.9,86.5,-0.5));
#1848 = VECTOR('',#1849,1.);
#1849 = DIRECTION('',(-0.707106781187,1.731912112471E-16,0.707106781187)
  );
#1850 = ORIENTED_EDGE('',*,*,#1851,.F.);
#1851 = EDGE_CURVE('',#1844,#1844,#1852,.T.);
#1852 = CIRCLE('',#1853,2.5);
#1853 = AXIS2_PLACEMENT_3D('',#1854,#1855,#1856);
#1854 = CARTESIAN_POINT('',(868.4,86.5,2.5));
#1855 = DIRECTION('',(0.,0.,1.));
#1856 = DIRECTION('',(1.,0.,-0.));
#1857 = ORIENTED_EDGE('',*,*,#1843,.F.);
#1858 = ORIENTED_EDGE('',*,*,#434,.T.);
#1859 = CONICAL_SURFACE('',#1860,5.5,0.785398163397);
#1860 = AXIS2_PLACEMENT_3D('',#1861,#1862,#1863);
#1861 = CARTESIAN_POINT('',(868.4,86.5,-0.5));
#1862 = DIRECTION('',(-0.,-0.,-1.));
#1863 = DIRECTION('',(1.,0.,-0.));
#1864 = ADVANCED_FACE('',(#1865),#1884,.F.);
#1865 = FACE_BOUND('',#1866,.F.);
#1866 = EDGE_LOOP('',(#1867,#1875,#1882,#1883));
#1867 = ORIENTED_EDGE('',*,*,#1868,.T.);
#1868 = EDGE_CURVE('',#446,#1869,#1871,.T.);
#1869 = VERTEX_POINT('',#1870);
#1870 = CARTESIAN_POINT('',(8.,155.,2.));
#1871 = LINE('',#1872,#1873);
#1872 = CARTESIAN_POINT('',(10.5,155.,-0.5));
#1873 = VECTOR('',#1874,1.);
#1874 = DIRECTION('',(-0.707106781187,1.731912112471E-16,0.707106781187)
  );
#1875 = ORIENTED_EDGE('',*,*,#1876,.F.);
#1876 = EDGE_CURVE('',#1869,#1869,#1877,.T.);
#1877 = CIRCLE('',#1878,2.);
#1878 = AXIS2_PLACEMENT_3D('',#1879,#1880,#1881);
#1879 = CARTESIAN_POINT('',(6.,155.,2.));
#1880 = DIRECTION('',(0.,0.,1.));
#1881 = DIRECTION('',(1.,0.,-0.));
#1882 = ORIENTED_EDGE('',*,*,#1868,.F.);
#1883 = ORIENTED_EDGE('',*,*,#445,.T.);
#1884 = CONICAL_SURFACE('',#1885,4.5,0.785398163397);
#1885 = AXIS2_PLACEMENT_3D('',#1886,#1887,#1888);
#1886 = CARTESIAN_POINT('',(6.,155.,-0.5));
#1887 = DIRECTION('',(-0.,-0.,-1.));
#1888 = DIRECTION('',(1.,0.,-0.));
#1889 = ADVANCED_FACE('',(#1890),#1909,.F.);
#1890 = FACE_BOUND('',#1891,.F.);
#1891 = EDGE_LOOP('',(#1892,#1900,#1907,#1908));
#1892 = ORIENTED_EDGE('',*,*,#1893,.T.);
#1893 = EDGE_CURVE('',#457,#1894,#1896,.T.);
#1894 = VERTEX_POINT('',#1895);
#1895 = CARTESIAN_POINT('',(194.,155.,2.));
#1896 = LINE('',#1897,#1898);
#1897 = CARTESIAN_POINT('',(196.5,155.,-0.5));
#1898 = VECTOR('',#1899,1.);
#1899 = DIRECTION('',(-0.707106781187,1.731912112471E-16,0.707106781187)
  );
#1900 = ORIENTED_EDGE('',*,*,#1901,.F.);
#1901 = EDGE_CURVE('',#1894,#1894,#1902,.T.);
#1902 = CIRCLE('',#1903,2.);
#1903 = AXIS2_PLACEMENT_3D('',#1904,#1905,#1906);
#1904 = CARTESIAN_POINT('',(192.,155.,2.));
#1905 = DIRECTION('',(0.,0.,1.));
#1906 = DIRECTION('',(1.,0.,-0.));
#1907 = ORIENTED_EDGE('',*,*,#1893,.F.);
#1908 = ORIENTED_EDGE('',*,*,#456,.T.);
#1909 = CONICAL_SURFACE('',#1910,4.5,0.785398163397);
#1910 = AXIS2_PLACEMENT_3D('',#1911,#1912,#1913);
#1911 = CARTESIAN_POINT('',(192.,155.,-0.5));
#1912 = DIRECTION('',(-0.,-0.,-1.));
#1913 = DIRECTION('',(1.,0.,-0.));
#1914 = ADVANCED_FACE('',(#1915),#1934,.F.);
#1915 = FACE_BOUND('',#1916,.F.);
#1916 = EDGE_LOOP('',(#1917,#1925,#1932,#1933));
#1917 = ORIENTED_EDGE('',*,*,#1918,.T.);
#1918 = EDGE_CURVE('',#468,#1919,#1921,.T.);
#1919 = VERTEX_POINT('',#1920);
#1920 = CARTESIAN_POINT('',(224.15,162.,2.5));
#1921 = LINE('',#1922,#1923);
#1922 = CARTESIAN_POINT('',(227.15,162.,-0.5));
#1923 = VECTOR('',#1924,1.);
#1924 = DIRECTION('',(-0.707106781187,1.731912112471E-16,0.707106781187)
  );
#1925 = ORIENTED_EDGE('',*,*,#1926,.F.);
#1926 = EDGE_CURVE('',#1919,#1919,#1927,.T.);
#1927 = CIRCLE('',#1928,2.5);
#1928 = AXIS2_PLACEMENT_3D('',#1929,#1930,#1931);
#1929 = CARTESIAN_POINT('',(221.65,162.,2.5));
#1930 = DIRECTION('',(0.,0.,1.));
#1931 = DIRECTION('',(1.,0.,-0.));
#1932 = ORIENTED_EDGE('',*,*,#1918,.F.);
#1933 = ORIENTED_EDGE('',*,*,#467,.T.);
#1934 = CONICAL_SURFACE('',#1935,5.5,0.785398163397);
#1935 = AXIS2_PLACEMENT_3D('',#1936,#1937,#1938);
#1936 = CARTESIAN_POINT('',(221.65,162.,-0.5));
#1937 = DIRECTION('',(-0.,-0.,-1.));
#1938 = DIRECTION('',(1.,0.,-0.));
#1939 = ADVANCED_FACE('',(#1940),#1959,.F.);
#1940 = FACE_BOUND('',#1941,.F.);
#1941 = EDGE_LOOP('',(#1942,#1950,#1957,#1958));
#1942 = ORIENTED_EDGE('',*,*,#1943,.T.);
#1943 = EDGE_CURVE('',#479,#1944,#1946,.T.);
#1944 = VERTEX_POINT('',#1945);
#1945 = CARTESIAN_POINT('',(212.7,183.,1.55));
#1946 = LINE('',#1947,#1948);
#1947 = CARTESIAN_POINT('',(214.75,183.,-0.5));
#1948 = VECTOR('',#1949,1.);
#1949 = DIRECTION('',(-0.707106781187,1.731912112471E-16,0.707106781187)
  );
#1950 = ORIENTED_EDGE('',*,*,#1951,.F.);
#1951 = EDGE_CURVE('',#1944,#1944,#1952,.T.);
#1952 = CIRCLE('',#1953,1.7);
#1953 = AXIS2_PLACEMENT_3D('',#1954,#1955,#1956);
#1954 = CARTESIAN_POINT('',(211.,183.,1.55));
#1955 = DIRECTION('',(0.,0.,1.));
#1956 = DIRECTION('',(1.,0.,-0.));
#1957 = ORIENTED_EDGE('',*,*,#1943,.F.);
#1958 = ORIENTED_EDGE('',*,*,#478,.T.);
#1959 = CONICAL_SURFACE('',#1960,3.75,0.785398163397);
#1960 = AXIS2_PLACEMENT_3D('',#1961,#1962,#1963);
#1961 = CARTESIAN_POINT('',(211.,183.,-0.5));
#1962 = DIRECTION('',(-0.,-0.,-1.));
#1963 = DIRECTION('',(1.,0.,-0.));
#1964 = ADVANCED_FACE('',(#1965),#1984,.F.);
#1965 = FACE_BOUND('',#1966,.F.);
#1966 = EDGE_LOOP('',(#1967,#1975,#1982,#1983));
#1967 = ORIENTED_EDGE('',*,*,#1968,.T.);
#1968 = EDGE_CURVE('',#490,#1969,#1971,.T.);
#1969 = VERTEX_POINT('',#1970);
#1970 = CARTESIAN_POINT('',(307.3,183.,1.55));
#1971 = LINE('',#1972,#1973);
#1972 = CARTESIAN_POINT('',(309.35,183.,-0.5));
#1973 = VECTOR('',#1974,1.);
#1974 = DIRECTION('',(-0.707106781187,1.731912112471E-16,0.707106781187)
  );
#1975 = ORIENTED_EDGE('',*,*,#1976,.F.);
#1976 = EDGE_CURVE('',#1969,#1969,#1977,.T.);
#1977 = CIRCLE('',#1978,1.7);
#1978 = AXIS2_PLACEMENT_3D('',#1979,#1980,#1981);
#1979 = CARTESIAN_POINT('',(305.6,183.,1.55));
#1980 = DIRECTION('',(0.,0.,1.));
#1981 = DIRECTION('',(1.,0.,-0.));
#1982 = ORIENTED_EDGE('',*,*,#1968,.F.);
#1983 = ORIENTED_EDGE('',*,*,#489,.T.);
#1984 = CONICAL_SURFACE('',#1985,3.75,0.785398163397);
#1985 = AXIS2_PLACEMENT_3D('',#1986,#1987,#1988);
#1986 = CARTESIAN_POINT('',(305.6,183.,-0.5));
#1987 = DIRECTION('',(-0.,-0.,-1.));
#1988 = DIRECTION('',(1.,0.,-0.));
#1989 = ADVANCED_FACE('',(#1990),#2009,.F.);
#1990 = FACE_BOUND('',#1991,.F.);
#1991 = EDGE_LOOP('',(#1992,#2000,#2007,#2008));
#1992 = ORIENTED_EDGE('',*,*,#1993,.T.);
#1993 = EDGE_CURVE('',#501,#1994,#1996,.T.);
#1994 = VERTEX_POINT('',#1995);
#1995 = CARTESIAN_POINT('',(361.22,162.,2.5));
#1996 = LINE('',#1997,#1998);
#1997 = CARTESIAN_POINT('',(364.22,162.,-0.5));
#1998 = VECTOR('',#1999,1.);
#1999 = DIRECTION('',(-0.707106781187,1.731912112471E-16,0.707106781187)
  );
#2000 = ORIENTED_EDGE('',*,*,#2001,.F.);
#2001 = EDGE_CURVE('',#1994,#1994,#2002,.T.);
#2002 = CIRCLE('',#2003,2.5);
#2003 = AXIS2_PLACEMENT_3D('',#2004,#2005,#2006);
#2004 = CARTESIAN_POINT('',(358.72,162.,2.5));
#2005 = DIRECTION('',(0.,0.,1.));
#2006 = DIRECTION('',(1.,0.,-0.));
#2007 = ORIENTED_EDGE('',*,*,#1993,.F.);
#2008 = ORIENTED_EDGE('',*,*,#500,.T.);
#2009 = CONICAL_SURFACE('',#2010,5.5,0.785398163397);
#2010 = AXIS2_PLACEMENT_3D('',#2011,#2012,#2013);
#2011 = CARTESIAN_POINT('',(358.72,162.,-0.5));
#2012 = DIRECTION('',(-0.,-0.,-1.));
#2013 = DIRECTION('',(1.,0.,-0.));
#2014 = ADVANCED_FACE('',(#2015),#2034,.F.);
#2015 = FACE_BOUND('',#2016,.F.);
#2016 = EDGE_LOOP('',(#2017,#2025,#2032,#2033));
#2017 = ORIENTED_EDGE('',*,*,#2018,.T.);
#2018 = EDGE_CURVE('',#512,#2019,#2021,.T.);
#2019 = VERTEX_POINT('',#2020);
#2020 = CARTESIAN_POINT('',(392.,162.,2.));
#2021 = LINE('',#2022,#2023);
#2022 = CARTESIAN_POINT('',(394.5,162.,-0.5));
#2023 = VECTOR('',#2024,1.);
#2024 = DIRECTION('',(-0.707106781187,1.731912112471E-16,0.707106781187)
  );
#2025 = ORIENTED_EDGE('',*,*,#2026,.F.);
#2026 = EDGE_CURVE('',#2019,#2019,#2027,.T.);
#2027 = CIRCLE('',#2028,2.);
#2028 = AXIS2_PLACEMENT_3D('',#2029,#2030,#2031);
#2029 = CARTESIAN_POINT('',(390.,162.,2.));
#2030 = DIRECTION('',(0.,0.,1.));
#2031 = DIRECTION('',(1.,0.,-0.));
#2032 = ORIENTED_EDGE('',*,*,#2018,.F.);
#2033 = ORIENTED_EDGE('',*,*,#511,.T.);
#2034 = CONICAL_SURFACE('',#2035,4.5,0.785398163397);
#2035 = AXIS2_PLACEMENT_3D('',#2036,#2037,#2038);
#2036 = CARTESIAN_POINT('',(390.,162.,-0.5));
#2037 = DIRECTION('',(-0.,-0.,-1.));
#2038 = DIRECTION('',(1.,0.,-0.));
#2039 = ADVANCED_FACE('',(#2040),#2059,.F.);
#2040 = FACE_BOUND('',#2041,.F.);
#2041 = EDGE_LOOP('',(#2042,#2050,#2057,#2058));
#2042 = ORIENTED_EDGE('',*,*,#2043,.T.);
#2043 = EDGE_CURVE('',#523,#2044,#2046,.T.);
#2044 = VERTEX_POINT('',#2045);
#2045 = CARTESIAN_POINT('',(362.7,183.,1.55));
#2046 = LINE('',#2047,#2048);
#2047 = CARTESIAN_POINT('',(364.75,183.,-0.5));
#2048 = VECTOR('',#2049,1.);
#2049 = DIRECTION('',(-0.707106781187,1.731912112471E-16,0.707106781187)
  );
#2050 = ORIENTED_EDGE('',*,*,#2051,.F.);
#2051 = EDGE_CURVE('',#2044,#2044,#2052,.T.);
#2052 = CIRCLE('',#2053,1.7);
#2053 = AXIS2_PLACEMENT_3D('',#2054,#2055,#2056);
#2054 = CARTESIAN_POINT('',(361.,183.,1.55));
#2055 = DIRECTION('',(0.,0.,1.));
#2056 = DIRECTION('',(1.,0.,-0.));
#2057 = ORIENTED_EDGE('',*,*,#2043,.F.);
#2058 = ORIENTED_EDGE('',*,*,#522,.T.);
#2059 = CONICAL_SURFACE('',#2060,3.75,0.785398163397);
#2060 = AXIS2_PLACEMENT_3D('',#2061,#2062,#2063);
#2061 = CARTESIAN_POINT('',(361.,183.,-0.5));
#2062 = DIRECTION('',(-0.,-0.,-1.));
#2063 = DIRECTION('',(1.,0.,-0.));
#2064 = ADVANCED_FACE('',(#2065),#2084,.F.);
#2065 = FACE_BOUND('',#2066,.F.);
#2066 = EDGE_LOOP('',(#2067,#2075,#2082,#2083));
#2067 = ORIENTED_EDGE('',*,*,#2068,.T.);
#2068 = EDGE_CURVE('',#534,#2069,#2071,.T.);
#2069 = VERTEX_POINT('',#2070);
#2070 = CARTESIAN_POINT('',(381.51,198.81,1.55));
#2071 = LINE('',#2072,#2073);
#2072 = CARTESIAN_POINT('',(383.56,198.81,-0.5));
#2073 = VECTOR('',#2074,1.);
#2074 = DIRECTION('',(-0.707106781187,1.731912112471E-16,0.707106781187)
  );
#2075 = ORIENTED_EDGE('',*,*,#2076,.F.);
#2076 = EDGE_CURVE('',#2069,#2069,#2077,.T.);
#2077 = CIRCLE('',#2078,1.7);
#2078 = AXIS2_PLACEMENT_3D('',#2079,#2080,#2081);
#2079 = CARTESIAN_POINT('',(379.81,198.81,1.55));
#2080 = DIRECTION('',(0.,0.,1.));
#2081 = DIRECTION('',(1.,0.,-0.));
#2082 = ORIENTED_EDGE('',*,*,#2068,.F.);
#2083 = ORIENTED_EDGE('',*,*,#533,.T.);
#2084 = CONICAL_SURFACE('',#2085,3.75,0.785398163397);
#2085 = AXIS2_PLACEMENT_3D('',#2086,#2087,#2088);
#2086 = CARTESIAN_POINT('',(379.81,198.81,-0.5));
#2087 = DIRECTION('',(-0.,-0.,-1.));
#2088 = DIRECTION('',(1.,0.,-0.));
#2089 = ADVANCED_FACE('',(#2090),#2109,.F.);
#2090 = FACE_BOUND('',#2091,.F.);
#2091 = EDGE_LOOP('',(#2092,#2100,#2107,#2108));
#2092 = ORIENTED_EDGE('',*,*,#2093,.T.);
#2093 = EDGE_CURVE('',#545,#2094,#2096,.T.);
#2094 = VERTEX_POINT('',#2095);
#2095 = CARTESIAN_POINT('',(28.2,231.5,1.55));
#2096 = LINE('',#2097,#2098);
#2097 = CARTESIAN_POINT('',(30.25,231.5,-0.5));
#2098 = VECTOR('',#2099,1.);
#2099 = DIRECTION('',(-0.707106781187,1.731912112471E-16,0.707106781187)
  );
#2100 = ORIENTED_EDGE('',*,*,#2101,.F.);
#2101 = EDGE_CURVE('',#2094,#2094,#2102,.T.);
#2102 = CIRCLE('',#2103,1.7);
#2103 = AXIS2_PLACEMENT_3D('',#2104,#2105,#2106);
#2104 = CARTESIAN_POINT('',(26.5,231.5,1.55));
#2105 = DIRECTION('',(0.,0.,1.));
#2106 = DIRECTION('',(1.,0.,-0.));
#2107 = ORIENTED_EDGE('',*,*,#2093,.F.);
#2108 = ORIENTED_EDGE('',*,*,#544,.T.);
#2109 = CONICAL_SURFACE('',#2110,3.75,0.785398163397);
#2110 = AXIS2_PLACEMENT_3D('',#2111,#2112,#2113);
#2111 = CARTESIAN_POINT('',(26.5,231.5,-0.5));
#2112 = DIRECTION('',(-0.,-0.,-1.));
#2113 = DIRECTION('',(1.,0.,-0.));
#2114 = ADVANCED_FACE('',(#2115),#2134,.F.);
#2115 = FACE_BOUND('',#2116,.F.);
#2116 = EDGE_LOOP('',(#2117,#2125,#2132,#2133));
#2117 = ORIENTED_EDGE('',*,*,#2118,.T.);
#2118 = EDGE_CURVE('',#556,#2119,#2121,.T.);
#2119 = VERTEX_POINT('',#2120);
#2120 = CARTESIAN_POINT('',(173.2,231.5,1.55));
#2121 = LINE('',#2122,#2123);
#2122 = CARTESIAN_POINT('',(175.25,231.5,-0.5));
#2123 = VECTOR('',#2124,1.);
#2124 = DIRECTION('',(-0.707106781187,1.731912112471E-16,0.707106781187)
  );
#2125 = ORIENTED_EDGE('',*,*,#2126,.F.);
#2126 = EDGE_CURVE('',#2119,#2119,#2127,.T.);
#2127 = CIRCLE('',#2128,1.7);
#2128 = AXIS2_PLACEMENT_3D('',#2129,#2130,#2131);
#2129 = CARTESIAN_POINT('',(171.5,231.5,1.55));
#2130 = DIRECTION('',(0.,0.,1.));
#2131 = DIRECTION('',(1.,0.,-0.));
#2132 = ORIENTED_EDGE('',*,*,#2118,.F.);
#2133 = ORIENTED_EDGE('',*,*,#555,.T.);
#2134 = CONICAL_SURFACE('',#2135,3.75,0.785398163397);
#2135 = AXIS2_PLACEMENT_3D('',#2136,#2137,#2138);
#2136 = CARTESIAN_POINT('',(171.5,231.5,-0.5));
#2137 = DIRECTION('',(-0.,-0.,-1.));
#2138 = DIRECTION('',(1.,0.,-0.));
#2139 = ADVANCED_FACE('',(#2140),#2159,.F.);
#2140 = FACE_BOUND('',#2141,.F.);
#2141 = EDGE_LOOP('',(#2142,#2150,#2157,#2158));
#2142 = ORIENTED_EDGE('',*,*,#2143,.T.);
#2143 = EDGE_CURVE('',#567,#2144,#2146,.T.);
#2144 = VERTEX_POINT('',#2145);
#2145 = CARTESIAN_POINT('',(8.,273.,2.));
#2146 = LINE('',#2147,#2148);
#2147 = CARTESIAN_POINT('',(10.5,273.,-0.5));
#2148 = VECTOR('',#2149,1.);
#2149 = DIRECTION('',(-0.707106781187,1.731912112471E-16,0.707106781187)
  );
#2150 = ORIENTED_EDGE('',*,*,#2151,.F.);
#2151 = EDGE_CURVE('',#2144,#2144,#2152,.T.);
#2152 = CIRCLE('',#2153,2.);
#2153 = AXIS2_PLACEMENT_3D('',#2154,#2155,#2156);
#2154 = CARTESIAN_POINT('',(6.,273.,2.));
#2155 = DIRECTION('',(0.,0.,1.));
#2156 = DIRECTION('',(1.,0.,-0.));
#2157 = ORIENTED_EDGE('',*,*,#2143,.F.);
#2158 = ORIENTED_EDGE('',*,*,#566,.T.);
#2159 = CONICAL_SURFACE('',#2160,4.5,0.785398163397);
#2160 = AXIS2_PLACEMENT_3D('',#2161,#2162,#2163);
#2161 = CARTESIAN_POINT('',(6.,273.,-0.5));
#2162 = DIRECTION('',(-0.,-0.,-1.));
#2163 = DIRECTION('',(1.,0.,-0.));
#2164 = ADVANCED_FACE('',(#2165),#2184,.F.);
#2165 = FACE_BOUND('',#2166,.F.);
#2166 = EDGE_LOOP('',(#2167,#2175,#2182,#2183));
#2167 = ORIENTED_EDGE('',*,*,#2168,.T.);
#2168 = EDGE_CURVE('',#578,#2169,#2171,.T.);
#2169 = VERTEX_POINT('',#2170);
#2170 = CARTESIAN_POINT('',(27.,304.,2.));
#2171 = LINE('',#2172,#2173);
#2172 = CARTESIAN_POINT('',(29.5,304.,-0.5));
#2173 = VECTOR('',#2174,1.);
#2174 = DIRECTION('',(-0.707106781187,1.731912112471E-16,0.707106781187)
  );
#2175 = ORIENTED_EDGE('',*,*,#2176,.F.);
#2176 = EDGE_CURVE('',#2169,#2169,#2177,.T.);
#2177 = CIRCLE('',#2178,2.);
#2178 = AXIS2_PLACEMENT_3D('',#2179,#2180,#2181);
#2179 = CARTESIAN_POINT('',(25.,304.,2.));
#2180 = DIRECTION('',(0.,0.,1.));
#2181 = DIRECTION('',(1.,0.,-0.));
#2182 = ORIENTED_EDGE('',*,*,#2168,.F.);
#2183 = ORIENTED_EDGE('',*,*,#577,.T.);
#2184 = CONICAL_SURFACE('',#2185,4.5,0.785398163397);
#2185 = AXIS2_PLACEMENT_3D('',#2186,#2187,#2188);
#2186 = CARTESIAN_POINT('',(25.,304.,-0.5));
#2187 = DIRECTION('',(-0.,-0.,-1.));
#2188 = DIRECTION('',(1.,0.,-0.));
#2189 = ADVANCED_FACE('',(#2190),#2209,.F.);
#2190 = FACE_BOUND('',#2191,.F.);
#2191 = EDGE_LOOP('',(#2192,#2200,#2207,#2208));
#2192 = ORIENTED_EDGE('',*,*,#2193,.T.);
#2193 = EDGE_CURVE('',#589,#2194,#2196,.T.);
#2194 = VERTEX_POINT('',#2195);
#2195 = CARTESIAN_POINT('',(212.7,283.,1.55));
#2196 = LINE('',#2197,#2198);
#2197 = CARTESIAN_POINT('',(214.75,283.,-0.5));
#2198 = VECTOR('',#2199,1.);
#2199 = DIRECTION('',(-0.707106781187,1.731912112471E-16,0.707106781187)
  );
#2200 = ORIENTED_EDGE('',*,*,#2201,.F.);
#2201 = EDGE_CURVE('',#2194,#2194,#2202,.T.);
#2202 = CIRCLE('',#2203,1.7);
#2203 = AXIS2_PLACEMENT_3D('',#2204,#2205,#2206);
#2204 = CARTESIAN_POINT('',(211.,283.,1.55));
#2205 = DIRECTION('',(0.,0.,1.));
#2206 = DIRECTION('',(1.,0.,-0.));
#2207 = ORIENTED_EDGE('',*,*,#2193,.F.);
#2208 = ORIENTED_EDGE('',*,*,#588,.T.);
#2209 = CONICAL_SURFACE('',#2210,3.75,0.785398163397);
#2210 = AXIS2_PLACEMENT_3D('',#2211,#2212,#2213);
#2211 = CARTESIAN_POINT('',(211.,283.,-0.5));
#2212 = DIRECTION('',(-0.,-0.,-1.));
#2213 = DIRECTION('',(1.,0.,-0.));
#2214 = ADVANCED_FACE('',(#2215),#2234,.F.);
#2215 = FACE_BOUND('',#2216,.F.);
#2216 = EDGE_LOOP('',(#2217,#2225,#2232,#2233));
#2217 = ORIENTED_EDGE('',*,*,#2218,.T.);
#2218 = EDGE_CURVE('',#600,#2219,#2221,.T.);
#2219 = VERTEX_POINT('',#2220);
#2220 = CARTESIAN_POINT('',(170.5,304.,2.));
#2221 = LINE('',#2222,#2223);
#2222 = CARTESIAN_POINT('',(173.,304.,-0.5));
#2223 = VECTOR('',#2224,1.);
#2224 = DIRECTION('',(-0.707106781187,1.731912112471E-16,0.707106781187)
  );
#2225 = ORIENTED_EDGE('',*,*,#2226,.F.);
#2226 = EDGE_CURVE('',#2219,#2219,#2227,.T.);
#2227 = CIRCLE('',#2228,2.);
#2228 = AXIS2_PLACEMENT_3D('',#2229,#2230,#2231);
#2229 = CARTESIAN_POINT('',(168.5,304.,2.));
#2230 = DIRECTION('',(0.,0.,1.));
#2231 = DIRECTION('',(1.,0.,-0.));
#2232 = ORIENTED_EDGE('',*,*,#2218,.F.);
#2233 = ORIENTED_EDGE('',*,*,#599,.T.);
#2234 = CONICAL_SURFACE('',#2235,4.5,0.785398163397);
#2235 = AXIS2_PLACEMENT_3D('',#2236,#2237,#2238);
#2236 = CARTESIAN_POINT('',(168.5,304.,-0.5));
#2237 = DIRECTION('',(-0.,-0.,-1.));
#2238 = DIRECTION('',(1.,0.,-0.));
#2239 = ADVANCED_FACE('',(#2240),#2259,.F.);
#2240 = FACE_BOUND('',#2241,.F.);
#2241 = EDGE_LOOP('',(#2242,#2250,#2257,#2258));
#2242 = ORIENTED_EDGE('',*,*,#2243,.T.);
#2243 = EDGE_CURVE('',#611,#2244,#2246,.T.);
#2244 = VERTEX_POINT('',#2245);
#2245 = CARTESIAN_POINT('',(307.3,283.,1.55));
#2246 = LINE('',#2247,#2248);
#2247 = CARTESIAN_POINT('',(309.35,283.,-0.5));
#2248 = VECTOR('',#2249,1.);
#2249 = DIRECTION('',(-0.707106781187,1.731912112471E-16,0.707106781187)
  );
#2250 = ORIENTED_EDGE('',*,*,#2251,.F.);
#2251 = EDGE_CURVE('',#2244,#2244,#2252,.T.);
#2252 = CIRCLE('',#2253,1.7);
#2253 = AXIS2_PLACEMENT_3D('',#2254,#2255,#2256);
#2254 = CARTESIAN_POINT('',(305.6,283.,1.55));
#2255 = DIRECTION('',(0.,0.,1.));
#2256 = DIRECTION('',(1.,0.,-0.));
#2257 = ORIENTED_EDGE('',*,*,#2243,.F.);
#2258 = ORIENTED_EDGE('',*,*,#610,.T.);
#2259 = CONICAL_SURFACE('',#2260,3.75,0.785398163397);
#2260 = AXIS2_PLACEMENT_3D('',#2261,#2262,#2263);
#2261 = CARTESIAN_POINT('',(305.6,283.,-0.5));
#2262 = DIRECTION('',(-0.,-0.,-1.));
#2263 = DIRECTION('',(1.,0.,-0.));
#2264 = ADVANCED_FACE('',(#2265),#2284,.F.);
#2265 = FACE_BOUND('',#2266,.F.);
#2266 = EDGE_LOOP('',(#2267,#2275,#2282,#2283));
#2267 = ORIENTED_EDGE('',*,*,#2268,.T.);
#2268 = EDGE_CURVE('',#622,#2269,#2271,.T.);
#2269 = VERTEX_POINT('',#2270);
#2270 = CARTESIAN_POINT('',(314.,304.,2.));
#2271 = LINE('',#2272,#2273);
#2272 = CARTESIAN_POINT('',(316.5,304.,-0.5));
#2273 = VECTOR('',#2274,1.);
#2274 = DIRECTION('',(-0.707106781187,1.731912112471E-16,0.707106781187)
  );
#2275 = ORIENTED_EDGE('',*,*,#2276,.F.);
#2276 = EDGE_CURVE('',#2269,#2269,#2277,.T.);
#2277 = CIRCLE('',#2278,2.);
#2278 = AXIS2_PLACEMENT_3D('',#2279,#2280,#2281);
#2279 = CARTESIAN_POINT('',(312.,304.,2.));
#2280 = DIRECTION('',(0.,0.,1.));
#2281 = DIRECTION('',(1.,0.,-0.));
#2282 = ORIENTED_EDGE('',*,*,#2268,.F.);
#2283 = ORIENTED_EDGE('',*,*,#621,.T.);
#2284 = CONICAL_SURFACE('',#2285,4.5,0.785398163397);
#2285 = AXIS2_PLACEMENT_3D('',#2286,#2287,#2288);
#2286 = CARTESIAN_POINT('',(312.,304.,-0.5));
#2287 = DIRECTION('',(-0.,-0.,-1.));
#2288 = DIRECTION('',(1.,0.,-0.));
#2289 = ADVANCED_FACE('',(#2290),#2309,.F.);
#2290 = FACE_BOUND('',#2291,.F.);
#2291 = EDGE_LOOP('',(#2292,#2300,#2307,#2308));
#2292 = ORIENTED_EDGE('',*,*,#2293,.T.);
#2293 = EDGE_CURVE('',#633,#2294,#2296,.T.);
#2294 = VERTEX_POINT('',#2295);
#2295 = CARTESIAN_POINT('',(381.51,271.2,1.55));
#2296 = LINE('',#2297,#2298);
#2297 = CARTESIAN_POINT('',(383.56,271.2,-0.5));
#2298 = VECTOR('',#2299,1.);
#2299 = DIRECTION('',(-0.707106781187,1.731912112471E-16,0.707106781187)
  );
#2300 = ORIENTED_EDGE('',*,*,#2301,.F.);
#2301 = EDGE_CURVE('',#2294,#2294,#2302,.T.);
#2302 = CIRCLE('',#2303,1.7);
#2303 = AXIS2_PLACEMENT_3D('',#2304,#2305,#2306);
#2304 = CARTESIAN_POINT('',(379.81,271.2,1.55));
#2305 = DIRECTION('',(0.,0.,1.));
#2306 = DIRECTION('',(1.,0.,-0.));
#2307 = ORIENTED_EDGE('',*,*,#2293,.F.);
#2308 = ORIENTED_EDGE('',*,*,#632,.T.);
#2309 = CONICAL_SURFACE('',#2310,3.75,0.785398163397);
#2310 = AXIS2_PLACEMENT_3D('',#2311,#2312,#2313);
#2311 = CARTESIAN_POINT('',(379.81,271.2,-0.5));
#2312 = DIRECTION('',(-0.,-0.,-1.));
#2313 = DIRECTION('',(1.,0.,-0.));
#2314 = ADVANCED_FACE('',(#2315),#2334,.F.);
#2315 = FACE_BOUND('',#2316,.F.);
#2316 = EDGE_LOOP('',(#2317,#2325,#2332,#2333));
#2317 = ORIENTED_EDGE('',*,*,#2318,.T.);
#2318 = EDGE_CURVE('',#644,#2319,#2321,.T.);
#2319 = VERTEX_POINT('',#2320);
#2320 = CARTESIAN_POINT('',(362.7,283.,1.55));
#2321 = LINE('',#2322,#2323);
#2322 = CARTESIAN_POINT('',(364.75,283.,-0.5));
#2323 = VECTOR('',#2324,1.);
#2324 = DIRECTION('',(-0.707106781187,1.731912112471E-16,0.707106781187)
  );
#2325 = ORIENTED_EDGE('',*,*,#2326,.F.);
#2326 = EDGE_CURVE('',#2319,#2319,#2327,.T.);
#2327 = CIRCLE('',#2328,1.7);
#2328 = AXIS2_PLACEMENT_3D('',#2329,#2330,#2331);
#2329 = CARTESIAN_POINT('',(361.,283.,1.55));
#2330 = DIRECTION('',(0.,0.,1.));
#2331 = DIRECTION('',(1.,0.,-0.));
#2332 = ORIENTED_EDGE('',*,*,#2318,.F.);
#2333 = ORIENTED_EDGE('',*,*,#643,.T.);
#2334 = CONICAL_SURFACE('',#2335,3.75,0.785398163397);
#2335 = AXIS2_PLACEMENT_3D('',#2336,#2337,#2338);
#2336 = CARTESIAN_POINT('',(361.,283.,-0.5));
#2337 = DIRECTION('',(-0.,-0.,-1.));
#2338 = DIRECTION('',(1.,0.,-0.));
#2339 = ADVANCED_FACE('',(#2340),#2359,.F.);
#2340 = FACE_BOUND('',#2341,.F.);
#2341 = EDGE_LOOP('',(#2342,#2350,#2357,#2358));
#2342 = ORIENTED_EDGE('',*,*,#2343,.T.);
#2343 = EDGE_CURVE('',#655,#2344,#2346,.T.);
#2344 = VERTEX_POINT('',#2345);
#2345 = CARTESIAN_POINT('',(526.11,162.,2.5));
#2346 = LINE('',#2347,#2348);
#2347 = CARTESIAN_POINT('',(529.11,162.,-0.5));
#2348 = VECTOR('',#2349,1.);
#2349 = DIRECTION('',(-0.707106781187,1.731912112471E-16,0.707106781187)
  );
#2350 = ORIENTED_EDGE('',*,*,#2351,.F.);
#2351 = EDGE_CURVE('',#2344,#2344,#2352,.T.);
#2352 = CIRCLE('',#2353,2.5);
#2353 = AXIS2_PLACEMENT_3D('',#2354,#2355,#2356);
#2354 = CARTESIAN_POINT('',(523.61,162.,2.5));
#2355 = DIRECTION('',(0.,0.,1.));
#2356 = DIRECTION('',(1.,0.,-0.));
#2357 = ORIENTED_EDGE('',*,*,#2343,.F.);
#2358 = ORIENTED_EDGE('',*,*,#654,.T.);
#2359 = CONICAL_SURFACE('',#2360,5.5,0.785398163397);
#2360 = AXIS2_PLACEMENT_3D('',#2361,#2362,#2363);
#2361 = CARTESIAN_POINT('',(523.61,162.,-0.5));
#2362 = DIRECTION('',(-0.,-0.,-1.));
#2363 = DIRECTION('',(1.,0.,-0.));
#2364 = ADVANCED_FACE('',(#2365),#2384,.F.);
#2365 = FACE_BOUND('',#2366,.F.);
#2366 = EDGE_LOOP('',(#2367,#2375,#2382,#2383));
#2367 = ORIENTED_EDGE('',*,*,#2368,.T.);
#2368 = EDGE_CURVE('',#666,#2369,#2371,.T.);
#2369 = VERTEX_POINT('',#2370);
#2370 = CARTESIAN_POINT('',(499.62,198.81,1.55));
#2371 = LINE('',#2372,#2373);
#2372 = CARTESIAN_POINT('',(501.67,198.81,-0.5));
#2373 = VECTOR('',#2374,1.);
#2374 = DIRECTION('',(-0.707106781187,1.731912112471E-16,0.707106781187)
  );
#2375 = ORIENTED_EDGE('',*,*,#2376,.F.);
#2376 = EDGE_CURVE('',#2369,#2369,#2377,.T.);
#2377 = CIRCLE('',#2378,1.7);
#2378 = AXIS2_PLACEMENT_3D('',#2379,#2380,#2381);
#2379 = CARTESIAN_POINT('',(497.92,198.81,1.55));
#2380 = DIRECTION('',(0.,0.,1.));
#2381 = DIRECTION('',(1.,0.,-0.));
#2382 = ORIENTED_EDGE('',*,*,#2368,.F.);
#2383 = ORIENTED_EDGE('',*,*,#665,.T.);
#2384 = CONICAL_SURFACE('',#2385,3.75,0.785398163397);
#2385 = AXIS2_PLACEMENT_3D('',#2386,#2387,#2388);
#2386 = CARTESIAN_POINT('',(497.92,198.81,-0.5));
#2387 = DIRECTION('',(-0.,-0.,-1.));
#2388 = DIRECTION('',(1.,0.,-0.));
#2389 = ADVANCED_FACE('',(#2390),#2409,.F.);
#2390 = FACE_BOUND('',#2391,.F.);
#2391 = EDGE_LOOP('',(#2392,#2400,#2407,#2408));
#2392 = ORIENTED_EDGE('',*,*,#2393,.T.);
#2393 = EDGE_CURVE('',#677,#2394,#2396,.T.);
#2394 = VERTEX_POINT('',#2395);
#2395 = CARTESIAN_POINT('',(705.7,162.,2.5));
#2396 = LINE('',#2397,#2398);
#2397 = CARTESIAN_POINT('',(708.7,162.,-0.5));
#2398 = VECTOR('',#2399,1.);
#2399 = DIRECTION('',(-0.707106781187,1.731912112471E-16,0.707106781187)
  );
#2400 = ORIENTED_EDGE('',*,*,#2401,.F.);
#2401 = EDGE_CURVE('',#2394,#2394,#2402,.T.);
#2402 = CIRCLE('',#2403,2.5);
#2403 = AXIS2_PLACEMENT_3D('',#2404,#2405,#2406);
#2404 = CARTESIAN_POINT('',(703.2,162.,2.5));
#2405 = DIRECTION('',(0.,0.,1.));
#2406 = DIRECTION('',(1.,0.,-0.));
#2407 = ORIENTED_EDGE('',*,*,#2393,.F.);
#2408 = ORIENTED_EDGE('',*,*,#676,.T.);
#2409 = CONICAL_SURFACE('',#2410,5.5,0.785398163397);
#2410 = AXIS2_PLACEMENT_3D('',#2411,#2412,#2413);
#2411 = CARTESIAN_POINT('',(703.2,162.,-0.5));
#2412 = DIRECTION('',(-0.,-0.,-1.));
#2413 = DIRECTION('',(1.,0.,-0.));
#2414 = ADVANCED_FACE('',(#2415),#2434,.F.);
#2415 = FACE_BOUND('',#2416,.F.);
#2416 = EDGE_LOOP('',(#2417,#2425,#2432,#2433));
#2417 = ORIENTED_EDGE('',*,*,#2418,.T.);
#2418 = EDGE_CURVE('',#688,#2419,#2421,.T.);
#2419 = VERTEX_POINT('',#2420);
#2420 = CARTESIAN_POINT('',(870.9,162.,2.5));
#2421 = LINE('',#2422,#2423);
#2422 = CARTESIAN_POINT('',(873.9,162.,-0.5));
#2423 = VECTOR('',#2424,1.);
#2424 = DIRECTION('',(-0.707106781187,1.731912112471E-16,0.707106781187)
  );
#2425 = ORIENTED_EDGE('',*,*,#2426,.F.);
#2426 = EDGE_CURVE('',#2419,#2419,#2427,.T.);
#2427 = CIRCLE('',#2428,2.5);
#2428 = AXIS2_PLACEMENT_3D('',#2429,#2430,#2431);
#2429 = CARTESIAN_POINT('',(868.4,162.,2.5));
#2430 = DIRECTION('',(0.,0.,1.));
#2431 = DIRECTION('',(1.,0.,-0.));
#2432 = ORIENTED_EDGE('',*,*,#2418,.F.);
#2433 = ORIENTED_EDGE('',*,*,#687,.T.);
#2434 = CONICAL_SURFACE('',#2435,5.5,0.785398163397);
#2435 = AXIS2_PLACEMENT_3D('',#2436,#2437,#2438);
#2436 = CARTESIAN_POINT('',(868.4,162.,-0.5));
#2437 = DIRECTION('',(-0.,-0.,-1.));
#2438 = DIRECTION('',(1.,0.,-0.));
#2439 = ADVANCED_FACE('',(#2440),#2459,.F.);
#2440 = FACE_BOUND('',#2441,.F.);
#2441 = EDGE_LOOP('',(#2442,#2450,#2457,#2458));
#2442 = ORIENTED_EDGE('',*,*,#2443,.T.);
#2443 = EDGE_CURVE('',#699,#2444,#2446,.T.);
#2444 = VERTEX_POINT('',#2445);
#2445 = CARTESIAN_POINT('',(895.,155.,2.));
#2446 = LINE('',#2447,#2448);
#2447 = CARTESIAN_POINT('',(897.5,155.,-0.5));
#2448 = VECTOR('',#2449,1.);
#2449 = DIRECTION('',(-0.707106781187,1.731912112471E-16,0.707106781187)
  );
#2450 = ORIENTED_EDGE('',*,*,#2451,.F.);
#2451 = EDGE_CURVE('',#2444,#2444,#2452,.T.);
#2452 = CIRCLE('',#2453,2.);
#2453 = AXIS2_PLACEMENT_3D('',#2454,#2455,#2456);
#2454 = CARTESIAN_POINT('',(893.,155.,2.));
#2455 = DIRECTION('',(0.,0.,1.));
#2456 = DIRECTION('',(1.,0.,-0.));
#2457 = ORIENTED_EDGE('',*,*,#2443,.F.);
#2458 = ORIENTED_EDGE('',*,*,#698,.T.);
#2459 = CONICAL_SURFACE('',#2460,4.5,0.785398163397);
#2460 = AXIS2_PLACEMENT_3D('',#2461,#2462,#2463);
#2461 = CARTESIAN_POINT('',(893.,155.,-0.5));
#2462 = DIRECTION('',(-0.,-0.,-1.));
#2463 = DIRECTION('',(1.,0.,-0.));
#2464 = ADVANCED_FACE('',(#2465),#2484,.F.);
#2465 = FACE_BOUND('',#2466,.F.);
#2466 = EDGE_LOOP('',(#2467,#2475,#2482,#2483));
#2467 = ORIENTED_EDGE('',*,*,#2468,.T.);
#2468 = EDGE_CURVE('',#710,#2469,#2471,.T.);
#2469 = VERTEX_POINT('',#2470);
#2470 = CARTESIAN_POINT('',(907.,155.,2.));
#2471 = LINE('',#2472,#2473);
#2472 = CARTESIAN_POINT('',(909.5,155.,-0.5));
#2473 = VECTOR('',#2474,1.);
#2474 = DIRECTION('',(-0.707106781187,1.731912112471E-16,0.707106781187)
  );
#2475 = ORIENTED_EDGE('',*,*,#2476,.F.);
#2476 = EDGE_CURVE('',#2469,#2469,#2477,.T.);
#2477 = CIRCLE('',#2478,2.);
#2478 = AXIS2_PLACEMENT_3D('',#2479,#2480,#2481);
#2479 = CARTESIAN_POINT('',(905.,155.,2.));
#2480 = DIRECTION('',(0.,0.,1.));
#2481 = DIRECTION('',(1.,0.,-0.));
#2482 = ORIENTED_EDGE('',*,*,#2468,.F.);
#2483 = ORIENTED_EDGE('',*,*,#709,.T.);
#2484 = CONICAL_SURFACE('',#2485,4.5,0.785398163397);
#2485 = AXIS2_PLACEMENT_3D('',#2486,#2487,#2488);
#2486 = CARTESIAN_POINT('',(905.,155.,-0.5));
#2487 = DIRECTION('',(-0.,-0.,-1.));
#2488 = DIRECTION('',(1.,0.,-0.));
#2489 = ADVANCED_FACE('',(#2490),#2509,.F.);
#2490 = FACE_BOUND('',#2491,.F.);
#2491 = EDGE_LOOP('',(#2492,#2500,#2507,#2508));
#2492 = ORIENTED_EDGE('',*,*,#2493,.T.);
#2493 = EDGE_CURVE('',#721,#2494,#2496,.T.);
#2494 = VERTEX_POINT('',#2495);
#2495 = CARTESIAN_POINT('',(499.62,271.2,1.55));
#2496 = LINE('',#2497,#2498);
#2497 = CARTESIAN_POINT('',(501.67,271.2,-0.5));
#2498 = VECTOR('',#2499,1.);
#2499 = DIRECTION('',(-0.707106781187,1.731912112471E-16,0.707106781187)
  );
#2500 = ORIENTED_EDGE('',*,*,#2501,.F.);
#2501 = EDGE_CURVE('',#2494,#2494,#2502,.T.);
#2502 = CIRCLE('',#2503,1.7);
#2503 = AXIS2_PLACEMENT_3D('',#2504,#2505,#2506);
#2504 = CARTESIAN_POINT('',(497.92,271.2,1.55));
#2505 = DIRECTION('',(0.,0.,1.));
#2506 = DIRECTION('',(1.,0.,-0.));
#2507 = ORIENTED_EDGE('',*,*,#2493,.F.);
#2508 = ORIENTED_EDGE('',*,*,#720,.T.);
#2509 = CONICAL_SURFACE('',#2510,3.75,0.785398163397);
#2510 = AXIS2_PLACEMENT_3D('',#2511,#2512,#2513);
#2511 = CARTESIAN_POINT('',(497.92,271.2,-0.5));
#2512 = DIRECTION('',(-0.,-0.,-1.));
#2513 = DIRECTION('',(1.,0.,-0.));
#2514 = ADVANCED_FACE('',(#2515),#2534,.F.);
#2515 = FACE_BOUND('',#2516,.F.);
#2516 = EDGE_LOOP('',(#2517,#2525,#2532,#2533));
#2517 = ORIENTED_EDGE('',*,*,#2518,.T.);
#2518 = EDGE_CURVE('',#732,#2519,#2521,.T.);
#2519 = VERTEX_POINT('',#2520);
#2520 = CARTESIAN_POINT('',(457.5,304.,2.));
#2521 = LINE('',#2522,#2523);
#2522 = CARTESIAN_POINT('',(460.,304.,-0.5));
#2523 = VECTOR('',#2524,1.);
#2524 = DIRECTION('',(-0.707106781187,1.731912112471E-16,0.707106781187)
  );
#2525 = ORIENTED_EDGE('',*,*,#2526,.F.);
#2526 = EDGE_CURVE('',#2519,#2519,#2527,.T.);
#2527 = CIRCLE('',#2528,2.);
#2528 = AXIS2_PLACEMENT_3D('',#2529,#2530,#2531);
#2529 = CARTESIAN_POINT('',(455.5,304.,2.));
#2530 = DIRECTION('',(0.,0.,1.));
#2531 = DIRECTION('',(1.,0.,-0.));
#2532 = ORIENTED_EDGE('',*,*,#2518,.F.);
#2533 = ORIENTED_EDGE('',*,*,#731,.T.);
#2534 = CONICAL_SURFACE('',#2535,4.5,0.785398163397);
#2535 = AXIS2_PLACEMENT_3D('',#2536,#2537,#2538);
#2536 = CARTESIAN_POINT('',(455.5,304.,-0.5));
#2537 = DIRECTION('',(-0.,-0.,-1.));
#2538 = DIRECTION('',(1.,0.,-0.));
#2539 = ADVANCED_FACE('',(#2540),#2559,.F.);
#2540 = FACE_BOUND('',#2541,.F.);
#2541 = EDGE_LOOP('',(#2542,#2550,#2557,#2558));
#2542 = ORIENTED_EDGE('',*,*,#2543,.T.);
#2543 = EDGE_CURVE('',#743,#2544,#2546,.T.);
#2544 = VERTEX_POINT('',#2545);
#2545 = CARTESIAN_POINT('',(601.,304.,2.));
#2546 = LINE('',#2547,#2548);
#2547 = CARTESIAN_POINT('',(603.5,304.,-0.5));
#2548 = VECTOR('',#2549,1.);
#2549 = DIRECTION('',(-0.707106781187,1.731912112471E-16,0.707106781187)
  );
#2550 = ORIENTED_EDGE('',*,*,#2551,.F.);
#2551 = EDGE_CURVE('',#2544,#2544,#2552,.T.);
#2552 = CIRCLE('',#2553,2.);
#2553 = AXIS2_PLACEMENT_3D('',#2554,#2555,#2556);
#2554 = CARTESIAN_POINT('',(599.,304.,2.));
#2555 = DIRECTION('',(0.,0.,1.));
#2556 = DIRECTION('',(1.,0.,-0.));
#2557 = ORIENTED_EDGE('',*,*,#2543,.F.);
#2558 = ORIENTED_EDGE('',*,*,#742,.T.);
#2559 = CONICAL_SURFACE('',#2560,4.5,0.785398163397);
#2560 = AXIS2_PLACEMENT_3D('',#2561,#2562,#2563);
#2561 = CARTESIAN_POINT('',(599.,304.,-0.5));
#2562 = DIRECTION('',(-0.,-0.,-1.));
#2563 = DIRECTION('',(1.,0.,-0.));
#2564 = ADVANCED_FACE('',(#2565),#2584,.F.);
#2565 = FACE_BOUND('',#2566,.F.);
#2566 = EDGE_LOOP('',(#2567,#2575,#2582,#2583));
#2567 = ORIENTED_EDGE('',*,*,#2568,.T.);
#2568 = EDGE_CURVE('',#754,#2569,#2571,.T.);
#2569 = VERTEX_POINT('',#2570);
#2570 = CARTESIAN_POINT('',(744.5,304.,2.));
#2571 = LINE('',#2572,#2573);
#2572 = CARTESIAN_POINT('',(747.,304.,-0.5));
#2573 = VECTOR('',#2574,1.);
#2574 = DIRECTION('',(-0.707106781187,1.731912112471E-16,0.707106781187)
  );
#2575 = ORIENTED_EDGE('',*,*,#2576,.F.);
#2576 = EDGE_CURVE('',#2569,#2569,#2577,.T.);
#2577 = CIRCLE('',#2578,2.);
#2578 = AXIS2_PLACEMENT_3D('',#2579,#2580,#2581);
#2579 = CARTESIAN_POINT('',(742.5,304.,2.));
#2580 = DIRECTION('',(0.,0.,1.));
#2581 = DIRECTION('',(1.,0.,-0.));
#2582 = ORIENTED_EDGE('',*,*,#2568,.F.);
#2583 = ORIENTED_EDGE('',*,*,#753,.T.);
#2584 = CONICAL_SURFACE('',#2585,4.5,0.785398163397);
#2585 = AXIS2_PLACEMENT_3D('',#2586,#2587,#2588);
#2586 = CARTESIAN_POINT('',(742.5,304.,-0.5));
#2587 = DIRECTION('',(-0.,-0.,-1.));
#2588 = DIRECTION('',(1.,0.,-0.));
#2589 = ADVANCED_FACE('',(#2590),#2609,.F.);
#2590 = FACE_BOUND('',#2591,.F.);
#2591 = EDGE_LOOP('',(#2592,#2600,#2607,#2608));
#2592 = ORIENTED_EDGE('',*,*,#2593,.T.);
#2593 = EDGE_CURVE('',#765,#2594,#2596,.T.);
#2594 = VERTEX_POINT('',#2595);
#2595 = CARTESIAN_POINT('',(895.,273.,2.));
#2596 = LINE('',#2597,#2598);
#2597 = CARTESIAN_POINT('',(897.5,273.,-0.5));
#2598 = VECTOR('',#2599,1.);
#2599 = DIRECTION('',(-0.707106781187,1.731912112471E-16,0.707106781187)
  );
#2600 = ORIENTED_EDGE('',*,*,#2601,.F.);
#2601 = EDGE_CURVE('',#2594,#2594,#2602,.T.);
#2602 = CIRCLE('',#2603,2.);
#2603 = AXIS2_PLACEMENT_3D('',#2604,#2605,#2606);
#2604 = CARTESIAN_POINT('',(893.,273.,2.));
#2605 = DIRECTION('',(0.,0.,1.));
#2606 = DIRECTION('',(1.,0.,-0.));
#2607 = ORIENTED_EDGE('',*,*,#2593,.F.);
#2608 = ORIENTED_EDGE('',*,*,#764,.T.);
#2609 = CONICAL_SURFACE('',#2610,4.5,0.785398163397);
#2610 = AXIS2_PLACEMENT_3D('',#2611,#2612,#2613);
#2611 = CARTESIAN_POINT('',(893.,273.,-0.5));
#2612 = DIRECTION('',(-0.,-0.,-1.));
#2613 = DIRECTION('',(1.,0.,-0.));
#2614 = ADVANCED_FACE('',(#2615),#2634,.F.);
#2615 = FACE_BOUND('',#2616,.F.);
#2616 = EDGE_LOOP('',(#2617,#2625,#2632,#2633));
#2617 = ORIENTED_EDGE('',*,*,#2618,.T.);
#2618 = EDGE_CURVE('',#776,#2619,#2621,.T.);
#2619 = VERTEX_POINT('',#2620);
#2620 = CARTESIAN_POINT('',(907.,273.,2.));
#2621 = LINE('',#2622,#2623);
#2622 = CARTESIAN_POINT('',(909.5,273.,-0.5));
#2623 = VECTOR('',#2624,1.);
#2624 = DIRECTION('',(-0.707106781187,1.731912112471E-16,0.707106781187)
  );
#2625 = ORIENTED_EDGE('',*,*,#2626,.F.);
#2626 = EDGE_CURVE('',#2619,#2619,#2627,.T.);
#2627 = CIRCLE('',#2628,2.);
#2628 = AXIS2_PLACEMENT_3D('',#2629,#2630,#2631);
#2629 = CARTESIAN_POINT('',(905.,273.,2.));
#2630 = DIRECTION('',(0.,0.,1.));
#2631 = DIRECTION('',(1.,0.,-0.));
#2632 = ORIENTED_EDGE('',*,*,#2618,.F.);
#2633 = ORIENTED_EDGE('',*,*,#775,.T.);
#2634 = CONICAL_SURFACE('',#2635,4.5,0.785398163397);
#2635 = AXIS2_PLACEMENT_3D('',#2636,#2637,#2638);
#2636 = CARTESIAN_POINT('',(905.,273.,-0.5));
#2637 = DIRECTION('',(-0.,-0.,-1.));
#2638 = DIRECTION('',(1.,0.,-0.));
#2639 = ADVANCED_FACE('',(#2640),#2659,.F.);
#2640 = FACE_BOUND('',#2641,.F.);
#2641 = EDGE_LOOP('',(#2642,#2650,#2657,#2658));
#2642 = ORIENTED_EDGE('',*,*,#2643,.T.);
#2643 = EDGE_CURVE('',#787,#2644,#2646,.T.);
#2644 = VERTEX_POINT('',#2645);
#2645 = CARTESIAN_POINT('',(888.,304.,2.));
#2646 = LINE('',#2647,#2648);
#2647 = CARTESIAN_POINT('',(890.5,304.,-0.5));
#2648 = VECTOR('',#2649,1.);
#2649 = DIRECTION('',(-0.707106781187,1.731912112471E-16,0.707106781187)
  );
#2650 = ORIENTED_EDGE('',*,*,#2651,.F.);
#2651 = EDGE_CURVE('',#2644,#2644,#2652,.T.);
#2652 = CIRCLE('',#2653,2.);
#2653 = AXIS2_PLACEMENT_3D('',#2654,#2655,#2656);
#2654 = CARTESIAN_POINT('',(886.,304.,2.));
#2655 = DIRECTION('',(0.,0.,1.));
#2656 = DIRECTION('',(1.,0.,-0.));
#2657 = ORIENTED_EDGE('',*,*,#2643,.F.);
#2658 = ORIENTED_EDGE('',*,*,#786,.T.);
#2659 = CONICAL_SURFACE('',#2660,4.5,0.785398163397);
#2660 = AXIS2_PLACEMENT_3D('',#2661,#2662,#2663);
#2661 = CARTESIAN_POINT('',(886.,304.,-0.5));
#2662 = DIRECTION('',(-0.,-0.,-1.));
#2663 = DIRECTION('',(1.,0.,-0.));
#2664 = ADVANCED_FACE('',(#2665),#2676,.F.);
#2665 = FACE_BOUND('',#2666,.F.);
#2666 = EDGE_LOOP('',(#2667,#2668,#2674,#2675));
#2667 = ORIENTED_EDGE('',*,*,#814,.F.);
#2668 = ORIENTED_EDGE('',*,*,#2669,.F.);
#2669 = EDGE_CURVE('',#1394,#815,#2670,.T.);
#2670 = LINE('',#2671,#2672);
#2671 = CARTESIAN_POINT('',(27.,6.,-1.));
#2672 = VECTOR('',#2673,1.);
#2673 = DIRECTION('',(0.,0.,1.));
#2674 = ORIENTED_EDGE('',*,*,#1401,.T.);
#2675 = ORIENTED_EDGE('',*,*,#2669,.T.);
#2676 = CYLINDRICAL_SURFACE('',#2677,2.);
#2677 = AXIS2_PLACEMENT_3D('',#2678,#2679,#2680);
#2678 = CARTESIAN_POINT('',(25.,6.,-1.));
#2679 = DIRECTION('',(0.,0.,1.));
#2680 = DIRECTION('',(1.,0.,-0.));
#2681 = ADVANCED_FACE('',(#2682),#2693,.F.);
#2682 = FACE_BOUND('',#2683,.F.);
#2683 = EDGE_LOOP('',(#2684,#2685,#2691,#2692));
#2684 = ORIENTED_EDGE('',*,*,#825,.F.);
#2685 = ORIENTED_EDGE('',*,*,#2686,.F.);
#2686 = EDGE_CURVE('',#1419,#826,#2687,.T.);
#2687 = LINE('',#2688,#2689);
#2688 = CARTESIAN_POINT('',(28.2,26.5,-1.));
#2689 = VECTOR('',#2690,1.);
#2690 = DIRECTION('',(0.,0.,1.));
#2691 = ORIENTED_EDGE('',*,*,#1426,.T.);
#2692 = ORIENTED_EDGE('',*,*,#2686,.T.);
#2693 = CYLINDRICAL_SURFACE('',#2694,1.7);
#2694 = AXIS2_PLACEMENT_3D('',#2695,#2696,#2697);
#2695 = CARTESIAN_POINT('',(26.5,26.5,-1.));
#2696 = DIRECTION('',(0.,0.,1.));
#2697 = DIRECTION('',(1.,0.,-0.));
#2698 = ADVANCED_FACE('',(#2699),#2710,.F.);
#2699 = FACE_BOUND('',#2700,.F.);
#2700 = EDGE_LOOP('',(#2701,#2702,#2708,#2709));
#2701 = ORIENTED_EDGE('',*,*,#836,.F.);
#2702 = ORIENTED_EDGE('',*,*,#2703,.F.);
#2703 = EDGE_CURVE('',#1444,#837,#2704,.T.);
#2704 = LINE('',#2705,#2706);
#2705 = CARTESIAN_POINT('',(8.,37.,-1.));
#2706 = VECTOR('',#2707,1.);
#2707 = DIRECTION('',(0.,0.,1.));
#2708 = ORIENTED_EDGE('',*,*,#1451,.T.);
#2709 = ORIENTED_EDGE('',*,*,#2703,.T.);
#2710 = CYLINDRICAL_SURFACE('',#2711,2.);
#2711 = AXIS2_PLACEMENT_3D('',#2712,#2713,#2714);
#2712 = CARTESIAN_POINT('',(6.,37.,-1.));
#2713 = DIRECTION('',(0.,0.,1.));
#2714 = DIRECTION('',(1.,0.,-0.));
#2715 = ADVANCED_FACE('',(#2716),#2727,.F.);
#2716 = FACE_BOUND('',#2717,.F.);
#2717 = EDGE_LOOP('',(#2718,#2719,#2725,#2726));
#2718 = ORIENTED_EDGE('',*,*,#847,.F.);
#2719 = ORIENTED_EDGE('',*,*,#2720,.F.);
#2720 = EDGE_CURVE('',#1469,#848,#2721,.T.);
#2721 = LINE('',#2722,#2723);
#2722 = CARTESIAN_POINT('',(170.5,6.,-1.));
#2723 = VECTOR('',#2724,1.);
#2724 = DIRECTION('',(0.,0.,1.));
#2725 = ORIENTED_EDGE('',*,*,#1476,.T.);
#2726 = ORIENTED_EDGE('',*,*,#2720,.T.);
#2727 = CYLINDRICAL_SURFACE('',#2728,2.);
#2728 = AXIS2_PLACEMENT_3D('',#2729,#2730,#2731);
#2729 = CARTESIAN_POINT('',(168.5,6.,-1.));
#2730 = DIRECTION('',(0.,0.,1.));
#2731 = DIRECTION('',(1.,0.,-0.));
#2732 = ADVANCED_FACE('',(#2733),#2744,.F.);
#2733 = FACE_BOUND('',#2734,.F.);
#2734 = EDGE_LOOP('',(#2735,#2736,#2742,#2743));
#2735 = ORIENTED_EDGE('',*,*,#858,.F.);
#2736 = ORIENTED_EDGE('',*,*,#2737,.F.);
#2737 = EDGE_CURVE('',#1494,#859,#2738,.T.);
#2738 = LINE('',#2739,#2740);
#2739 = CARTESIAN_POINT('',(173.2,26.5,-1.));
#2740 = VECTOR('',#2741,1.);
#2741 = DIRECTION('',(0.,0.,1.));
#2742 = ORIENTED_EDGE('',*,*,#1501,.T.);
#2743 = ORIENTED_EDGE('',*,*,#2737,.T.);
#2744 = CYLINDRICAL_SURFACE('',#2745,1.7);
#2745 = AXIS2_PLACEMENT_3D('',#2746,#2747,#2748);
#2746 = CARTESIAN_POINT('',(171.5,26.5,-1.));
#2747 = DIRECTION('',(0.,0.,1.));
#2748 = DIRECTION('',(1.,0.,-0.));
#2749 = ADVANCED_FACE('',(#2750),#2761,.F.);
#2750 = FACE_BOUND('',#2751,.F.);
#2751 = EDGE_LOOP('',(#2752,#2753,#2759,#2760));
#2752 = ORIENTED_EDGE('',*,*,#869,.F.);
#2753 = ORIENTED_EDGE('',*,*,#2754,.F.);
#2754 = EDGE_CURVE('',#1519,#870,#2755,.T.);
#2755 = LINE('',#2756,#2757);
#2756 = CARTESIAN_POINT('',(194.,37.,-1.));
#2757 = VECTOR('',#2758,1.);
#2758 = DIRECTION('',(0.,0.,1.));
#2759 = ORIENTED_EDGE('',*,*,#1526,.T.);
#2760 = ORIENTED_EDGE('',*,*,#2754,.T.);
#2761 = CYLINDRICAL_SURFACE('',#2762,2.);
#2762 = AXIS2_PLACEMENT_3D('',#2763,#2764,#2765);
#2763 = CARTESIAN_POINT('',(192.,37.,-1.));
#2764 = DIRECTION('',(0.,0.,1.));
#2765 = DIRECTION('',(1.,0.,-0.));
#2766 = ADVANCED_FACE('',(#2767),#2778,.F.);
#2767 = FACE_BOUND('',#2768,.F.);
#2768 = EDGE_LOOP('',(#2769,#2770,#2776,#2777));
#2769 = ORIENTED_EDGE('',*,*,#880,.F.);
#2770 = ORIENTED_EDGE('',*,*,#2771,.F.);
#2771 = EDGE_CURVE('',#1544,#881,#2772,.T.);
#2772 = LINE('',#2773,#2774);
#2773 = CARTESIAN_POINT('',(314.,6.,-1.));
#2774 = VECTOR('',#2775,1.);
#2775 = DIRECTION('',(0.,0.,1.));
#2776 = ORIENTED_EDGE('',*,*,#1551,.T.);
#2777 = ORIENTED_EDGE('',*,*,#2771,.T.);
#2778 = CYLINDRICAL_SURFACE('',#2779,2.);
#2779 = AXIS2_PLACEMENT_3D('',#2780,#2781,#2782);
#2780 = CARTESIAN_POINT('',(312.,6.,-1.));
#2781 = DIRECTION('',(0.,0.,1.));
#2782 = DIRECTION('',(1.,0.,-0.));
#2783 = ADVANCED_FACE('',(#2784),#2795,.F.);
#2784 = FACE_BOUND('',#2785,.F.);
#2785 = EDGE_LOOP('',(#2786,#2787,#2793,#2794));
#2786 = ORIENTED_EDGE('',*,*,#891,.F.);
#2787 = ORIENTED_EDGE('',*,*,#2788,.F.);
#2788 = EDGE_CURVE('',#1569,#892,#2789,.T.);
#2789 = LINE('',#2790,#2791);
#2790 = CARTESIAN_POINT('',(224.15,86.5,-1.));
#2791 = VECTOR('',#2792,1.);
#2792 = DIRECTION('',(0.,0.,1.));
#2793 = ORIENTED_EDGE('',*,*,#1576,.T.);
#2794 = ORIENTED_EDGE('',*,*,#2788,.T.);
#2795 = CYLINDRICAL_SURFACE('',#2796,2.5);
#2796 = AXIS2_PLACEMENT_3D('',#2797,#2798,#2799);
#2797 = CARTESIAN_POINT('',(221.65,86.5,-1.));
#2798 = DIRECTION('',(0.,0.,1.));
#2799 = DIRECTION('',(1.,0.,-0.));
#2800 = ADVANCED_FACE('',(#2801),#2812,.F.);
#2801 = FACE_BOUND('',#2802,.F.);
#2802 = EDGE_LOOP('',(#2803,#2804,#2810,#2811));
#2803 = ORIENTED_EDGE('',*,*,#902,.F.);
#2804 = ORIENTED_EDGE('',*,*,#2805,.F.);
#2805 = EDGE_CURVE('',#1594,#903,#2806,.T.);
#2806 = LINE('',#2807,#2808);
#2807 = CARTESIAN_POINT('',(361.22,86.5,-1.));
#2808 = VECTOR('',#2809,1.);
#2809 = DIRECTION('',(0.,0.,1.));
#2810 = ORIENTED_EDGE('',*,*,#1601,.T.);
#2811 = ORIENTED_EDGE('',*,*,#2805,.T.);
#2812 = CYLINDRICAL_SURFACE('',#2813,2.5);
#2813 = AXIS2_PLACEMENT_3D('',#2814,#2815,#2816);
#2814 = CARTESIAN_POINT('',(358.72,86.5,-1.));
#2815 = DIRECTION('',(0.,0.,1.));
#2816 = DIRECTION('',(1.,0.,-0.));
#2817 = ADVANCED_FACE('',(#2818),#2829,.F.);
#2818 = FACE_BOUND('',#2819,.F.);
#2819 = EDGE_LOOP('',(#2820,#2821,#2827,#2828));
#2820 = ORIENTED_EDGE('',*,*,#913,.F.);
#2821 = ORIENTED_EDGE('',*,*,#2822,.F.);
#2822 = EDGE_CURVE('',#1619,#914,#2823,.T.);
#2823 = LINE('',#2824,#2825);
#2824 = CARTESIAN_POINT('',(392.,86.5,-1.));
#2825 = VECTOR('',#2826,1.);
#2826 = DIRECTION('',(0.,0.,1.));
#2827 = ORIENTED_EDGE('',*,*,#1626,.T.);
#2828 = ORIENTED_EDGE('',*,*,#2822,.T.);
#2829 = CYLINDRICAL_SURFACE('',#2830,2.);
#2830 = AXIS2_PLACEMENT_3D('',#2831,#2832,#2833);
#2831 = CARTESIAN_POINT('',(390.,86.5,-1.));
#2832 = DIRECTION('',(0.,0.,1.));
#2833 = DIRECTION('',(1.,0.,-0.));
#2834 = ADVANCED_FACE('',(#2835),#2846,.F.);
#2835 = FACE_BOUND('',#2836,.F.);
#2836 = EDGE_LOOP('',(#2837,#2838,#2844,#2845));
#2837 = ORIENTED_EDGE('',*,*,#924,.F.);
#2838 = ORIENTED_EDGE('',*,*,#2839,.F.);
#2839 = EDGE_CURVE('',#1644,#925,#2840,.T.);
#2840 = LINE('',#2841,#2842);
#2841 = CARTESIAN_POINT('',(457.5,6.,-1.));
#2842 = VECTOR('',#2843,1.);
#2843 = DIRECTION('',(0.,0.,1.));
#2844 = ORIENTED_EDGE('',*,*,#1651,.T.);
#2845 = ORIENTED_EDGE('',*,*,#2839,.T.);
#2846 = CYLINDRICAL_SURFACE('',#2847,2.);
#2847 = AXIS2_PLACEMENT_3D('',#2848,#2849,#2850);
#2848 = CARTESIAN_POINT('',(455.5,6.,-1.));
#2849 = DIRECTION('',(0.,0.,1.));
#2850 = DIRECTION('',(1.,0.,-0.));
#2851 = ADVANCED_FACE('',(#2852),#2863,.F.);
#2852 = FACE_BOUND('',#2853,.F.);
#2853 = EDGE_LOOP('',(#2854,#2855,#2861,#2862));
#2854 = ORIENTED_EDGE('',*,*,#935,.F.);
#2855 = ORIENTED_EDGE('',*,*,#2856,.F.);
#2856 = EDGE_CURVE('',#1669,#936,#2857,.T.);
#2857 = LINE('',#2858,#2859);
#2858 = CARTESIAN_POINT('',(601.,6.,-1.));
#2859 = VECTOR('',#2860,1.);
#2860 = DIRECTION('',(0.,0.,1.));
#2861 = ORIENTED_EDGE('',*,*,#1676,.T.);
#2862 = ORIENTED_EDGE('',*,*,#2856,.T.);
#2863 = CYLINDRICAL_SURFACE('',#2864,2.);
#2864 = AXIS2_PLACEMENT_3D('',#2865,#2866,#2867);
#2865 = CARTESIAN_POINT('',(599.,6.,-1.));
#2866 = DIRECTION('',(0.,0.,1.));
#2867 = DIRECTION('',(1.,0.,-0.));
#2868 = ADVANCED_FACE('',(#2869),#2880,.F.);
#2869 = FACE_BOUND('',#2870,.F.);
#2870 = EDGE_LOOP('',(#2871,#2872,#2878,#2879));
#2871 = ORIENTED_EDGE('',*,*,#946,.F.);
#2872 = ORIENTED_EDGE('',*,*,#2873,.F.);
#2873 = EDGE_CURVE('',#1694,#947,#2874,.T.);
#2874 = LINE('',#2875,#2876);
#2875 = CARTESIAN_POINT('',(744.5,6.,-1.));
#2876 = VECTOR('',#2877,1.);
#2877 = DIRECTION('',(0.,0.,1.));
#2878 = ORIENTED_EDGE('',*,*,#1701,.T.);
#2879 = ORIENTED_EDGE('',*,*,#2873,.T.);
#2880 = CYLINDRICAL_SURFACE('',#2881,2.);
#2881 = AXIS2_PLACEMENT_3D('',#2882,#2883,#2884);
#2882 = CARTESIAN_POINT('',(742.5,6.,-1.));
#2883 = DIRECTION('',(0.,0.,1.));
#2884 = DIRECTION('',(1.,0.,-0.));
#2885 = ADVANCED_FACE('',(#2886),#2897,.F.);
#2886 = FACE_BOUND('',#2887,.F.);
#2887 = EDGE_LOOP('',(#2888,#2889,#2895,#2896));
#2888 = ORIENTED_EDGE('',*,*,#957,.F.);
#2889 = ORIENTED_EDGE('',*,*,#2890,.F.);
#2890 = EDGE_CURVE('',#1719,#958,#2891,.T.);
#2891 = LINE('',#2892,#2893);
#2892 = CARTESIAN_POINT('',(888.,6.,-1.));
#2893 = VECTOR('',#2894,1.);
#2894 = DIRECTION('',(0.,0.,1.));
#2895 = ORIENTED_EDGE('',*,*,#1726,.T.);
#2896 = ORIENTED_EDGE('',*,*,#2890,.T.);
#2897 = CYLINDRICAL_SURFACE('',#2898,2.);
#2898 = AXIS2_PLACEMENT_3D('',#2899,#2900,#2901);
#2899 = CARTESIAN_POINT('',(886.,6.,-1.));
#2900 = DIRECTION('',(0.,0.,1.));
#2901 = DIRECTION('',(1.,0.,-0.));
#2902 = ADVANCED_FACE('',(#2903),#2914,.F.);
#2903 = FACE_BOUND('',#2904,.F.);
#2904 = EDGE_LOOP('',(#2905,#2906,#2912,#2913));
#2905 = ORIENTED_EDGE('',*,*,#968,.F.);
#2906 = ORIENTED_EDGE('',*,*,#2907,.F.);
#2907 = EDGE_CURVE('',#1744,#969,#2908,.T.);
#2908 = LINE('',#2909,#2910);
#2909 = CARTESIAN_POINT('',(895.,37.,-1.));
#2910 = VECTOR('',#2911,1.);
#2911 = DIRECTION('',(0.,0.,1.));
#2912 = ORIENTED_EDGE('',*,*,#1751,.T.);
#2913 = ORIENTED_EDGE('',*,*,#2907,.T.);
#2914 = CYLINDRICAL_SURFACE('',#2915,2.);
#2915 = AXIS2_PLACEMENT_3D('',#2916,#2917,#2918);
#2916 = CARTESIAN_POINT('',(893.,37.,-1.));
#2917 = DIRECTION('',(0.,0.,1.));
#2918 = DIRECTION('',(1.,0.,-0.));
#2919 = ADVANCED_FACE('',(#2920),#2931,.F.);
#2920 = FACE_BOUND('',#2921,.F.);
#2921 = EDGE_LOOP('',(#2922,#2923,#2929,#2930));
#2922 = ORIENTED_EDGE('',*,*,#979,.F.);
#2923 = ORIENTED_EDGE('',*,*,#2924,.F.);
#2924 = EDGE_CURVE('',#1769,#980,#2925,.T.);
#2925 = LINE('',#2926,#2927);
#2926 = CARTESIAN_POINT('',(907.,37.,-1.));
#2927 = VECTOR('',#2928,1.);
#2928 = DIRECTION('',(0.,0.,1.));
#2929 = ORIENTED_EDGE('',*,*,#1776,.T.);
#2930 = ORIENTED_EDGE('',*,*,#2924,.T.);
#2931 = CYLINDRICAL_SURFACE('',#2932,2.);
#2932 = AXIS2_PLACEMENT_3D('',#2933,#2934,#2935);
#2933 = CARTESIAN_POINT('',(905.,37.,-1.));
#2934 = DIRECTION('',(0.,0.,1.));
#2935 = DIRECTION('',(1.,0.,-0.));
#2936 = ADVANCED_FACE('',(#2937),#2948,.F.);
#2937 = FACE_BOUND('',#2938,.F.);
#2938 = EDGE_LOOP('',(#2939,#2940,#2946,#2947));
#2939 = ORIENTED_EDGE('',*,*,#990,.F.);
#2940 = ORIENTED_EDGE('',*,*,#2941,.F.);
#2941 = EDGE_CURVE('',#1794,#991,#2942,.T.);
#2942 = LINE('',#2943,#2944);
#2943 = CARTESIAN_POINT('',(526.11,86.5,-1.));
#2944 = VECTOR('',#2945,1.);
#2945 = DIRECTION('',(0.,0.,1.));
#2946 = ORIENTED_EDGE('',*,*,#1801,.T.);
#2947 = ORIENTED_EDGE('',*,*,#2941,.T.);
#2948 = CYLINDRICAL_SURFACE('',#2949,2.5);
#2949 = AXIS2_PLACEMENT_3D('',#2950,#2951,#2952);
#2950 = CARTESIAN_POINT('',(523.61,86.5,-1.));
#2951 = DIRECTION('',(0.,0.,1.));
#2952 = DIRECTION('',(1.,0.,-0.));
#2953 = ADVANCED_FACE('',(#2954),#2965,.F.);
#2954 = FACE_BOUND('',#2955,.F.);
#2955 = EDGE_LOOP('',(#2956,#2957,#2963,#2964));
#2956 = ORIENTED_EDGE('',*,*,#1001,.F.);
#2957 = ORIENTED_EDGE('',*,*,#2958,.F.);
#2958 = EDGE_CURVE('',#1819,#1002,#2959,.T.);
#2959 = LINE('',#2960,#2961);
#2960 = CARTESIAN_POINT('',(705.7,86.5,-1.));
#2961 = VECTOR('',#2962,1.);
#2962 = DIRECTION('',(0.,0.,1.));
#2963 = ORIENTED_EDGE('',*,*,#1826,.T.);
#2964 = ORIENTED_EDGE('',*,*,#2958,.T.);
#2965 = CYLINDRICAL_SURFACE('',#2966,2.5);
#2966 = AXIS2_PLACEMENT_3D('',#2967,#2968,#2969);
#2967 = CARTESIAN_POINT('',(703.2,86.5,-1.));
#2968 = DIRECTION('',(0.,0.,1.));
#2969 = DIRECTION('',(1.,0.,-0.));
#2970 = ADVANCED_FACE('',(#2971),#2982,.F.);
#2971 = FACE_BOUND('',#2972,.F.);
#2972 = EDGE_LOOP('',(#2973,#2974,#2980,#2981));
#2973 = ORIENTED_EDGE('',*,*,#1012,.F.);
#2974 = ORIENTED_EDGE('',*,*,#2975,.F.);
#2975 = EDGE_CURVE('',#1844,#1013,#2976,.T.);
#2976 = LINE('',#2977,#2978);
#2977 = CARTESIAN_POINT('',(870.9,86.5,-1.));
#2978 = VECTOR('',#2979,1.);
#2979 = DIRECTION('',(0.,0.,1.));
#2980 = ORIENTED_EDGE('',*,*,#1851,.T.);
#2981 = ORIENTED_EDGE('',*,*,#2975,.T.);
#2982 = CYLINDRICAL_SURFACE('',#2983,2.5);
#2983 = AXIS2_PLACEMENT_3D('',#2984,#2985,#2986);
#2984 = CARTESIAN_POINT('',(868.4,86.5,-1.));
#2985 = DIRECTION('',(0.,0.,1.));
#2986 = DIRECTION('',(1.,0.,-0.));
#2987 = ADVANCED_FACE('',(#2988),#2999,.F.);
#2988 = FACE_BOUND('',#2989,.F.);
#2989 = EDGE_LOOP('',(#2990,#2991,#2997,#2998));
#2990 = ORIENTED_EDGE('',*,*,#1023,.F.);
#2991 = ORIENTED_EDGE('',*,*,#2992,.F.);
#2992 = EDGE_CURVE('',#1869,#1024,#2993,.T.);
#2993 = LINE('',#2994,#2995);
#2994 = CARTESIAN_POINT('',(8.,155.,-1.));
#2995 = VECTOR('',#2996,1.);
#2996 = DIRECTION('',(0.,0.,1.));
#2997 = ORIENTED_EDGE('',*,*,#1876,.T.);
#2998 = ORIENTED_EDGE('',*,*,#2992,.T.);
#2999 = CYLINDRICAL_SURFACE('',#3000,2.);
#3000 = AXIS2_PLACEMENT_3D('',#3001,#3002,#3003);
#3001 = CARTESIAN_POINT('',(6.,155.,-1.));
#3002 = DIRECTION('',(0.,0.,1.));
#3003 = DIRECTION('',(1.,0.,-0.));
#3004 = ADVANCED_FACE('',(#3005),#3016,.F.);
#3005 = FACE_BOUND('',#3006,.F.);
#3006 = EDGE_LOOP('',(#3007,#3008,#3014,#3015));
#3007 = ORIENTED_EDGE('',*,*,#1034,.F.);
#3008 = ORIENTED_EDGE('',*,*,#3009,.F.);
#3009 = EDGE_CURVE('',#1894,#1035,#3010,.T.);
#3010 = LINE('',#3011,#3012);
#3011 = CARTESIAN_POINT('',(194.,155.,-1.));
#3012 = VECTOR('',#3013,1.);
#3013 = DIRECTION('',(0.,0.,1.));
#3014 = ORIENTED_EDGE('',*,*,#1901,.T.);
#3015 = ORIENTED_EDGE('',*,*,#3009,.T.);
#3016 = CYLINDRICAL_SURFACE('',#3017,2.);
#3017 = AXIS2_PLACEMENT_3D('',#3018,#3019,#3020);
#3018 = CARTESIAN_POINT('',(192.,155.,-1.));
#3019 = DIRECTION('',(0.,0.,1.));
#3020 = DIRECTION('',(1.,0.,-0.));
#3021 = ADVANCED_FACE('',(#3022),#3033,.F.);
#3022 = FACE_BOUND('',#3023,.F.);
#3023 = EDGE_LOOP('',(#3024,#3025,#3031,#3032));
#3024 = ORIENTED_EDGE('',*,*,#1045,.F.);
#3025 = ORIENTED_EDGE('',*,*,#3026,.F.);
#3026 = EDGE_CURVE('',#1919,#1046,#3027,.T.);
#3027 = LINE('',#3028,#3029);
#3028 = CARTESIAN_POINT('',(224.15,162.,-1.));
#3029 = VECTOR('',#3030,1.);
#3030 = DIRECTION('',(0.,0.,1.));
#3031 = ORIENTED_EDGE('',*,*,#1926,.T.);
#3032 = ORIENTED_EDGE('',*,*,#3026,.T.);
#3033 = CYLINDRICAL_SURFACE('',#3034,2.5);
#3034 = AXIS2_PLACEMENT_3D('',#3035,#3036,#3037);
#3035 = CARTESIAN_POINT('',(221.65,162.,-1.));
#3036 = DIRECTION('',(0.,0.,1.));
#3037 = DIRECTION('',(1.,0.,-0.));
#3038 = ADVANCED_FACE('',(#3039),#3050,.F.);
#3039 = FACE_BOUND('',#3040,.F.);
#3040 = EDGE_LOOP('',(#3041,#3042,#3048,#3049));
#3041 = ORIENTED_EDGE('',*,*,#1056,.F.);
#3042 = ORIENTED_EDGE('',*,*,#3043,.F.);
#3043 = EDGE_CURVE('',#1944,#1057,#3044,.T.);
#3044 = LINE('',#3045,#3046);
#3045 = CARTESIAN_POINT('',(212.7,183.,-1.));
#3046 = VECTOR('',#3047,1.);
#3047 = DIRECTION('',(0.,0.,1.));
#3048 = ORIENTED_EDGE('',*,*,#1951,.T.);
#3049 = ORIENTED_EDGE('',*,*,#3043,.T.);
#3050 = CYLINDRICAL_SURFACE('',#3051,1.7);
#3051 = AXIS2_PLACEMENT_3D('',#3052,#3053,#3054);
#3052 = CARTESIAN_POINT('',(211.,183.,-1.));
#3053 = DIRECTION('',(0.,0.,1.));
#3054 = DIRECTION('',(1.,0.,-0.));
#3055 = ADVANCED_FACE('',(#3056),#3067,.F.);
#3056 = FACE_BOUND('',#3057,.F.);
#3057 = EDGE_LOOP('',(#3058,#3059,#3065,#3066));
#3058 = ORIENTED_EDGE('',*,*,#1067,.F.);
#3059 = ORIENTED_EDGE('',*,*,#3060,.F.);
#3060 = EDGE_CURVE('',#1969,#1068,#3061,.T.);
#3061 = LINE('',#3062,#3063);
#3062 = CARTESIAN_POINT('',(307.3,183.,-1.));
#3063 = VECTOR('',#3064,1.);
#3064 = DIRECTION('',(0.,0.,1.));
#3065 = ORIENTED_EDGE('',*,*,#1976,.T.);
#3066 = ORIENTED_EDGE('',*,*,#3060,.T.);
#3067 = CYLINDRICAL_SURFACE('',#3068,1.7);
#3068 = AXIS2_PLACEMENT_3D('',#3069,#3070,#3071);
#3069 = CARTESIAN_POINT('',(305.6,183.,-1.));
#3070 = DIRECTION('',(0.,0.,1.));
#3071 = DIRECTION('',(1.,0.,-0.));
#3072 = ADVANCED_FACE('',(#3073),#3084,.F.);
#3073 = FACE_BOUND('',#3074,.F.);
#3074 = EDGE_LOOP('',(#3075,#3076,#3082,#3083));
#3075 = ORIENTED_EDGE('',*,*,#1078,.F.);
#3076 = ORIENTED_EDGE('',*,*,#3077,.F.);
#3077 = EDGE_CURVE('',#1994,#1079,#3078,.T.);
#3078 = LINE('',#3079,#3080);
#3079 = CARTESIAN_POINT('',(361.22,162.,-1.));
#3080 = VECTOR('',#3081,1.);
#3081 = DIRECTION('',(0.,0.,1.));
#3082 = ORIENTED_EDGE('',*,*,#2001,.T.);
#3083 = ORIENTED_EDGE('',*,*,#3077,.T.);
#3084 = CYLINDRICAL_SURFACE('',#3085,2.5);
#3085 = AXIS2_PLACEMENT_3D('',#3086,#3087,#3088);
#3086 = CARTESIAN_POINT('',(358.72,162.,-1.));
#3087 = DIRECTION('',(0.,0.,1.));
#3088 = DIRECTION('',(1.,0.,-0.));
#3089 = ADVANCED_FACE('',(#3090),#3101,.F.);
#3090 = FACE_BOUND('',#3091,.F.);
#3091 = EDGE_LOOP('',(#3092,#3093,#3099,#3100));
#3092 = ORIENTED_EDGE('',*,*,#1089,.F.);
#3093 = ORIENTED_EDGE('',*,*,#3094,.F.);
#3094 = EDGE_CURVE('',#2019,#1090,#3095,.T.);
#3095 = LINE('',#3096,#3097);
#3096 = CARTESIAN_POINT('',(392.,162.,-1.));
#3097 = VECTOR('',#3098,1.);
#3098 = DIRECTION('',(0.,0.,1.));
#3099 = ORIENTED_EDGE('',*,*,#2026,.T.);
#3100 = ORIENTED_EDGE('',*,*,#3094,.T.);
#3101 = CYLINDRICAL_SURFACE('',#3102,2.);
#3102 = AXIS2_PLACEMENT_3D('',#3103,#3104,#3105);
#3103 = CARTESIAN_POINT('',(390.,162.,-1.));
#3104 = DIRECTION('',(0.,0.,1.));
#3105 = DIRECTION('',(1.,0.,-0.));
#3106 = ADVANCED_FACE('',(#3107),#3118,.F.);
#3107 = FACE_BOUND('',#3108,.F.);
#3108 = EDGE_LOOP('',(#3109,#3110,#3116,#3117));
#3109 = ORIENTED_EDGE('',*,*,#1100,.F.);
#3110 = ORIENTED_EDGE('',*,*,#3111,.F.);
#3111 = EDGE_CURVE('',#2044,#1101,#3112,.T.);
#3112 = LINE('',#3113,#3114);
#3113 = CARTESIAN_POINT('',(362.7,183.,-1.));
#3114 = VECTOR('',#3115,1.);
#3115 = DIRECTION('',(0.,0.,1.));
#3116 = ORIENTED_EDGE('',*,*,#2051,.T.);
#3117 = ORIENTED_EDGE('',*,*,#3111,.T.);
#3118 = CYLINDRICAL_SURFACE('',#3119,1.7);
#3119 = AXIS2_PLACEMENT_3D('',#3120,#3121,#3122);
#3120 = CARTESIAN_POINT('',(361.,183.,-1.));
#3121 = DIRECTION('',(0.,0.,1.));
#3122 = DIRECTION('',(1.,0.,-0.));
#3123 = ADVANCED_FACE('',(#3124),#3135,.F.);
#3124 = FACE_BOUND('',#3125,.F.);
#3125 = EDGE_LOOP('',(#3126,#3127,#3133,#3134));
#3126 = ORIENTED_EDGE('',*,*,#1111,.F.);
#3127 = ORIENTED_EDGE('',*,*,#3128,.F.);
#3128 = EDGE_CURVE('',#2069,#1112,#3129,.T.);
#3129 = LINE('',#3130,#3131);
#3130 = CARTESIAN_POINT('',(381.51,198.81,-1.));
#3131 = VECTOR('',#3132,1.);
#3132 = DIRECTION('',(0.,0.,1.));
#3133 = ORIENTED_EDGE('',*,*,#2076,.T.);
#3134 = ORIENTED_EDGE('',*,*,#3128,.T.);
#3135 = CYLINDRICAL_SURFACE('',#3136,1.7);
#3136 = AXIS2_PLACEMENT_3D('',#3137,#3138,#3139);
#3137 = CARTESIAN_POINT('',(379.81,198.81,-1.));
#3138 = DIRECTION('',(0.,0.,1.));
#3139 = DIRECTION('',(1.,0.,-0.));
#3140 = ADVANCED_FACE('',(#3141),#3152,.F.);
#3141 = FACE_BOUND('',#3142,.F.);
#3142 = EDGE_LOOP('',(#3143,#3144,#3150,#3151));
#3143 = ORIENTED_EDGE('',*,*,#1122,.F.);
#3144 = ORIENTED_EDGE('',*,*,#3145,.F.);
#3145 = EDGE_CURVE('',#2094,#1123,#3146,.T.);
#3146 = LINE('',#3147,#3148);
#3147 = CARTESIAN_POINT('',(28.2,231.5,-1.));
#3148 = VECTOR('',#3149,1.);
#3149 = DIRECTION('',(0.,0.,1.));
#3150 = ORIENTED_EDGE('',*,*,#2101,.T.);
#3151 = ORIENTED_EDGE('',*,*,#3145,.T.);
#3152 = CYLINDRICAL_SURFACE('',#3153,1.7);
#3153 = AXIS2_PLACEMENT_3D('',#3154,#3155,#3156);
#3154 = CARTESIAN_POINT('',(26.5,231.5,-1.));
#3155 = DIRECTION('',(0.,0.,1.));
#3156 = DIRECTION('',(1.,0.,-0.));
#3157 = ADVANCED_FACE('',(#3158),#3169,.F.);
#3158 = FACE_BOUND('',#3159,.F.);
#3159 = EDGE_LOOP('',(#3160,#3161,#3167,#3168));
#3160 = ORIENTED_EDGE('',*,*,#1133,.F.);
#3161 = ORIENTED_EDGE('',*,*,#3162,.F.);
#3162 = EDGE_CURVE('',#2119,#1134,#3163,.T.);
#3163 = LINE('',#3164,#3165);
#3164 = CARTESIAN_POINT('',(173.2,231.5,-1.));
#3165 = VECTOR('',#3166,1.);
#3166 = DIRECTION('',(0.,0.,1.));
#3167 = ORIENTED_EDGE('',*,*,#2126,.T.);
#3168 = ORIENTED_EDGE('',*,*,#3162,.T.);
#3169 = CYLINDRICAL_SURFACE('',#3170,1.7);
#3170 = AXIS2_PLACEMENT_3D('',#3171,#3172,#3173);
#3171 = CARTESIAN_POINT('',(171.5,231.5,-1.));
#3172 = DIRECTION('',(0.,0.,1.));
#3173 = DIRECTION('',(1.,0.,-0.));
#3174 = ADVANCED_FACE('',(#3175),#3186,.F.);
#3175 = FACE_BOUND('',#3176,.F.);
#3176 = EDGE_LOOP('',(#3177,#3178,#3184,#3185));
#3177 = ORIENTED_EDGE('',*,*,#1144,.F.);
#3178 = ORIENTED_EDGE('',*,*,#3179,.F.);
#3179 = EDGE_CURVE('',#2144,#1145,#3180,.T.);
#3180 = LINE('',#3181,#3182);
#3181 = CARTESIAN_POINT('',(8.,273.,-1.));
#3182 = VECTOR('',#3183,1.);
#3183 = DIRECTION('',(0.,0.,1.));
#3184 = ORIENTED_EDGE('',*,*,#2151,.T.);
#3185 = ORIENTED_EDGE('',*,*,#3179,.T.);
#3186 = CYLINDRICAL_SURFACE('',#3187,2.);
#3187 = AXIS2_PLACEMENT_3D('',#3188,#3189,#3190);
#3188 = CARTESIAN_POINT('',(6.,273.,-1.));
#3189 = DIRECTION('',(0.,0.,1.));
#3190 = DIRECTION('',(1.,0.,-0.));
#3191 = ADVANCED_FACE('',(#3192),#3203,.F.);
#3192 = FACE_BOUND('',#3193,.F.);
#3193 = EDGE_LOOP('',(#3194,#3195,#3201,#3202));
#3194 = ORIENTED_EDGE('',*,*,#1155,.F.);
#3195 = ORIENTED_EDGE('',*,*,#3196,.F.);
#3196 = EDGE_CURVE('',#2169,#1156,#3197,.T.);
#3197 = LINE('',#3198,#3199);
#3198 = CARTESIAN_POINT('',(27.,304.,-1.));
#3199 = VECTOR('',#3200,1.);
#3200 = DIRECTION('',(0.,0.,1.));
#3201 = ORIENTED_EDGE('',*,*,#2176,.T.);
#3202 = ORIENTED_EDGE('',*,*,#3196,.T.);
#3203 = CYLINDRICAL_SURFACE('',#3204,2.);
#3204 = AXIS2_PLACEMENT_3D('',#3205,#3206,#3207);
#3205 = CARTESIAN_POINT('',(25.,304.,-1.));
#3206 = DIRECTION('',(0.,0.,1.));
#3207 = DIRECTION('',(1.,0.,-0.));
#3208 = ADVANCED_FACE('',(#3209),#3220,.F.);
#3209 = FACE_BOUND('',#3210,.F.);
#3210 = EDGE_LOOP('',(#3211,#3212,#3218,#3219));
#3211 = ORIENTED_EDGE('',*,*,#1166,.F.);
#3212 = ORIENTED_EDGE('',*,*,#3213,.F.);
#3213 = EDGE_CURVE('',#2194,#1167,#3214,.T.);
#3214 = LINE('',#3215,#3216);
#3215 = CARTESIAN_POINT('',(212.7,283.,-1.));
#3216 = VECTOR('',#3217,1.);
#3217 = DIRECTION('',(0.,0.,1.));
#3218 = ORIENTED_EDGE('',*,*,#2201,.T.);
#3219 = ORIENTED_EDGE('',*,*,#3213,.T.);
#3220 = CYLINDRICAL_SURFACE('',#3221,1.7);
#3221 = AXIS2_PLACEMENT_3D('',#3222,#3223,#3224);
#3222 = CARTESIAN_POINT('',(211.,283.,-1.));
#3223 = DIRECTION('',(0.,0.,1.));
#3224 = DIRECTION('',(1.,0.,-0.));
#3225 = ADVANCED_FACE('',(#3226),#3237,.F.);
#3226 = FACE_BOUND('',#3227,.F.);
#3227 = EDGE_LOOP('',(#3228,#3229,#3235,#3236));
#3228 = ORIENTED_EDGE('',*,*,#1177,.F.);
#3229 = ORIENTED_EDGE('',*,*,#3230,.F.);
#3230 = EDGE_CURVE('',#2219,#1178,#3231,.T.);
#3231 = LINE('',#3232,#3233);
#3232 = CARTESIAN_POINT('',(170.5,304.,-1.));
#3233 = VECTOR('',#3234,1.);
#3234 = DIRECTION('',(0.,0.,1.));
#3235 = ORIENTED_EDGE('',*,*,#2226,.T.);
#3236 = ORIENTED_EDGE('',*,*,#3230,.T.);
#3237 = CYLINDRICAL_SURFACE('',#3238,2.);
#3238 = AXIS2_PLACEMENT_3D('',#3239,#3240,#3241);
#3239 = CARTESIAN_POINT('',(168.5,304.,-1.));
#3240 = DIRECTION('',(0.,0.,1.));
#3241 = DIRECTION('',(1.,0.,-0.));
#3242 = ADVANCED_FACE('',(#3243),#3254,.F.);
#3243 = FACE_BOUND('',#3244,.F.);
#3244 = EDGE_LOOP('',(#3245,#3246,#3252,#3253));
#3245 = ORIENTED_EDGE('',*,*,#1188,.F.);
#3246 = ORIENTED_EDGE('',*,*,#3247,.F.);
#3247 = EDGE_CURVE('',#2244,#1189,#3248,.T.);
#3248 = LINE('',#3249,#3250);
#3249 = CARTESIAN_POINT('',(307.3,283.,-1.));
#3250 = VECTOR('',#3251,1.);
#3251 = DIRECTION('',(0.,0.,1.));
#3252 = ORIENTED_EDGE('',*,*,#2251,.T.);
#3253 = ORIENTED_EDGE('',*,*,#3247,.T.);
#3254 = CYLINDRICAL_SURFACE('',#3255,1.7);
#3255 = AXIS2_PLACEMENT_3D('',#3256,#3257,#3258);
#3256 = CARTESIAN_POINT('',(305.6,283.,-1.));
#3257 = DIRECTION('',(0.,0.,1.));
#3258 = DIRECTION('',(1.,0.,-0.));
#3259 = ADVANCED_FACE('',(#3260),#3271,.F.);
#3260 = FACE_BOUND('',#3261,.F.);
#3261 = EDGE_LOOP('',(#3262,#3263,#3269,#3270));
#3262 = ORIENTED_EDGE('',*,*,#1199,.F.);
#3263 = ORIENTED_EDGE('',*,*,#3264,.F.);
#3264 = EDGE_CURVE('',#2269,#1200,#3265,.T.);
#3265 = LINE('',#3266,#3267);
#3266 = CARTESIAN_POINT('',(314.,304.,-1.));
#3267 = VECTOR('',#3268,1.);
#3268 = DIRECTION('',(0.,0.,1.));
#3269 = ORIENTED_EDGE('',*,*,#2276,.T.);
#3270 = ORIENTED_EDGE('',*,*,#3264,.T.);
#3271 = CYLINDRICAL_SURFACE('',#3272,2.);
#3272 = AXIS2_PLACEMENT_3D('',#3273,#3274,#3275);
#3273 = CARTESIAN_POINT('',(312.,304.,-1.));
#3274 = DIRECTION('',(0.,0.,1.));
#3275 = DIRECTION('',(1.,0.,-0.));
#3276 = ADVANCED_FACE('',(#3277),#3288,.F.);
#3277 = FACE_BOUND('',#3278,.F.);
#3278 = EDGE_LOOP('',(#3279,#3280,#3286,#3287));
#3279 = ORIENTED_EDGE('',*,*,#1210,.F.);
#3280 = ORIENTED_EDGE('',*,*,#3281,.F.);
#3281 = EDGE_CURVE('',#2294,#1211,#3282,.T.);
#3282 = LINE('',#3283,#3284);
#3283 = CARTESIAN_POINT('',(381.51,271.2,-1.));
#3284 = VECTOR('',#3285,1.);
#3285 = DIRECTION('',(0.,0.,1.));
#3286 = ORIENTED_EDGE('',*,*,#2301,.T.);
#3287 = ORIENTED_EDGE('',*,*,#3281,.T.);
#3288 = CYLINDRICAL_SURFACE('',#3289,1.7);
#3289 = AXIS2_PLACEMENT_3D('',#3290,#3291,#3292);
#3290 = CARTESIAN_POINT('',(379.81,271.2,-1.));
#3291 = DIRECTION('',(0.,0.,1.));
#3292 = DIRECTION('',(1.,0.,-0.));
#3293 = ADVANCED_FACE('',(#3294),#3305,.F.);
#3294 = FACE_BOUND('',#3295,.F.);
#3295 = EDGE_LOOP('',(#3296,#3297,#3303,#3304));
#3296 = ORIENTED_EDGE('',*,*,#1221,.F.);
#3297 = ORIENTED_EDGE('',*,*,#3298,.F.);
#3298 = EDGE_CURVE('',#2319,#1222,#3299,.T.);
#3299 = LINE('',#3300,#3301);
#3300 = CARTESIAN_POINT('',(362.7,283.,-1.));
#3301 = VECTOR('',#3302,1.);
#3302 = DIRECTION('',(0.,0.,1.));
#3303 = ORIENTED_EDGE('',*,*,#2326,.T.);
#3304 = ORIENTED_EDGE('',*,*,#3298,.T.);
#3305 = CYLINDRICAL_SURFACE('',#3306,1.7);
#3306 = AXIS2_PLACEMENT_3D('',#3307,#3308,#3309);
#3307 = CARTESIAN_POINT('',(361.,283.,-1.));
#3308 = DIRECTION('',(0.,0.,1.));
#3309 = DIRECTION('',(1.,0.,-0.));
#3310 = ADVANCED_FACE('',(#3311),#3322,.F.);
#3311 = FACE_BOUND('',#3312,.F.);
#3312 = EDGE_LOOP('',(#3313,#3314,#3320,#3321));
#3313 = ORIENTED_EDGE('',*,*,#1232,.F.);
#3314 = ORIENTED_EDGE('',*,*,#3315,.F.);
#3315 = EDGE_CURVE('',#2344,#1233,#3316,.T.);
#3316 = LINE('',#3317,#3318);
#3317 = CARTESIAN_POINT('',(526.11,162.,-1.));
#3318 = VECTOR('',#3319,1.);
#3319 = DIRECTION('',(0.,0.,1.));
#3320 = ORIENTED_EDGE('',*,*,#2351,.T.);
#3321 = ORIENTED_EDGE('',*,*,#3315,.T.);
#3322 = CYLINDRICAL_SURFACE('',#3323,2.5);
#3323 = AXIS2_PLACEMENT_3D('',#3324,#3325,#3326);
#3324 = CARTESIAN_POINT('',(523.61,162.,-1.));
#3325 = DIRECTION('',(0.,0.,1.));
#3326 = DIRECTION('',(1.,0.,-0.));
#3327 = ADVANCED_FACE('',(#3328),#3339,.F.);
#3328 = FACE_BOUND('',#3329,.F.);
#3329 = EDGE_LOOP('',(#3330,#3331,#3337,#3338));
#3330 = ORIENTED_EDGE('',*,*,#1243,.F.);
#3331 = ORIENTED_EDGE('',*,*,#3332,.F.);
#3332 = EDGE_CURVE('',#2369,#1244,#3333,.T.);
#3333 = LINE('',#3334,#3335);
#3334 = CARTESIAN_POINT('',(499.62,198.81,-1.));
#3335 = VECTOR('',#3336,1.);
#3336 = DIRECTION('',(0.,0.,1.));
#3337 = ORIENTED_EDGE('',*,*,#2376,.T.);
#3338 = ORIENTED_EDGE('',*,*,#3332,.T.);
#3339 = CYLINDRICAL_SURFACE('',#3340,1.7);
#3340 = AXIS2_PLACEMENT_3D('',#3341,#3342,#3343);
#3341 = CARTESIAN_POINT('',(497.92,198.81,-1.));
#3342 = DIRECTION('',(0.,0.,1.));
#3343 = DIRECTION('',(1.,0.,-0.));
#3344 = ADVANCED_FACE('',(#3345),#3356,.F.);
#3345 = FACE_BOUND('',#3346,.F.);
#3346 = EDGE_LOOP('',(#3347,#3348,#3354,#3355));
#3347 = ORIENTED_EDGE('',*,*,#1254,.F.);
#3348 = ORIENTED_EDGE('',*,*,#3349,.F.);
#3349 = EDGE_CURVE('',#2394,#1255,#3350,.T.);
#3350 = LINE('',#3351,#3352);
#3351 = CARTESIAN_POINT('',(705.7,162.,-1.));
#3352 = VECTOR('',#3353,1.);
#3353 = DIRECTION('',(0.,0.,1.));
#3354 = ORIENTED_EDGE('',*,*,#2401,.T.);
#3355 = ORIENTED_EDGE('',*,*,#3349,.T.);
#3356 = CYLINDRICAL_SURFACE('',#3357,2.5);
#3357 = AXIS2_PLACEMENT_3D('',#3358,#3359,#3360);
#3358 = CARTESIAN_POINT('',(703.2,162.,-1.));
#3359 = DIRECTION('',(0.,0.,1.));
#3360 = DIRECTION('',(1.,0.,-0.));
#3361 = ADVANCED_FACE('',(#3362),#3373,.F.);
#3362 = FACE_BOUND('',#3363,.F.);
#3363 = EDGE_LOOP('',(#3364,#3365,#3371,#3372));
#3364 = ORIENTED_EDGE('',*,*,#1265,.F.);
#3365 = ORIENTED_EDGE('',*,*,#3366,.F.);
#3366 = EDGE_CURVE('',#2419,#1266,#3367,.T.);
#3367 = LINE('',#3368,#3369);
#3368 = CARTESIAN_POINT('',(870.9,162.,-1.));
#3369 = VECTOR('',#3370,1.);
#3370 = DIRECTION('',(0.,0.,1.));
#3371 = ORIENTED_EDGE('',*,*,#2426,.T.);
#3372 = ORIENTED_EDGE('',*,*,#3366,.T.);
#3373 = CYLINDRICAL_SURFACE('',#3374,2.5);
#3374 = AXIS2_PLACEMENT_3D('',#3375,#3376,#3377);
#3375 = CARTESIAN_POINT('',(868.4,162.,-1.));
#3376 = DIRECTION('',(0.,0.,1.));
#3377 = DIRECTION('',(1.,0.,-0.));
#3378 = ADVANCED_FACE('',(#3379),#3390,.F.);
#3379 = FACE_BOUND('',#3380,.F.);
#3380 = EDGE_LOOP('',(#3381,#3382,#3388,#3389));
#3381 = ORIENTED_EDGE('',*,*,#1276,.F.);
#3382 = ORIENTED_EDGE('',*,*,#3383,.F.);
#3383 = EDGE_CURVE('',#2444,#1277,#3384,.T.);
#3384 = LINE('',#3385,#3386);
#3385 = CARTESIAN_POINT('',(895.,155.,-1.));
#3386 = VECTOR('',#3387,1.);
#3387 = DIRECTION('',(0.,0.,1.));
#3388 = ORIENTED_EDGE('',*,*,#2451,.T.);
#3389 = ORIENTED_EDGE('',*,*,#3383,.T.);
#3390 = CYLINDRICAL_SURFACE('',#3391,2.);
#3391 = AXIS2_PLACEMENT_3D('',#3392,#3393,#3394);
#3392 = CARTESIAN_POINT('',(893.,155.,-1.));
#3393 = DIRECTION('',(0.,0.,1.));
#3394 = DIRECTION('',(1.,0.,-0.));
#3395 = ADVANCED_FACE('',(#3396),#3407,.F.);
#3396 = FACE_BOUND('',#3397,.F.);
#3397 = EDGE_LOOP('',(#3398,#3399,#3405,#3406));
#3398 = ORIENTED_EDGE('',*,*,#1287,.F.);
#3399 = ORIENTED_EDGE('',*,*,#3400,.F.);
#3400 = EDGE_CURVE('',#2469,#1288,#3401,.T.);
#3401 = LINE('',#3402,#3403);
#3402 = CARTESIAN_POINT('',(907.,155.,-1.));
#3403 = VECTOR('',#3404,1.);
#3404 = DIRECTION('',(0.,0.,1.));
#3405 = ORIENTED_EDGE('',*,*,#2476,.T.);
#3406 = ORIENTED_EDGE('',*,*,#3400,.T.);
#3407 = CYLINDRICAL_SURFACE('',#3408,2.);
#3408 = AXIS2_PLACEMENT_3D('',#3409,#3410,#3411);
#3409 = CARTESIAN_POINT('',(905.,155.,-1.));
#3410 = DIRECTION('',(0.,0.,1.));
#3411 = DIRECTION('',(1.,0.,-0.));
#3412 = ADVANCED_FACE('',(#3413),#3424,.F.);
#3413 = FACE_BOUND('',#3414,.F.);
#3414 = EDGE_LOOP('',(#3415,#3416,#3422,#3423));
#3415 = ORIENTED_EDGE('',*,*,#1298,.F.);
#3416 = ORIENTED_EDGE('',*,*,#3417,.F.);
#3417 = EDGE_CURVE('',#2494,#1299,#3418,.T.);
#3418 = LINE('',#3419,#3420);
#3419 = CARTESIAN_POINT('',(499.62,271.2,-1.));
#3420 = VECTOR('',#3421,1.);
#3421 = DIRECTION('',(0.,0.,1.));
#3422 = ORIENTED_EDGE('',*,*,#2501,.T.);
#3423 = ORIENTED_EDGE('',*,*,#3417,.T.);
#3424 = CYLINDRICAL_SURFACE('',#3425,1.7);
#3425 = AXIS2_PLACEMENT_3D('',#3426,#3427,#3428);
#3426 = CARTESIAN_POINT('',(497.92,271.2,-1.));
#3427 = DIRECTION('',(0.,0.,1.));
#3428 = DIRECTION('',(1.,0.,-0.));
#3429 = ADVANCED_FACE('',(#3430),#3441,.F.);
#3430 = FACE_BOUND('',#3431,.F.);
#3431 = EDGE_LOOP('',(#3432,#3433,#3439,#3440));
#3432 = ORIENTED_EDGE('',*,*,#1309,.F.);
#3433 = ORIENTED_EDGE('',*,*,#3434,.F.);
#3434 = EDGE_CURVE('',#2519,#1310,#3435,.T.);
#3435 = LINE('',#3436,#3437);
#3436 = CARTESIAN_POINT('',(457.5,304.,-1.));
#3437 = VECTOR('',#3438,1.);
#3438 = DIRECTION('',(0.,0.,1.));
#3439 = ORIENTED_EDGE('',*,*,#2526,.T.);
#3440 = ORIENTED_EDGE('',*,*,#3434,.T.);
#3441 = CYLINDRICAL_SURFACE('',#3442,2.);
#3442 = AXIS2_PLACEMENT_3D('',#3443,#3444,#3445);
#3443 = CARTESIAN_POINT('',(455.5,304.,-1.));
#3444 = DIRECTION('',(0.,0.,1.));
#3445 = DIRECTION('',(1.,0.,-0.));
#3446 = ADVANCED_FACE('',(#3447),#3458,.F.);
#3447 = FACE_BOUND('',#3448,.F.);
#3448 = EDGE_LOOP('',(#3449,#3450,#3456,#3457));
#3449 = ORIENTED_EDGE('',*,*,#1320,.F.);
#3450 = ORIENTED_EDGE('',*,*,#3451,.F.);
#3451 = EDGE_CURVE('',#2544,#1321,#3452,.T.);
#3452 = LINE('',#3453,#3454);
#3453 = CARTESIAN_POINT('',(601.,304.,-1.));
#3454 = VECTOR('',#3455,1.);
#3455 = DIRECTION('',(0.,0.,1.));
#3456 = ORIENTED_EDGE('',*,*,#2551,.T.);
#3457 = ORIENTED_EDGE('',*,*,#3451,.T.);
#3458 = CYLINDRICAL_SURFACE('',#3459,2.);
#3459 = AXIS2_PLACEMENT_3D('',#3460,#3461,#3462);
#3460 = CARTESIAN_POINT('',(599.,304.,-1.));
#3461 = DIRECTION('',(0.,0.,1.));
#3462 = DIRECTION('',(1.,0.,-0.));
#3463 = ADVANCED_FACE('',(#3464),#3475,.F.);
#3464 = FACE_BOUND('',#3465,.F.);
#3465 = EDGE_LOOP('',(#3466,#3467,#3473,#3474));
#3466 = ORIENTED_EDGE('',*,*,#1331,.F.);
#3467 = ORIENTED_EDGE('',*,*,#3468,.F.);
#3468 = EDGE_CURVE('',#2569,#1332,#3469,.T.);
#3469 = LINE('',#3470,#3471);
#3470 = CARTESIAN_POINT('',(744.5,304.,-1.));
#3471 = VECTOR('',#3472,1.);
#3472 = DIRECTION('',(0.,0.,1.));
#3473 = ORIENTED_EDGE('',*,*,#2576,.T.);
#3474 = ORIENTED_EDGE('',*,*,#3468,.T.);
#3475 = CYLINDRICAL_SURFACE('',#3476,2.);
#3476 = AXIS2_PLACEMENT_3D('',#3477,#3478,#3479);
#3477 = CARTESIAN_POINT('',(742.5,304.,-1.));
#3478 = DIRECTION('',(0.,0.,1.));
#3479 = DIRECTION('',(1.,0.,-0.));
#3480 = ADVANCED_FACE('',(#3481),#3492,.F.);
#3481 = FACE_BOUND('',#3482,.F.);
#3482 = EDGE_LOOP('',(#3483,#3484,#3490,#3491));
#3483 = ORIENTED_EDGE('',*,*,#1342,.F.);
#3484 = ORIENTED_EDGE('',*,*,#3485,.F.);
#3485 = EDGE_CURVE('',#2594,#1343,#3486,.T.);
#3486 = LINE('',#3487,#3488);
#3487 = CARTESIAN_POINT('',(895.,273.,-1.));
#3488 = VECTOR('',#3489,1.);
#3489 = DIRECTION('',(0.,0.,1.));
#3490 = ORIENTED_EDGE('',*,*,#2601,.T.);
#3491 = ORIENTED_EDGE('',*,*,#3485,.T.);
#3492 = CYLINDRICAL_SURFACE('',#3493,2.);
#3493 = AXIS2_PLACEMENT_3D('',#3494,#3495,#3496);
#3494 = CARTESIAN_POINT('',(893.,273.,-1.));
#3495 = DIRECTION('',(0.,0.,1.));
#3496 = DIRECTION('',(1.,0.,-0.));
#3497 = ADVANCED_FACE('',(#3498),#3509,.F.);
#3498 = FACE_BOUND('',#3499,.F.);
#3499 = EDGE_LOOP('',(#3500,#3501,#3507,#3508));
#3500 = ORIENTED_EDGE('',*,*,#1353,.F.);
#3501 = ORIENTED_EDGE('',*,*,#3502,.F.);
#3502 = EDGE_CURVE('',#2619,#1354,#3503,.T.);
#3503 = LINE('',#3504,#3505);
#3504 = CARTESIAN_POINT('',(907.,273.,-1.));
#3505 = VECTOR('',#3506,1.);
#3506 = DIRECTION('',(0.,0.,1.));
#3507 = ORIENTED_EDGE('',*,*,#2626,.T.);
#3508 = ORIENTED_EDGE('',*,*,#3502,.T.);
#3509 = CYLINDRICAL_SURFACE('',#3510,2.);
#3510 = AXIS2_PLACEMENT_3D('',#3511,#3512,#3513);
#3511 = CARTESIAN_POINT('',(905.,273.,-1.));
#3512 = DIRECTION('',(0.,0.,1.));
#3513 = DIRECTION('',(1.,0.,-0.));
#3514 = ADVANCED_FACE('',(#3515),#3526,.F.);
#3515 = FACE_BOUND('',#3516,.F.);
#3516 = EDGE_LOOP('',(#3517,#3518,#3524,#3525));
#3517 = ORIENTED_EDGE('',*,*,#1364,.F.);
#3518 = ORIENTED_EDGE('',*,*,#3519,.F.);
#3519 = EDGE_CURVE('',#2644,#1365,#3520,.T.);
#3520 = LINE('',#3521,#3522);
#3521 = CARTESIAN_POINT('',(888.,304.,-1.));
#3522 = VECTOR('',#3523,1.);
#3523 = DIRECTION('',(0.,0.,1.));
#3524 = ORIENTED_EDGE('',*,*,#2651,.T.);
#3525 = ORIENTED_EDGE('',*,*,#3519,.T.);
#3526 = CYLINDRICAL_SURFACE('',#3527,2.);
#3527 = AXIS2_PLACEMENT_3D('',#3528,#3529,#3530);
#3528 = CARTESIAN_POINT('',(886.,304.,-1.));
#3529 = DIRECTION('',(0.,0.,1.));
#3530 = DIRECTION('',(1.,0.,-0.));
#3531 = ( GEOMETRIC_REPRESENTATION_CONTEXT(3) 
GLOBAL_UNCERTAINTY_ASSIGNED_CONTEXT((#3535)) 
GLOBAL_UNIT_ASSIGNED_CONTEXT((#3532,#3533,#3534)) REPRESENTATION_CONTEXT
('Context #1','3D Context with UNIT and UNCERTAINTY') );
#3532 = ( LENGTH_UNIT() NAMED_UNIT(*) SI_UNIT(.MILLI.,.METRE.) );
#3533 = ( NAMED_UNIT(*) PLANE_ANGLE_UNIT() SI_UNIT($,.RADIAN.) );
#3534 = ( NAMED_UNIT(*) SI_UNIT($,.STERADIAN.) SOLID_ANGLE_UNIT() );
#3535 = UNCERTAINTY_MEASURE_WITH_UNIT(LENGTH_MEASURE(1.E-07),#3532,
  'distance_accuracy_value','confusion accuracy');
#3536 = CONTEXT_DEPENDENT_SHAPE_REPRESENTATION(#3537,#3539);
#3537 = ( REPRESENTATION_RELATIONSHIP('','',#116,#10) 
REPRESENTATION_RELATIONSHIP_WITH_TRANSFORMATION(#3538) 
SHAPE_REPRESENTATION_RELATIONSHIP() );
#3538 = ITEM_DEFINED_TRANSFORMATION('','',#11,#15);
#3539 = PRODUCT_DEFINITION_SHAPE('Placement','Placement of an item',
  #3540);
#3540 = NEXT_ASSEMBLY_USAGE_OCCURRENCE('1','Base','',#5,#111,$);
#3541 = PRODUCT_RELATED_PRODUCT_CATEGORY('part',$,(#113));
#3542 = SHAPE_DEFINITION_REPRESENTATION(#3543,#3549);
#3543 = PRODUCT_DEFINITION_SHAPE('','',#3544);
#3544 = PRODUCT_DEFINITION('design','',#3545,#3548);
#3545 = PRODUCT_DEFINITION_FORMATION('','',#3546);
#3546 = PRODUCT('Front wall','Front wall','',(#3547));
#3547 = PRODUCT_CONTEXT('',#2,'mechanical');
#3548 = PRODUCT_DEFINITION_CONTEXT('part definition',#2,'design');
#3549 = ADVANCED_BREP_SHAPE_REPRESENTATION('',(#11,#3550),#4212);
#3550 = MANIFOLD_SOLID_BREP('',#3551);
#3551 = CLOSED_SHELL('',(#3552,#3592,#3623,#3654,#3759,#3864,#3876,#3901
    ,#3926,#3951,#3976,#4001,#4026,#4051,#4076,#4093,#4110,#4127,#4144,
    #4161,#4178,#4195));
#3552 = ADVANCED_FACE('',(#3553),#3587,.F.);
#3553 = FACE_BOUND('',#3554,.F.);
#3554 = EDGE_LOOP('',(#3555,#3565,#3573,#3581));
#3555 = ORIENTED_EDGE('',*,*,#3556,.T.);
#3556 = EDGE_CURVE('',#3557,#3559,#3561,.T.);
#3557 = VERTEX_POINT('',#3558);
#3558 = CARTESIAN_POINT('',(0.,12.,9.));
#3559 = VERTEX_POINT('',#3560);
#3560 = CARTESIAN_POINT('',(0.,0.,9.));
#3561 = LINE('',#3562,#3563);
#3562 = CARTESIAN_POINT('',(0.,12.,9.));
#3563 = VECTOR('',#3564,1.);
#3564 = DIRECTION('',(0.,-1.,0.));
#3565 = ORIENTED_EDGE('',*,*,#3566,.T.);
#3566 = EDGE_CURVE('',#3559,#3567,#3569,.T.);
#3567 = VERTEX_POINT('',#3568);
#3568 = CARTESIAN_POINT('',(911.,0.,9.));
#3569 = LINE('',#3570,#3571);
#3570 = CARTESIAN_POINT('',(0.,0.,9.));
#3571 = VECTOR('',#3572,1.);
#3572 = DIRECTION('',(1.,0.,0.));
#3573 = ORIENTED_EDGE('',*,*,#3574,.F.);
#3574 = EDGE_CURVE('',#3575,#3567,#3577,.T.);
#3575 = VERTEX_POINT('',#3576);
#3576 = CARTESIAN_POINT('',(911.,12.,9.));
#3577 = LINE('',#3578,#3579);
#3578 = CARTESIAN_POINT('',(911.,12.,9.));
#3579 = VECTOR('',#3580,1.);
#3580 = DIRECTION('',(0.,-1.,0.));
#3581 = ORIENTED_EDGE('',*,*,#3582,.F.);
#3582 = EDGE_CURVE('',#3557,#3575,#3583,.T.);
#3583 = LINE('',#3584,#3585);
#3584 = CARTESIAN_POINT('',(0.,12.,9.));
#3585 = VECTOR('',#3586,1.);
#3586 = DIRECTION('',(1.,0.,0.));
#3587 = PLANE('',#3588);
#3588 = AXIS2_PLACEMENT_3D('',#3589,#3590,#3591);
#3589 = CARTESIAN_POINT('',(0.,12.,9.));
#3590 = DIRECTION('',(-0.,0.,1.));
#3591 = DIRECTION('',(1.,0.,0.));
#3592 = ADVANCED_FACE('',(#3593),#3618,.F.);
#3593 = FACE_BOUND('',#3594,.F.);
#3594 = EDGE_LOOP('',(#3595,#3605,#3611,#3612));
#3595 = ORIENTED_EDGE('',*,*,#3596,.T.);
#3596 = EDGE_CURVE('',#3597,#3599,#3601,.T.);
#3597 = VERTEX_POINT('',#3598);
#3598 = CARTESIAN_POINT('',(0.,12.,59.));
#3599 = VERTEX_POINT('',#3600);
#3600 = CARTESIAN_POINT('',(0.,0.,59.));
#3601 = LINE('',#3602,#3603);
#3602 = CARTESIAN_POINT('',(0.,12.,59.));
#3603 = VECTOR('',#3604,1.);
#3604 = DIRECTION('',(0.,-1.,0.));
#3605 = ORIENTED_EDGE('',*,*,#3606,.T.);
#3606 = EDGE_CURVE('',#3599,#3559,#3607,.T.);
#3607 = LINE('',#3608,#3609);
#3608 = CARTESIAN_POINT('',(0.,0.,59.));
#3609 = VECTOR('',#3610,1.);
#3610 = DIRECTION('',(0.,0.,-1.));
#3611 = ORIENTED_EDGE('',*,*,#3556,.F.);
#3612 = ORIENTED_EDGE('',*,*,#3613,.F.);
#3613 = EDGE_CURVE('',#3597,#3557,#3614,.T.);
#3614 = LINE('',#3615,#3616);
#3615 = CARTESIAN_POINT('',(0.,12.,59.));
#3616 = VECTOR('',#3617,1.);
#3617 = DIRECTION('',(0.,0.,-1.));
#3618 = PLANE('',#3619);
#3619 = AXIS2_PLACEMENT_3D('',#3620,#3621,#3622);
#3620 = CARTESIAN_POINT('',(0.,12.,59.));
#3621 = DIRECTION('',(1.,0.,0.));
#3622 = DIRECTION('',(0.,0.,-1.));
#3623 = ADVANCED_FACE('',(#3624),#3649,.F.);
#3624 = FACE_BOUND('',#3625,.F.);
#3625 = EDGE_LOOP('',(#3626,#3627,#3635,#3643));
#3626 = ORIENTED_EDGE('',*,*,#3574,.T.);
#3627 = ORIENTED_EDGE('',*,*,#3628,.T.);
#3628 = EDGE_CURVE('',#3567,#3629,#3631,.T.);
#3629 = VERTEX_POINT('',#3630);
#3630 = CARTESIAN_POINT('',(911.,0.,59.));
#3631 = LINE('',#3632,#3633);
#3632 = CARTESIAN_POINT('',(911.,0.,9.));
#3633 = VECTOR('',#3634,1.);
#3634 = DIRECTION('',(0.,0.,1.));
#3635 = ORIENTED_EDGE('',*,*,#3636,.F.);
#3636 = EDGE_CURVE('',#3637,#3629,#3639,.T.);
#3637 = VERTEX_POINT('',#3638);
#3638 = CARTESIAN_POINT('',(911.,12.,59.));
#3639 = LINE('',#3640,#3641);
#3640 = CARTESIAN_POINT('',(911.,12.,59.));
#3641 = VECTOR('',#3642,1.);
#3642 = DIRECTION('',(0.,-1.,0.));
#3643 = ORIENTED_EDGE('',*,*,#3644,.F.);
#3644 = EDGE_CURVE('',#3575,#3637,#3645,.T.);
#3645 = LINE('',#3646,#3647);
#3646 = CARTESIAN_POINT('',(911.,12.,9.));
#3647 = VECTOR('',#3648,1.);
#3648 = DIRECTION('',(0.,0.,1.));
#3649 = PLANE('',#3650);
#3650 = AXIS2_PLACEMENT_3D('',#3651,#3652,#3653);
#3651 = CARTESIAN_POINT('',(911.,12.,9.));
#3652 = DIRECTION('',(-1.,0.,0.));
#3653 = DIRECTION('',(0.,0.,1.));
#3654 = ADVANCED_FACE('',(#3655,#3666,#3677,#3688,#3699,#3710,#3721,
    #3732,#3743),#3754,.F.);
#3655 = FACE_BOUND('',#3656,.F.);
#3656 = EDGE_LOOP('',(#3657,#3658,#3659,#3665));
#3657 = ORIENTED_EDGE('',*,*,#3582,.T.);
#3658 = ORIENTED_EDGE('',*,*,#3644,.T.);
#3659 = ORIENTED_EDGE('',*,*,#3660,.T.);
#3660 = EDGE_CURVE('',#3637,#3597,#3661,.T.);
#3661 = LINE('',#3662,#3663);
#3662 = CARTESIAN_POINT('',(911.,12.,59.));
#3663 = VECTOR('',#3664,1.);
#3664 = DIRECTION('',(-1.,0.,0.));
#3665 = ORIENTED_EDGE('',*,*,#3613,.T.);
#3666 = FACE_BOUND('',#3667,.F.);
#3667 = EDGE_LOOP('',(#3668));
#3668 = ORIENTED_EDGE('',*,*,#3669,.F.);
#3669 = EDGE_CURVE('',#3670,#3670,#3672,.T.);
#3670 = VERTEX_POINT('',#3671);
#3671 = CARTESIAN_POINT('',(6.,12.,42.));
#3672 = CIRCLE('',#3673,2.);
#3673 = AXIS2_PLACEMENT_3D('',#3674,#3675,#3676);
#3674 = CARTESIAN_POINT('',(6.,12.,44.));
#3675 = DIRECTION('',(0.,-1.,0.));
#3676 = DIRECTION('',(0.,-0.,-1.));
#3677 = FACE_BOUND('',#3678,.F.);
#3678 = EDGE_LOOP('',(#3679));
#3679 = ORIENTED_EDGE('',*,*,#3680,.F.);
#3680 = EDGE_CURVE('',#3681,#3681,#3683,.T.);
#3681 = VERTEX_POINT('',#3682);
#3682 = CARTESIAN_POINT('',(192.,12.,42.));
#3683 = CIRCLE('',#3684,2.);
#3684 = AXIS2_PLACEMENT_3D('',#3685,#3686,#3687);
#3685 = CARTESIAN_POINT('',(192.,12.,44.));
#3686 = DIRECTION('',(0.,-1.,0.));
#3687 = DIRECTION('',(0.,-0.,-1.));
#3688 = FACE_BOUND('',#3689,.F.);
#3689 = EDGE_LOOP('',(#3690));
#3690 = ORIENTED_EDGE('',*,*,#3691,.F.);
#3691 = EDGE_CURVE('',#3692,#3692,#3694,.T.);
#3692 = VERTEX_POINT('',#3693);
#3693 = CARTESIAN_POINT('',(6.,12.,22.));
#3694 = CIRCLE('',#3695,2.);
#3695 = AXIS2_PLACEMENT_3D('',#3696,#3697,#3698);
#3696 = CARTESIAN_POINT('',(6.,12.,24.));
#3697 = DIRECTION('',(0.,-1.,0.));
#3698 = DIRECTION('',(0.,-0.,-1.));
#3699 = FACE_BOUND('',#3700,.F.);
#3700 = EDGE_LOOP('',(#3701));
#3701 = ORIENTED_EDGE('',*,*,#3702,.F.);
#3702 = EDGE_CURVE('',#3703,#3703,#3705,.T.);
#3703 = VERTEX_POINT('',#3704);
#3704 = CARTESIAN_POINT('',(192.,12.,22.));
#3705 = CIRCLE('',#3706,2.);
#3706 = AXIS2_PLACEMENT_3D('',#3707,#3708,#3709);
#3707 = CARTESIAN_POINT('',(192.,12.,24.));
#3708 = DIRECTION('',(0.,-1.,0.));
#3709 = DIRECTION('',(0.,-0.,-1.));
#3710 = FACE_BOUND('',#3711,.F.);
#3711 = EDGE_LOOP('',(#3712));
#3712 = ORIENTED_EDGE('',*,*,#3713,.F.);
#3713 = EDGE_CURVE('',#3714,#3714,#3716,.T.);
#3714 = VERTEX_POINT('',#3715);
#3715 = CARTESIAN_POINT('',(893.,12.,42.));
#3716 = CIRCLE('',#3717,2.);
#3717 = AXIS2_PLACEMENT_3D('',#3718,#3719,#3720);
#3718 = CARTESIAN_POINT('',(893.,12.,44.));
#3719 = DIRECTION('',(0.,-1.,0.));
#3720 = DIRECTION('',(0.,-0.,-1.));
#3721 = FACE_BOUND('',#3722,.F.);
#3722 = EDGE_LOOP('',(#3723));
#3723 = ORIENTED_EDGE('',*,*,#3724,.F.);
#3724 = EDGE_CURVE('',#3725,#3725,#3727,.T.);
#3725 = VERTEX_POINT('',#3726);
#3726 = CARTESIAN_POINT('',(905.,12.,42.));
#3727 = CIRCLE('',#3728,2.);
#3728 = AXIS2_PLACEMENT_3D('',#3729,#3730,#3731);
#3729 = CARTESIAN_POINT('',(905.,12.,44.));
#3730 = DIRECTION('',(0.,-1.,0.));
#3731 = DIRECTION('',(0.,-0.,-1.));
#3732 = FACE_BOUND('',#3733,.F.);
#3733 = EDGE_LOOP('',(#3734));
#3734 = ORIENTED_EDGE('',*,*,#3735,.F.);
#3735 = EDGE_CURVE('',#3736,#3736,#3738,.T.);
#3736 = VERTEX_POINT('',#3737);
#3737 = CARTESIAN_POINT('',(893.,12.,22.));
#3738 = CIRCLE('',#3739,2.);
#3739 = AXIS2_PLACEMENT_3D('',#3740,#3741,#3742);
#3740 = CARTESIAN_POINT('',(893.,12.,24.));
#3741 = DIRECTION('',(0.,-1.,0.));
#3742 = DIRECTION('',(0.,-0.,-1.));
#3743 = FACE_BOUND('',#3744,.F.);
#3744 = EDGE_LOOP('',(#3745));
#3745 = ORIENTED_EDGE('',*,*,#3746,.F.);
#3746 = EDGE_CURVE('',#3747,#3747,#3749,.T.);
#3747 = VERTEX_POINT('',#3748);
#3748 = CARTESIAN_POINT('',(905.,12.,22.));
#3749 = CIRCLE('',#3750,2.);
#3750 = AXIS2_PLACEMENT_3D('',#3751,#3752,#3753);
#3751 = CARTESIAN_POINT('',(905.,12.,24.));
#3752 = DIRECTION('',(0.,-1.,0.));
#3753 = DIRECTION('',(0.,-0.,-1.));
#3754 = PLANE('',#3755);
#3755 = AXIS2_PLACEMENT_3D('',#3756,#3757,#3758);
#3756 = CARTESIAN_POINT('',(455.5,12.,34.));
#3757 = DIRECTION('',(-0.,-1.,-0.));
#3758 = DIRECTION('',(0.,0.,-1.));
#3759 = ADVANCED_FACE('',(#3760,#3771,#3782,#3793,#3804,#3815,#3826,
    #3837,#3848),#3859,.T.);
#3760 = FACE_BOUND('',#3761,.T.);
#3761 = EDGE_LOOP('',(#3762,#3763,#3764,#3770));
#3762 = ORIENTED_EDGE('',*,*,#3566,.T.);
#3763 = ORIENTED_EDGE('',*,*,#3628,.T.);
#3764 = ORIENTED_EDGE('',*,*,#3765,.T.);
#3765 = EDGE_CURVE('',#3629,#3599,#3766,.T.);
#3766 = LINE('',#3767,#3768);
#3767 = CARTESIAN_POINT('',(911.,0.,59.));
#3768 = VECTOR('',#3769,1.);
#3769 = DIRECTION('',(-1.,0.,0.));
#3770 = ORIENTED_EDGE('',*,*,#3606,.T.);
#3771 = FACE_BOUND('',#3772,.T.);
#3772 = EDGE_LOOP('',(#3773));
#3773 = ORIENTED_EDGE('',*,*,#3774,.F.);
#3774 = EDGE_CURVE('',#3775,#3775,#3777,.T.);
#3775 = VERTEX_POINT('',#3776);
#3776 = CARTESIAN_POINT('',(6.,4.058614543028E-17,40.));
#3777 = CIRCLE('',#3778,4.);
#3778 = AXIS2_PLACEMENT_3D('',#3779,#3780,#3781);
#3779 = CARTESIAN_POINT('',(6.,0.,44.));
#3780 = DIRECTION('',(0.,-1.,0.));
#3781 = DIRECTION('',(0.,-0.,-1.));
#3782 = FACE_BOUND('',#3783,.T.);
#3783 = EDGE_LOOP('',(#3784));
#3784 = ORIENTED_EDGE('',*,*,#3785,.F.);
#3785 = EDGE_CURVE('',#3786,#3786,#3788,.T.);
#3786 = VERTEX_POINT('',#3787);
#3787 = CARTESIAN_POINT('',(192.,4.058614543028E-17,40.));
#3788 = CIRCLE('',#3789,4.);
#3789 = AXIS2_PLACEMENT_3D('',#3790,#3791,#3792);
#3790 = CARTESIAN_POINT('',(192.,0.,44.));
#3791 = DIRECTION('',(0.,-1.,0.));
#3792 = DIRECTION('',(0.,-0.,-1.));
#3793 = FACE_BOUND('',#3794,.T.);
#3794 = EDGE_LOOP('',(#3795));
#3795 = ORIENTED_EDGE('',*,*,#3796,.F.);
#3796 = EDGE_CURVE('',#3797,#3797,#3799,.T.);
#3797 = VERTEX_POINT('',#3798);
#3798 = CARTESIAN_POINT('',(6.,4.058614543028E-17,20.));
#3799 = CIRCLE('',#3800,4.);
#3800 = AXIS2_PLACEMENT_3D('',#3801,#3802,#3803);
#3801 = CARTESIAN_POINT('',(6.,0.,24.));
#3802 = DIRECTION('',(0.,-1.,0.));
#3803 = DIRECTION('',(0.,-0.,-1.));
#3804 = FACE_BOUND('',#3805,.T.);
#3805 = EDGE_LOOP('',(#3806));
#3806 = ORIENTED_EDGE('',*,*,#3807,.F.);
#3807 = EDGE_CURVE('',#3808,#3808,#3810,.T.);
#3808 = VERTEX_POINT('',#3809);
#3809 = CARTESIAN_POINT('',(192.,4.058614543028E-17,20.));
#3810 = CIRCLE('',#3811,4.);
#3811 = AXIS2_PLACEMENT_3D('',#3812,#3813,#3814);
#3812 = CARTESIAN_POINT('',(192.,0.,24.));
#3813 = DIRECTION('',(0.,-1.,0.));
#3814 = DIRECTION('',(0.,-0.,-1.));
#3815 = FACE_BOUND('',#3816,.T.);
#3816 = EDGE_LOOP('',(#3817));
#3817 = ORIENTED_EDGE('',*,*,#3818,.F.);
#3818 = EDGE_CURVE('',#3819,#3819,#3821,.T.);
#3819 = VERTEX_POINT('',#3820);
#3820 = CARTESIAN_POINT('',(893.,4.058614543028E-17,40.));
#3821 = CIRCLE('',#3822,4.);
#3822 = AXIS2_PLACEMENT_3D('',#3823,#3824,#3825);
#3823 = CARTESIAN_POINT('',(893.,0.,44.));
#3824 = DIRECTION('',(0.,-1.,0.));
#3825 = DIRECTION('',(0.,-0.,-1.));
#3826 = FACE_BOUND('',#3827,.T.);
#3827 = EDGE_LOOP('',(#3828));
#3828 = ORIENTED_EDGE('',*,*,#3829,.F.);
#3829 = EDGE_CURVE('',#3830,#3830,#3832,.T.);
#3830 = VERTEX_POINT('',#3831);
#3831 = CARTESIAN_POINT('',(905.,4.058614543028E-17,40.));
#3832 = CIRCLE('',#3833,4.);
#3833 = AXIS2_PLACEMENT_3D('',#3834,#3835,#3836);
#3834 = CARTESIAN_POINT('',(905.,0.,44.));
#3835 = DIRECTION('',(0.,-1.,0.));
#3836 = DIRECTION('',(0.,-0.,-1.));
#3837 = FACE_BOUND('',#3838,.T.);
#3838 = EDGE_LOOP('',(#3839));
#3839 = ORIENTED_EDGE('',*,*,#3840,.F.);
#3840 = EDGE_CURVE('',#3841,#3841,#3843,.T.);
#3841 = VERTEX_POINT('',#3842);
#3842 = CARTESIAN_POINT('',(893.,4.058614543028E-17,20.));
#3843 = CIRCLE('',#3844,4.);
#3844 = AXIS2_PLACEMENT_3D('',#3845,#3846,#3847);
#3845 = CARTESIAN_POINT('',(893.,0.,24.));
#3846 = DIRECTION('',(0.,-1.,0.));
#3847 = DIRECTION('',(0.,-0.,-1.));
#3848 = FACE_BOUND('',#3849,.T.);
#3849 = EDGE_LOOP('',(#3850));
#3850 = ORIENTED_EDGE('',*,*,#3851,.F.);
#3851 = EDGE_CURVE('',#3852,#3852,#3854,.T.);
#3852 = VERTEX_POINT('',#3853);
#3853 = CARTESIAN_POINT('',(905.,4.058614543028E-17,20.));
#3854 = CIRCLE('',#3855,4.);
#3855 = AXIS2_PLACEMENT_3D('',#3856,#3857,#3858);
#3856 = CARTESIAN_POINT('',(905.,0.,24.));
#3857 = DIRECTION('',(0.,-1.,0.));
#3858 = DIRECTION('',(0.,-0.,-1.));
#3859 = PLANE('',#3860);
#3860 = AXIS2_PLACEMENT_3D('',#3861,#3862,#3863);
#3861 = CARTESIAN_POINT('',(455.5,0.,34.));
#3862 = DIRECTION('',(-0.,-1.,-0.));
#3863 = DIRECTION('',(0.,0.,-1.));
#3864 = ADVANCED_FACE('',(#3865),#3871,.F.);
#3865 = FACE_BOUND('',#3866,.F.);
#3866 = EDGE_LOOP('',(#3867,#3868,#3869,#3870));
#3867 = ORIENTED_EDGE('',*,*,#3636,.T.);
#3868 = ORIENTED_EDGE('',*,*,#3765,.T.);
#3869 = ORIENTED_EDGE('',*,*,#3596,.F.);
#3870 = ORIENTED_EDGE('',*,*,#3660,.F.);
#3871 = PLANE('',#3872);
#3872 = AXIS2_PLACEMENT_3D('',#3873,#3874,#3875);
#3873 = CARTESIAN_POINT('',(911.,12.,59.));
#3874 = DIRECTION('',(-0.,-0.,-1.));
#3875 = DIRECTION('',(-1.,0.,0.));
#3876 = ADVANCED_FACE('',(#3877),#3896,.F.);
#3877 = FACE_BOUND('',#3878,.F.);
#3878 = EDGE_LOOP('',(#3879,#3888,#3894,#3895));
#3879 = ORIENTED_EDGE('',*,*,#3880,.F.);
#3880 = EDGE_CURVE('',#3881,#3881,#3883,.T.);
#3881 = VERTEX_POINT('',#3882);
#3882 = CARTESIAN_POINT('',(6.,2.,42.));
#3883 = CIRCLE('',#3884,2.);
#3884 = AXIS2_PLACEMENT_3D('',#3885,#3886,#3887);
#3885 = CARTESIAN_POINT('',(6.,2.,44.));
#3886 = DIRECTION('',(0.,-1.,0.));
#3887 = DIRECTION('',(0.,-0.,-1.));
#3888 = ORIENTED_EDGE('',*,*,#3889,.F.);
#3889 = EDGE_CURVE('',#3670,#3881,#3890,.T.);
#3890 = LINE('',#3891,#3892);
#3891 = CARTESIAN_POINT('',(6.,13.,42.));
#3892 = VECTOR('',#3893,1.);
#3893 = DIRECTION('',(0.,-1.,0.));
#3894 = ORIENTED_EDGE('',*,*,#3669,.T.);
#3895 = ORIENTED_EDGE('',*,*,#3889,.T.);
#3896 = CYLINDRICAL_SURFACE('',#3897,2.);
#3897 = AXIS2_PLACEMENT_3D('',#3898,#3899,#3900);
#3898 = CARTESIAN_POINT('',(6.,13.,44.));
#3899 = DIRECTION('',(0.,-1.,0.));
#3900 = DIRECTION('',(0.,-0.,-1.));
#3901 = ADVANCED_FACE('',(#3902),#3921,.F.);
#3902 = FACE_BOUND('',#3903,.F.);
#3903 = EDGE_LOOP('',(#3904,#3913,#3919,#3920));
#3904 = ORIENTED_EDGE('',*,*,#3905,.F.);
#3905 = EDGE_CURVE('',#3906,#3906,#3908,.T.);
#3906 = VERTEX_POINT('',#3907);
#3907 = CARTESIAN_POINT('',(192.,2.,42.));
#3908 = CIRCLE('',#3909,2.);
#3909 = AXIS2_PLACEMENT_3D('',#3910,#3911,#3912);
#3910 = CARTESIAN_POINT('',(192.,2.,44.));
#3911 = DIRECTION('',(0.,-1.,0.));
#3912 = DIRECTION('',(0.,-0.,-1.));
#3913 = ORIENTED_EDGE('',*,*,#3914,.F.);
#3914 = EDGE_CURVE('',#3681,#3906,#3915,.T.);
#3915 = LINE('',#3916,#3917);
#3916 = CARTESIAN_POINT('',(192.,13.,42.));
#3917 = VECTOR('',#3918,1.);
#3918 = DIRECTION('',(0.,-1.,0.));
#3919 = ORIENTED_EDGE('',*,*,#3680,.T.);
#3920 = ORIENTED_EDGE('',*,*,#3914,.T.);
#3921 = CYLINDRICAL_SURFACE('',#3922,2.);
#3922 = AXIS2_PLACEMENT_3D('',#3923,#3924,#3925);
#3923 = CARTESIAN_POINT('',(192.,13.,44.));
#3924 = DIRECTION('',(0.,-1.,0.));
#3925 = DIRECTION('',(0.,-0.,-1.));
#3926 = ADVANCED_FACE('',(#3927),#3946,.F.);
#3927 = FACE_BOUND('',#3928,.F.);
#3928 = EDGE_LOOP('',(#3929,#3938,#3944,#3945));
#3929 = ORIENTED_EDGE('',*,*,#3930,.F.);
#3930 = EDGE_CURVE('',#3931,#3931,#3933,.T.);
#3931 = VERTEX_POINT('',#3932);
#3932 = CARTESIAN_POINT('',(6.,2.,22.));
#3933 = CIRCLE('',#3934,2.);
#3934 = AXIS2_PLACEMENT_3D('',#3935,#3936,#3937);
#3935 = CARTESIAN_POINT('',(6.,2.,24.));
#3936 = DIRECTION('',(0.,-1.,0.));
#3937 = DIRECTION('',(0.,-0.,-1.));
#3938 = ORIENTED_EDGE('',*,*,#3939,.F.);
#3939 = EDGE_CURVE('',#3692,#3931,#3940,.T.);
#3940 = LINE('',#3941,#3942);
#3941 = CARTESIAN_POINT('',(6.,13.,22.));
#3942 = VECTOR('',#3943,1.);
#3943 = DIRECTION('',(0.,-1.,0.));
#3944 = ORIENTED_EDGE('',*,*,#3691,.T.);
#3945 = ORIENTED_EDGE('',*,*,#3939,.T.);
#3946 = CYLINDRICAL_SURFACE('',#3947,2.);
#3947 = AXIS2_PLACEMENT_3D('',#3948,#3949,#3950);
#3948 = CARTESIAN_POINT('',(6.,13.,24.));
#3949 = DIRECTION('',(0.,-1.,0.));
#3950 = DIRECTION('',(0.,-0.,-1.));
#3951 = ADVANCED_FACE('',(#3952),#3971,.F.);
#3952 = FACE_BOUND('',#3953,.F.);
#3953 = EDGE_LOOP('',(#3954,#3963,#3969,#3970));
#3954 = ORIENTED_EDGE('',*,*,#3955,.F.);
#3955 = EDGE_CURVE('',#3956,#3956,#3958,.T.);
#3956 = VERTEX_POINT('',#3957);
#3957 = CARTESIAN_POINT('',(192.,2.,22.));
#3958 = CIRCLE('',#3959,2.);
#3959 = AXIS2_PLACEMENT_3D('',#3960,#3961,#3962);
#3960 = CARTESIAN_POINT('',(192.,2.,24.));
#3961 = DIRECTION('',(0.,-1.,0.));
#3962 = DIRECTION('',(0.,-0.,-1.));
#3963 = ORIENTED_EDGE('',*,*,#3964,.F.);
#3964 = EDGE_CURVE('',#3703,#3956,#3965,.T.);
#3965 = LINE('',#3966,#3967);
#3966 = CARTESIAN_POINT('',(192.,13.,22.));
#3967 = VECTOR('',#3968,1.);
#3968 = DIRECTION('',(0.,-1.,0.));
#3969 = ORIENTED_EDGE('',*,*,#3702,.T.);
#3970 = ORIENTED_EDGE('',*,*,#3964,.T.);
#3971 = CYLINDRICAL_SURFACE('',#3972,2.);
#3972 = AXIS2_PLACEMENT_3D('',#3973,#3974,#3975);
#3973 = CARTESIAN_POINT('',(192.,13.,24.));
#3974 = DIRECTION('',(0.,-1.,0.));
#3975 = DIRECTION('',(0.,-0.,-1.));
#3976 = ADVANCED_FACE('',(#3977),#3996,.F.);
#3977 = FACE_BOUND('',#3978,.F.);
#3978 = EDGE_LOOP('',(#3979,#3988,#3994,#3995));
#3979 = ORIENTED_EDGE('',*,*,#3980,.F.);
#3980 = EDGE_CURVE('',#3981,#3981,#3983,.T.);
#3981 = VERTEX_POINT('',#3982);
#3982 = CARTESIAN_POINT('',(893.,2.,42.));
#3983 = CIRCLE('',#3984,2.);
#3984 = AXIS2_PLACEMENT_3D('',#3985,#3986,#3987);
#3985 = CARTESIAN_POINT('',(893.,2.,44.));
#3986 = DIRECTION('',(0.,-1.,0.));
#3987 = DIRECTION('',(0.,-0.,-1.));
#3988 = ORIENTED_EDGE('',*,*,#3989,.F.);
#3989 = EDGE_CURVE('',#3714,#3981,#3990,.T.);
#3990 = LINE('',#3991,#3992);
#3991 = CARTESIAN_POINT('',(893.,13.,42.));
#3992 = VECTOR('',#3993,1.);
#3993 = DIRECTION('',(0.,-1.,0.));
#3994 = ORIENTED_EDGE('',*,*,#3713,.T.);
#3995 = ORIENTED_EDGE('',*,*,#3989,.T.);
#3996 = CYLINDRICAL_SURFACE('',#3997,2.);
#3997 = AXIS2_PLACEMENT_3D('',#3998,#3999,#4000);
#3998 = CARTESIAN_POINT('',(893.,13.,44.));
#3999 = DIRECTION('',(0.,-1.,0.));
#4000 = DIRECTION('',(0.,-0.,-1.));
#4001 = ADVANCED_FACE('',(#4002),#4021,.F.);
#4002 = FACE_BOUND('',#4003,.F.);
#4003 = EDGE_LOOP('',(#4004,#4013,#4019,#4020));
#4004 = ORIENTED_EDGE('',*,*,#4005,.F.);
#4005 = EDGE_CURVE('',#4006,#4006,#4008,.T.);
#4006 = VERTEX_POINT('',#4007);
#4007 = CARTESIAN_POINT('',(905.,2.,42.));
#4008 = CIRCLE('',#4009,2.);
#4009 = AXIS2_PLACEMENT_3D('',#4010,#4011,#4012);
#4010 = CARTESIAN_POINT('',(905.,2.,44.));
#4011 = DIRECTION('',(0.,-1.,0.));
#4012 = DIRECTION('',(0.,-0.,-1.));
#4013 = ORIENTED_EDGE('',*,*,#4014,.F.);
#4014 = EDGE_CURVE('',#3725,#4006,#4015,.T.);
#4015 = LINE('',#4016,#4017);
#4016 = CARTESIAN_POINT('',(905.,13.,42.));
#4017 = VECTOR('',#4018,1.);
#4018 = DIRECTION('',(0.,-1.,0.));
#4019 = ORIENTED_EDGE('',*,*,#3724,.T.);
#4020 = ORIENTED_EDGE('',*,*,#4014,.T.);
#4021 = CYLINDRICAL_SURFACE('',#4022,2.);
#4022 = AXIS2_PLACEMENT_3D('',#4023,#4024,#4025);
#4023 = CARTESIAN_POINT('',(905.,13.,44.));
#4024 = DIRECTION('',(0.,-1.,0.));
#4025 = DIRECTION('',(0.,-0.,-1.));
#4026 = ADVANCED_FACE('',(#4027),#4046,.F.);
#4027 = FACE_BOUND('',#4028,.F.);
#4028 = EDGE_LOOP('',(#4029,#4038,#4044,#4045));
#4029 = ORIENTED_EDGE('',*,*,#4030,.F.);
#4030 = EDGE_CURVE('',#4031,#4031,#4033,.T.);
#4031 = VERTEX_POINT('',#4032);
#4032 = CARTESIAN_POINT('',(893.,2.,22.));
#4033 = CIRCLE('',#4034,2.);
#4034 = AXIS2_PLACEMENT_3D('',#4035,#4036,#4037);
#4035 = CARTESIAN_POINT('',(893.,2.,24.));
#4036 = DIRECTION('',(0.,-1.,0.));
#4037 = DIRECTION('',(0.,-0.,-1.));
#4038 = ORIENTED_EDGE('',*,*,#4039,.F.);
#4039 = EDGE_CURVE('',#3736,#4031,#4040,.T.);
#4040 = LINE('',#4041,#4042);
#4041 = CARTESIAN_POINT('',(893.,13.,22.));
#4042 = VECTOR('',#4043,1.);
#4043 = DIRECTION('',(0.,-1.,0.));
#4044 = ORIENTED_EDGE('',*,*,#3735,.T.);
#4045 = ORIENTED_EDGE('',*,*,#4039,.T.);
#4046 = CYLINDRICAL_SURFACE('',#4047,2.);
#4047 = AXIS2_PLACEMENT_3D('',#4048,#4049,#4050);
#4048 = CARTESIAN_POINT('',(893.,13.,24.));
#4049 = DIRECTION('',(0.,-1.,0.));
#4050 = DIRECTION('',(0.,-0.,-1.));
#4051 = ADVANCED_FACE('',(#4052),#4071,.F.);
#4052 = FACE_BOUND('',#4053,.F.);
#4053 = EDGE_LOOP('',(#4054,#4063,#4069,#4070));
#4054 = ORIENTED_EDGE('',*,*,#4055,.F.);
#4055 = EDGE_CURVE('',#4056,#4056,#4058,.T.);
#4056 = VERTEX_POINT('',#4057);
#4057 = CARTESIAN_POINT('',(905.,2.,22.));
#4058 = CIRCLE('',#4059,2.);
#4059 = AXIS2_PLACEMENT_3D('',#4060,#4061,#4062);
#4060 = CARTESIAN_POINT('',(905.,2.,24.));
#4061 = DIRECTION('',(0.,-1.,0.));
#4062 = DIRECTION('',(0.,-0.,-1.));
#4063 = ORIENTED_EDGE('',*,*,#4064,.F.);
#4064 = EDGE_CURVE('',#3747,#4056,#4065,.T.);
#4065 = LINE('',#4066,#4067);
#4066 = CARTESIAN_POINT('',(905.,13.,22.));
#4067 = VECTOR('',#4068,1.);
#4068 = DIRECTION('',(0.,-1.,0.));
#4069 = ORIENTED_EDGE('',*,*,#3746,.T.);
#4070 = ORIENTED_EDGE('',*,*,#4064,.T.);
#4071 = CYLINDRICAL_SURFACE('',#4072,2.);
#4072 = AXIS2_PLACEMENT_3D('',#4073,#4074,#4075);
#4073 = CARTESIAN_POINT('',(905.,13.,24.));
#4074 = DIRECTION('',(0.,-1.,0.));
#4075 = DIRECTION('',(0.,-0.,-1.));
#4076 = ADVANCED_FACE('',(#4077),#4088,.F.);
#4077 = FACE_BOUND('',#4078,.F.);
#4078 = EDGE_LOOP('',(#4079,#4080,#4086,#4087));
#4079 = ORIENTED_EDGE('',*,*,#3774,.F.);
#4080 = ORIENTED_EDGE('',*,*,#4081,.F.);
#4081 = EDGE_CURVE('',#3881,#3775,#4082,.T.);
#4082 = LINE('',#4083,#4084);
#4083 = CARTESIAN_POINT('',(6.,2.,42.));
#4084 = VECTOR('',#4085,1.);
#4085 = DIRECTION('',(-1.731912112471E-16,-0.707106781187,
    -0.707106781187));
#4086 = ORIENTED_EDGE('',*,*,#3880,.T.);
#4087 = ORIENTED_EDGE('',*,*,#4081,.T.);
#4088 = CONICAL_SURFACE('',#4089,2.,0.785398163397);
#4089 = AXIS2_PLACEMENT_3D('',#4090,#4091,#4092);
#4090 = CARTESIAN_POINT('',(6.,2.,44.));
#4091 = DIRECTION('',(0.,-1.,0.));
#4092 = DIRECTION('',(0.,-0.,-1.));
#4093 = ADVANCED_FACE('',(#4094),#4105,.F.);
#4094 = FACE_BOUND('',#4095,.F.);
#4095 = EDGE_LOOP('',(#4096,#4097,#4103,#4104));
#4096 = ORIENTED_EDGE('',*,*,#3785,.F.);
#4097 = ORIENTED_EDGE('',*,*,#4098,.F.);
#4098 = EDGE_CURVE('',#3906,#3786,#4099,.T.);
#4099 = LINE('',#4100,#4101);
#4100 = CARTESIAN_POINT('',(192.,2.,42.));
#4101 = VECTOR('',#4102,1.);
#4102 = DIRECTION('',(-1.731912112471E-16,-0.707106781187,
    -0.707106781187));
#4103 = ORIENTED_EDGE('',*,*,#3905,.T.);
#4104 = ORIENTED_EDGE('',*,*,#4098,.T.);
#4105 = CONICAL_SURFACE('',#4106,2.,0.785398163397);
#4106 = AXIS2_PLACEMENT_3D('',#4107,#4108,#4109);
#4107 = CARTESIAN_POINT('',(192.,2.,44.));
#4108 = DIRECTION('',(0.,-1.,0.));
#4109 = DIRECTION('',(0.,-0.,-1.));
#4110 = ADVANCED_FACE('',(#4111),#4122,.F.);
#4111 = FACE_BOUND('',#4112,.F.);
#4112 = EDGE_LOOP('',(#4113,#4114,#4120,#4121));
#4113 = ORIENTED_EDGE('',*,*,#3796,.F.);
#4114 = ORIENTED_EDGE('',*,*,#4115,.F.);
#4115 = EDGE_CURVE('',#3931,#3797,#4116,.T.);
#4116 = LINE('',#4117,#4118);
#4117 = CARTESIAN_POINT('',(6.,2.,22.));
#4118 = VECTOR('',#4119,1.);
#4119 = DIRECTION('',(-1.731912112471E-16,-0.707106781187,
    -0.707106781187));
#4120 = ORIENTED_EDGE('',*,*,#3930,.T.);
#4121 = ORIENTED_EDGE('',*,*,#4115,.T.);
#4122 = CONICAL_SURFACE('',#4123,2.,0.785398163397);
#4123 = AXIS2_PLACEMENT_3D('',#4124,#4125,#4126);
#4124 = CARTESIAN_POINT('',(6.,2.,24.));
#4125 = DIRECTION('',(0.,-1.,0.));
#4126 = DIRECTION('',(0.,-0.,-1.));
#4127 = ADVANCED_FACE('',(#4128),#4139,.F.);
#4128 = FACE_BOUND('',#4129,.F.);
#4129 = EDGE_LOOP('',(#4130,#4131,#4137,#4138));
#4130 = ORIENTED_EDGE('',*,*,#3807,.F.);
#4131 = ORIENTED_EDGE('',*,*,#4132,.F.);
#4132 = EDGE_CURVE('',#3956,#3808,#4133,.T.);
#4133 = LINE('',#4134,#4135);
#4134 = CARTESIAN_POINT('',(192.,2.,22.));
#4135 = VECTOR('',#4136,1.);
#4136 = DIRECTION('',(-1.731912112471E-16,-0.707106781187,
    -0.707106781187));
#4137 = ORIENTED_EDGE('',*,*,#3955,.T.);
#4138 = ORIENTED_EDGE('',*,*,#4132,.T.);
#4139 = CONICAL_SURFACE('',#4140,2.,0.785398163397);
#4140 = AXIS2_PLACEMENT_3D('',#4141,#4142,#4143);
#4141 = CARTESIAN_POINT('',(192.,2.,24.));
#4142 = DIRECTION('',(0.,-1.,0.));
#4143 = DIRECTION('',(0.,-0.,-1.));
#4144 = ADVANCED_FACE('',(#4145),#4156,.F.);
#4145 = FACE_BOUND('',#4146,.F.);
#4146 = EDGE_LOOP('',(#4147,#4148,#4154,#4155));
#4147 = ORIENTED_EDGE('',*,*,#3818,.F.);
#4148 = ORIENTED_EDGE('',*,*,#4149,.F.);
#4149 = EDGE_CURVE('',#3981,#3819,#4150,.T.);
#4150 = LINE('',#4151,#4152);
#4151 = CARTESIAN_POINT('',(893.,2.,42.));
#4152 = VECTOR('',#4153,1.);
#4153 = DIRECTION('',(-1.731912112471E-16,-0.707106781187,
    -0.707106781187));
#4154 = ORIENTED_EDGE('',*,*,#3980,.T.);
#4155 = ORIENTED_EDGE('',*,*,#4149,.T.);
#4156 = CONICAL_SURFACE('',#4157,2.,0.785398163397);
#4157 = AXIS2_PLACEMENT_3D('',#4158,#4159,#4160);
#4158 = CARTESIAN_POINT('',(893.,2.,44.));
#4159 = DIRECTION('',(0.,-1.,0.));
#4160 = DIRECTION('',(0.,-0.,-1.));
#4161 = ADVANCED_FACE('',(#4162),#4173,.F.);
#4162 = FACE_BOUND('',#4163,.F.);
#4163 = EDGE_LOOP('',(#4164,#4165,#4171,#4172));
#4164 = ORIENTED_EDGE('',*,*,#3829,.F.);
#4165 = ORIENTED_EDGE('',*,*,#4166,.F.);
#4166 = EDGE_CURVE('',#4006,#3830,#4167,.T.);
#4167 = LINE('',#4168,#4169);
#4168 = CARTESIAN_POINT('',(905.,2.,42.));
#4169 = VECTOR('',#4170,1.);
#4170 = DIRECTION('',(-1.731912112471E-16,-0.707106781187,
    -0.707106781187));
#4171 = ORIENTED_EDGE('',*,*,#4005,.T.);
#4172 = ORIENTED_EDGE('',*,*,#4166,.T.);
#4173 = CONICAL_SURFACE('',#4174,2.,0.785398163397);
#4174 = AXIS2_PLACEMENT_3D('',#4175,#4176,#4177);
#4175 = CARTESIAN_POINT('',(905.,2.,44.));
#4176 = DIRECTION('',(0.,-1.,0.));
#4177 = DIRECTION('',(0.,-0.,-1.));
#4178 = ADVANCED_FACE('',(#4179),#4190,.F.);
#4179 = FACE_BOUND('',#4180,.F.);
#4180 = EDGE_LOOP('',(#4181,#4182,#4188,#4189));
#4181 = ORIENTED_EDGE('',*,*,#3840,.F.);
#4182 = ORIENTED_EDGE('',*,*,#4183,.F.);
#4183 = EDGE_CURVE('',#4031,#3841,#4184,.T.);
#4184 = LINE('',#4185,#4186);
#4185 = CARTESIAN_POINT('',(893.,2.,22.));
#4186 = VECTOR('',#4187,1.);
#4187 = DIRECTION('',(-1.731912112471E-16,-0.707106781187,
    -0.707106781187));
#4188 = ORIENTED_EDGE('',*,*,#4030,.T.);
#4189 = ORIENTED_EDGE('',*,*,#4183,.T.);
#4190 = CONICAL_SURFACE('',#4191,2.,0.785398163397);
#4191 = AXIS2_PLACEMENT_3D('',#4192,#4193,#4194);
#4192 = CARTESIAN_POINT('',(893.,2.,24.));
#4193 = DIRECTION('',(0.,-1.,0.));
#4194 = DIRECTION('',(0.,-0.,-1.));
#4195 = ADVANCED_FACE('',(#4196),#4207,.F.);
#4196 = FACE_BOUND('',#4197,.F.);
#4197 = EDGE_LOOP('',(#4198,#4199,#4205,#4206));
#4198 = ORIENTED_EDGE('',*,*,#3851,.F.);
#4199 = ORIENTED_EDGE('',*,*,#4200,.F.);
#4200 = EDGE_CURVE('',#4056,#3852,#4201,.T.);
#4201 = LINE('',#4202,#4203);
#4202 = CARTESIAN_POINT('',(905.,2.,22.));
#4203 = VECTOR('',#4204,1.);
#4204 = DIRECTION('',(-1.731912112471E-16,-0.707106781187,
    -0.707106781187));
#4205 = ORIENTED_EDGE('',*,*,#4055,.T.);
#4206 = ORIENTED_EDGE('',*,*,#4200,.T.);
#4207 = CONICAL_SURFACE('',#4208,2.,0.785398163397);
#4208 = AXIS2_PLACEMENT_3D('',#4209,#4210,#4211);
#4209 = CARTESIAN_POINT('',(905.,2.,24.));
#4210 = DIRECTION('',(0.,-1.,0.));
#4211 = DIRECTION('',(0.,-0.,-1.));
#4212 = ( GEOMETRIC_REPRESENTATION_CONTEXT(3) 
GLOBAL_UNCERTAINTY_ASSIGNED_CONTEXT((#4216)) 
GLOBAL_UNIT_ASSIGNED_CONTEXT((#4213,#4214,#4215)) REPRESENTATION_CONTEXT
('Context #1','3D Context with UNIT and UNCERTAINTY') );
#4213 = ( LENGTH_UNIT() NAMED_UNIT(*) SI_UNIT(.MILLI.,.METRE.) );
#4214 = ( NAMED_UNIT(*) PLANE_ANGLE_UNIT() SI_UNIT($,.RADIAN.) );
#4215 = ( NAMED_UNIT(*) SI_UNIT($,.STERADIAN.) SOLID_ANGLE_UNIT() );
#4216 = UNCERTAINTY_MEASURE_WITH_UNIT(LENGTH_MEASURE(1.E-07),#4213,
  'distance_accuracy_value','confusion accuracy');
#4217 = CONTEXT_DEPENDENT_SHAPE_REPRESENTATION(#4218,#4220);
#4218 = ( REPRESENTATION_RELATIONSHIP('','',#3549,#10) 
REPRESENTATION_RELATIONSHIP_WITH_TRANSFORMATION(#4219) 
SHAPE_REPRESENTATION_RELATIONSHIP() );
#4219 = ITEM_DEFINED_TRANSFORMATION('','',#11,#19);
#4220 = PRODUCT_DEFINITION_SHAPE('Placement','Placement of an item',
  #4221);
#4221 = NEXT_ASSEMBLY_USAGE_OCCURRENCE('2','Front wall','',#5,#3544,$);
#4222 = PRODUCT_RELATED_PRODUCT_CATEGORY('part',$,(#3546));
#4223 = SHAPE_DEFINITION_REPRESENTATION(#4224,#4230);
#4224 = PRODUCT_DEFINITION_SHAPE('','',#4225);
#4225 = PRODUCT_DEFINITION('design','',#4226,#4229);
#4226 = PRODUCT_DEFINITION_FORMATION('','',#4227);
#4227 = PRODUCT('Rear wall','Rear wall','',(#4228));
#4228 = PRODUCT_CONTEXT('',#2,'mechanical');
#4229 = PRODUCT_DEFINITION_CONTEXT('part definition',#2,'design');
#4230 = ADVANCED_BREP_SHAPE_REPRESENTATION('',(#11,#4231),#5169);
#4231 = MANIFOLD_SOLID_BREP('',#4232);
#4232 = CLOSED_SHELL('',(#4233,#4273,#4304,#4335,#4510,#4685,#4697,#4722
    ,#4747,#4772,#4797,#4819,#4836,#4853,#4870,#4887,#4904,#4921,#4933,
    #4958,#4983,#5008,#5033,#5050,#5067,#5084,#5101,#5118,#5135,#5152));
#4233 = ADVANCED_FACE('',(#4234),#4268,.F.);
#4234 = FACE_BOUND('',#4235,.F.);
#4235 = EDGE_LOOP('',(#4236,#4246,#4254,#4262));
#4236 = ORIENTED_EDGE('',*,*,#4237,.T.);
#4237 = EDGE_CURVE('',#4238,#4240,#4242,.T.);
#4238 = VERTEX_POINT('',#4239);
#4239 = CARTESIAN_POINT('',(0.,310.,9.));
#4240 = VERTEX_POINT('',#4241);
#4241 = CARTESIAN_POINT('',(0.,298.,9.));
#4242 = LINE('',#4243,#4244);
#4243 = CARTESIAN_POINT('',(0.,310.,9.));
#4244 = VECTOR('',#4245,1.);
#4245 = DIRECTION('',(0.,-1.,0.));
#4246 = ORIENTED_EDGE('',*,*,#4247,.T.);
#4247 = EDGE_CURVE('',#4240,#4248,#4250,.T.);
#4248 = VERTEX_POINT('',#4249);
#4249 = CARTESIAN_POINT('',(911.,298.,9.));
#4250 = LINE('',#4251,#4252);
#4251 = CARTESIAN_POINT('',(0.,298.,9.));
#4252 = VECTOR('',#4253,1.);
#4253 = DIRECTION('',(1.,0.,0.));
#4254 = ORIENTED_EDGE('',*,*,#4255,.F.);
#4255 = EDGE_CURVE('',#4256,#4248,#4258,.T.);
#4256 = VERTEX_POINT('',#4257);
#4257 = CARTESIAN_POINT('',(911.,310.,9.));
#4258 = LINE('',#4259,#4260);
#4259 = CARTESIAN_POINT('',(911.,310.,9.));
#4260 = VECTOR('',#4261,1.);
#4261 = DIRECTION('',(0.,-1.,0.));
#4262 = ORIENTED_EDGE('',*,*,#4263,.F.);
#4263 = EDGE_CURVE('',#4238,#4256,#4264,.T.);
#4264 = LINE('',#4265,#4266);
#4265 = CARTESIAN_POINT('',(0.,310.,9.));
#4266 = VECTOR('',#4267,1.);
#4267 = DIRECTION('',(1.,0.,0.));
#4268 = PLANE('',#4269);
#4269 = AXIS2_PLACEMENT_3D('',#4270,#4271,#4272);
#4270 = CARTESIAN_POINT('',(0.,310.,9.));
#4271 = DIRECTION('',(-0.,0.,1.));
#4272 = DIRECTION('',(1.,0.,0.));
#4273 = ADVANCED_FACE('',(#4274),#4299,.F.);
#4274 = FACE_BOUND('',#4275,.F.);
#4275 = EDGE_LOOP('',(#4276,#4286,#4292,#4293));
#4276 = ORIENTED_EDGE('',*,*,#4277,.T.);
#4277 = EDGE_CURVE('',#4278,#4280,#4282,.T.);
#4278 = VERTEX_POINT('',#4279);
#4279 = CARTESIAN_POINT('',(0.,310.,59.));
#4280 = VERTEX_POINT('',#4281);
#4281 = CARTESIAN_POINT('',(0.,298.,59.));
#4282 = LINE('',#4283,#4284);
#4283 = CARTESIAN_POINT('',(0.,310.,59.));
#4284 = VECTOR('',#4285,1.);
#4285 = DIRECTION('',(0.,-1.,0.));
#4286 = ORIENTED_EDGE('',*,*,#4287,.T.);
#4287 = EDGE_CURVE('',#4280,#4240,#4288,.T.);
#4288 = LINE('',#4289,#4290);
#4289 = CARTESIAN_POINT('',(0.,298.,59.));
#4290 = VECTOR('',#4291,1.);
#4291 = DIRECTION('',(0.,0.,-1.));
#4292 = ORIENTED_EDGE('',*,*,#4237,.F.);
#4293 = ORIENTED_EDGE('',*,*,#4294,.F.);
#4294 = EDGE_CURVE('',#4278,#4238,#4295,.T.);
#4295 = LINE('',#4296,#4297);
#4296 = CARTESIAN_POINT('',(0.,310.,59.));
#4297 = VECTOR('',#4298,1.);
#4298 = DIRECTION('',(0.,0.,-1.));
#4299 = PLANE('',#4300);
#4300 = AXIS2_PLACEMENT_3D('',#4301,#4302,#4303);
#4301 = CARTESIAN_POINT('',(0.,310.,59.));
#4302 = DIRECTION('',(1.,0.,0.));
#4303 = DIRECTION('',(0.,0.,-1.));
#4304 = ADVANCED_FACE('',(#4305),#4330,.F.);
#4305 = FACE_BOUND('',#4306,.F.);
#4306 = EDGE_LOOP('',(#4307,#4308,#4316,#4324));
#4307 = ORIENTED_EDGE('',*,*,#4255,.T.);
#4308 = ORIENTED_EDGE('',*,*,#4309,.T.);
#4309 = EDGE_CURVE('',#4248,#4310,#4312,.T.);
#4310 = VERTEX_POINT('',#4311);
#4311 = CARTESIAN_POINT('',(911.,298.,59.));
#4312 = LINE('',#4313,#4314);
#4313 = CARTESIAN_POINT('',(911.,298.,9.));
#4314 = VECTOR('',#4315,1.);
#4315 = DIRECTION('',(0.,0.,1.));
#4316 = ORIENTED_EDGE('',*,*,#4317,.F.);
#4317 = EDGE_CURVE('',#4318,#4310,#4320,.T.);
#4318 = VERTEX_POINT('',#4319);
#4319 = CARTESIAN_POINT('',(911.,310.,59.));
#4320 = LINE('',#4321,#4322);
#4321 = CARTESIAN_POINT('',(911.,310.,59.));
#4322 = VECTOR('',#4323,1.);
#4323 = DIRECTION('',(0.,-1.,0.));
#4324 = ORIENTED_EDGE('',*,*,#4325,.F.);
#4325 = EDGE_CURVE('',#4256,#4318,#4326,.T.);
#4326 = LINE('',#4327,#4328);
#4327 = CARTESIAN_POINT('',(911.,310.,9.));
#4328 = VECTOR('',#4329,1.);
#4329 = DIRECTION('',(0.,0.,1.));
#4330 = PLANE('',#4331);
#4331 = AXIS2_PLACEMENT_3D('',#4332,#4333,#4334);
#4332 = CARTESIAN_POINT('',(911.,310.,9.));
#4333 = DIRECTION('',(-1.,0.,0.));
#4334 = DIRECTION('',(0.,0.,1.));
#4335 = ADVANCED_FACE('',(#4336,#4347,#4358,#4369,#4380,#4391,#4461,
    #4472,#4483,#4494),#4505,.F.);
#4336 = FACE_BOUND('',#4337,.F.);
#4337 = EDGE_LOOP('',(#4338,#4339,#4340,#4346));
#4338 = ORIENTED_EDGE('',*,*,#4263,.T.);
#4339 = ORIENTED_EDGE('',*,*,#4325,.T.);
#4340 = ORIENTED_EDGE('',*,*,#4341,.T.);
#4341 = EDGE_CURVE('',#4318,#4278,#4342,.T.);
#4342 = LINE('',#4343,#4344);
#4343 = CARTESIAN_POINT('',(911.,310.,59.));
#4344 = VECTOR('',#4345,1.);
#4345 = DIRECTION('',(-1.,0.,0.));
#4346 = ORIENTED_EDGE('',*,*,#4294,.T.);
#4347 = FACE_BOUND('',#4348,.F.);
#4348 = EDGE_LOOP('',(#4349));
#4349 = ORIENTED_EDGE('',*,*,#4350,.F.);
#4350 = EDGE_CURVE('',#4351,#4351,#4353,.T.);
#4351 = VERTEX_POINT('',#4352);
#4352 = CARTESIAN_POINT('',(6.,310.,40.));
#4353 = CIRCLE('',#4354,4.);
#4354 = AXIS2_PLACEMENT_3D('',#4355,#4356,#4357);
#4355 = CARTESIAN_POINT('',(6.,310.,44.));
#4356 = DIRECTION('',(0.,-1.,0.));
#4357 = DIRECTION('',(0.,-0.,-1.));
#4358 = FACE_BOUND('',#4359,.F.);
#4359 = EDGE_LOOP('',(#4360));
#4360 = ORIENTED_EDGE('',*,*,#4361,.F.);
#4361 = EDGE_CURVE('',#4362,#4362,#4364,.T.);
#4362 = VERTEX_POINT('',#4363);
#4363 = CARTESIAN_POINT('',(192.,310.,40.));
#4364 = CIRCLE('',#4365,4.);
#4365 = AXIS2_PLACEMENT_3D('',#4366,#4367,#4368);
#4366 = CARTESIAN_POINT('',(192.,310.,44.));
#4367 = DIRECTION('',(0.,-1.,0.));
#4368 = DIRECTION('',(0.,-0.,-1.));
#4369 = FACE_BOUND('',#4370,.F.);
#4370 = EDGE_LOOP('',(#4371));
#4371 = ORIENTED_EDGE('',*,*,#4372,.F.);
#4372 = EDGE_CURVE('',#4373,#4373,#4375,.T.);
#4373 = VERTEX_POINT('',#4374);
#4374 = CARTESIAN_POINT('',(6.,310.,20.));
#4375 = CIRCLE('',#4376,4.);
#4376 = AXIS2_PLACEMENT_3D('',#4377,#4378,#4379);
#4377 = CARTESIAN_POINT('',(6.,310.,24.));
#4378 = DIRECTION('',(0.,-1.,0.));
#4379 = DIRECTION('',(0.,-0.,-1.));
#4380 = FACE_BOUND('',#4381,.F.);
#4381 = EDGE_LOOP('',(#4382));
#4382 = ORIENTED_EDGE('',*,*,#4383,.F.);
#4383 = EDGE_CURVE('',#4384,#4384,#4386,.T.);
#4384 = VERTEX_POINT('',#4385);
#4385 = CARTESIAN_POINT('',(192.,310.,20.));
#4386 = CIRCLE('',#4387,4.);
#4387 = AXIS2_PLACEMENT_3D('',#4388,#4389,#4390);
#4388 = CARTESIAN_POINT('',(192.,310.,24.));
#4389 = DIRECTION('',(0.,-1.,0.));
#4390 = DIRECTION('',(0.,-0.,-1.));
#4391 = FACE_BOUND('',#4392,.F.);
#4392 = EDGE_LOOP('',(#4393,#4403,#4412,#4420,#4429,#4437,#4446,#4454));
#4393 = ORIENTED_EDGE('',*,*,#4394,.F.);
#4394 = EDGE_CURVE('',#4395,#4397,#4399,.T.);
#4395 = VERTEX_POINT('',#4396);
#4396 = CARTESIAN_POINT('',(266.,310.,21.));
#4397 = VERTEX_POINT('',#4398);
#4398 = CARTESIAN_POINT('',(443.,310.,21.));
#4399 = LINE('',#4400,#4401);
#4400 = CARTESIAN_POINT('',(266.,310.,21.));
#4401 = VECTOR('',#4402,1.);
#4402 = DIRECTION('',(1.,0.,0.));
#4403 = ORIENTED_EDGE('',*,*,#4404,.F.);
#4404 = EDGE_CURVE('',#4405,#4395,#4407,.T.);
#4405 = VERTEX_POINT('',#4406);
#4406 = CARTESIAN_POINT('',(261.,310.,26.));
#4407 = CIRCLE('',#4408,5.);
#4408 = AXIS2_PLACEMENT_3D('',#4409,#4410,#4411);
#4409 = CARTESIAN_POINT('',(266.,310.,26.));
#4410 = DIRECTION('',(0.,-1.,0.));
#4411 = DIRECTION('',(-1.,-0.,-9.947598300641E-15));
#4412 = ORIENTED_EDGE('',*,*,#4413,.F.);
#4413 = EDGE_CURVE('',#4414,#4405,#4416,.T.);
#4414 = VERTEX_POINT('',#4415);
#4415 = CARTESIAN_POINT('',(261.,310.,42.));
#4416 = LINE('',#4417,#4418);
#4417 = CARTESIAN_POINT('',(261.,310.,42.));
#4418 = VECTOR('',#4419,1.);
#4419 = DIRECTION('',(0.,0.,-1.));
#4420 = ORIENTED_EDGE('',*,*,#4421,.F.);
#4421 = EDGE_CURVE('',#4422,#4414,#4424,.T.);
#4422 = VERTEX_POINT('',#4423);
#4423 = CARTESIAN_POINT('',(266.,310.,47.));
#4424 = CIRCLE('',#4425,5.);
#4425 = AXIS2_PLACEMENT_3D('',#4426,#4427,#4428);
#4426 = CARTESIAN_POINT('',(266.,310.,42.));
#4427 = DIRECTION('',(0.,-1.,0.));
#4428 = DIRECTION('',(-1.136868377216E-14,0.,1.));
#4429 = ORIENTED_EDGE('',*,*,#4430,.F.);
#4430 = EDGE_CURVE('',#4431,#4422,#4433,.T.);
#4431 = VERTEX_POINT('',#4432);
#4432 = CARTESIAN_POINT('',(443.,310.,47.));
#4433 = LINE('',#4434,#4435);
#4434 = CARTESIAN_POINT('',(443.,310.,47.));
#4435 = VECTOR('',#4436,1.);
#4436 = DIRECTION('',(-1.,0.,0.));
#4437 = ORIENTED_EDGE('',*,*,#4438,.F.);
#4438 = EDGE_CURVE('',#4439,#4431,#4441,.T.);
#4439 = VERTEX_POINT('',#4440);
#4440 = CARTESIAN_POINT('',(448.,310.,42.));
#4441 = CIRCLE('',#4442,5.);
#4442 = AXIS2_PLACEMENT_3D('',#4443,#4444,#4445);
#4443 = CARTESIAN_POINT('',(443.,310.,42.));
#4444 = DIRECTION('',(0.,-1.,0.));
#4445 = DIRECTION('',(1.,0.,9.947598300641E-15));
#4446 = ORIENTED_EDGE('',*,*,#4447,.F.);
#4447 = EDGE_CURVE('',#4448,#4439,#4450,.T.);
#4448 = VERTEX_POINT('',#4449);
#4449 = CARTESIAN_POINT('',(448.,310.,26.));
#4450 = LINE('',#4451,#4452);
#4451 = CARTESIAN_POINT('',(448.,310.,26.));
#4452 = VECTOR('',#4453,1.);
#4453 = DIRECTION('',(0.,0.,1.));
#4454 = ORIENTED_EDGE('',*,*,#4455,.F.);
#4455 = EDGE_CURVE('',#4397,#4448,#4456,.T.);
#4456 = CIRCLE('',#4457,5.);
#4457 = AXIS2_PLACEMENT_3D('',#4458,#4459,#4460);
#4458 = CARTESIAN_POINT('',(443.,310.,26.));
#4459 = DIRECTION('',(0.,-1.,0.));
#4460 = DIRECTION('',(1.136868377216E-14,0.,-1.));
#4461 = FACE_BOUND('',#4462,.F.);
#4462 = EDGE_LOOP('',(#4463));
#4463 = ORIENTED_EDGE('',*,*,#4464,.F.);
#4464 = EDGE_CURVE('',#4465,#4465,#4467,.T.);
#4465 = VERTEX_POINT('',#4466);
#4466 = CARTESIAN_POINT('',(893.,310.,40.));
#4467 = CIRCLE('',#4468,4.);
#4468 = AXIS2_PLACEMENT_3D('',#4469,#4470,#4471);
#4469 = CARTESIAN_POINT('',(893.,310.,44.));
#4470 = DIRECTION('',(0.,-1.,0.));
#4471 = DIRECTION('',(0.,-0.,-1.));
#4472 = FACE_BOUND('',#4473,.F.);
#4473 = EDGE_LOOP('',(#4474));
#4474 = ORIENTED_EDGE('',*,*,#4475,.F.);
#4475 = EDGE_CURVE('',#4476,#4476,#4478,.T.);
#4476 = VERTEX_POINT('',#4477);
#4477 = CARTESIAN_POINT('',(905.,310.,40.));
#4478 = CIRCLE('',#4479,4.);
#4479 = AXIS2_PLACEMENT_3D('',#4480,#4481,#4482);
#4480 = CARTESIAN_POINT('',(905.,310.,44.));
#4481 = DIRECTION('',(0.,-1.,0.));
#4482 = DIRECTION('',(0.,-0.,-1.));
#4483 = FACE_BOUND('',#4484,.F.);
#4484 = EDGE_LOOP('',(#4485));
#4485 = ORIENTED_EDGE('',*,*,#4486,.F.);
#4486 = EDGE_CURVE('',#4487,#4487,#4489,.T.);
#4487 = VERTEX_POINT('',#4488);
#4488 = CARTESIAN_POINT('',(893.,310.,20.));
#4489 = CIRCLE('',#4490,4.);
#4490 = AXIS2_PLACEMENT_3D('',#4491,#4492,#4493);
#4491 = CARTESIAN_POINT('',(893.,310.,24.));
#4492 = DIRECTION('',(0.,-1.,0.));
#4493 = DIRECTION('',(0.,-0.,-1.));
#4494 = FACE_BOUND('',#4495,.F.);
#4495 = EDGE_LOOP('',(#4496));
#4496 = ORIENTED_EDGE('',*,*,#4497,.F.);
#4497 = EDGE_CURVE('',#4498,#4498,#4500,.T.);
#4498 = VERTEX_POINT('',#4499);
#4499 = CARTESIAN_POINT('',(905.,310.,20.));
#4500 = CIRCLE('',#4501,4.);
#4501 = AXIS2_PLACEMENT_3D('',#4502,#4503,#4504);
#4502 = CARTESIAN_POINT('',(905.,310.,24.));
#4503 = DIRECTION('',(0.,-1.,0.));
#4504 = DIRECTION('',(0.,-0.,-1.));
#4505 = PLANE('',#4506);
#4506 = AXIS2_PLACEMENT_3D('',#4507,#4508,#4509);
#4507 = CARTESIAN_POINT('',(455.5,310.,34.));
#4508 = DIRECTION('',(-0.,-1.,-0.));
#4509 = DIRECTION('',(0.,0.,-1.));
#4510 = ADVANCED_FACE('',(#4511,#4522,#4533,#4544,#4555,#4566,#4636,
    #4647,#4658,#4669),#4680,.T.);
#4511 = FACE_BOUND('',#4512,.T.);
#4512 = EDGE_LOOP('',(#4513,#4514,#4515,#4521));
#4513 = ORIENTED_EDGE('',*,*,#4247,.T.);
#4514 = ORIENTED_EDGE('',*,*,#4309,.T.);
#4515 = ORIENTED_EDGE('',*,*,#4516,.T.);
#4516 = EDGE_CURVE('',#4310,#4280,#4517,.T.);
#4517 = LINE('',#4518,#4519);
#4518 = CARTESIAN_POINT('',(911.,298.,59.));
#4519 = VECTOR('',#4520,1.);
#4520 = DIRECTION('',(-1.,0.,0.));
#4521 = ORIENTED_EDGE('',*,*,#4287,.T.);
#4522 = FACE_BOUND('',#4523,.T.);
#4523 = EDGE_LOOP('',(#4524));
#4524 = ORIENTED_EDGE('',*,*,#4525,.F.);
#4525 = EDGE_CURVE('',#4526,#4526,#4528,.T.);
#4526 = VERTEX_POINT('',#4527);
#4527 = CARTESIAN_POINT('',(6.,298.,42.));
#4528 = CIRCLE('',#4529,2.);
#4529 = AXIS2_PLACEMENT_3D('',#4530,#4531,#4532);
#4530 = CARTESIAN_POINT('',(6.,298.,44.));
#4531 = DIRECTION('',(0.,-1.,0.));
#4532 = DIRECTION('',(0.,-0.,-1.));
#4533 = FACE_BOUND('',#4534,.T.);
#4534 = EDGE_LOOP('',(#4535));
#4535 = ORIENTED_EDGE('',*,*,#4536,.F.);
#4536 = EDGE_CURVE('',#4537,#4537,#4539,.T.);
#4537 = VERTEX_POINT('',#4538);
#4538 = CARTESIAN_POINT('',(192.,298.,42.));
#4539 = CIRCLE('',#4540,2.);
#4540 = AXIS2_PLACEMENT_3D('',#4541,#4542,#4543);
#4541 = CARTESIAN_POINT('',(192.,298.,44.));
#4542 = DIRECTION('',(0.,-1.,0.));
#4543 = DIRECTION('',(0.,-0.,-1.));
#4544 = FACE_BOUND('',#4545,.T.);
#4545 = EDGE_LOOP('',(#4546));
#4546 = ORIENTED_EDGE('',*,*,#4547,.F.);
#4547 = EDGE_CURVE('',#4548,#4548,#4550,.T.);
#4548 = VERTEX_POINT('',#4549);
#4549 = CARTESIAN_POINT('',(6.,298.,22.));
#4550 = CIRCLE('',#4551,2.);
#4551 = AXIS2_PLACEMENT_3D('',#4552,#4553,#4554);
#4552 = CARTESIAN_POINT('',(6.,298.,24.));
#4553 = DIRECTION('',(0.,-1.,0.));
#4554 = DIRECTION('',(0.,-0.,-1.));
#4555 = FACE_BOUND('',#4556,.T.);
#4556 = EDGE_LOOP('',(#4557));
#4557 = ORIENTED_EDGE('',*,*,#4558,.F.);
#4558 = EDGE_CURVE('',#4559,#4559,#4561,.T.);
#4559 = VERTEX_POINT('',#4560);
#4560 = CARTESIAN_POINT('',(192.,298.,22.));
#4561 = CIRCLE('',#4562,2.);
#4562 = AXIS2_PLACEMENT_3D('',#4563,#4564,#4565);
#4563 = CARTESIAN_POINT('',(192.,298.,24.));
#4564 = DIRECTION('',(0.,-1.,0.));
#4565 = DIRECTION('',(0.,-0.,-1.));
#4566 = FACE_BOUND('',#4567,.T.);
#4567 = EDGE_LOOP('',(#4568,#4578,#4587,#4595,#4604,#4612,#4621,#4629));
#4568 = ORIENTED_EDGE('',*,*,#4569,.F.);
#4569 = EDGE_CURVE('',#4570,#4572,#4574,.T.);
#4570 = VERTEX_POINT('',#4571);
#4571 = CARTESIAN_POINT('',(266.,298.,21.));
#4572 = VERTEX_POINT('',#4573);
#4573 = CARTESIAN_POINT('',(443.,298.,21.));
#4574 = LINE('',#4575,#4576);
#4575 = CARTESIAN_POINT('',(266.,298.,21.));
#4576 = VECTOR('',#4577,1.);
#4577 = DIRECTION('',(1.,0.,0.));
#4578 = ORIENTED_EDGE('',*,*,#4579,.F.);
#4579 = EDGE_CURVE('',#4580,#4570,#4582,.T.);
#4580 = VERTEX_POINT('',#4581);
#4581 = CARTESIAN_POINT('',(261.,298.,26.));
#4582 = CIRCLE('',#4583,5.);
#4583 = AXIS2_PLACEMENT_3D('',#4584,#4585,#4586);
#4584 = CARTESIAN_POINT('',(266.,298.,26.));
#4585 = DIRECTION('',(0.,-1.,0.));
#4586 = DIRECTION('',(-1.,-0.,-9.947598300641E-15));
#4587 = ORIENTED_EDGE('',*,*,#4588,.F.);
#4588 = EDGE_CURVE('',#4589,#4580,#4591,.T.);
#4589 = VERTEX_POINT('',#4590);
#4590 = CARTESIAN_POINT('',(261.,298.,42.));
#4591 = LINE('',#4592,#4593);
#4592 = CARTESIAN_POINT('',(261.,298.,42.));
#4593 = VECTOR('',#4594,1.);
#4594 = DIRECTION('',(0.,0.,-1.));
#4595 = ORIENTED_EDGE('',*,*,#4596,.F.);
#4596 = EDGE_CURVE('',#4597,#4589,#4599,.T.);
#4597 = VERTEX_POINT('',#4598);
#4598 = CARTESIAN_POINT('',(266.,298.,47.));
#4599 = CIRCLE('',#4600,5.);
#4600 = AXIS2_PLACEMENT_3D('',#4601,#4602,#4603);
#4601 = CARTESIAN_POINT('',(266.,298.,42.));
#4602 = DIRECTION('',(0.,-1.,0.));
#4603 = DIRECTION('',(-1.136868377216E-14,0.,1.));
#4604 = ORIENTED_EDGE('',*,*,#4605,.F.);
#4605 = EDGE_CURVE('',#4606,#4597,#4608,.T.);
#4606 = VERTEX_POINT('',#4607);
#4607 = CARTESIAN_POINT('',(443.,298.,47.));
#4608 = LINE('',#4609,#4610);
#4609 = CARTESIAN_POINT('',(443.,298.,47.));
#4610 = VECTOR('',#4611,1.);
#4611 = DIRECTION('',(-1.,0.,0.));
#4612 = ORIENTED_EDGE('',*,*,#4613,.F.);
#4613 = EDGE_CURVE('',#4614,#4606,#4616,.T.);
#4614 = VERTEX_POINT('',#4615);
#4615 = CARTESIAN_POINT('',(448.,298.,42.));
#4616 = CIRCLE('',#4617,5.);
#4617 = AXIS2_PLACEMENT_3D('',#4618,#4619,#4620);
#4618 = CARTESIAN_POINT('',(443.,298.,42.));
#4619 = DIRECTION('',(0.,-1.,0.));
#4620 = DIRECTION('',(1.,0.,9.947598300641E-15));
#4621 = ORIENTED_EDGE('',*,*,#4622,.F.);
#4622 = EDGE_CURVE('',#4623,#4614,#4625,.T.);
#4623 = VERTEX_POINT('',#4624);
#4624 = CARTESIAN_POINT('',(448.,298.,26.));
#4625 = LINE('',#4626,#4627);
#4626 = CARTESIAN_POINT('',(448.,298.,26.));
#4627 = VECTOR('',#4628,1.);
#4628 = DIRECTION('',(0.,0.,1.));
#4629 = ORIENTED_EDGE('',*,*,#4630,.F.);
#4630 = EDGE_CURVE('',#4572,#4623,#4631,.T.);
#4631 = CIRCLE('',#4632,5.);
#4632 = AXIS2_PLACEMENT_3D('',#4633,#4634,#4635);
#4633 = CARTESIAN_POINT('',(443.,298.,26.));
#4634 = DIRECTION('',(0.,-1.,0.));
#4635 = DIRECTION('',(1.136868377216E-14,0.,-1.));
#4636 = FACE_BOUND('',#4637,.T.);
#4637 = EDGE_LOOP('',(#4638));
#4638 = ORIENTED_EDGE('',*,*,#4639,.F.);
#4639 = EDGE_CURVE('',#4640,#4640,#4642,.T.);
#4640 = VERTEX_POINT('',#4641);
#4641 = CARTESIAN_POINT('',(893.,298.,42.));
#4642 = CIRCLE('',#4643,2.);
#4643 = AXIS2_PLACEMENT_3D('',#4644,#4645,#4646);
#4644 = CARTESIAN_POINT('',(893.,298.,44.));
#4645 = DIRECTION('',(0.,-1.,0.));
#4646 = DIRECTION('',(0.,-0.,-1.));
#4647 = FACE_BOUND('',#4648,.T.);
#4648 = EDGE_LOOP('',(#4649));
#4649 = ORIENTED_EDGE('',*,*,#4650,.F.);
#4650 = EDGE_CURVE('',#4651,#4651,#4653,.T.);
#4651 = VERTEX_POINT('',#4652);
#4652 = CARTESIAN_POINT('',(905.,298.,42.));
#4653 = CIRCLE('',#4654,2.);
#4654 = AXIS2_PLACEMENT_3D('',#4655,#4656,#4657);
#4655 = CARTESIAN_POINT('',(905.,298.,44.));
#4656 = DIRECTION('',(0.,-1.,0.));
#4657 = DIRECTION('',(0.,-0.,-1.));
#4658 = FACE_BOUND('',#4659,.T.);
#4659 = EDGE_LOOP('',(#4660));
#4660 = ORIENTED_EDGE('',*,*,#4661,.F.);
#4661 = EDGE_CURVE('',#4662,#4662,#4664,.T.);
#4662 = VERTEX_POINT('',#4663);
#4663 = CARTESIAN_POINT('',(893.,298.,22.));
#4664 = CIRCLE('',#4665,2.);
#4665 = AXIS2_PLACEMENT_3D('',#4666,#4667,#4668);
#4666 = CARTESIAN_POINT('',(893.,298.,24.));
#4667 = DIRECTION('',(0.,-1.,0.));
#4668 = DIRECTION('',(0.,-0.,-1.));
#4669 = FACE_BOUND('',#4670,.T.);
#4670 = EDGE_LOOP('',(#4671));
#4671 = ORIENTED_EDGE('',*,*,#4672,.F.);
#4672 = EDGE_CURVE('',#4673,#4673,#4675,.T.);
#4673 = VERTEX_POINT('',#4674);
#4674 = CARTESIAN_POINT('',(905.,298.,22.));
#4675 = CIRCLE('',#4676,2.);
#4676 = AXIS2_PLACEMENT_3D('',#4677,#4678,#4679);
#4677 = CARTESIAN_POINT('',(905.,298.,24.));
#4678 = DIRECTION('',(0.,-1.,0.));
#4679 = DIRECTION('',(0.,-0.,-1.));
#4680 = PLANE('',#4681);
#4681 = AXIS2_PLACEMENT_3D('',#4682,#4683,#4684);
#4682 = CARTESIAN_POINT('',(455.5,298.,34.));
#4683 = DIRECTION('',(-0.,-1.,-0.));
#4684 = DIRECTION('',(0.,0.,-1.));
#4685 = ADVANCED_FACE('',(#4686),#4692,.F.);
#4686 = FACE_BOUND('',#4687,.F.);
#4687 = EDGE_LOOP('',(#4688,#4689,#4690,#4691));
#4688 = ORIENTED_EDGE('',*,*,#4317,.T.);
#4689 = ORIENTED_EDGE('',*,*,#4516,.T.);
#4690 = ORIENTED_EDGE('',*,*,#4277,.F.);
#4691 = ORIENTED_EDGE('',*,*,#4341,.F.);
#4692 = PLANE('',#4693);
#4693 = AXIS2_PLACEMENT_3D('',#4694,#4695,#4696);
#4694 = CARTESIAN_POINT('',(911.,310.,59.));
#4695 = DIRECTION('',(-0.,-0.,-1.));
#4696 = DIRECTION('',(-1.,0.,0.));
#4697 = ADVANCED_FACE('',(#4698),#4717,.F.);
#4698 = FACE_BOUND('',#4699,.F.);
#4699 = EDGE_LOOP('',(#4700,#4708,#4715,#4716));
#4700 = ORIENTED_EDGE('',*,*,#4701,.T.);
#4701 = EDGE_CURVE('',#4351,#4702,#4704,.T.);
#4702 = VERTEX_POINT('',#4703);
#4703 = CARTESIAN_POINT('',(6.,308.,42.));
#4704 = LINE('',#4705,#4706);
#4705 = CARTESIAN_POINT('',(6.,310.5,39.5));
#4706 = VECTOR('',#4707,1.);
#4707 = DIRECTION('',(1.731912112471E-16,-0.707106781187,0.707106781187)
  );
#4708 = ORIENTED_EDGE('',*,*,#4709,.F.);
#4709 = EDGE_CURVE('',#4702,#4702,#4710,.T.);
#4710 = CIRCLE('',#4711,2.);
#4711 = AXIS2_PLACEMENT_3D('',#4712,#4713,#4714);
#4712 = CARTESIAN_POINT('',(6.,308.,44.));
#4713 = DIRECTION('',(0.,-1.,0.));
#4714 = DIRECTION('',(0.,-0.,-1.));
#4715 = ORIENTED_EDGE('',*,*,#4701,.F.);
#4716 = ORIENTED_EDGE('',*,*,#4350,.T.);
#4717 = CONICAL_SURFACE('',#4718,4.5,0.785398163397);
#4718 = AXIS2_PLACEMENT_3D('',#4719,#4720,#4721);
#4719 = CARTESIAN_POINT('',(6.,310.5,44.));
#4720 = DIRECTION('',(-0.,1.,-0.));
#4721 = DIRECTION('',(0.,-0.,-1.));
#4722 = ADVANCED_FACE('',(#4723),#4742,.F.);
#4723 = FACE_BOUND('',#4724,.F.);
#4724 = EDGE_LOOP('',(#4725,#4733,#4740,#4741));
#4725 = ORIENTED_EDGE('',*,*,#4726,.T.);
#4726 = EDGE_CURVE('',#4362,#4727,#4729,.T.);
#4727 = VERTEX_POINT('',#4728);
#4728 = CARTESIAN_POINT('',(192.,308.,42.));
#4729 = LINE('',#4730,#4731);
#4730 = CARTESIAN_POINT('',(192.,310.5,39.5));
#4731 = VECTOR('',#4732,1.);
#4732 = DIRECTION('',(1.731912112471E-16,-0.707106781187,0.707106781187)
  );
#4733 = ORIENTED_EDGE('',*,*,#4734,.F.);
#4734 = EDGE_CURVE('',#4727,#4727,#4735,.T.);
#4735 = CIRCLE('',#4736,2.);
#4736 = AXIS2_PLACEMENT_3D('',#4737,#4738,#4739);
#4737 = CARTESIAN_POINT('',(192.,308.,44.));
#4738 = DIRECTION('',(0.,-1.,0.));
#4739 = DIRECTION('',(0.,-0.,-1.));
#4740 = ORIENTED_EDGE('',*,*,#4726,.F.);
#4741 = ORIENTED_EDGE('',*,*,#4361,.T.);
#4742 = CONICAL_SURFACE('',#4743,4.5,0.785398163397);
#4743 = AXIS2_PLACEMENT_3D('',#4744,#4745,#4746);
#4744 = CARTESIAN_POINT('',(192.,310.5,44.));
#4745 = DIRECTION('',(-0.,1.,-0.));
#4746 = DIRECTION('',(0.,-0.,-1.));
#4747 = ADVANCED_FACE('',(#4748),#4767,.F.);
#4748 = FACE_BOUND('',#4749,.F.);
#4749 = EDGE_LOOP('',(#4750,#4758,#4765,#4766));
#4750 = ORIENTED_EDGE('',*,*,#4751,.T.);
#4751 = EDGE_CURVE('',#4373,#4752,#4754,.T.);
#4752 = VERTEX_POINT('',#4753);
#4753 = CARTESIAN_POINT('',(6.,308.,22.));
#4754 = LINE('',#4755,#4756);
#4755 = CARTESIAN_POINT('',(6.,310.5,19.5));
#4756 = VECTOR('',#4757,1.);
#4757 = DIRECTION('',(1.731912112471E-16,-0.707106781187,0.707106781187)
  );
#4758 = ORIENTED_EDGE('',*,*,#4759,.F.);
#4759 = EDGE_CURVE('',#4752,#4752,#4760,.T.);
#4760 = CIRCLE('',#4761,2.);
#4761 = AXIS2_PLACEMENT_3D('',#4762,#4763,#4764);
#4762 = CARTESIAN_POINT('',(6.,308.,24.));
#4763 = DIRECTION('',(0.,-1.,0.));
#4764 = DIRECTION('',(0.,-0.,-1.));
#4765 = ORIENTED_EDGE('',*,*,#4751,.F.);
#4766 = ORIENTED_EDGE('',*,*,#4372,.T.);
#4767 = CONICAL_SURFACE('',#4768,4.5,0.785398163397);
#4768 = AXIS2_PLACEMENT_3D('',#4769,#4770,#4771);
#4769 = CARTESIAN_POINT('',(6.,310.5,24.));
#4770 = DIRECTION('',(-0.,1.,-0.));
#4771 = DIRECTION('',(0.,-0.,-1.));
#4772 = ADVANCED_FACE('',(#4773),#4792,.F.);
#4773 = FACE_BOUND('',#4774,.F.);
#4774 = EDGE_LOOP('',(#4775,#4783,#4790,#4791));
#4775 = ORIENTED_EDGE('',*,*,#4776,.T.);
#4776 = EDGE_CURVE('',#4384,#4777,#4779,.T.);
#4777 = VERTEX_POINT('',#4778);
#4778 = CARTESIAN_POINT('',(192.,308.,22.));
#4779 = LINE('',#4780,#4781);
#4780 = CARTESIAN_POINT('',(192.,310.5,19.5));
#4781 = VECTOR('',#4782,1.);
#4782 = DIRECTION('',(1.731912112471E-16,-0.707106781187,0.707106781187)
  );
#4783 = ORIENTED_EDGE('',*,*,#4784,.F.);
#4784 = EDGE_CURVE('',#4777,#4777,#4785,.T.);
#4785 = CIRCLE('',#4786,2.);
#4786 = AXIS2_PLACEMENT_3D('',#4787,#4788,#4789);
#4787 = CARTESIAN_POINT('',(192.,308.,24.));
#4788 = DIRECTION('',(0.,-1.,0.));
#4789 = DIRECTION('',(0.,-0.,-1.));
#4790 = ORIENTED_EDGE('',*,*,#4776,.F.);
#4791 = ORIENTED_EDGE('',*,*,#4383,.T.);
#4792 = CONICAL_SURFACE('',#4793,4.5,0.785398163397);
#4793 = AXIS2_PLACEMENT_3D('',#4794,#4795,#4796);
#4794 = CARTESIAN_POINT('',(192.,310.5,24.));
#4795 = DIRECTION('',(-0.,1.,-0.));
#4796 = DIRECTION('',(0.,-0.,-1.));
#4797 = ADVANCED_FACE('',(#4798),#4814,.T.);
#4798 = FACE_BOUND('',#4799,.T.);
#4799 = EDGE_LOOP('',(#4800,#4806,#4807,#4813));
#4800 = ORIENTED_EDGE('',*,*,#4801,.T.);
#4801 = EDGE_CURVE('',#4395,#4570,#4802,.T.);
#4802 = LINE('',#4803,#4804);
#4803 = CARTESIAN_POINT('',(266.,310.,21.));
#4804 = VECTOR('',#4805,1.);
#4805 = DIRECTION('',(0.,-1.,0.));
#4806 = ORIENTED_EDGE('',*,*,#4569,.T.);
#4807 = ORIENTED_EDGE('',*,*,#4808,.F.);
#4808 = EDGE_CURVE('',#4397,#4572,#4809,.T.);
#4809 = LINE('',#4810,#4811);
#4810 = CARTESIAN_POINT('',(443.,310.,21.));
#4811 = VECTOR('',#4812,1.);
#4812 = DIRECTION('',(0.,-1.,0.));
#4813 = ORIENTED_EDGE('',*,*,#4394,.F.);
#4814 = PLANE('',#4815);
#4815 = AXIS2_PLACEMENT_3D('',#4816,#4817,#4818);
#4816 = CARTESIAN_POINT('',(266.,310.,21.));
#4817 = DIRECTION('',(-0.,0.,1.));
#4818 = DIRECTION('',(1.,0.,0.));
#4819 = ADVANCED_FACE('',(#4820),#4831,.F.);
#4820 = FACE_BOUND('',#4821,.T.);
#4821 = EDGE_LOOP('',(#4822,#4823,#4824,#4830));
#4822 = ORIENTED_EDGE('',*,*,#4808,.T.);
#4823 = ORIENTED_EDGE('',*,*,#4630,.T.);
#4824 = ORIENTED_EDGE('',*,*,#4825,.F.);
#4825 = EDGE_CURVE('',#4448,#4623,#4826,.T.);
#4826 = LINE('',#4827,#4828);
#4827 = CARTESIAN_POINT('',(448.,310.,26.));
#4828 = VECTOR('',#4829,1.);
#4829 = DIRECTION('',(0.,-1.,0.));
#4830 = ORIENTED_EDGE('',*,*,#4455,.F.);
#4831 = CYLINDRICAL_SURFACE('',#4832,5.);
#4832 = AXIS2_PLACEMENT_3D('',#4833,#4834,#4835);
#4833 = CARTESIAN_POINT('',(443.,310.,26.));
#4834 = DIRECTION('',(-0.,1.,-0.));
#4835 = DIRECTION('',(1.136868377216E-14,0.,-1.));
#4836 = ADVANCED_FACE('',(#4837),#4848,.T.);
#4837 = FACE_BOUND('',#4838,.T.);
#4838 = EDGE_LOOP('',(#4839,#4840,#4841,#4847));
#4839 = ORIENTED_EDGE('',*,*,#4825,.T.);
#4840 = ORIENTED_EDGE('',*,*,#4622,.T.);
#4841 = ORIENTED_EDGE('',*,*,#4842,.F.);
#4842 = EDGE_CURVE('',#4439,#4614,#4843,.T.);
#4843 = LINE('',#4844,#4845);
#4844 = CARTESIAN_POINT('',(448.,310.,42.));
#4845 = VECTOR('',#4846,1.);
#4846 = DIRECTION('',(0.,-1.,0.));
#4847 = ORIENTED_EDGE('',*,*,#4447,.F.);
#4848 = PLANE('',#4849);
#4849 = AXIS2_PLACEMENT_3D('',#4850,#4851,#4852);
#4850 = CARTESIAN_POINT('',(448.,310.,26.));
#4851 = DIRECTION('',(-1.,0.,0.));
#4852 = DIRECTION('',(0.,0.,1.));
#4853 = ADVANCED_FACE('',(#4854),#4865,.F.);
#4854 = FACE_BOUND('',#4855,.T.);
#4855 = EDGE_LOOP('',(#4856,#4857,#4858,#4864));
#4856 = ORIENTED_EDGE('',*,*,#4842,.T.);
#4857 = ORIENTED_EDGE('',*,*,#4613,.T.);
#4858 = ORIENTED_EDGE('',*,*,#4859,.F.);
#4859 = EDGE_CURVE('',#4431,#4606,#4860,.T.);
#4860 = LINE('',#4861,#4862);
#4861 = CARTESIAN_POINT('',(443.,310.,47.));
#4862 = VECTOR('',#4863,1.);
#4863 = DIRECTION('',(0.,-1.,0.));
#4864 = ORIENTED_EDGE('',*,*,#4438,.F.);
#4865 = CYLINDRICAL_SURFACE('',#4866,5.);
#4866 = AXIS2_PLACEMENT_3D('',#4867,#4868,#4869);
#4867 = CARTESIAN_POINT('',(443.,310.,42.));
#4868 = DIRECTION('',(-0.,1.,-0.));
#4869 = DIRECTION('',(1.,0.,9.947598300641E-15));
#4870 = ADVANCED_FACE('',(#4871),#4882,.T.);
#4871 = FACE_BOUND('',#4872,.T.);
#4872 = EDGE_LOOP('',(#4873,#4874,#4875,#4881));
#4873 = ORIENTED_EDGE('',*,*,#4859,.T.);
#4874 = ORIENTED_EDGE('',*,*,#4605,.T.);
#4875 = ORIENTED_EDGE('',*,*,#4876,.F.);
#4876 = EDGE_CURVE('',#4422,#4597,#4877,.T.);
#4877 = LINE('',#4878,#4879);
#4878 = CARTESIAN_POINT('',(266.,310.,47.));
#4879 = VECTOR('',#4880,1.);
#4880 = DIRECTION('',(0.,-1.,0.));
#4881 = ORIENTED_EDGE('',*,*,#4430,.F.);
#4882 = PLANE('',#4883);
#4883 = AXIS2_PLACEMENT_3D('',#4884,#4885,#4886);
#4884 = CARTESIAN_POINT('',(443.,310.,47.));
#4885 = DIRECTION('',(-0.,-0.,-1.));
#4886 = DIRECTION('',(-1.,0.,0.));
#4887 = ADVANCED_FACE('',(#4888),#4899,.F.);
#4888 = FACE_BOUND('',#4889,.T.);
#4889 = EDGE_LOOP('',(#4890,#4891,#4892,#4898));
#4890 = ORIENTED_EDGE('',*,*,#4876,.T.);
#4891 = ORIENTED_EDGE('',*,*,#4596,.T.);
#4892 = ORIENTED_EDGE('',*,*,#4893,.F.);
#4893 = EDGE_CURVE('',#4414,#4589,#4894,.T.);
#4894 = LINE('',#4895,#4896);
#4895 = CARTESIAN_POINT('',(261.,310.,42.));
#4896 = VECTOR('',#4897,1.);
#4897 = DIRECTION('',(0.,-1.,0.));
#4898 = ORIENTED_EDGE('',*,*,#4421,.F.);
#4899 = CYLINDRICAL_SURFACE('',#4900,5.);
#4900 = AXIS2_PLACEMENT_3D('',#4901,#4902,#4903);
#4901 = CARTESIAN_POINT('',(266.,310.,42.));
#4902 = DIRECTION('',(-0.,1.,-0.));
#4903 = DIRECTION('',(-1.136868377216E-14,0.,1.));
#4904 = ADVANCED_FACE('',(#4905),#4916,.T.);
#4905 = FACE_BOUND('',#4906,.T.);
#4906 = EDGE_LOOP('',(#4907,#4908,#4909,#4915));
#4907 = ORIENTED_EDGE('',*,*,#4893,.T.);
#4908 = ORIENTED_EDGE('',*,*,#4588,.T.);
#4909 = ORIENTED_EDGE('',*,*,#4910,.F.);
#4910 = EDGE_CURVE('',#4405,#4580,#4911,.T.);
#4911 = LINE('',#4912,#4913);
#4912 = CARTESIAN_POINT('',(261.,310.,26.));
#4913 = VECTOR('',#4914,1.);
#4914 = DIRECTION('',(0.,-1.,0.));
#4915 = ORIENTED_EDGE('',*,*,#4413,.F.);
#4916 = PLANE('',#4917);
#4917 = AXIS2_PLACEMENT_3D('',#4918,#4919,#4920);
#4918 = CARTESIAN_POINT('',(261.,310.,42.));
#4919 = DIRECTION('',(1.,0.,0.));
#4920 = DIRECTION('',(0.,0.,-1.));
#4921 = ADVANCED_FACE('',(#4922),#4928,.F.);
#4922 = FACE_BOUND('',#4923,.T.);
#4923 = EDGE_LOOP('',(#4924,#4925,#4926,#4927));
#4924 = ORIENTED_EDGE('',*,*,#4910,.T.);
#4925 = ORIENTED_EDGE('',*,*,#4579,.T.);
#4926 = ORIENTED_EDGE('',*,*,#4801,.F.);
#4927 = ORIENTED_EDGE('',*,*,#4404,.F.);
#4928 = CYLINDRICAL_SURFACE('',#4929,5.);
#4929 = AXIS2_PLACEMENT_3D('',#4930,#4931,#4932);
#4930 = CARTESIAN_POINT('',(266.,310.,26.));
#4931 = DIRECTION('',(-0.,1.,-0.));
#4932 = DIRECTION('',(-1.,-0.,-9.947598300641E-15));
#4933 = ADVANCED_FACE('',(#4934),#4953,.F.);
#4934 = FACE_BOUND('',#4935,.F.);
#4935 = EDGE_LOOP('',(#4936,#4944,#4951,#4952));
#4936 = ORIENTED_EDGE('',*,*,#4937,.T.);
#4937 = EDGE_CURVE('',#4465,#4938,#4940,.T.);
#4938 = VERTEX_POINT('',#4939);
#4939 = CARTESIAN_POINT('',(893.,308.,42.));
#4940 = LINE('',#4941,#4942);
#4941 = CARTESIAN_POINT('',(893.,310.5,39.5));
#4942 = VECTOR('',#4943,1.);
#4943 = DIRECTION('',(1.731912112471E-16,-0.707106781187,0.707106781187)
  );
#4944 = ORIENTED_EDGE('',*,*,#4945,.F.);
#4945 = EDGE_CURVE('',#4938,#4938,#4946,.T.);
#4946 = CIRCLE('',#4947,2.);
#4947 = AXIS2_PLACEMENT_3D('',#4948,#4949,#4950);
#4948 = CARTESIAN_POINT('',(893.,308.,44.));
#4949 = DIRECTION('',(0.,-1.,0.));
#4950 = DIRECTION('',(0.,-0.,-1.));
#4951 = ORIENTED_EDGE('',*,*,#4937,.F.);
#4952 = ORIENTED_EDGE('',*,*,#4464,.T.);
#4953 = CONICAL_SURFACE('',#4954,4.5,0.785398163397);
#4954 = AXIS2_PLACEMENT_3D('',#4955,#4956,#4957);
#4955 = CARTESIAN_POINT('',(893.,310.5,44.));
#4956 = DIRECTION('',(-0.,1.,-0.));
#4957 = DIRECTION('',(0.,-0.,-1.));
#4958 = ADVANCED_FACE('',(#4959),#4978,.F.);
#4959 = FACE_BOUND('',#4960,.F.);
#4960 = EDGE_LOOP('',(#4961,#4969,#4976,#4977));
#4961 = ORIENTED_EDGE('',*,*,#4962,.T.);
#4962 = EDGE_CURVE('',#4476,#4963,#4965,.T.);
#4963 = VERTEX_POINT('',#4964);
#4964 = CARTESIAN_POINT('',(905.,308.,42.));
#4965 = LINE('',#4966,#4967);
#4966 = CARTESIAN_POINT('',(905.,310.5,39.5));
#4967 = VECTOR('',#4968,1.);
#4968 = DIRECTION('',(1.731912112471E-16,-0.707106781187,0.707106781187)
  );
#4969 = ORIENTED_EDGE('',*,*,#4970,.F.);
#4970 = EDGE_CURVE('',#4963,#4963,#4971,.T.);
#4971 = CIRCLE('',#4972,2.);
#4972 = AXIS2_PLACEMENT_3D('',#4973,#4974,#4975);
#4973 = CARTESIAN_POINT('',(905.,308.,44.));
#4974 = DIRECTION('',(0.,-1.,0.));
#4975 = DIRECTION('',(0.,-0.,-1.));
#4976 = ORIENTED_EDGE('',*,*,#4962,.F.);
#4977 = ORIENTED_EDGE('',*,*,#4475,.T.);
#4978 = CONICAL_SURFACE('',#4979,4.5,0.785398163397);
#4979 = AXIS2_PLACEMENT_3D('',#4980,#4981,#4982);
#4980 = CARTESIAN_POINT('',(905.,310.5,44.));
#4981 = DIRECTION('',(-0.,1.,-0.));
#4982 = DIRECTION('',(0.,-0.,-1.));
#4983 = ADVANCED_FACE('',(#4984),#5003,.F.);
#4984 = FACE_BOUND('',#4985,.F.);
#4985 = EDGE_LOOP('',(#4986,#4994,#5001,#5002));
#4986 = ORIENTED_EDGE('',*,*,#4987,.T.);
#4987 = EDGE_CURVE('',#4487,#4988,#4990,.T.);
#4988 = VERTEX_POINT('',#4989);
#4989 = CARTESIAN_POINT('',(893.,308.,22.));
#4990 = LINE('',#4991,#4992);
#4991 = CARTESIAN_POINT('',(893.,310.5,19.5));
#4992 = VECTOR('',#4993,1.);
#4993 = DIRECTION('',(1.731912112471E-16,-0.707106781187,0.707106781187)
  );
#4994 = ORIENTED_EDGE('',*,*,#4995,.F.);
#4995 = EDGE_CURVE('',#4988,#4988,#4996,.T.);
#4996 = CIRCLE('',#4997,2.);
#4997 = AXIS2_PLACEMENT_3D('',#4998,#4999,#5000);
#4998 = CARTESIAN_POINT('',(893.,308.,24.));
#4999 = DIRECTION('',(0.,-1.,0.));
#5000 = DIRECTION('',(0.,-0.,-1.));
#5001 = ORIENTED_EDGE('',*,*,#4987,.F.);
#5002 = ORIENTED_EDGE('',*,*,#4486,.T.);
#5003 = CONICAL_SURFACE('',#5004,4.5,0.785398163397);
#5004 = AXIS2_PLACEMENT_3D('',#5005,#5006,#5007);
#5005 = CARTESIAN_POINT('',(893.,310.5,24.));
#5006 = DIRECTION('',(-0.,1.,-0.));
#5007 = DIRECTION('',(0.,-0.,-1.));
#5008 = ADVANCED_FACE('',(#5009),#5028,.F.);
#5009 = FACE_BOUND('',#5010,.F.);
#5010 = EDGE_LOOP('',(#5011,#5019,#5026,#5027));
#5011 = ORIENTED_EDGE('',*,*,#5012,.T.);
#5012 = EDGE_CURVE('',#4498,#5013,#5015,.T.);
#5013 = VERTEX_POINT('',#5014);
#5014 = CARTESIAN_POINT('',(905.,308.,22.));
#5015 = LINE('',#5016,#5017);
#5016 = CARTESIAN_POINT('',(905.,310.5,19.5));
#5017 = VECTOR('',#5018,1.);
#5018 = DIRECTION('',(1.731912112471E-16,-0.707106781187,0.707106781187)
  );
#5019 = ORIENTED_EDGE('',*,*,#5020,.F.);
#5020 = EDGE_CURVE('',#5013,#5013,#5021,.T.);
#5021 = CIRCLE('',#5022,2.);
#5022 = AXIS2_PLACEMENT_3D('',#5023,#5024,#5025);
#5023 = CARTESIAN_POINT('',(905.,308.,24.));
#5024 = DIRECTION('',(0.,-1.,0.));
#5025 = DIRECTION('',(0.,-0.,-1.));
#5026 = ORIENTED_EDGE('',*,*,#5012,.F.);
#5027 = ORIENTED_EDGE('',*,*,#4497,.T.);
#5028 = CONICAL_SURFACE('',#5029,4.5,0.785398163397);
#5029 = AXIS2_PLACEMENT_3D('',#5030,#5031,#5032);
#5030 = CARTESIAN_POINT('',(905.,310.5,24.));
#5031 = DIRECTION('',(-0.,1.,-0.));
#5032 = DIRECTION('',(0.,-0.,-1.));
#5033 = ADVANCED_FACE('',(#5034),#5045,.F.);
#5034 = FACE_BOUND('',#5035,.F.);
#5035 = EDGE_LOOP('',(#5036,#5037,#5043,#5044));
#5036 = ORIENTED_EDGE('',*,*,#4525,.F.);
#5037 = ORIENTED_EDGE('',*,*,#5038,.F.);
#5038 = EDGE_CURVE('',#4702,#4526,#5039,.T.);
#5039 = LINE('',#5040,#5041);
#5040 = CARTESIAN_POINT('',(6.,311.,42.));
#5041 = VECTOR('',#5042,1.);
#5042 = DIRECTION('',(0.,-1.,0.));
#5043 = ORIENTED_EDGE('',*,*,#4709,.T.);
#5044 = ORIENTED_EDGE('',*,*,#5038,.T.);
#5045 = CYLINDRICAL_SURFACE('',#5046,2.);
#5046 = AXIS2_PLACEMENT_3D('',#5047,#5048,#5049);
#5047 = CARTESIAN_POINT('',(6.,311.,44.));
#5048 = DIRECTION('',(0.,-1.,0.));
#5049 = DIRECTION('',(0.,-0.,-1.));
#5050 = ADVANCED_FACE('',(#5051),#5062,.F.);
#5051 = FACE_BOUND('',#5052,.F.);
#5052 = EDGE_LOOP('',(#5053,#5054,#5060,#5061));
#5053 = ORIENTED_EDGE('',*,*,#4536,.F.);
#5054 = ORIENTED_EDGE('',*,*,#5055,.F.);
#5055 = EDGE_CURVE('',#4727,#4537,#5056,.T.);
#5056 = LINE('',#5057,#5058);
#5057 = CARTESIAN_POINT('',(192.,311.,42.));
#5058 = VECTOR('',#5059,1.);
#5059 = DIRECTION('',(0.,-1.,0.));
#5060 = ORIENTED_EDGE('',*,*,#4734,.T.);
#5061 = ORIENTED_EDGE('',*,*,#5055,.T.);
#5062 = CYLINDRICAL_SURFACE('',#5063,2.);
#5063 = AXIS2_PLACEMENT_3D('',#5064,#5065,#5066);
#5064 = CARTESIAN_POINT('',(192.,311.,44.));
#5065 = DIRECTION('',(0.,-1.,0.));
#5066 = DIRECTION('',(0.,-0.,-1.));
#5067 = ADVANCED_FACE('',(#5068),#5079,.F.);
#5068 = FACE_BOUND('',#5069,.F.);
#5069 = EDGE_LOOP('',(#5070,#5071,#5077,#5078));
#5070 = ORIENTED_EDGE('',*,*,#4547,.F.);
#5071 = ORIENTED_EDGE('',*,*,#5072,.F.);
#5072 = EDGE_CURVE('',#4752,#4548,#5073,.T.);
#5073 = LINE('',#5074,#5075);
#5074 = CARTESIAN_POINT('',(6.,311.,22.));
#5075 = VECTOR('',#5076,1.);
#5076 = DIRECTION('',(0.,-1.,0.));
#5077 = ORIENTED_EDGE('',*,*,#4759,.T.);
#5078 = ORIENTED_EDGE('',*,*,#5072,.T.);
#5079 = CYLINDRICAL_SURFACE('',#5080,2.);
#5080 = AXIS2_PLACEMENT_3D('',#5081,#5082,#5083);
#5081 = CARTESIAN_POINT('',(6.,311.,24.));
#5082 = DIRECTION('',(0.,-1.,0.));
#5083 = DIRECTION('',(0.,-0.,-1.));
#5084 = ADVANCED_FACE('',(#5085),#5096,.F.);
#5085 = FACE_BOUND('',#5086,.F.);
#5086 = EDGE_LOOP('',(#5087,#5088,#5094,#5095));
#5087 = ORIENTED_EDGE('',*,*,#4558,.F.);
#5088 = ORIENTED_EDGE('',*,*,#5089,.F.);
#5089 = EDGE_CURVE('',#4777,#4559,#5090,.T.);
#5090 = LINE('',#5091,#5092);
#5091 = CARTESIAN_POINT('',(192.,311.,22.));
#5092 = VECTOR('',#5093,1.);
#5093 = DIRECTION('',(0.,-1.,0.));
#5094 = ORIENTED_EDGE('',*,*,#4784,.T.);
#5095 = ORIENTED_EDGE('',*,*,#5089,.T.);
#5096 = CYLINDRICAL_SURFACE('',#5097,2.);
#5097 = AXIS2_PLACEMENT_3D('',#5098,#5099,#5100);
#5098 = CARTESIAN_POINT('',(192.,311.,24.));
#5099 = DIRECTION('',(0.,-1.,0.));
#5100 = DIRECTION('',(0.,-0.,-1.));
#5101 = ADVANCED_FACE('',(#5102),#5113,.F.);
#5102 = FACE_BOUND('',#5103,.F.);
#5103 = EDGE_LOOP('',(#5104,#5105,#5111,#5112));
#5104 = ORIENTED_EDGE('',*,*,#4639,.F.);
#5105 = ORIENTED_EDGE('',*,*,#5106,.F.);
#5106 = EDGE_CURVE('',#4938,#4640,#5107,.T.);
#5107 = LINE('',#5108,#5109);
#5108 = CARTESIAN_POINT('',(893.,311.,42.));
#5109 = VECTOR('',#5110,1.);
#5110 = DIRECTION('',(0.,-1.,0.));
#5111 = ORIENTED_EDGE('',*,*,#4945,.T.);
#5112 = ORIENTED_EDGE('',*,*,#5106,.T.);
#5113 = CYLINDRICAL_SURFACE('',#5114,2.);
#5114 = AXIS2_PLACEMENT_3D('',#5115,#5116,#5117);
#5115 = CARTESIAN_POINT('',(893.,311.,44.));
#5116 = DIRECTION('',(0.,-1.,0.));
#5117 = DIRECTION('',(0.,-0.,-1.));
#5118 = ADVANCED_FACE('',(#5119),#5130,.F.);
#5119 = FACE_BOUND('',#5120,.F.);
#5120 = EDGE_LOOP('',(#5121,#5122,#5128,#5129));
#5121 = ORIENTED_EDGE('',*,*,#4650,.F.);
#5122 = ORIENTED_EDGE('',*,*,#5123,.F.);
#5123 = EDGE_CURVE('',#4963,#4651,#5124,.T.);
#5124 = LINE('',#5125,#5126);
#5125 = CARTESIAN_POINT('',(905.,311.,42.));
#5126 = VECTOR('',#5127,1.);
#5127 = DIRECTION('',(0.,-1.,0.));
#5128 = ORIENTED_EDGE('',*,*,#4970,.T.);
#5129 = ORIENTED_EDGE('',*,*,#5123,.T.);
#5130 = CYLINDRICAL_SURFACE('',#5131,2.);
#5131 = AXIS2_PLACEMENT_3D('',#5132,#5133,#5134);
#5132 = CARTESIAN_POINT('',(905.,311.,44.));
#5133 = DIRECTION('',(0.,-1.,0.));
#5134 = DIRECTION('',(0.,-0.,-1.));
#5135 = ADVANCED_FACE('',(#5136),#5147,.F.);
#5136 = FACE_BOUND('',#5137,.F.);
#5137 = EDGE_LOOP('',(#5138,#5139,#5145,#5146));
#5138 = ORIENTED_EDGE('',*,*,#4661,.F.);
#5139 = ORIENTED_EDGE('',*,*,#5140,.F.);
#5140 = EDGE_CURVE('',#4988,#4662,#5141,.T.);
#5141 = LINE('',#5142,#5143);
#5142 = CARTESIAN_POINT('',(893.,311.,22.));
#5143 = VECTOR('',#5144,1.);
#5144 = DIRECTION('',(0.,-1.,0.));
#5145 = ORIENTED_EDGE('',*,*,#4995,.T.);
#5146 = ORIENTED_EDGE('',*,*,#5140,.T.);
#5147 = CYLINDRICAL_SURFACE('',#5148,2.);
#5148 = AXIS2_PLACEMENT_3D('',#5149,#5150,#5151);
#5149 = CARTESIAN_POINT('',(893.,311.,24.));
#5150 = DIRECTION('',(0.,-1.,0.));
#5151 = DIRECTION('',(0.,-0.,-1.));
#5152 = ADVANCED_FACE('',(#5153),#5164,.F.);
#5153 = FACE_BOUND('',#5154,.F.);
#5154 = EDGE_LOOP('',(#5155,#5156,#5162,#5163));
#5155 = ORIENTED_EDGE('',*,*,#4672,.F.);
#5156 = ORIENTED_EDGE('',*,*,#5157,.F.);
#5157 = EDGE_CURVE('',#5013,#4673,#5158,.T.);
#5158 = LINE('',#5159,#5160);
#5159 = CARTESIAN_POINT('',(905.,311.,22.));
#5160 = VECTOR('',#5161,1.);
#5161 = DIRECTION('',(0.,-1.,0.));
#5162 = ORIENTED_EDGE('',*,*,#5020,.T.);
#5163 = ORIENTED_EDGE('',*,*,#5157,.T.);
#5164 = CYLINDRICAL_SURFACE('',#5165,2.);
#5165 = AXIS2_PLACEMENT_3D('',#5166,#5167,#5168);
#5166 = CARTESIAN_POINT('',(905.,311.,24.));
#5167 = DIRECTION('',(0.,-1.,0.));
#5168 = DIRECTION('',(0.,-0.,-1.));
#5169 = ( GEOMETRIC_REPRESENTATION_CONTEXT(3) 
GLOBAL_UNCERTAINTY_ASSIGNED_CONTEXT((#5173)) 
GLOBAL_UNIT_ASSIGNED_CONTEXT((#5170,#5171,#5172)) REPRESENTATION_CONTEXT
('Context #1','3D Context with UNIT and UNCERTAINTY') );
#5170 = ( LENGTH_UNIT() NAMED_UNIT(*) SI_UNIT(.MILLI.,.METRE.) );
#5171 = ( NAMED_UNIT(*) PLANE_ANGLE_UNIT() SI_UNIT($,.RADIAN.) );
#5172 = ( NAMED_UNIT(*) SI_UNIT($,.STERADIAN.) SOLID_ANGLE_UNIT() );
#5173 = UNCERTAINTY_MEASURE_WITH_UNIT(LENGTH_MEASURE(1.E-07),#5170,
  'distance_accuracy_value','confusion accuracy');
#5174 = CONTEXT_DEPENDENT_SHAPE_REPRESENTATION(#5175,#5177);
#5175 = ( REPRESENTATION_RELATIONSHIP('','',#4230,#10) 
REPRESENTATION_RELATIONSHIP_WITH_TRANSFORMATION(#5176) 
SHAPE_REPRESENTATION_RELATIONSHIP() );
#5176 = ITEM_DEFINED_TRANSFORMATION('','',#11,#23);
#5177 = PRODUCT_DEFINITION_SHAPE('Placement','Placement of an item',
  #5178);
#5178 = NEXT_ASSEMBLY_USAGE_OCCURRENCE('3','Rear wall','',#5,#4225,$);
#5179 = PRODUCT_RELATED_PRODUCT_CATEGORY('part',$,(#4227));
#5180 = SHAPE_DEFINITION_REPRESENTATION(#5181,#5187);
#5181 = PRODUCT_DEFINITION_SHAPE('','',#5182);
#5182 = PRODUCT_DEFINITION('design','',#5183,#5186);
#5183 = PRODUCT_DEFINITION_FORMATION('','',#5184);
#5184 = PRODUCT('End wall','End wall','',(#5185));
#5185 = PRODUCT_CONTEXT('',#2,'mechanical');
#5186 = PRODUCT_DEFINITION_CONTEXT('part definition',#2,'design');
#5187 = ADVANCED_BREP_SHAPE_REPRESENTATION('',(#11,#5188),#5338);
#5188 = MANIFOLD_SOLID_BREP('',#5189);
#5189 = CLOSED_SHELL('',(#5190,#5230,#5261,#5292,#5314,#5326));
#5190 = ADVANCED_FACE('',(#5191),#5225,.F.);
#5191 = FACE_BOUND('',#5192,.F.);
#5192 = EDGE_LOOP('',(#5193,#5203,#5211,#5219));
#5193 = ORIENTED_EDGE('',*,*,#5194,.T.);
#5194 = EDGE_CURVE('',#5195,#5197,#5199,.T.);
#5195 = VERTEX_POINT('',#5196);
#5196 = CARTESIAN_POINT('',(0.,12.,9.));
#5197 = VERTEX_POINT('',#5198);
#5198 = CARTESIAN_POINT('',(12.,12.,9.));
#5199 = LINE('',#5200,#5201);
#5200 = CARTESIAN_POINT('',(0.,12.,9.));
#5201 = VECTOR('',#5202,1.);
#5202 = DIRECTION('',(1.,0.,0.));
#5203 = ORIENTED_EDGE('',*,*,#5204,.T.);
#5204 = EDGE_CURVE('',#5197,#5205,#5207,.T.);
#5205 = VERTEX_POINT('',#5206);
#5206 = CARTESIAN_POINT('',(12.,298.,9.));
#5207 = LINE('',#5208,#5209);
#5208 = CARTESIAN_POINT('',(12.,12.,9.));
#5209 = VECTOR('',#5210,1.);
#5210 = DIRECTION('',(0.,1.,0.));
#5211 = ORIENTED_EDGE('',*,*,#5212,.F.);
#5212 = EDGE_CURVE('',#5213,#5205,#5215,.T.);
#5213 = VERTEX_POINT('',#5214);
#5214 = CARTESIAN_POINT('',(0.,298.,9.));
#5215 = LINE('',#5216,#5217);
#5216 = CARTESIAN_POINT('',(0.,298.,9.));
#5217 = VECTOR('',#5218,1.);
#5218 = DIRECTION('',(1.,0.,0.));
#5219 = ORIENTED_EDGE('',*,*,#5220,.F.);
#5220 = EDGE_CURVE('',#5195,#5213,#5221,.T.);
#5221 = LINE('',#5222,#5223);
#5222 = CARTESIAN_POINT('',(0.,12.,9.));
#5223 = VECTOR('',#5224,1.);
#5224 = DIRECTION('',(0.,1.,0.));
#5225 = PLANE('',#5226);
#5226 = AXIS2_PLACEMENT_3D('',#5227,#5228,#5229);
#5227 = CARTESIAN_POINT('',(0.,12.,9.));
#5228 = DIRECTION('',(0.,0.,1.));
#5229 = DIRECTION('',(0.,1.,0.));
#5230 = ADVANCED_FACE('',(#5231),#5256,.F.);
#5231 = FACE_BOUND('',#5232,.F.);
#5232 = EDGE_LOOP('',(#5233,#5234,#5242,#5250));
#5233 = ORIENTED_EDGE('',*,*,#5212,.T.);
#5234 = ORIENTED_EDGE('',*,*,#5235,.T.);
#5235 = EDGE_CURVE('',#5205,#5236,#5238,.T.);
#5236 = VERTEX_POINT('',#5237);
#5237 = CARTESIAN_POINT('',(12.,298.,59.));
#5238 = LINE('',#5239,#5240);
#5239 = CARTESIAN_POINT('',(12.,298.,9.));
#5240 = VECTOR('',#5241,1.);
#5241 = DIRECTION('',(0.,0.,1.));
#5242 = ORIENTED_EDGE('',*,*,#5243,.F.);
#5243 = EDGE_CURVE('',#5244,#5236,#5246,.T.);
#5244 = VERTEX_POINT('',#5245);
#5245 = CARTESIAN_POINT('',(0.,298.,59.));
#5246 = LINE('',#5247,#5248);
#5247 = CARTESIAN_POINT('',(0.,298.,59.));
#5248 = VECTOR('',#5249,1.);
#5249 = DIRECTION('',(1.,0.,0.));
#5250 = ORIENTED_EDGE('',*,*,#5251,.F.);
#5251 = EDGE_CURVE('',#5213,#5244,#5252,.T.);
#5252 = LINE('',#5253,#5254);
#5253 = CARTESIAN_POINT('',(0.,298.,9.));
#5254 = VECTOR('',#5255,1.);
#5255 = DIRECTION('',(0.,0.,1.));
#5256 = PLANE('',#5257);
#5257 = AXIS2_PLACEMENT_3D('',#5258,#5259,#5260);
#5258 = CARTESIAN_POINT('',(0.,298.,9.));
#5259 = DIRECTION('',(0.,-1.,0.));
#5260 = DIRECTION('',(0.,0.,1.));
#5261 = ADVANCED_FACE('',(#5262),#5287,.F.);
#5262 = FACE_BOUND('',#5263,.F.);
#5263 = EDGE_LOOP('',(#5264,#5265,#5273,#5281));
#5264 = ORIENTED_EDGE('',*,*,#5243,.T.);
#5265 = ORIENTED_EDGE('',*,*,#5266,.T.);
#5266 = EDGE_CURVE('',#5236,#5267,#5269,.T.);
#5267 = VERTEX_POINT('',#5268);
#5268 = CARTESIAN_POINT('',(12.,12.,59.));
#5269 = LINE('',#5270,#5271);
#5270 = CARTESIAN_POINT('',(12.,298.,59.));
#5271 = VECTOR('',#5272,1.);
#5272 = DIRECTION('',(0.,-1.,0.));
#5273 = ORIENTED_EDGE('',*,*,#5274,.F.);
#5274 = EDGE_CURVE('',#5275,#5267,#5277,.T.);
#5275 = VERTEX_POINT('',#5276);
#5276 = CARTESIAN_POINT('',(0.,12.,59.));
#5277 = LINE('',#5278,#5279);
#5278 = CARTESIAN_POINT('',(0.,12.,59.));
#5279 = VECTOR('',#5280,1.);
#5280 = DIRECTION('',(1.,0.,0.));
#5281 = ORIENTED_EDGE('',*,*,#5282,.F.);
#5282 = EDGE_CURVE('',#5244,#5275,#5283,.T.);
#5283 = LINE('',#5284,#5285);
#5284 = CARTESIAN_POINT('',(0.,298.,59.));
#5285 = VECTOR('',#5286,1.);
#5286 = DIRECTION('',(0.,-1.,0.));
#5287 = PLANE('',#5288);
#5288 = AXIS2_PLACEMENT_3D('',#5289,#5290,#5291);
#5289 = CARTESIAN_POINT('',(0.,298.,59.));
#5290 = DIRECTION('',(0.,0.,-1.));
#5291 = DIRECTION('',(0.,-1.,0.));
#5292 = ADVANCED_FACE('',(#5293),#5309,.F.);
#5293 = FACE_BOUND('',#5294,.F.);
#5294 = EDGE_LOOP('',(#5295,#5296,#5302,#5303));
#5295 = ORIENTED_EDGE('',*,*,#5274,.T.);
#5296 = ORIENTED_EDGE('',*,*,#5297,.T.);
#5297 = EDGE_CURVE('',#5267,#5197,#5298,.T.);
#5298 = LINE('',#5299,#5300);
#5299 = CARTESIAN_POINT('',(12.,12.,59.));
#5300 = VECTOR('',#5301,1.);
#5301 = DIRECTION('',(0.,0.,-1.));
#5302 = ORIENTED_EDGE('',*,*,#5194,.F.);
#5303 = ORIENTED_EDGE('',*,*,#5304,.F.);
#5304 = EDGE_CURVE('',#5275,#5195,#5305,.T.);
#5305 = LINE('',#5306,#5307);
#5306 = CARTESIAN_POINT('',(0.,12.,59.));
#5307 = VECTOR('',#5308,1.);
#5308 = DIRECTION('',(0.,0.,-1.));
#5309 = PLANE('',#5310);
#5310 = AXIS2_PLACEMENT_3D('',#5311,#5312,#5313);
#5311 = CARTESIAN_POINT('',(0.,12.,59.));
#5312 = DIRECTION('',(-0.,1.,0.));
#5313 = DIRECTION('',(0.,0.,-1.));
#5314 = ADVANCED_FACE('',(#5315),#5321,.F.);
#5315 = FACE_BOUND('',#5316,.F.);
#5316 = EDGE_LOOP('',(#5317,#5318,#5319,#5320));
#5317 = ORIENTED_EDGE('',*,*,#5220,.T.);
#5318 = ORIENTED_EDGE('',*,*,#5251,.T.);
#5319 = ORIENTED_EDGE('',*,*,#5282,.T.);
#5320 = ORIENTED_EDGE('',*,*,#5304,.T.);
#5321 = PLANE('',#5322);
#5322 = AXIS2_PLACEMENT_3D('',#5323,#5324,#5325);
#5323 = CARTESIAN_POINT('',(0.,155.,34.));
#5324 = DIRECTION('',(1.,0.,0.));
#5325 = DIRECTION('',(-0.,0.,1.));
#5326 = ADVANCED_FACE('',(#5327),#5333,.T.);
#5327 = FACE_BOUND('',#5328,.T.);
#5328 = EDGE_LOOP('',(#5329,#5330,#5331,#5332));
#5329 = ORIENTED_EDGE('',*,*,#5204,.T.);
#5330 = ORIENTED_EDGE('',*,*,#5235,.T.);
#5331 = ORIENTED_EDGE('',*,*,#5266,.T.);
#5332 = ORIENTED_EDGE('',*,*,#5297,.T.);
#5333 = PLANE('',#5334);
#5334 = AXIS2_PLACEMENT_3D('',#5335,#5336,#5337);
#5335 = CARTESIAN_POINT('',(12.,155.,34.));
#5336 = DIRECTION('',(1.,0.,0.));
#5337 = DIRECTION('',(-0.,0.,1.));
#5338 = ( GEOMETRIC_REPRESENTATION_CONTEXT(3) 
GLOBAL_UNCERTAINTY_ASSIGNED_CONTEXT((#5342)) 
GLOBAL_UNIT_ASSIGNED_CONTEXT((#5339,#5340,#5341)) REPRESENTATION_CONTEXT
('Context #1','3D Context with UNIT and UNCERTAINTY') );
#5339 = ( LENGTH_UNIT() NAMED_UNIT(*) SI_UNIT(.MILLI.,.METRE.) );
#5340 = ( NAMED_UNIT(*) PLANE_ANGLE_UNIT() SI_UNIT($,.RADIAN.) );
#5341 = ( NAMED_UNIT(*) SI_UNIT($,.STERADIAN.) SOLID_ANGLE_UNIT() );
#5342 = UNCERTAINTY_MEASURE_WITH_UNIT(LENGTH_MEASURE(1.E-07),#5339,
  'distance_accuracy_value','confusion accuracy');
#5343 = CONTEXT_DEPENDENT_SHAPE_REPRESENTATION(#5344,#5346);
#5344 = ( REPRESENTATION_RELATIONSHIP('','',#5187,#10) 
REPRESENTATION_RELATIONSHIP_WITH_TRANSFORMATION(#5345) 
SHAPE_REPRESENTATION_RELATIONSHIP() );
#5345 = ITEM_DEFINED_TRANSFORMATION('','',#11,#27);
#5346 = PRODUCT_DEFINITION_SHAPE('Placement','Placement of an item',
  #5347);
#5347 = NEXT_ASSEMBLY_USAGE_OCCURRENCE('4','End wall','',#5,#5182,$);
#5348 = PRODUCT_RELATED_PRODUCT_CATEGORY('part',$,(#5184));
#5349 = SHAPE_DEFINITION_REPRESENTATION(#5350,#5356);
#5350 = PRODUCT_DEFINITION_SHAPE('','',#5351);
#5351 = PRODUCT_DEFINITION('design','',#5352,#5355);
#5352 = PRODUCT_DEFINITION_FORMATION('','',#5353);
#5353 = PRODUCT('End wall001','End wall001','',(#5354));
#5354 = PRODUCT_CONTEXT('',#2,'mechanical');
#5355 = PRODUCT_DEFINITION_CONTEXT('part definition',#2,'design');
#5356 = ADVANCED_BREP_SHAPE_REPRESENTATION('',(#11,#5357),#5507);
#5357 = MANIFOLD_SOLID_BREP('',#5358);
#5358 = CLOSED_SHELL('',(#5359,#5399,#5430,#5461,#5483,#5495));
#5359 = ADVANCED_FACE('',(#5360),#5394,.F.);
#5360 = FACE_BOUND('',#5361,.F.);
#5361 = EDGE_LOOP('',(#5362,#5372,#5380,#5388));
#5362 = ORIENTED_EDGE('',*,*,#5363,.T.);
#5363 = EDGE_CURVE('',#5364,#5366,#5368,.T.);
#5364 = VERTEX_POINT('',#5365);
#5365 = CARTESIAN_POINT('',(899.,12.,9.));
#5366 = VERTEX_POINT('',#5367);
#5367 = CARTESIAN_POINT('',(911.,12.,9.));
#5368 = LINE('',#5369,#5370);
#5369 = CARTESIAN_POINT('',(899.,12.,9.));
#5370 = VECTOR('',#5371,1.);
#5371 = DIRECTION('',(1.,0.,0.));
#5372 = ORIENTED_EDGE('',*,*,#5373,.T.);
#5373 = EDGE_CURVE('',#5366,#5374,#5376,.T.);
#5374 = VERTEX_POINT('',#5375);
#5375 = CARTESIAN_POINT('',(911.,298.,9.));
#5376 = LINE('',#5377,#5378);
#5377 = CARTESIAN_POINT('',(911.,12.,9.));
#5378 = VECTOR('',#5379,1.);
#5379 = DIRECTION('',(0.,1.,0.));
#5380 = ORIENTED_EDGE('',*,*,#5381,.F.);
#5381 = EDGE_CURVE('',#5382,#5374,#5384,.T.);
#5382 = VERTEX_POINT('',#5383);
#5383 = CARTESIAN_POINT('',(899.,298.,9.));
#5384 = LINE('',#5385,#5386);
#5385 = CARTESIAN_POINT('',(899.,298.,9.));
#5386 = VECTOR('',#5387,1.);
#5387 = DIRECTION('',(1.,0.,0.));
#5388 = ORIENTED_EDGE('',*,*,#5389,.F.);
#5389 = EDGE_CURVE('',#5364,#5382,#5390,.T.);
#5390 = LINE('',#5391,#5392);
#5391 = CARTESIAN_POINT('',(899.,12.,9.));
#5392 = VECTOR('',#5393,1.);
#5393 = DIRECTION('',(0.,1.,0.));
#5394 = PLANE('',#5395);
#5395 = AXIS2_PLACEMENT_3D('',#5396,#5397,#5398);
#5396 = CARTESIAN_POINT('',(899.,12.,9.));
#5397 = DIRECTION('',(0.,0.,1.));
#5398 = DIRECTION('',(0.,1.,0.));
#5399 = ADVANCED_FACE('',(#5400),#5425,.F.);
#5400 = FACE_BOUND('',#5401,.F.);
#5401 = EDGE_LOOP('',(#5402,#5403,#5411,#5419));
#5402 = ORIENTED_EDGE('',*,*,#5381,.T.);
#5403 = ORIENTED_EDGE('',*,*,#5404,.T.);
#5404 = EDGE_CURVE('',#5374,#5405,#5407,.T.);
#5405 = VERTEX_POINT('',#5406);
#5406 = CARTESIAN_POINT('',(911.,298.,59.));
#5407 = LINE('',#5408,#5409);
#5408 = CARTESIAN_POINT('',(911.,298.,9.));
#5409 = VECTOR('',#5410,1.);
#5410 = DIRECTION('',(0.,0.,1.));
#5411 = ORIENTED_EDGE('',*,*,#5412,.F.);
#5412 = EDGE_CURVE('',#5413,#5405,#5415,.T.);
#5413 = VERTEX_POINT('',#5414);
#5414 = CARTESIAN_POINT('',(899.,298.,59.));
#5415 = LINE('',#5416,#5417);
#5416 = CARTESIAN_POINT('',(899.,298.,59.));
#5417 = VECTOR('',#5418,1.);
#5418 = DIRECTION('',(1.,0.,0.));
#5419 = ORIENTED_EDGE('',*,*,#5420,.F.);
#5420 = EDGE_CURVE('',#5382,#5413,#5421,.T.);
#5421 = LINE('',#5422,#5423);
#5422 = CARTESIAN_POINT('',(899.,298.,9.));
#5423 = VECTOR('',#5424,1.);
#5424 = DIRECTION('',(0.,0.,1.));
#5425 = PLANE('',#5426);
#5426 = AXIS2_PLACEMENT_3D('',#5427,#5428,#5429);
#5427 = CARTESIAN_POINT('',(899.,298.,9.));
#5428 = DIRECTION('',(0.,-1.,0.));
#5429 = DIRECTION('',(0.,0.,1.));
#5430 = ADVANCED_FACE('',(#5431),#5456,.F.);
#5431 = FACE_BOUND('',#5432,.F.);
#5432 = EDGE_LOOP('',(#5433,#5434,#5442,#5450));
#5433 = ORIENTED_EDGE('',*,*,#5412,.T.);
#5434 = ORIENTED_EDGE('',*,*,#5435,.T.);
#5435 = EDGE_CURVE('',#5405,#5436,#5438,.T.);
#5436 = VERTEX_POINT('',#5437);
#5437 = CARTESIAN_POINT('',(911.,12.,59.));
#5438 = LINE('',#5439,#5440);
#5439 = CARTESIAN_POINT('',(911.,298.,59.));
#5440 = VECTOR('',#5441,1.);
#5441 = DIRECTION('',(0.,-1.,0.));
#5442 = ORIENTED_EDGE('',*,*,#5443,.F.);
#5443 = EDGE_CURVE('',#5444,#5436,#5446,.T.);
#5444 = VERTEX_POINT('',#5445);
#5445 = CARTESIAN_POINT('',(899.,12.,59.));
#5446 = LINE('',#5447,#5448);
#5447 = CARTESIAN_POINT('',(899.,12.,59.));
#5448 = VECTOR('',#5449,1.);
#5449 = DIRECTION('',(1.,0.,0.));
#5450 = ORIENTED_EDGE('',*,*,#5451,.F.);
#5451 = EDGE_CURVE('',#5413,#5444,#5452,.T.);
#5452 = LINE('',#5453,#5454);
#5453 = CARTESIAN_POINT('',(899.,298.,59.));
#5454 = VECTOR('',#5455,1.);
#5455 = DIRECTION('',(0.,-1.,0.));
#5456 = PLANE('',#5457);
#5457 = AXIS2_PLACEMENT_3D('',#5458,#5459,#5460);
#5458 = CARTESIAN_POINT('',(899.,298.,59.));
#5459 = DIRECTION('',(0.,0.,-1.));
#5460 = DIRECTION('',(0.,-1.,0.));
#5461 = ADVANCED_FACE('',(#5462),#5478,.F.);
#5462 = FACE_BOUND('',#5463,.F.);
#5463 = EDGE_LOOP('',(#5464,#5465,#5471,#5472));
#5464 = ORIENTED_EDGE('',*,*,#5443,.T.);
#5465 = ORIENTED_EDGE('',*,*,#5466,.T.);
#5466 = EDGE_CURVE('',#5436,#5366,#5467,.T.);
#5467 = LINE('',#5468,#5469);
#5468 = CARTESIAN_POINT('',(911.,12.,59.));
#5469 = VECTOR('',#5470,1.);
#5470 = DIRECTION('',(0.,0.,-1.));
#5471 = ORIENTED_EDGE('',*,*,#5363,.F.);
#5472 = ORIENTED_EDGE('',*,*,#5473,.F.);
#5473 = EDGE_CURVE('',#5444,#5364,#5474,.T.);
#5474 = LINE('',#5475,#5476);
#5475 = CARTESIAN_POINT('',(899.,12.,59.));
#5476 = VECTOR('',#5477,1.);
#5477 = DIRECTION('',(0.,0.,-1.));
#5478 = PLANE('',#5479);
#5479 = AXIS2_PLACEMENT_3D('',#5480,#5481,#5482);
#5480 = CARTESIAN_POINT('',(899.,12.,59.));
#5481 = DIRECTION('',(-0.,1.,0.));
#5482 = DIRECTION('',(0.,0.,-1.));
#5483 = ADVANCED_FACE('',(#5484),#5490,.F.);
#5484 = FACE_BOUND('',#5485,.F.);
#5485 = EDGE_LOOP('',(#5486,#5487,#5488,#5489));
#5486 = ORIENTED_EDGE('',*,*,#5389,.T.);
#5487 = ORIENTED_EDGE('',*,*,#5420,.T.);
#5488 = ORIENTED_EDGE('',*,*,#5451,.T.);
#5489 = ORIENTED_EDGE('',*,*,#5473,.T.);
#5490 = PLANE('',#5491);
#5491 = AXIS2_PLACEMENT_3D('',#5492,#5493,#5494);
#5492 = CARTESIAN_POINT('',(899.,155.,34.));
#5493 = DIRECTION('',(1.,0.,0.));
#5494 = DIRECTION('',(-0.,0.,1.));
#5495 = ADVANCED_FACE('',(#5496),#5502,.T.);
#5496 = FACE_BOUND('',#5497,.T.);
#5497 = EDGE_LOOP('',(#5498,#5499,#5500,#5501));
#5498 = ORIENTED_EDGE('',*,*,#5373,.T.);
#5499 = ORIENTED_EDGE('',*,*,#5404,.T.);
#5500 = ORIENTED_EDGE('',*,*,#5435,.T.);
#5501 = ORIENTED_EDGE('',*,*,#5466,.T.);
#5502 = PLANE('',#5503);
#5503 = AXIS2_PLACEMENT_3D('',#5504,#5505,#5506);
#5504 = CARTESIAN_POINT('',(911.,155.,34.));
#5505 = DIRECTION('',(1.,0.,0.));
#5506 = DIRECTION('',(-0.,0.,1.));
#5507 = ( GEOMETRIC_REPRESENTATION_CONTEXT(3) 
GLOBAL_UNCERTAINTY_ASSIGNED_CONTEXT((#5511)) 
GLOBAL_UNIT_ASSIGNED_CONTEXT((#5508,#5509,#5510)) REPRESENTATION_CONTEXT
('Context #1','3D Context with UNIT and UNCERTAINTY') );
#5508 = ( LENGTH_UNIT() NAMED_UNIT(*) SI_UNIT(.MILLI.,.METRE.) );
#5509 = ( NAMED_UNIT(*) PLANE_ANGLE_UNIT() SI_UNIT($,.RADIAN.) );
#5510 = ( NAMED_UNIT(*) SI_UNIT($,.STERADIAN.) SOLID_ANGLE_UNIT() );
#5511 = UNCERTAINTY_MEASURE_WITH_UNIT(LENGTH_MEASURE(1.E-07),#5508,
  'distance_accuracy_value','confusion accuracy');
#5512 = CONTEXT_DEPENDENT_SHAPE_REPRESENTATION(#5513,#5515);
#5513 = ( REPRESENTATION_RELATIONSHIP('','',#5356,#10) 
REPRESENTATION_RELATIONSHIP_WITH_TRANSFORMATION(#5514) 
SHAPE_REPRESENTATION_RELATIONSHIP() );
#5514 = ITEM_DEFINED_TRANSFORMATION('','',#11,#31);
#5515 = PRODUCT_DEFINITION_SHAPE('Placement','Placement of an item',
  #5516);
#5516 = NEXT_ASSEMBLY_USAGE_OCCURRENCE('5','End wall001','',#5,#5351,$);
#5517 = PRODUCT_RELATED_PRODUCT_CATEGORY('part',$,(#5353));
#5518 = SHAPE_DEFINITION_REPRESENTATION(#5519,#5525);
#5519 = PRODUCT_DEFINITION_SHAPE('','',#5520);
#5520 = PRODUCT_DEFINITION('design','',#5521,#5524);
#5521 = PRODUCT_DEFINITION_FORMATION('','',#5522);
#5522 = PRODUCT('Cheek left','Cheek left','',(#5523));
#5523 = PRODUCT_CONTEXT('',#2,'mechanical');
#5524 = PRODUCT_DEFINITION_CONTEXT('part definition',#2,'design');
#5525 = ADVANCED_BREP_SHAPE_REPRESENTATION('',(#11,#5526),#5946);
#5526 = MANIFOLD_SOLID_BREP('',#5527);
#5527 = CLOSED_SHELL('',(#5528,#5568,#5599,#5632,#5663,#5696,#5727,#5758
    ,#5789,#5820,#5853,#5884,#5906,#5926));
#5528 = ADVANCED_FACE('',(#5529),#5563,.F.);
#5529 = FACE_BOUND('',#5530,.F.);
#5530 = EDGE_LOOP('',(#5531,#5541,#5549,#5557));
#5531 = ORIENTED_EDGE('',*,*,#5532,.T.);
#5532 = EDGE_CURVE('',#5533,#5535,#5537,.T.);
#5533 = VERTEX_POINT('',#5534);
#5534 = CARTESIAN_POINT('',(186.,12.,9.));
#5535 = VERTEX_POINT('',#5536);
#5536 = CARTESIAN_POINT('',(198.,12.,9.));
#5537 = LINE('',#5538,#5539);
#5538 = CARTESIAN_POINT('',(186.,12.,9.));
#5539 = VECTOR('',#5540,1.);
#5540 = DIRECTION('',(1.,0.,0.));
#5541 = ORIENTED_EDGE('',*,*,#5542,.T.);
#5542 = EDGE_CURVE('',#5535,#5543,#5545,.T.);
#5543 = VERTEX_POINT('',#5544);
#5544 = CARTESIAN_POINT('',(198.,190.,9.));
#5545 = LINE('',#5546,#5547);
#5546 = CARTESIAN_POINT('',(198.,12.,9.));
#5547 = VECTOR('',#5548,1.);
#5548 = DIRECTION('',(0.,1.,0.));
#5549 = ORIENTED_EDGE('',*,*,#5550,.F.);
#5550 = EDGE_CURVE('',#5551,#5543,#5553,.T.);
#5551 = VERTEX_POINT('',#5552);
#5552 = CARTESIAN_POINT('',(186.,190.,9.));
#5553 = LINE('',#5554,#5555);
#5554 = CARTESIAN_POINT('',(186.,190.,9.));
#5555 = VECTOR('',#5556,1.);
#5556 = DIRECTION('',(1.,0.,0.));
#5557 = ORIENTED_EDGE('',*,*,#5558,.F.);
#5558 = EDGE_CURVE('',#5533,#5551,#5559,.T.);
#5559 = LINE('',#5560,#5561);
#5560 = CARTESIAN_POINT('',(186.,12.,9.));
#5561 = VECTOR('',#5562,1.);
#5562 = DIRECTION('',(0.,1.,0.));
#5563 = PLANE('',#5564);
#5564 = AXIS2_PLACEMENT_3D('',#5565,#5566,#5567);
#5565 = CARTESIAN_POINT('',(186.,12.,9.));
#5566 = DIRECTION('',(0.,0.,1.));
#5567 = DIRECTION('',(0.,1.,0.));
#5568 = ADVANCED_FACE('',(#5569),#5594,.F.);
#5569 = FACE_BOUND('',#5570,.F.);
#5570 = EDGE_LOOP('',(#5571,#5572,#5580,#5588));
#5571 = ORIENTED_EDGE('',*,*,#5550,.T.);
#5572 = ORIENTED_EDGE('',*,*,#5573,.T.);
#5573 = EDGE_CURVE('',#5543,#5574,#5576,.T.);
#5574 = VERTEX_POINT('',#5575);
#5575 = CARTESIAN_POINT('',(198.,190.,31.));
#5576 = LINE('',#5577,#5578);
#5577 = CARTESIAN_POINT('',(198.,190.,9.));
#5578 = VECTOR('',#5579,1.);
#5579 = DIRECTION('',(0.,0.,1.));
#5580 = ORIENTED_EDGE('',*,*,#5581,.F.);
#5581 = EDGE_CURVE('',#5582,#5574,#5584,.T.);
#5582 = VERTEX_POINT('',#5583);
#5583 = CARTESIAN_POINT('',(186.,190.,31.));
#5584 = LINE('',#5585,#5586);
#5585 = CARTESIAN_POINT('',(186.,190.,31.));
#5586 = VECTOR('',#5587,1.);
#5587 = DIRECTION('',(1.,0.,0.));
#5588 = ORIENTED_EDGE('',*,*,#5589,.F.);
#5589 = EDGE_CURVE('',#5551,#5582,#5590,.T.);
#5590 = LINE('',#5591,#5592);
#5591 = CARTESIAN_POINT('',(186.,190.,9.));
#5592 = VECTOR('',#5593,1.);
#5593 = DIRECTION('',(0.,0.,1.));
#5594 = PLANE('',#5595);
#5595 = AXIS2_PLACEMENT_3D('',#5596,#5597,#5598);
#5596 = CARTESIAN_POINT('',(186.,190.,9.));
#5597 = DIRECTION('',(0.,-1.,0.));
#5598 = DIRECTION('',(0.,0.,1.));
#5599 = ADVANCED_FACE('',(#5600),#5627,.F.);
#5600 = FACE_BOUND('',#5601,.F.);
#5601 = EDGE_LOOP('',(#5602,#5603,#5612,#5620));
#5602 = ORIENTED_EDGE('',*,*,#5581,.T.);
#5603 = ORIENTED_EDGE('',*,*,#5604,.T.);
#5604 = EDGE_CURVE('',#5574,#5605,#5607,.T.);
#5605 = VERTEX_POINT('',#5606);
#5606 = CARTESIAN_POINT('',(198.,198.,39.));
#5607 = CIRCLE('',#5608,8.);
#5608 = AXIS2_PLACEMENT_3D('',#5609,#5610,#5611);
#5609 = CARTESIAN_POINT('',(198.,198.,31.));
#5610 = DIRECTION('',(-1.,0.,0.));
#5611 = DIRECTION('',(0.,-1.,1.7763568394E-15));
#5612 = ORIENTED_EDGE('',*,*,#5613,.F.);
#5613 = EDGE_CURVE('',#5614,#5605,#5616,.T.);
#5614 = VERTEX_POINT('',#5615);
#5615 = CARTESIAN_POINT('',(186.,198.,39.));
#5616 = LINE('',#5617,#5618);
#5617 = CARTESIAN_POINT('',(186.,198.,39.));
#5618 = VECTOR('',#5619,1.);
#5619 = DIRECTION('',(1.,0.,0.));
#5620 = ORIENTED_EDGE('',*,*,#5621,.F.);
#5621 = EDGE_CURVE('',#5582,#5614,#5622,.T.);
#5622 = CIRCLE('',#5623,8.);
#5623 = AXIS2_PLACEMENT_3D('',#5624,#5625,#5626);
#5624 = CARTESIAN_POINT('',(186.,198.,31.));
#5625 = DIRECTION('',(-1.,0.,0.));
#5626 = DIRECTION('',(0.,-1.,1.7763568394E-15));
#5627 = CYLINDRICAL_SURFACE('',#5628,8.);
#5628 = AXIS2_PLACEMENT_3D('',#5629,#5630,#5631);
#5629 = CARTESIAN_POINT('',(186.,198.,31.));
#5630 = DIRECTION('',(-1.,0.,0.));
#5631 = DIRECTION('',(0.,-1.,1.7763568394E-15));
#5632 = ADVANCED_FACE('',(#5633),#5658,.F.);
#5633 = FACE_BOUND('',#5634,.F.);
#5634 = EDGE_LOOP('',(#5635,#5636,#5644,#5652));
#5635 = ORIENTED_EDGE('',*,*,#5613,.T.);
#5636 = ORIENTED_EDGE('',*,*,#5637,.T.);
#5637 = EDGE_CURVE('',#5605,#5638,#5640,.T.);
#5638 = VERTEX_POINT('',#5639);
#5639 = CARTESIAN_POINT('',(198.,282.,39.));
#5640 = LINE('',#5641,#5642);
#5641 = CARTESIAN_POINT('',(198.,198.,39.));
#5642 = VECTOR('',#5643,1.);
#5643 = DIRECTION('',(0.,1.,0.));
#5644 = ORIENTED_EDGE('',*,*,#5645,.F.);
#5645 = EDGE_CURVE('',#5646,#5638,#5648,.T.);
#5646 = VERTEX_POINT('',#5647);
#5647 = CARTESIAN_POINT('',(186.,282.,39.));
#5648 = LINE('',#5649,#5650);
#5649 = CARTESIAN_POINT('',(186.,282.,39.));
#5650 = VECTOR('',#5651,1.);
#5651 = DIRECTION('',(1.,0.,0.));
#5652 = ORIENTED_EDGE('',*,*,#5653,.F.);
#5653 = EDGE_CURVE('',#5614,#5646,#5654,.T.);
#5654 = LINE('',#5655,#5656);
#5655 = CARTESIAN_POINT('',(186.,198.,39.));
#5656 = VECTOR('',#5657,1.);
#5657 = DIRECTION('',(0.,1.,0.));
#5658 = PLANE('',#5659);
#5659 = AXIS2_PLACEMENT_3D('',#5660,#5661,#5662);
#5660 = CARTESIAN_POINT('',(186.,198.,39.));
#5661 = DIRECTION('',(0.,0.,1.));
#5662 = DIRECTION('',(0.,1.,0.));
#5663 = ADVANCED_FACE('',(#5664),#5691,.F.);
#5664 = FACE_BOUND('',#5665,.F.);
#5665 = EDGE_LOOP('',(#5666,#5667,#5676,#5684));
#5666 = ORIENTED_EDGE('',*,*,#5645,.T.);
#5667 = ORIENTED_EDGE('',*,*,#5668,.T.);
#5668 = EDGE_CURVE('',#5638,#5669,#5671,.T.);
#5669 = VERTEX_POINT('',#5670);
#5670 = CARTESIAN_POINT('',(198.,290.,31.));
#5671 = CIRCLE('',#5672,8.);
#5672 = AXIS2_PLACEMENT_3D('',#5673,#5674,#5675);
#5673 = CARTESIAN_POINT('',(198.,282.,31.));
#5674 = DIRECTION('',(-1.,0.,0.));
#5675 = DIRECTION('',(0.,0.,1.));
#5676 = ORIENTED_EDGE('',*,*,#5677,.F.);
#5677 = EDGE_CURVE('',#5678,#5669,#5680,.T.);
#5678 = VERTEX_POINT('',#5679);
#5679 = CARTESIAN_POINT('',(186.,290.,31.));
#5680 = LINE('',#5681,#5682);
#5681 = CARTESIAN_POINT('',(186.,290.,31.));
#5682 = VECTOR('',#5683,1.);
#5683 = DIRECTION('',(1.,0.,0.));
#5684 = ORIENTED_EDGE('',*,*,#5685,.F.);
#5685 = EDGE_CURVE('',#5646,#5678,#5686,.T.);
#5686 = CIRCLE('',#5687,8.);
#5687 = AXIS2_PLACEMENT_3D('',#5688,#5689,#5690);
#5688 = CARTESIAN_POINT('',(186.,282.,31.));
#5689 = DIRECTION('',(-1.,0.,0.));
#5690 = DIRECTION('',(0.,0.,1.));
#5691 = CYLINDRICAL_SURFACE('',#5692,8.);
#5692 = AXIS2_PLACEMENT_3D('',#5693,#5694,#5695);
#5693 = CARTESIAN_POINT('',(186.,282.,31.));
#5694 = DIRECTION('',(-1.,0.,0.));
#5695 = DIRECTION('',(0.,0.,1.));
#5696 = ADVANCED_FACE('',(#5697),#5722,.F.);
#5697 = FACE_BOUND('',#5698,.F.);
#5698 = EDGE_LOOP('',(#5699,#5700,#5708,#5716));
#5699 = ORIENTED_EDGE('',*,*,#5677,.T.);
#5700 = ORIENTED_EDGE('',*,*,#5701,.T.);
#5701 = EDGE_CURVE('',#5669,#5702,#5704,.T.);
#5702 = VERTEX_POINT('',#5703);
#5703 = CARTESIAN_POINT('',(198.,290.,9.));
#5704 = LINE('',#5705,#5706);
#5705 = CARTESIAN_POINT('',(198.,290.,31.));
#5706 = VECTOR('',#5707,1.);
#5707 = DIRECTION('',(0.,0.,-1.));
#5708 = ORIENTED_EDGE('',*,*,#5709,.F.);
#5709 = EDGE_CURVE('',#5710,#5702,#5712,.T.);
#5710 = VERTEX_POINT('',#5711);
#5711 = CARTESIAN_POINT('',(186.,290.,9.));
#5712 = LINE('',#5713,#5714);
#5713 = CARTESIAN_POINT('',(186.,290.,9.));
#5714 = VECTOR('',#5715,1.);
#5715 = DIRECTION('',(1.,0.,0.));
#5716 = ORIENTED_EDGE('',*,*,#5717,.F.);
#5717 = EDGE_CURVE('',#5678,#5710,#5718,.T.);
#5718 = LINE('',#5719,#5720);
#5719 = CARTESIAN_POINT('',(186.,290.,31.));
#5720 = VECTOR('',#5721,1.);
#5721 = DIRECTION('',(0.,0.,-1.));
#5722 = PLANE('',#5723);
#5723 = AXIS2_PLACEMENT_3D('',#5724,#5725,#5726);
#5724 = CARTESIAN_POINT('',(186.,290.,31.));
#5725 = DIRECTION('',(-0.,1.,0.));
#5726 = DIRECTION('',(0.,0.,-1.));
#5727 = ADVANCED_FACE('',(#5728),#5753,.F.);
#5728 = FACE_BOUND('',#5729,.F.);
#5729 = EDGE_LOOP('',(#5730,#5731,#5739,#5747));
#5730 = ORIENTED_EDGE('',*,*,#5709,.T.);
#5731 = ORIENTED_EDGE('',*,*,#5732,.T.);
#5732 = EDGE_CURVE('',#5702,#5733,#5735,.T.);
#5733 = VERTEX_POINT('',#5734);
#5734 = CARTESIAN_POINT('',(198.,298.,9.));
#5735 = LINE('',#5736,#5737);
#5736 = CARTESIAN_POINT('',(198.,290.,9.));
#5737 = VECTOR('',#5738,1.);
#5738 = DIRECTION('',(0.,1.,0.));
#5739 = ORIENTED_EDGE('',*,*,#5740,.F.);
#5740 = EDGE_CURVE('',#5741,#5733,#5743,.T.);
#5741 = VERTEX_POINT('',#5742);
#5742 = CARTESIAN_POINT('',(186.,298.,9.));
#5743 = LINE('',#5744,#5745);
#5744 = CARTESIAN_POINT('',(186.,298.,9.));
#5745 = VECTOR('',#5746,1.);
#5746 = DIRECTION('',(1.,0.,0.));
#5747 = ORIENTED_EDGE('',*,*,#5748,.F.);
#5748 = EDGE_CURVE('',#5710,#5741,#5749,.T.);
#5749 = LINE('',#5750,#5751);
#5750 = CARTESIAN_POINT('',(186.,290.,9.));
#5751 = VECTOR('',#5752,1.);
#5752 = DIRECTION('',(0.,1.,0.));
#5753 = PLANE('',#5754);
#5754 = AXIS2_PLACEMENT_3D('',#5755,#5756,#5757);
#5755 = CARTESIAN_POINT('',(186.,290.,9.));
#5756 = DIRECTION('',(0.,0.,1.));
#5757 = DIRECTION('',(0.,1.,0.));
#5758 = ADVANCED_FACE('',(#5759),#5784,.F.);
#5759 = FACE_BOUND('',#5760,.F.);
#5760 = EDGE_LOOP('',(#5761,#5762,#5770,#5778));
#5761 = ORIENTED_EDGE('',*,*,#5740,.T.);
#5762 = ORIENTED_EDGE('',*,*,#5763,.T.);
#5763 = EDGE_CURVE('',#5733,#5764,#5766,.T.);
#5764 = VERTEX_POINT('',#5765);
#5765 = CARTESIAN_POINT('',(198.,298.,82.));
#5766 = LINE('',#5767,#5768);
#5767 = CARTESIAN_POINT('',(198.,298.,9.));
#5768 = VECTOR('',#5769,1.);
#5769 = DIRECTION('',(0.,0.,1.));
#5770 = ORIENTED_EDGE('',*,*,#5771,.F.);
#5771 = EDGE_CURVE('',#5772,#5764,#5774,.T.);
#5772 = VERTEX_POINT('',#5773);
#5773 = CARTESIAN_POINT('',(186.,298.,82.));
#5774 = LINE('',#5775,#5776);
#5775 = CARTESIAN_POINT('',(186.,298.,82.));
#5776 = VECTOR('',#5777,1.);
#5777 = DIRECTION('',(1.,0.,0.));
#5778 = ORIENTED_EDGE('',*,*,#5779,.F.);
#5779 = EDGE_CURVE('',#5741,#5772,#5780,.T.);
#5780 = LINE('',#5781,#5782);
#5781 = CARTESIAN_POINT('',(186.,298.,9.));
#5782 = VECTOR('',#5783,1.);
#5783 = DIRECTION('',(0.,0.,1.));
#5784 = PLANE('',#5785);
#5785 = AXIS2_PLACEMENT_3D('',#5786,#5787,#5788);
#5786 = CARTESIAN_POINT('',(186.,298.,9.));
#5787 = DIRECTION('',(0.,-1.,0.));
#5788 = DIRECTION('',(0.,0.,1.));
#5789 = ADVANCED_FACE('',(#5790),#5815,.F.);
#5790 = FACE_BOUND('',#5791,.F.);
#5791 = EDGE_LOOP('',(#5792,#5793,#5801,#5809));
#5792 = ORIENTED_EDGE('',*,*,#5771,.T.);
#5793 = ORIENTED_EDGE('',*,*,#5794,.T.);
#5794 = EDGE_CURVE('',#5764,#5795,#5797,.T.);
#5795 = VERTEX_POINT('',#5796);
#5796 = CARTESIAN_POINT('',(198.,176.79464379659,82.));
#5797 = LINE('',#5798,#5799);
#5798 = CARTESIAN_POINT('',(198.,298.,82.));
#5799 = VECTOR('',#5800,1.);
#5800 = DIRECTION('',(0.,-1.,0.));
#5801 = ORIENTED_EDGE('',*,*,#5802,.F.);
#5802 = EDGE_CURVE('',#5803,#5795,#5805,.T.);
#5803 = VERTEX_POINT('',#5804);
#5804 = CARTESIAN_POINT('',(186.,176.79464379659,82.));
#5805 = LINE('',#5806,#5807);
#5806 = CARTESIAN_POINT('',(186.,176.79464379659,82.));
#5807 = VECTOR('',#5808,1.);
#5808 = DIRECTION('',(1.,0.,0.));
#5809 = ORIENTED_EDGE('',*,*,#5810,.F.);
#5810 = EDGE_CURVE('',#5772,#5803,#5811,.T.);
#5811 = LINE('',#5812,#5813);
#5812 = CARTESIAN_POINT('',(186.,298.,82.));
#5813 = VECTOR('',#5814,1.);
#5814 = DIRECTION('',(0.,-1.,0.));
#5815 = PLANE('',#5816);
#5816 = AXIS2_PLACEMENT_3D('',#5817,#5818,#5819);
#5817 = CARTESIAN_POINT('',(186.,298.,82.));
#5818 = DIRECTION('',(0.,0.,-1.));
#5819 = DIRECTION('',(0.,-1.,0.));
#5820 = ADVANCED_FACE('',(#5821),#5848,.T.);
#5821 = FACE_BOUND('',#5822,.F.);
#5822 = EDGE_LOOP('',(#5823,#5824,#5833,#5841));
#5823 = ORIENTED_EDGE('',*,*,#5802,.T.);
#5824 = ORIENTED_EDGE('',*,*,#5825,.T.);
#5825 = EDGE_CURVE('',#5795,#5826,#5828,.T.);
#5826 = VERTEX_POINT('',#5827);
#5827 = CARTESIAN_POINT('',(198.,146.3832069458,79.674339530123));
#5828 = CIRCLE('',#5829,200.00000000001);
#5829 = AXIS2_PLACEMENT_3D('',#5830,#5831,#5832);
#5830 = CARTESIAN_POINT('',(198.,176.79464379659,-118.));
#5831 = DIRECTION('',(1.,0.,0.));
#5832 = DIRECTION('',(0.,-5.826450433232E-15,1.));
#5833 = ORIENTED_EDGE('',*,*,#5834,.F.);
#5834 = EDGE_CURVE('',#5835,#5826,#5837,.T.);
#5835 = VERTEX_POINT('',#5836);
#5836 = CARTESIAN_POINT('',(186.,146.3832069458,79.674339530123));
#5837 = LINE('',#5838,#5839);
#5838 = CARTESIAN_POINT('',(186.,146.3832069458,79.674339530123));
#5839 = VECTOR('',#5840,1.);
#5840 = DIRECTION('',(1.,0.,0.));
#5841 = ORIENTED_EDGE('',*,*,#5842,.F.);
#5842 = EDGE_CURVE('',#5803,#5835,#5843,.T.);
#5843 = CIRCLE('',#5844,200.00000000001);
#5844 = AXIS2_PLACEMENT_3D('',#5845,#5846,#5847);
#5845 = CARTESIAN_POINT('',(186.,176.79464379659,-118.));
#5846 = DIRECTION('',(1.,0.,0.));
#5847 = DIRECTION('',(0.,-5.826450433232E-15,1.));
#5848 = CYLINDRICAL_SURFACE('',#5849,200.00000000001);
#5849 = AXIS2_PLACEMENT_3D('',#5850,#5851,#5852);
#5850 = CARTESIAN_POINT('',(186.,176.79464379659,-118.));
#5851 = DIRECTION('',(-1.,-0.,-0.));
#5852 = DIRECTION('',(0.,-5.826450433232E-15,1.));
#5853 = ADVANCED_FACE('',(#5854),#5879,.F.);
#5854 = FACE_BOUND('',#5855,.F.);
#5855 = EDGE_LOOP('',(#5856,#5857,#5865,#5873));
#5856 = ORIENTED_EDGE('',*,*,#5834,.T.);
#5857 = ORIENTED_EDGE('',*,*,#5858,.T.);
#5858 = EDGE_CURVE('',#5826,#5859,#5861,.T.);
#5859 = VERTEX_POINT('',#5860);
#5860 = CARTESIAN_POINT('',(198.,12.,59.));
#5861 = LINE('',#5862,#5863);
#5862 = CARTESIAN_POINT('',(198.,146.3832069458,79.674339530123));
#5863 = VECTOR('',#5864,1.);
#5864 = DIRECTION('',(0.,-0.988371697651,-0.152057184254));
#5865 = ORIENTED_EDGE('',*,*,#5866,.F.);
#5866 = EDGE_CURVE('',#5867,#5859,#5869,.T.);
#5867 = VERTEX_POINT('',#5868);
#5868 = CARTESIAN_POINT('',(186.,12.,59.));
#5869 = LINE('',#5870,#5871);
#5870 = CARTESIAN_POINT('',(186.,12.,59.));
#5871 = VECTOR('',#5872,1.);
#5872 = DIRECTION('',(1.,0.,0.));
#5873 = ORIENTED_EDGE('',*,*,#5874,.F.);
#5874 = EDGE_CURVE('',#5835,#5867,#5875,.T.);
#5875 = LINE('',#5876,#5877);
#5876 = CARTESIAN_POINT('',(186.,146.3832069458,79.674339530123));
#5877 = VECTOR('',#5878,1.);
#5878 = DIRECTION('',(0.,-0.988371697651,-0.152057184254));
#5879 = PLANE('',#5880);
#5880 = AXIS2_PLACEMENT_3D('',#5881,#5882,#5883);
#5881 = CARTESIAN_POINT('',(186.,146.3832069458,79.674339530123));
#5882 = DIRECTION('',(0.,0.152057184254,-0.988371697651));
#5883 = DIRECTION('',(0.,-0.988371697651,-0.152057184254));
#5884 = ADVANCED_FACE('',(#5885),#5901,.F.);
#5885 = FACE_BOUND('',#5886,.F.);
#5886 = EDGE_LOOP('',(#5887,#5888,#5894,#5895));
#5887 = ORIENTED_EDGE('',*,*,#5866,.T.);
#5888 = ORIENTED_EDGE('',*,*,#5889,.T.);
#5889 = EDGE_CURVE('',#5859,#5535,#5890,.T.);
#5890 = LINE('',#5891,#5892);
#5891 = CARTESIAN_POINT('',(198.,12.,59.));
#5892 = VECTOR('',#5893,1.);
#5893 = DIRECTION('',(0.,0.,-1.));
#5894 = ORIENTED_EDGE('',*,*,#5532,.F.);
#5895 = ORIENTED_EDGE('',*,*,#5896,.F.);
#5896 = EDGE_CURVE('',#5867,#5533,#5897,.T.);
#5897 = LINE('',#5898,#5899);
#5898 = CARTESIAN_POINT('',(186.,12.,59.));
#5899 = VECTOR('',#5900,1.);
#5900 = DIRECTION('',(0.,0.,-1.));
#5901 = PLANE('',#5902);
#5902 = AXIS2_PLACEMENT_3D('',#5903,#5904,#5905);
#5903 = CARTESIAN_POINT('',(186.,12.,59.));
#5904 = DIRECTION('',(-0.,1.,0.));
#5905 = DIRECTION('',(0.,0.,-1.));
#5906 = ADVANCED_FACE('',(#5907),#5921,.F.);
#5907 = FACE_BOUND('',#5908,.F.);
#5908 = EDGE_LOOP('',(#5909,#5910,#5911,#5912,#5913,#5914,#5915,#5916,
    #5917,#5918,#5919,#5920));
#5909 = ORIENTED_EDGE('',*,*,#5558,.T.);
#5910 = ORIENTED_EDGE('',*,*,#5589,.T.);
#5911 = ORIENTED_EDGE('',*,*,#5621,.T.);
#5912 = ORIENTED_EDGE('',*,*,#5653,.T.);
#5913 = ORIENTED_EDGE('',*,*,#5685,.T.);
#5914 = ORIENTED_EDGE('',*,*,#5717,.T.);
#5915 = ORIENTED_EDGE('',*,*,#5748,.T.);
#5916 = ORIENTED_EDGE('',*,*,#5779,.T.);
#5917 = ORIENTED_EDGE('',*,*,#5810,.T.);
#5918 = ORIENTED_EDGE('',*,*,#5842,.T.);
#5919 = ORIENTED_EDGE('',*,*,#5874,.T.);
#5920 = ORIENTED_EDGE('',*,*,#5896,.T.);
#5921 = PLANE('',#5922);
#5922 = AXIS2_PLACEMENT_3D('',#5923,#5924,#5925);
#5923 = CARTESIAN_POINT('',(186.,165.22098184644,44.813695006248));
#5924 = DIRECTION('',(1.,0.,0.));
#5925 = DIRECTION('',(-0.,0.,1.));
#5926 = ADVANCED_FACE('',(#5927),#5941,.T.);
#5927 = FACE_BOUND('',#5928,.T.);
#5928 = EDGE_LOOP('',(#5929,#5930,#5931,#5932,#5933,#5934,#5935,#5936,
    #5937,#5938,#5939,#5940));
#5929 = ORIENTED_EDGE('',*,*,#5542,.T.);
#5930 = ORIENTED_EDGE('',*,*,#5573,.T.);
#5931 = ORIENTED_EDGE('',*,*,#5604,.T.);
#5932 = ORIENTED_EDGE('',*,*,#5637,.T.);
#5933 = ORIENTED_EDGE('',*,*,#5668,.T.);
#5934 = ORIENTED_EDGE('',*,*,#5701,.T.);
#5935 = ORIENTED_EDGE('',*,*,#5732,.T.);
#5936 = ORIENTED_EDGE('',*,*,#5763,.T.);
#5937 = ORIENTED_EDGE('',*,*,#5794,.T.);
#5938 = ORIENTED_EDGE('',*,*,#5825,.T.);
#5939 = ORIENTED_EDGE('',*,*,#5858,.T.);
#5940 = ORIENTED_EDGE('',*,*,#5889,.T.);
#5941 = PLANE('',#5942);
#5942 = AXIS2_PLACEMENT_3D('',#5943,#5944,#5945);
#5943 = CARTESIAN_POINT('',(198.,165.22098184644,44.813695006248));
#5944 = DIRECTION('',(1.,0.,0.));
#5945 = DIRECTION('',(-0.,0.,1.));
#5946 = ( GEOMETRIC_REPRESENTATION_CONTEXT(3) 
GLOBAL_UNCERTAINTY_ASSIGNED_CONTEXT((#5950)) 
GLOBAL_UNIT_ASSIGNED_CONTEXT((#5947,#5948,#5949)) REPRESENTATION_CONTEXT
('Context #1','3D Context with UNIT and UNCERTAINTY') );
#5947 = ( LENGTH_UNIT() NAMED_UNIT(*) SI_UNIT(.MILLI.,.METRE.) );
#5948 = ( NAMED_UNIT(*) PLANE_ANGLE_UNIT() SI_UNIT($,.RADIAN.) );
#5949 = ( NAMED_UNIT(*) SI_UNIT($,.STERADIAN.) SOLID_ANGLE_UNIT() );
#5950 = UNCERTAINTY_MEASURE_WITH_UNIT(LENGTH_MEASURE(1.E-07),#5947,
  'distance_accuracy_value','confusion accuracy');
#5951 = CONTEXT_DEPENDENT_SHAPE_REPRESENTATION(#5952,#5954);
#5952 = ( REPRESENTATION_RELATIONSHIP('','',#5525,#10) 
REPRESENTATION_RELATIONSHIP_WITH_TRANSFORMATION(#5953) 
SHAPE_REPRESENTATION_RELATIONSHIP() );
#5953 = ITEM_DEFINED_TRANSFORMATION('','',#11,#35);
#5954 = PRODUCT_DEFINITION_SHAPE('Placement','Placement of an item',
  #5955);
#5955 = NEXT_ASSEMBLY_USAGE_OCCURRENCE('6','Cheek left','',#5,#5520,$);
#5956 = PRODUCT_RELATED_PRODUCT_CATEGORY('part',$,(#5522));
#5957 = SHAPE_DEFINITION_REPRESENTATION(#5958,#5964);
#5958 = PRODUCT_DEFINITION_SHAPE('','',#5959);
#5959 = PRODUCT_DEFINITION('design','',#5960,#5963);
#5960 = PRODUCT_DEFINITION_FORMATION('','',#5961);
#5961 = PRODUCT('Cheek right','Cheek right','',(#5962));
#5962 = PRODUCT_CONTEXT('',#2,'mechanical');
#5963 = PRODUCT_DEFINITION_CONTEXT('part definition',#2,'design');
#5964 = ADVANCED_BREP_SHAPE_REPRESENTATION('',(#11,#5965),#6183);
#5965 = MANIFOLD_SOLID_BREP('',#5966);
#5966 = CLOSED_SHELL('',(#5967,#6007,#6038,#6069,#6102,#6133,#6155,#6169
    ));
#5967 = ADVANCED_FACE('',(#5968),#6002,.F.);
#5968 = FACE_BOUND('',#5969,.F.);
#5969 = EDGE_LOOP('',(#5970,#5980,#5988,#5996));
#5970 = ORIENTED_EDGE('',*,*,#5971,.T.);
#5971 = EDGE_CURVE('',#5972,#5974,#5976,.T.);
#5972 = VERTEX_POINT('',#5973);
#5973 = CARTESIAN_POINT('',(887.,12.,9.));
#5974 = VERTEX_POINT('',#5975);
#5975 = CARTESIAN_POINT('',(899.,12.,9.));
#5976 = LINE('',#5977,#5978);
#5977 = CARTESIAN_POINT('',(887.,12.,9.));
#5978 = VECTOR('',#5979,1.);
#5979 = DIRECTION('',(1.,0.,0.));
#5980 = ORIENTED_EDGE('',*,*,#5981,.T.);
#5981 = EDGE_CURVE('',#5974,#5982,#5984,.T.);
#5982 = VERTEX_POINT('',#5983);
#5983 = CARTESIAN_POINT('',(899.,298.,9.));
#5984 = LINE('',#5985,#5986);
#5985 = CARTESIAN_POINT('',(899.,12.,9.));
#5986 = VECTOR('',#5987,1.);
#5987 = DIRECTION('',(0.,1.,0.));
#5988 = ORIENTED_EDGE('',*,*,#5989,.F.);
#5989 = EDGE_CURVE('',#5990,#5982,#5992,.T.);
#5990 = VERTEX_POINT('',#5991);
#5991 = CARTESIAN_POINT('',(887.,298.,9.));
#5992 = LINE('',#5993,#5994);
#5993 = CARTESIAN_POINT('',(887.,298.,9.));
#5994 = VECTOR('',#5995,1.);
#5995 = DIRECTION('',(1.,0.,0.));
#5996 = ORIENTED_EDGE('',*,*,#5997,.F.);
#5997 = EDGE_CURVE('',#5972,#5990,#5998,.T.);
#5998 = LINE('',#5999,#6000);
#5999 = CARTESIAN_POINT('',(887.,12.,9.));
#6000 = VECTOR('',#6001,1.);
#6001 = DIRECTION('',(0.,1.,0.));
#6002 = PLANE('',#6003);
#6003 = AXIS2_PLACEMENT_3D('',#6004,#6005,#6006);
#6004 = CARTESIAN_POINT('',(887.,12.,9.));
#6005 = DIRECTION('',(0.,0.,1.));
#6006 = DIRECTION('',(0.,1.,0.));
#6007 = ADVANCED_FACE('',(#6008),#6033,.F.);
#6008 = FACE_BOUND('',#6009,.F.);
#6009 = EDGE_LOOP('',(#6010,#6011,#6019,#6027));
#6010 = ORIENTED_EDGE('',*,*,#5989,.T.);
#6011 = ORIENTED_EDGE('',*,*,#6012,.T.);
#6012 = EDGE_CURVE('',#5982,#6013,#6015,.T.);
#6013 = VERTEX_POINT('',#6014);
#6014 = CARTESIAN_POINT('',(899.,298.,82.));
#6015 = LINE('',#6016,#6017);
#6016 = CARTESIAN_POINT('',(899.,298.,9.));
#6017 = VECTOR('',#6018,1.);
#6018 = DIRECTION('',(0.,0.,1.));
#6019 = ORIENTED_EDGE('',*,*,#6020,.F.);
#6020 = EDGE_CURVE('',#6021,#6013,#6023,.T.);
#6021 = VERTEX_POINT('',#6022);
#6022 = CARTESIAN_POINT('',(887.,298.,82.));
#6023 = LINE('',#6024,#6025);
#6024 = CARTESIAN_POINT('',(887.,298.,82.));
#6025 = VECTOR('',#6026,1.);
#6026 = DIRECTION('',(1.,0.,0.));
#6027 = ORIENTED_EDGE('',*,*,#6028,.F.);
#6028 = EDGE_CURVE('',#5990,#6021,#6029,.T.);
#6029 = LINE('',#6030,#6031);
#6030 = CARTESIAN_POINT('',(887.,298.,9.));
#6031 = VECTOR('',#6032,1.);
#6032 = DIRECTION('',(0.,0.,1.));
#6033 = PLANE('',#6034);
#6034 = AXIS2_PLACEMENT_3D('',#6035,#6036,#6037);
#6035 = CARTESIAN_POINT('',(887.,298.,9.));
#6036 = DIRECTION('',(0.,-1.,0.));
#6037 = DIRECTION('',(0.,0.,1.));
#6038 = ADVANCED_FACE('',(#6039),#6064,.F.);
#6039 = FACE_BOUND('',#6040,.F.);
#6040 = EDGE_LOOP('',(#6041,#6042,#6050,#6058));
#6041 = ORIENTED_EDGE('',*,*,#6020,.T.);
#6042 = ORIENTED_EDGE('',*,*,#6043,.T.);
#6043 = EDGE_CURVE('',#6013,#6044,#6046,.T.);
#6044 = VERTEX_POINT('',#6045);
#6045 = CARTESIAN_POINT('',(899.,176.79464379659,82.));
#6046 = LINE('',#6047,#6048);
#6047 = CARTESIAN_POINT('',(899.,298.,82.));
#6048 = VECTOR('',#6049,1.);
#6049 = DIRECTION('',(0.,-1.,0.));
#6050 = ORIENTED_EDGE('',*,*,#6051,.F.);
#6051 = EDGE_CURVE('',#6052,#6044,#6054,.T.);
#6052 = VERTEX_POINT('',#6053);
#6053 = CARTESIAN_POINT('',(887.,176.79464379659,82.));
#6054 = LINE('',#6055,#6056);
#6055 = CARTESIAN_POINT('',(887.,176.79464379659,82.));
#6056 = VECTOR('',#6057,1.);
#6057 = DIRECTION('',(1.,0.,0.));
#6058 = ORIENTED_EDGE('',*,*,#6059,.F.);
#6059 = EDGE_CURVE('',#6021,#6052,#6060,.T.);
#6060 = LINE('',#6061,#6062);
#6061 = CARTESIAN_POINT('',(887.,298.,82.));
#6062 = VECTOR('',#6063,1.);
#6063 = DIRECTION('',(0.,-1.,0.));
#6064 = PLANE('',#6065);
#6065 = AXIS2_PLACEMENT_3D('',#6066,#6067,#6068);
#6066 = CARTESIAN_POINT('',(887.,298.,82.));
#6067 = DIRECTION('',(0.,0.,-1.));
#6068 = DIRECTION('',(0.,-1.,0.));
#6069 = ADVANCED_FACE('',(#6070),#6097,.T.);
#6070 = FACE_BOUND('',#6071,.F.);
#6071 = EDGE_LOOP('',(#6072,#6073,#6082,#6090));
#6072 = ORIENTED_EDGE('',*,*,#6051,.T.);
#6073 = ORIENTED_EDGE('',*,*,#6074,.T.);
#6074 = EDGE_CURVE('',#6044,#6075,#6077,.T.);
#6075 = VERTEX_POINT('',#6076);
#6076 = CARTESIAN_POINT('',(899.,146.3832069458,79.674339530123));
#6077 = CIRCLE('',#6078,200.00000000001);
#6078 = AXIS2_PLACEMENT_3D('',#6079,#6080,#6081);
#6079 = CARTESIAN_POINT('',(899.,176.79464379659,-118.));
#6080 = DIRECTION('',(1.,0.,0.));
#6081 = DIRECTION('',(0.,-5.826450433232E-15,1.));
#6082 = ORIENTED_EDGE('',*,*,#6083,.F.);
#6083 = EDGE_CURVE('',#6084,#6075,#6086,.T.);
#6084 = VERTEX_POINT('',#6085);
#6085 = CARTESIAN_POINT('',(887.,146.3832069458,79.674339530123));
#6086 = LINE('',#6087,#6088);
#6087 = CARTESIAN_POINT('',(887.,146.3832069458,79.674339530123));
#6088 = VECTOR('',#6089,1.);
#6089 = DIRECTION('',(1.,0.,0.));
#6090 = ORIENTED_EDGE('',*,*,#6091,.F.);
#6091 = EDGE_CURVE('',#6052,#6084,#6092,.T.);
#6092 = CIRCLE('',#6093,200.00000000001);
#6093 = AXIS2_PLACEMENT_3D('',#6094,#6095,#6096);
#6094 = CARTESIAN_POINT('',(887.,176.79464379659,-118.));
#6095 = DIRECTION('',(1.,0.,0.));
#6096 = DIRECTION('',(0.,-5.826450433232E-15,1.));
#6097 = CYLINDRICAL_SURFACE('',#6098,200.00000000001);
#6098 = AXIS2_PLACEMENT_3D('',#6099,#6100,#6101);
#6099 = CARTESIAN_POINT('',(887.,176.79464379659,-118.));
#6100 = DIRECTION('',(-1.,-0.,-0.));
#6101 = DIRECTION('',(0.,-5.826450433232E-15,1.));
#6102 = ADVANCED_FACE('',(#6103),#6128,.F.);
#6103 = FACE_BOUND('',#6104,.F.);
#6104 = EDGE_LOOP('',(#6105,#6106,#6114,#6122));
#6105 = ORIENTED_EDGE('',*,*,#6083,.T.);
#6106 = ORIENTED_EDGE('',*,*,#6107,.T.);
#6107 = EDGE_CURVE('',#6075,#6108,#6110,.T.);
#6108 = VERTEX_POINT('',#6109);
#6109 = CARTESIAN_POINT('',(899.,12.,59.));
#6110 = LINE('',#6111,#6112);
#6111 = CARTESIAN_POINT('',(899.,146.3832069458,79.674339530123));
#6112 = VECTOR('',#6113,1.);
#6113 = DIRECTION('',(0.,-0.988371697651,-0.152057184254));
#6114 = ORIENTED_EDGE('',*,*,#6115,.F.);
#6115 = EDGE_CURVE('',#6116,#6108,#6118,.T.);
#6116 = VERTEX_POINT('',#6117);
#6117 = CARTESIAN_POINT('',(887.,12.,59.));
#6118 = LINE('',#6119,#6120);
#6119 = CARTESIAN_POINT('',(887.,12.,59.));
#6120 = VECTOR('',#6121,1.);
#6121 = DIRECTION('',(1.,0.,0.));
#6122 = ORIENTED_EDGE('',*,*,#6123,.F.);
#6123 = EDGE_CURVE('',#6084,#6116,#6124,.T.);
#6124 = LINE('',#6125,#6126);
#6125 = CARTESIAN_POINT('',(887.,146.3832069458,79.674339530123));
#6126 = VECTOR('',#6127,1.);
#6127 = DIRECTION('',(0.,-0.988371697651,-0.152057184254));
#6128 = PLANE('',#6129);
#6129 = AXIS2_PLACEMENT_3D('',#6130,#6131,#6132);
#6130 = CARTESIAN_POINT('',(887.,146.3832069458,79.674339530123));
#6131 = DIRECTION('',(0.,0.152057184254,-0.988371697651));
#6132 = DIRECTION('',(0.,-0.988371697651,-0.152057184254));
#6133 = ADVANCED_FACE('',(#6134),#6150,.F.);
#6134 = FACE_BOUND('',#6135,.F.);
#6135 = EDGE_LOOP('',(#6136,#6137,#6143,#6144));
#6136 = ORIENTED_EDGE('',*,*,#6115,.T.);
#6137 = ORIENTED_EDGE('',*,*,#6138,.T.);
#6138 = EDGE_CURVE('',#6108,#5974,#6139,.T.);
#6139 = LINE('',#6140,#6141);
#6140 = CARTESIAN_POINT('',(899.,12.,59.));
#6141 = VECTOR('',#6142,1.);
#6142 = DIRECTION('',(0.,0.,-1.));
#6143 = ORIENTED_EDGE('',*,*,#5971,.F.);
#6144 = ORIENTED_EDGE('',*,*,#6145,.F.);
#6145 = EDGE_CURVE('',#6116,#5972,#6146,.T.);
#6146 = LINE('',#6147,#6148);
#6147 = CARTESIAN_POINT('',(887.,12.,59.));
#6148 = VECTOR('',#6149,1.);
#6149 = DIRECTION('',(0.,0.,-1.));
#6150 = PLANE('',#6151);
#6151 = AXIS2_PLACEMENT_3D('',#6152,#6153,#6154);
#6152 = CARTESIAN_POINT('',(887.,12.,59.));
#6153 = DIRECTION('',(-0.,1.,0.));
#6154 = DIRECTION('',(0.,0.,-1.));
#6155 = ADVANCED_FACE('',(#6156),#6164,.F.);
#6156 = FACE_BOUND('',#6157,.F.);
#6157 = EDGE_LOOP('',(#6158,#6159,#6160,#6161,#6162,#6163));
#6158 = ORIENTED_EDGE('',*,*,#5997,.T.);
#6159 = ORIENTED_EDGE('',*,*,#6028,.T.);
#6160 = ORIENTED_EDGE('',*,*,#6059,.T.);
#6161 = ORIENTED_EDGE('',*,*,#6091,.T.);
#6162 = ORIENTED_EDGE('',*,*,#6123,.T.);
#6163 = ORIENTED_EDGE('',*,*,#6145,.T.);
#6164 = PLANE('',#6165);
#6165 = AXIS2_PLACEMENT_3D('',#6166,#6167,#6168);
#6166 = CARTESIAN_POINT('',(887.,159.54875461634,42.256437797239));
#6167 = DIRECTION('',(1.,0.,0.));
#6168 = DIRECTION('',(-0.,0.,1.));
#6169 = ADVANCED_FACE('',(#6170),#6178,.T.);
#6170 = FACE_BOUND('',#6171,.T.);
#6171 = EDGE_LOOP('',(#6172,#6173,#6174,#6175,#6176,#6177));
#6172 = ORIENTED_EDGE('',*,*,#5981,.T.);
#6173 = ORIENTED_EDGE('',*,*,#6012,.T.);
#6174 = ORIENTED_EDGE('',*,*,#6043,.T.);
#6175 = ORIENTED_EDGE('',*,*,#6074,.T.);
#6176 = ORIENTED_EDGE('',*,*,#6107,.T.);
#6177 = ORIENTED_EDGE('',*,*,#6138,.T.);
#6178 = PLANE('',#6179);
#6179 = AXIS2_PLACEMENT_3D('',#6180,#6181,#6182);
#6180 = CARTESIAN_POINT('',(899.,159.54875461634,42.256437797239));
#6181 = DIRECTION('',(1.,0.,0.));
#6182 = DIRECTION('',(-0.,0.,1.));
#6183 = ( GEOMETRIC_REPRESENTATION_CONTEXT(3) 
GLOBAL_UNCERTAINTY_ASSIGNED_CONTEXT((#6187)) 
GLOBAL_UNIT_ASSIGNED_CONTEXT((#6184,#6185,#6186)) REPRESENTATION_CONTEXT
('Context #1','3D Context with UNIT and UNCERTAINTY') );
#6184 = ( LENGTH_UNIT() NAMED_UNIT(*) SI_UNIT(.MILLI.,.METRE.) );
#6185 = ( NAMED_UNIT(*) PLANE_ANGLE_UNIT() SI_UNIT($,.RADIAN.) );
#6186 = ( NAMED_UNIT(*) SI_UNIT($,.STERADIAN.) SOLID_ANGLE_UNIT() );
#6187 = UNCERTAINTY_MEASURE_WITH_UNIT(LENGTH_MEASURE(1.E-07),#6184,
  'distance_accuracy_value','confusion accuracy');
#6188 = CONTEXT_DEPENDENT_SHAPE_REPRESENTATION(#6189,#6191);
#6189 = ( REPRESENTATION_RELATIONSHIP('','',#5964,#10) 
REPRESENTATION_RELATIONSHIP_WITH_TRANSFORMATION(#6190) 
SHAPE_REPRESENTATION_RELATIONSHIP() );
#6190 = ITEM_DEFINED_TRANSFORMATION('','',#11,#39);
#6191 = PRODUCT_DEFINITION_SHAPE('Placement','Placement of an item',
  #6192);
#6192 = NEXT_ASSEMBLY_USAGE_OCCURRENCE('7','Cheek right','',#5,#5959,$);
#6193 = PRODUCT_RELATED_PRODUCT_CATEGORY('part',$,(#5961));
#6194 = SHAPE_DEFINITION_REPRESENTATION(#6195,#6201);
#6195 = PRODUCT_DEFINITION_SHAPE('','',#6196);
#6196 = PRODUCT_DEFINITION('design','',#6197,#6200);
#6197 = PRODUCT_DEFINITION_FORMATION('','',#6198);
#6198 = PRODUCT('Keybed riser','Keybed riser','',(#6199));
#6199 = PRODUCT_CONTEXT('',#2,'mechanical');
#6200 = PRODUCT_DEFINITION_CONTEXT('part definition',#2,'design');
#6201 = ADVANCED_BREP_SHAPE_REPRESENTATION('',(#11,#6202),#6547);
#6202 = MANIFOLD_SOLID_BREP('',#6203);
#6203 = CLOSED_SHELL('',(#6204,#6244,#6275,#6306,#6378,#6450,#6462,#6479
    ,#6496,#6513,#6530));
#6204 = ADVANCED_FACE('',(#6205),#6239,.F.);
#6205 = FACE_BOUND('',#6206,.F.);
#6206 = EDGE_LOOP('',(#6207,#6217,#6225,#6233));
#6207 = ORIENTED_EDGE('',*,*,#6208,.T.);
#6208 = EDGE_CURVE('',#6209,#6211,#6213,.T.);
#6209 = VERTEX_POINT('',#6210);
#6210 = CARTESIAN_POINT('',(210.,71.5,9.));
#6211 = VERTEX_POINT('',#6212);
#6212 = CARTESIAN_POINT('',(210.,71.5,21.));
#6213 = LINE('',#6214,#6215);
#6214 = CARTESIAN_POINT('',(210.,71.5,9.));
#6215 = VECTOR('',#6216,1.);
#6216 = DIRECTION('',(0.,0.,1.));
#6217 = ORIENTED_EDGE('',*,*,#6218,.T.);
#6218 = EDGE_CURVE('',#6211,#6219,#6221,.T.);
#6219 = VERTEX_POINT('',#6220);
#6220 = CARTESIAN_POINT('',(880.,71.5,21.));
#6221 = LINE('',#6222,#6223);
#6222 = CARTESIAN_POINT('',(210.,71.5,21.));
#6223 = VECTOR('',#6224,1.);
#6224 = DIRECTION('',(1.,0.,0.));
#6225 = ORIENTED_EDGE('',*,*,#6226,.F.);
#6226 = EDGE_CURVE('',#6227,#6219,#6229,.T.);
#6227 = VERTEX_POINT('',#6228);
#6228 = CARTESIAN_POINT('',(880.,71.5,9.));
#6229 = LINE('',#6230,#6231);
#6230 = CARTESIAN_POINT('',(880.,71.5,9.));
#6231 = VECTOR('',#6232,1.);
#6232 = DIRECTION('',(0.,0.,1.));
#6233 = ORIENTED_EDGE('',*,*,#6234,.F.);
#6234 = EDGE_CURVE('',#6209,#6227,#6235,.T.);
#6235 = LINE('',#6236,#6237);
#6236 = CARTESIAN_POINT('',(210.,71.5,9.));
#6237 = VECTOR('',#6238,1.);
#6238 = DIRECTION('',(1.,0.,0.));
#6239 = PLANE('',#6240);
#6240 = AXIS2_PLACEMENT_3D('',#6241,#6242,#6243);
#6241 = CARTESIAN_POINT('',(210.,71.5,9.));
#6242 = DIRECTION('',(0.,1.,0.));
#6243 = DIRECTION('',(1.,0.,0.));
#6244 = ADVANCED_FACE('',(#6245),#6270,.F.);
#6245 = FACE_BOUND('',#6246,.F.);
#6246 = EDGE_LOOP('',(#6247,#6257,#6263,#6264));
#6247 = ORIENTED_EDGE('',*,*,#6248,.T.);
#6248 = EDGE_CURVE('',#6249,#6251,#6253,.T.);
#6249 = VERTEX_POINT('',#6250);
#6250 = CARTESIAN_POINT('',(210.,101.5,9.));
#6251 = VERTEX_POINT('',#6252);
#6252 = CARTESIAN_POINT('',(210.,101.5,21.));
#6253 = LINE('',#6254,#6255);
#6254 = CARTESIAN_POINT('',(210.,101.5,9.));
#6255 = VECTOR('',#6256,1.);
#6256 = DIRECTION('',(0.,0.,1.));
#6257 = ORIENTED_EDGE('',*,*,#6258,.T.);
#6258 = EDGE_CURVE('',#6251,#6211,#6259,.T.);
#6259 = LINE('',#6260,#6261);
#6260 = CARTESIAN_POINT('',(210.,101.5,21.));
#6261 = VECTOR('',#6262,1.);
#6262 = DIRECTION('',(0.,-1.,0.));
#6263 = ORIENTED_EDGE('',*,*,#6208,.F.);
#6264 = ORIENTED_EDGE('',*,*,#6265,.F.);
#6265 = EDGE_CURVE('',#6249,#6209,#6266,.T.);
#6266 = LINE('',#6267,#6268);
#6267 = CARTESIAN_POINT('',(210.,101.5,9.));
#6268 = VECTOR('',#6269,1.);
#6269 = DIRECTION('',(0.,-1.,0.));
#6270 = PLANE('',#6271);
#6271 = AXIS2_PLACEMENT_3D('',#6272,#6273,#6274);
#6272 = CARTESIAN_POINT('',(210.,101.5,9.));
#6273 = DIRECTION('',(1.,0.,-0.));
#6274 = DIRECTION('',(0.,-1.,0.));
#6275 = ADVANCED_FACE('',(#6276),#6301,.F.);
#6276 = FACE_BOUND('',#6277,.F.);
#6277 = EDGE_LOOP('',(#6278,#6279,#6287,#6295));
#6278 = ORIENTED_EDGE('',*,*,#6226,.T.);
#6279 = ORIENTED_EDGE('',*,*,#6280,.T.);
#6280 = EDGE_CURVE('',#6219,#6281,#6283,.T.);
#6281 = VERTEX_POINT('',#6282);
#6282 = CARTESIAN_POINT('',(880.,101.5,21.));
#6283 = LINE('',#6284,#6285);
#6284 = CARTESIAN_POINT('',(880.,71.5,21.));
#6285 = VECTOR('',#6286,1.);
#6286 = DIRECTION('',(0.,1.,0.));
#6287 = ORIENTED_EDGE('',*,*,#6288,.F.);
#6288 = EDGE_CURVE('',#6289,#6281,#6291,.T.);
#6289 = VERTEX_POINT('',#6290);
#6290 = CARTESIAN_POINT('',(880.,101.5,9.));
#6291 = LINE('',#6292,#6293);
#6292 = CARTESIAN_POINT('',(880.,101.5,9.));
#6293 = VECTOR('',#6294,1.);
#6294 = DIRECTION('',(0.,0.,1.));
#6295 = ORIENTED_EDGE('',*,*,#6296,.F.);
#6296 = EDGE_CURVE('',#6227,#6289,#6297,.T.);
#6297 = LINE('',#6298,#6299);
#6298 = CARTESIAN_POINT('',(880.,71.5,9.));
#6299 = VECTOR('',#6300,1.);
#6300 = DIRECTION('',(0.,1.,0.));
#6301 = PLANE('',#6302);
#6302 = AXIS2_PLACEMENT_3D('',#6303,#6304,#6305);
#6303 = CARTESIAN_POINT('',(880.,71.5,9.));
#6304 = DIRECTION('',(-1.,0.,0.));
#6305 = DIRECTION('',(0.,1.,0.));
#6306 = ADVANCED_FACE('',(#6307,#6318,#6329,#6340,#6351,#6362),#6373,.F.
  );
#6307 = FACE_BOUND('',#6308,.F.);
#6308 = EDGE_LOOP('',(#6309,#6310,#6311,#6317));
#6309 = ORIENTED_EDGE('',*,*,#6234,.T.);
#6310 = ORIENTED_EDGE('',*,*,#6296,.T.);
#6311 = ORIENTED_EDGE('',*,*,#6312,.T.);
#6312 = EDGE_CURVE('',#6289,#6249,#6313,.T.);
#6313 = LINE('',#6314,#6315);
#6314 = CARTESIAN_POINT('',(880.,101.5,9.));
#6315 = VECTOR('',#6316,1.);
#6316 = DIRECTION('',(-1.,0.,0.));
#6317 = ORIENTED_EDGE('',*,*,#6265,.T.);
#6318 = FACE_BOUND('',#6319,.F.);
#6319 = EDGE_LOOP('',(#6320));
#6320 = ORIENTED_EDGE('',*,*,#6321,.F.);
#6321 = EDGE_CURVE('',#6322,#6322,#6324,.T.);
#6322 = VERTEX_POINT('',#6323);
#6323 = CARTESIAN_POINT('',(224.15,86.5,9.));
#6324 = CIRCLE('',#6325,2.5);
#6325 = AXIS2_PLACEMENT_3D('',#6326,#6327,#6328);
#6326 = CARTESIAN_POINT('',(221.65,86.5,9.));
#6327 = DIRECTION('',(0.,0.,1.));
#6328 = DIRECTION('',(1.,0.,-0.));
#6329 = FACE_BOUND('',#6330,.F.);
#6330 = EDGE_LOOP('',(#6331));
#6331 = ORIENTED_EDGE('',*,*,#6332,.F.);
#6332 = EDGE_CURVE('',#6333,#6333,#6335,.T.);
#6333 = VERTEX_POINT('',#6334);
#6334 = CARTESIAN_POINT('',(361.22,86.5,9.));
#6335 = CIRCLE('',#6336,2.5);
#6336 = AXIS2_PLACEMENT_3D('',#6337,#6338,#6339);
#6337 = CARTESIAN_POINT('',(358.72,86.5,9.));
#6338 = DIRECTION('',(0.,0.,1.));
#6339 = DIRECTION('',(1.,0.,-0.));
#6340 = FACE_BOUND('',#6341,.F.);
#6341 = EDGE_LOOP('',(#6342));
#6342 = ORIENTED_EDGE('',*,*,#6343,.F.);
#6343 = EDGE_CURVE('',#6344,#6344,#6346,.T.);
#6344 = VERTEX_POINT('',#6345);
#6345 = CARTESIAN_POINT('',(526.11,86.5,9.));
#6346 = CIRCLE('',#6347,2.5);
#6347 = AXIS2_PLACEMENT_3D('',#6348,#6349,#6350);
#6348 = CARTESIAN_POINT('',(523.61,86.5,9.));
#6349 = DIRECTION('',(0.,0.,1.));
#6350 = DIRECTION('',(1.,0.,-0.));
#6351 = FACE_BOUND('',#6352,.F.);
#6352 = EDGE_LOOP('',(#6353));
#6353 = ORIENTED_EDGE('',*,*,#6354,.F.);
#6354 = EDGE_CURVE('',#6355,#6355,#6357,.T.);
#6355 = VERTEX_POINT('',#6356);
#6356 = CARTESIAN_POINT('',(705.7,86.5,9.));
#6357 = CIRCLE('',#6358,2.5);
#6358 = AXIS2_PLACEMENT_3D('',#6359,#6360,#6361);
#6359 = CARTESIAN_POINT('',(703.2,86.5,9.));
#6360 = DIRECTION('',(0.,0.,1.));
#6361 = DIRECTION('',(1.,0.,-0.));
#6362 = FACE_BOUND('',#6363,.F.);
#6363 = EDGE_LOOP('',(#6364));
#6364 = ORIENTED_EDGE('',*,*,#6365,.F.);
#6365 = EDGE_CURVE('',#6366,#6366,#6368,.T.);
#6366 = VERTEX_POINT('',#6367);
#6367 = CARTESIAN_POINT('',(870.9,86.5,9.));
#6368 = CIRCLE('',#6369,2.5);
#6369 = AXIS2_PLACEMENT_3D('',#6370,#6371,#6372);
#6370 = CARTESIAN_POINT('',(868.4,86.5,9.));
#6371 = DIRECTION('',(0.,0.,1.));
#6372 = DIRECTION('',(1.,0.,-0.));
#6373 = PLANE('',#6374);
#6374 = AXIS2_PLACEMENT_3D('',#6375,#6376,#6377);
#6375 = CARTESIAN_POINT('',(545.,86.5,9.));
#6376 = DIRECTION('',(0.,0.,1.));
#6377 = DIRECTION('',(1.,0.,-0.));
#6378 = ADVANCED_FACE('',(#6379,#6390,#6401,#6412,#6423,#6434),#6445,.T.
  );
#6379 = FACE_BOUND('',#6380,.T.);
#6380 = EDGE_LOOP('',(#6381,#6382,#6383,#6389));
#6381 = ORIENTED_EDGE('',*,*,#6218,.T.);
#6382 = ORIENTED_EDGE('',*,*,#6280,.T.);
#6383 = ORIENTED_EDGE('',*,*,#6384,.T.);
#6384 = EDGE_CURVE('',#6281,#6251,#6385,.T.);
#6385 = LINE('',#6386,#6387);
#6386 = CARTESIAN_POINT('',(880.,101.5,21.));
#6387 = VECTOR('',#6388,1.);
#6388 = DIRECTION('',(-1.,0.,0.));
#6389 = ORIENTED_EDGE('',*,*,#6258,.T.);
#6390 = FACE_BOUND('',#6391,.T.);
#6391 = EDGE_LOOP('',(#6392));
#6392 = ORIENTED_EDGE('',*,*,#6393,.F.);
#6393 = EDGE_CURVE('',#6394,#6394,#6396,.T.);
#6394 = VERTEX_POINT('',#6395);
#6395 = CARTESIAN_POINT('',(224.15,86.5,21.));
#6396 = CIRCLE('',#6397,2.5);
#6397 = AXIS2_PLACEMENT_3D('',#6398,#6399,#6400);
#6398 = CARTESIAN_POINT('',(221.65,86.5,21.));
#6399 = DIRECTION('',(0.,0.,1.));
#6400 = DIRECTION('',(1.,0.,-0.));
#6401 = FACE_BOUND('',#6402,.T.);
#6402 = EDGE_LOOP('',(#6403));
#6403 = ORIENTED_EDGE('',*,*,#6404,.F.);
#6404 = EDGE_CURVE('',#6405,#6405,#6407,.T.);
#6405 = VERTEX_POINT('',#6406);
#6406 = CARTESIAN_POINT('',(361.22,86.5,21.));
#6407 = CIRCLE('',#6408,2.5);
#6408 = AXIS2_PLACEMENT_3D('',#6409,#6410,#6411);
#6409 = CARTESIAN_POINT('',(358.72,86.5,21.));
#6410 = DIRECTION('',(0.,0.,1.));
#6411 = DIRECTION('',(1.,0.,-0.));
#6412 = FACE_BOUND('',#6413,.T.);
#6413 = EDGE_LOOP('',(#6414));
#6414 = ORIENTED_EDGE('',*,*,#6415,.F.);
#6415 = EDGE_CURVE('',#6416,#6416,#6418,.T.);
#6416 = VERTEX_POINT('',#6417);
#6417 = CARTESIAN_POINT('',(526.11,86.5,21.));
#6418 = CIRCLE('',#6419,2.5);
#6419 = AXIS2_PLACEMENT_3D('',#6420,#6421,#6422);
#6420 = CARTESIAN_POINT('',(523.61,86.5,21.));
#6421 = DIRECTION('',(0.,0.,1.));
#6422 = DIRECTION('',(1.,0.,-0.));
#6423 = FACE_BOUND('',#6424,.T.);
#6424 = EDGE_LOOP('',(#6425));
#6425 = ORIENTED_EDGE('',*,*,#6426,.F.);
#6426 = EDGE_CURVE('',#6427,#6427,#6429,.T.);
#6427 = VERTEX_POINT('',#6428);
#6428 = CARTESIAN_POINT('',(705.7,86.5,21.));
#6429 = CIRCLE('',#6430,2.5);
#6430 = AXIS2_PLACEMENT_3D('',#6431,#6432,#6433);
#6431 = CARTESIAN_POINT('',(703.2,86.5,21.));
#6432 = DIRECTION('',(0.,0.,1.));
#6433 = DIRECTION('',(1.,0.,-0.));
#6434 = FACE_BOUND('',#6435,.T.);
#6435 = EDGE_LOOP('',(#6436));
#6436 = ORIENTED_EDGE('',*,*,#6437,.F.);
#6437 = EDGE_CURVE('',#6438,#6438,#6440,.T.);
#6438 = VERTEX_POINT('',#6439);
#6439 = CARTESIAN_POINT('',(870.9,86.5,21.));
#6440 = CIRCLE('',#6441,2.5);
#6441 = AXIS2_PLACEMENT_3D('',#6442,#6443,#6444);
#6442 = CARTESIAN_POINT('',(868.4,86.5,21.));
#6443 = DIRECTION('',(0.,0.,1.));
#6444 = DIRECTION('',(1.,0.,-0.));
#6445 = PLANE('',#6446);
#6446 = AXIS2_PLACEMENT_3D('',#6447,#6448,#6449);
#6447 = CARTESIAN_POINT('',(545.,86.5,21.));
#6448 = DIRECTION('',(0.,0.,1.));
#6449 = DIRECTION('',(1.,0.,-0.));
#6450 = ADVANCED_FACE('',(#6451),#6457,.F.);
#6451 = FACE_BOUND('',#6452,.F.);
#6452 = EDGE_LOOP('',(#6453,#6454,#6455,#6456));
#6453 = ORIENTED_EDGE('',*,*,#6288,.T.);
#6454 = ORIENTED_EDGE('',*,*,#6384,.T.);
#6455 = ORIENTED_EDGE('',*,*,#6248,.F.);
#6456 = ORIENTED_EDGE('',*,*,#6312,.F.);
#6457 = PLANE('',#6458);
#6458 = AXIS2_PLACEMENT_3D('',#6459,#6460,#6461);
#6459 = CARTESIAN_POINT('',(880.,101.5,9.));
#6460 = DIRECTION('',(0.,-1.,0.));
#6461 = DIRECTION('',(-1.,0.,0.));
#6462 = ADVANCED_FACE('',(#6463),#6474,.F.);
#6463 = FACE_BOUND('',#6464,.F.);
#6464 = EDGE_LOOP('',(#6465,#6466,#6472,#6473));
#6465 = ORIENTED_EDGE('',*,*,#6393,.F.);
#6466 = ORIENTED_EDGE('',*,*,#6467,.F.);
#6467 = EDGE_CURVE('',#6322,#6394,#6468,.T.);
#6468 = LINE('',#6469,#6470);
#6469 = CARTESIAN_POINT('',(224.15,86.5,8.));
#6470 = VECTOR('',#6471,1.);
#6471 = DIRECTION('',(0.,0.,1.));
#6472 = ORIENTED_EDGE('',*,*,#6321,.T.);
#6473 = ORIENTED_EDGE('',*,*,#6467,.T.);
#6474 = CYLINDRICAL_SURFACE('',#6475,2.5);
#6475 = AXIS2_PLACEMENT_3D('',#6476,#6477,#6478);
#6476 = CARTESIAN_POINT('',(221.65,86.5,8.));
#6477 = DIRECTION('',(0.,0.,1.));
#6478 = DIRECTION('',(1.,0.,-0.));
#6479 = ADVANCED_FACE('',(#6480),#6491,.F.);
#6480 = FACE_BOUND('',#6481,.F.);
#6481 = EDGE_LOOP('',(#6482,#6483,#6489,#6490));
#6482 = ORIENTED_EDGE('',*,*,#6404,.F.);
#6483 = ORIENTED_EDGE('',*,*,#6484,.F.);
#6484 = EDGE_CURVE('',#6333,#6405,#6485,.T.);
#6485 = LINE('',#6486,#6487);
#6486 = CARTESIAN_POINT('',(361.22,86.5,8.));
#6487 = VECTOR('',#6488,1.);
#6488 = DIRECTION('',(0.,0.,1.));
#6489 = ORIENTED_EDGE('',*,*,#6332,.T.);
#6490 = ORIENTED_EDGE('',*,*,#6484,.T.);
#6491 = CYLINDRICAL_SURFACE('',#6492,2.5);
#6492 = AXIS2_PLACEMENT_3D('',#6493,#6494,#6495);
#6493 = CARTESIAN_POINT('',(358.72,86.5,8.));
#6494 = DIRECTION('',(0.,0.,1.));
#6495 = DIRECTION('',(1.,0.,-0.));
#6496 = ADVANCED_FACE('',(#6497),#6508,.F.);
#6497 = FACE_BOUND('',#6498,.F.);
#6498 = EDGE_LOOP('',(#6499,#6500,#6506,#6507));
#6499 = ORIENTED_EDGE('',*,*,#6415,.F.);
#6500 = ORIENTED_EDGE('',*,*,#6501,.F.);
#6501 = EDGE_CURVE('',#6344,#6416,#6502,.T.);
#6502 = LINE('',#6503,#6504);
#6503 = CARTESIAN_POINT('',(526.11,86.5,8.));
#6504 = VECTOR('',#6505,1.);
#6505 = DIRECTION('',(0.,0.,1.));
#6506 = ORIENTED_EDGE('',*,*,#6343,.T.);
#6507 = ORIENTED_EDGE('',*,*,#6501,.T.);
#6508 = CYLINDRICAL_SURFACE('',#6509,2.5);
#6509 = AXIS2_PLACEMENT_3D('',#6510,#6511,#6512);
#6510 = CARTESIAN_POINT('',(523.61,86.5,8.));
#6511 = DIRECTION('',(0.,0.,1.));
#6512 = DIRECTION('',(1.,0.,-0.));
#6513 = ADVANCED_FACE('',(#6514),#6525,.F.);
#6514 = FACE_BOUND('',#6515,.F.);
#6515 = EDGE_LOOP('',(#6516,#6517,#6523,#6524));
#6516 = ORIENTED_EDGE('',*,*,#6426,.F.);
#6517 = ORIENTED_EDGE('',*,*,#6518,.F.);
#6518 = EDGE_CURVE('',#6355,#6427,#6519,.T.);
#6519 = LINE('',#6520,#6521);
#6520 = CARTESIAN_POINT('',(705.7,86.5,8.));
#6521 = VECTOR('',#6522,1.);
#6522 = DIRECTION('',(0.,0.,1.));
#6523 = ORIENTED_EDGE('',*,*,#6354,.T.);
#6524 = ORIENTED_EDGE('',*,*,#6518,.T.);
#6525 = CYLINDRICAL_SURFACE('',#6526,2.5);
#6526 = AXIS2_PLACEMENT_3D('',#6527,#6528,#6529);
#6527 = CARTESIAN_POINT('',(703.2,86.5,8.));
#6528 = DIRECTION('',(0.,0.,1.));
#6529 = DIRECTION('',(1.,0.,-0.));
#6530 = ADVANCED_FACE('',(#6531),#6542,.F.);
#6531 = FACE_BOUND('',#6532,.F.);
#6532 = EDGE_LOOP('',(#6533,#6534,#6540,#6541));
#6533 = ORIENTED_EDGE('',*,*,#6437,.F.);
#6534 = ORIENTED_EDGE('',*,*,#6535,.F.);
#6535 = EDGE_CURVE('',#6366,#6438,#6536,.T.);
#6536 = LINE('',#6537,#6538);
#6537 = CARTESIAN_POINT('',(870.9,86.5,8.));
#6538 = VECTOR('',#6539,1.);
#6539 = DIRECTION('',(0.,0.,1.));
#6540 = ORIENTED_EDGE('',*,*,#6365,.T.);
#6541 = ORIENTED_EDGE('',*,*,#6535,.T.);
#6542 = CYLINDRICAL_SURFACE('',#6543,2.5);
#6543 = AXIS2_PLACEMENT_3D('',#6544,#6545,#6546);
#6544 = CARTESIAN_POINT('',(868.4,86.5,8.));
#6545 = DIRECTION('',(0.,0.,1.));
#6546 = DIRECTION('',(1.,0.,-0.));
#6547 = ( GEOMETRIC_REPRESENTATION_CONTEXT(3) 
GLOBAL_UNCERTAINTY_ASSIGNED_CONTEXT((#6551)) 
GLOBAL_UNIT_ASSIGNED_CONTEXT((#6548,#6549,#6550)) REPRESENTATION_CONTEXT
('Context #1','3D Context with UNIT and UNCERTAINTY') );
#6548 = ( LENGTH_UNIT() NAMED_UNIT(*) SI_UNIT(.MILLI.,.METRE.) );
#6549 = ( NAMED_UNIT(*) PLANE_ANGLE_UNIT() SI_UNIT($,.RADIAN.) );
#6550 = ( NAMED_UNIT(*) SI_UNIT($,.STERADIAN.) SOLID_ANGLE_UNIT() );
#6551 = UNCERTAINTY_MEASURE_WITH_UNIT(LENGTH_MEASURE(1.E-07),#6548,
  'distance_accuracy_value','confusion accuracy');
#6552 = CONTEXT_DEPENDENT_SHAPE_REPRESENTATION(#6553,#6555);
#6553 = ( REPRESENTATION_RELATIONSHIP('','',#6201,#10) 
REPRESENTATION_RELATIONSHIP_WITH_TRANSFORMATION(#6554) 
SHAPE_REPRESENTATION_RELATIONSHIP() );
#6554 = ITEM_DEFINED_TRANSFORMATION('','',#11,#43);
#6555 = PRODUCT_DEFINITION_SHAPE('Placement','Placement of an item',
  #6556);
#6556 = NEXT_ASSEMBLY_USAGE_OCCURRENCE('8','Keybed riser','',#5,#6196,$
  );
#6557 = PRODUCT_RELATED_PRODUCT_CATEGORY('part',$,(#6198));
#6558 = SHAPE_DEFINITION_REPRESENTATION(#6559,#6565);
#6559 = PRODUCT_DEFINITION_SHAPE('','',#6560);
#6560 = PRODUCT_DEFINITION('design','',#6561,#6564);
#6561 = PRODUCT_DEFINITION_FORMATION('','',#6562);
#6562 = PRODUCT('Keybed riser001','Keybed riser001','',(#6563));
#6563 = PRODUCT_CONTEXT('',#2,'mechanical');
#6564 = PRODUCT_DEFINITION_CONTEXT('part definition',#2,'design');
#6565 = ADVANCED_BREP_SHAPE_REPRESENTATION('',(#11,#6566),#6911);
#6566 = MANIFOLD_SOLID_BREP('',#6567);
#6567 = CLOSED_SHELL('',(#6568,#6608,#6639,#6670,#6742,#6814,#6826,#6843
    ,#6860,#6877,#6894));
#6568 = ADVANCED_FACE('',(#6569),#6603,.F.);
#6569 = FACE_BOUND('',#6570,.F.);
#6570 = EDGE_LOOP('',(#6571,#6581,#6589,#6597));
#6571 = ORIENTED_EDGE('',*,*,#6572,.T.);
#6572 = EDGE_CURVE('',#6573,#6575,#6577,.T.);
#6573 = VERTEX_POINT('',#6574);
#6574 = CARTESIAN_POINT('',(210.,147.,9.));
#6575 = VERTEX_POINT('',#6576);
#6576 = CARTESIAN_POINT('',(210.,147.,21.));
#6577 = LINE('',#6578,#6579);
#6578 = CARTESIAN_POINT('',(210.,147.,9.));
#6579 = VECTOR('',#6580,1.);
#6580 = DIRECTION('',(0.,0.,1.));
#6581 = ORIENTED_EDGE('',*,*,#6582,.T.);
#6582 = EDGE_CURVE('',#6575,#6583,#6585,.T.);
#6583 = VERTEX_POINT('',#6584);
#6584 = CARTESIAN_POINT('',(880.,147.,21.));
#6585 = LINE('',#6586,#6587);
#6586 = CARTESIAN_POINT('',(210.,147.,21.));
#6587 = VECTOR('',#6588,1.);
#6588 = DIRECTION('',(1.,0.,0.));
#6589 = ORIENTED_EDGE('',*,*,#6590,.F.);
#6590 = EDGE_CURVE('',#6591,#6583,#6593,.T.);
#6591 = VERTEX_POINT('',#6592);
#6592 = CARTESIAN_POINT('',(880.,147.,9.));
#6593 = LINE('',#6594,#6595);
#6594 = CARTESIAN_POINT('',(880.,147.,9.));
#6595 = VECTOR('',#6596,1.);
#6596 = DIRECTION('',(0.,0.,1.));
#6597 = ORIENTED_EDGE('',*,*,#6598,.F.);
#6598 = EDGE_CURVE('',#6573,#6591,#6599,.T.);
#6599 = LINE('',#6600,#6601);
#6600 = CARTESIAN_POINT('',(210.,147.,9.));
#6601 = VECTOR('',#6602,1.);
#6602 = DIRECTION('',(1.,0.,0.));
#6603 = PLANE('',#6604);
#6604 = AXIS2_PLACEMENT_3D('',#6605,#6606,#6607);
#6605 = CARTESIAN_POINT('',(210.,147.,9.));
#6606 = DIRECTION('',(0.,1.,0.));
#6607 = DIRECTION('',(1.,0.,0.));
#6608 = ADVANCED_FACE('',(#6609),#6634,.F.);
#6609 = FACE_BOUND('',#6610,.F.);
#6610 = EDGE_LOOP('',(#6611,#6621,#6627,#6628));
#6611 = ORIENTED_EDGE('',*,*,#6612,.T.);
#6612 = EDGE_CURVE('',#6613,#6615,#6617,.T.);
#6613 = VERTEX_POINT('',#6614);
#6614 = CARTESIAN_POINT('',(210.,177.,9.));
#6615 = VERTEX_POINT('',#6616);
#6616 = CARTESIAN_POINT('',(210.,177.,21.));
#6617 = LINE('',#6618,#6619);
#6618 = CARTESIAN_POINT('',(210.,177.,9.));
#6619 = VECTOR('',#6620,1.);
#6620 = DIRECTION('',(0.,0.,1.));
#6621 = ORIENTED_EDGE('',*,*,#6622,.T.);
#6622 = EDGE_CURVE('',#6615,#6575,#6623,.T.);
#6623 = LINE('',#6624,#6625);
#6624 = CARTESIAN_POINT('',(210.,177.,21.));
#6625 = VECTOR('',#6626,1.);
#6626 = DIRECTION('',(0.,-1.,0.));
#6627 = ORIENTED_EDGE('',*,*,#6572,.F.);
#6628 = ORIENTED_EDGE('',*,*,#6629,.F.);
#6629 = EDGE_CURVE('',#6613,#6573,#6630,.T.);
#6630 = LINE('',#6631,#6632);
#6631 = CARTESIAN_POINT('',(210.,177.,9.));
#6632 = VECTOR('',#6633,1.);
#6633 = DIRECTION('',(0.,-1.,0.));
#6634 = PLANE('',#6635);
#6635 = AXIS2_PLACEMENT_3D('',#6636,#6637,#6638);
#6636 = CARTESIAN_POINT('',(210.,177.,9.));
#6637 = DIRECTION('',(1.,0.,-0.));
#6638 = DIRECTION('',(0.,-1.,0.));
#6639 = ADVANCED_FACE('',(#6640),#6665,.F.);
#6640 = FACE_BOUND('',#6641,.F.);
#6641 = EDGE_LOOP('',(#6642,#6643,#6651,#6659));
#6642 = ORIENTED_EDGE('',*,*,#6590,.T.);
#6643 = ORIENTED_EDGE('',*,*,#6644,.T.);
#6644 = EDGE_CURVE('',#6583,#6645,#6647,.T.);
#6645 = VERTEX_POINT('',#6646);
#6646 = CARTESIAN_POINT('',(880.,177.,21.));
#6647 = LINE('',#6648,#6649);
#6648 = CARTESIAN_POINT('',(880.,147.,21.));
#6649 = VECTOR('',#6650,1.);
#6650 = DIRECTION('',(0.,1.,0.));
#6651 = ORIENTED_EDGE('',*,*,#6652,.F.);
#6652 = EDGE_CURVE('',#6653,#6645,#6655,.T.);
#6653 = VERTEX_POINT('',#6654);
#6654 = CARTESIAN_POINT('',(880.,177.,9.));
#6655 = LINE('',#6656,#6657);
#6656 = CARTESIAN_POINT('',(880.,177.,9.));
#6657 = VECTOR('',#6658,1.);
#6658 = DIRECTION('',(0.,0.,1.));
#6659 = ORIENTED_EDGE('',*,*,#6660,.F.);
#6660 = EDGE_CURVE('',#6591,#6653,#6661,.T.);
#6661 = LINE('',#6662,#6663);
#6662 = CARTESIAN_POINT('',(880.,147.,9.));
#6663 = VECTOR('',#6664,1.);
#6664 = DIRECTION('',(0.,1.,0.));
#6665 = PLANE('',#6666);
#6666 = AXIS2_PLACEMENT_3D('',#6667,#6668,#6669);
#6667 = CARTESIAN_POINT('',(880.,147.,9.));
#6668 = DIRECTION('',(-1.,0.,0.));
#6669 = DIRECTION('',(0.,1.,0.));
#6670 = ADVANCED_FACE('',(#6671,#6682,#6693,#6704,#6715,#6726),#6737,.F.
  );
#6671 = FACE_BOUND('',#6672,.F.);
#6672 = EDGE_LOOP('',(#6673,#6674,#6675,#6681));
#6673 = ORIENTED_EDGE('',*,*,#6598,.T.);
#6674 = ORIENTED_EDGE('',*,*,#6660,.T.);
#6675 = ORIENTED_EDGE('',*,*,#6676,.T.);
#6676 = EDGE_CURVE('',#6653,#6613,#6677,.T.);
#6677 = LINE('',#6678,#6679);
#6678 = CARTESIAN_POINT('',(880.,177.,9.));
#6679 = VECTOR('',#6680,1.);
#6680 = DIRECTION('',(-1.,0.,0.));
#6681 = ORIENTED_EDGE('',*,*,#6629,.T.);
#6682 = FACE_BOUND('',#6683,.F.);
#6683 = EDGE_LOOP('',(#6684));
#6684 = ORIENTED_EDGE('',*,*,#6685,.F.);
#6685 = EDGE_CURVE('',#6686,#6686,#6688,.T.);
#6686 = VERTEX_POINT('',#6687);
#6687 = CARTESIAN_POINT('',(224.15,162.,9.));
#6688 = CIRCLE('',#6689,2.5);
#6689 = AXIS2_PLACEMENT_3D('',#6690,#6691,#6692);
#6690 = CARTESIAN_POINT('',(221.65,162.,9.));
#6691 = DIRECTION('',(0.,0.,1.));
#6692 = DIRECTION('',(1.,0.,-0.));
#6693 = FACE_BOUND('',#6694,.F.);
#6694 = EDGE_LOOP('',(#6695));
#6695 = ORIENTED_EDGE('',*,*,#6696,.F.);
#6696 = EDGE_CURVE('',#6697,#6697,#6699,.T.);
#6697 = VERTEX_POINT('',#6698);
#6698 = CARTESIAN_POINT('',(361.22,162.,9.));
#6699 = CIRCLE('',#6700,2.5);
#6700 = AXIS2_PLACEMENT_3D('',#6701,#6702,#6703);
#6701 = CARTESIAN_POINT('',(358.72,162.,9.));
#6702 = DIRECTION('',(0.,0.,1.));
#6703 = DIRECTION('',(1.,0.,-0.));
#6704 = FACE_BOUND('',#6705,.F.);
#6705 = EDGE_LOOP('',(#6706));
#6706 = ORIENTED_EDGE('',*,*,#6707,.F.);
#6707 = EDGE_CURVE('',#6708,#6708,#6710,.T.);
#6708 = VERTEX_POINT('',#6709);
#6709 = CARTESIAN_POINT('',(526.11,162.,9.));
#6710 = CIRCLE('',#6711,2.5);
#6711 = AXIS2_PLACEMENT_3D('',#6712,#6713,#6714);
#6712 = CARTESIAN_POINT('',(523.61,162.,9.));
#6713 = DIRECTION('',(0.,0.,1.));
#6714 = DIRECTION('',(1.,0.,-0.));
#6715 = FACE_BOUND('',#6716,.F.);
#6716 = EDGE_LOOP('',(#6717));
#6717 = ORIENTED_EDGE('',*,*,#6718,.F.);
#6718 = EDGE_CURVE('',#6719,#6719,#6721,.T.);
#6719 = VERTEX_POINT('',#6720);
#6720 = CARTESIAN_POINT('',(705.7,162.,9.));
#6721 = CIRCLE('',#6722,2.5);
#6722 = AXIS2_PLACEMENT_3D('',#6723,#6724,#6725);
#6723 = CARTESIAN_POINT('',(703.2,162.,9.));
#6724 = DIRECTION('',(0.,0.,1.));
#6725 = DIRECTION('',(1.,0.,-0.));
#6726 = FACE_BOUND('',#6727,.F.);
#6727 = EDGE_LOOP('',(#6728));
#6728 = ORIENTED_EDGE('',*,*,#6729,.F.);
#6729 = EDGE_CURVE('',#6730,#6730,#6732,.T.);
#6730 = VERTEX_POINT('',#6731);
#6731 = CARTESIAN_POINT('',(870.9,162.,9.));
#6732 = CIRCLE('',#6733,2.5);
#6733 = AXIS2_PLACEMENT_3D('',#6734,#6735,#6736);
#6734 = CARTESIAN_POINT('',(868.4,162.,9.));
#6735 = DIRECTION('',(0.,0.,1.));
#6736 = DIRECTION('',(1.,0.,-0.));
#6737 = PLANE('',#6738);
#6738 = AXIS2_PLACEMENT_3D('',#6739,#6740,#6741);
#6739 = CARTESIAN_POINT('',(545.,162.,9.));
#6740 = DIRECTION('',(0.,0.,1.));
#6741 = DIRECTION('',(1.,0.,-0.));
#6742 = ADVANCED_FACE('',(#6743,#6754,#6765,#6776,#6787,#6798),#6809,.T.
  );
#6743 = FACE_BOUND('',#6744,.T.);
#6744 = EDGE_LOOP('',(#6745,#6746,#6747,#6753));
#6745 = ORIENTED_EDGE('',*,*,#6582,.T.);
#6746 = ORIENTED_EDGE('',*,*,#6644,.T.);
#6747 = ORIENTED_EDGE('',*,*,#6748,.T.);
#6748 = EDGE_CURVE('',#6645,#6615,#6749,.T.);
#6749 = LINE('',#6750,#6751);
#6750 = CARTESIAN_POINT('',(880.,177.,21.));
#6751 = VECTOR('',#6752,1.);
#6752 = DIRECTION('',(-1.,0.,0.));
#6753 = ORIENTED_EDGE('',*,*,#6622,.T.);
#6754 = FACE_BOUND('',#6755,.T.);
#6755 = EDGE_LOOP('',(#6756));
#6756 = ORIENTED_EDGE('',*,*,#6757,.F.);
#6757 = EDGE_CURVE('',#6758,#6758,#6760,.T.);
#6758 = VERTEX_POINT('',#6759);
#6759 = CARTESIAN_POINT('',(224.15,162.,21.));
#6760 = CIRCLE('',#6761,2.5);
#6761 = AXIS2_PLACEMENT_3D('',#6762,#6763,#6764);
#6762 = CARTESIAN_POINT('',(221.65,162.,21.));
#6763 = DIRECTION('',(0.,0.,1.));
#6764 = DIRECTION('',(1.,0.,-0.));
#6765 = FACE_BOUND('',#6766,.T.);
#6766 = EDGE_LOOP('',(#6767));
#6767 = ORIENTED_EDGE('',*,*,#6768,.F.);
#6768 = EDGE_CURVE('',#6769,#6769,#6771,.T.);
#6769 = VERTEX_POINT('',#6770);
#6770 = CARTESIAN_POINT('',(361.22,162.,21.));
#6771 = CIRCLE('',#6772,2.5);
#6772 = AXIS2_PLACEMENT_3D('',#6773,#6774,#6775);
#6773 = CARTESIAN_POINT('',(358.72,162.,21.));
#6774 = DIRECTION('',(0.,0.,1.));
#6775 = DIRECTION('',(1.,0.,-0.));
#6776 = FACE_BOUND('',#6777,.T.);
#6777 = EDGE_LOOP('',(#6778));
#6778 = ORIENTED_EDGE('',*,*,#6779,.F.);
#6779 = EDGE_CURVE('',#6780,#6780,#6782,.T.);
#6780 = VERTEX_POINT('',#6781);
#6781 = CARTESIAN_POINT('',(526.11,162.,21.));
#6782 = CIRCLE('',#6783,2.5);
#6783 = AXIS2_PLACEMENT_3D('',#6784,#6785,#6786);
#6784 = CARTESIAN_POINT('',(523.61,162.,21.));
#6785 = DIRECTION('',(0.,0.,1.));
#6786 = DIRECTION('',(1.,0.,-0.));
#6787 = FACE_BOUND('',#6788,.T.);
#6788 = EDGE_LOOP('',(#6789));
#6789 = ORIENTED_EDGE('',*,*,#6790,.F.);
#6790 = EDGE_CURVE('',#6791,#6791,#6793,.T.);
#6791 = VERTEX_POINT('',#6792);
#6792 = CARTESIAN_POINT('',(705.7,162.,21.));
#6793 = CIRCLE('',#6794,2.5);
#6794 = AXIS2_PLACEMENT_3D('',#6795,#6796,#6797);
#6795 = CARTESIAN_POINT('',(703.2,162.,21.));
#6796 = DIRECTION('',(0.,0.,1.));
#6797 = DIRECTION('',(1.,0.,-0.));
#6798 = FACE_BOUND('',#6799,.T.);
#6799 = EDGE_LOOP('',(#6800));
#6800 = ORIENTED_EDGE('',*,*,#6801,.F.);
#6801 = EDGE_CURVE('',#6802,#6802,#6804,.T.);
#6802 = VERTEX_POINT('',#6803);
#6803 = CARTESIAN_POINT('',(870.9,162.,21.));
#6804 = CIRCLE('',#6805,2.5);
#6805 = AXIS2_PLACEMENT_3D('',#6806,#6807,#6808);
#6806 = CARTESIAN_POINT('',(868.4,162.,21.));
#6807 = DIRECTION('',(0.,0.,1.));
#6808 = DIRECTION('',(1.,0.,-0.));
#6809 = PLANE('',#6810);
#6810 = AXIS2_PLACEMENT_3D('',#6811,#6812,#6813);
#6811 = CARTESIAN_POINT('',(545.,162.,21.));
#6812 = DIRECTION('',(0.,0.,1.));
#6813 = DIRECTION('',(1.,0.,-0.));
#6814 = ADVANCED_FACE('',(#6815),#6821,.F.);
#6815 = FACE_BOUND('',#6816,.F.);
#6816 = EDGE_LOOP('',(#6817,#6818,#6819,#6820));
#6817 = ORIENTED_EDGE('',*,*,#6652,.T.);
#6818 = ORIENTED_EDGE('',*,*,#6748,.T.);
#6819 = ORIENTED_EDGE('',*,*,#6612,.F.);
#6820 = ORIENTED_EDGE('',*,*,#6676,.F.);
#6821 = PLANE('',#6822);
#6822 = AXIS2_PLACEMENT_3D('',#6823,#6824,#6825);
#6823 = CARTESIAN_POINT('',(880.,177.,9.));
#6824 = DIRECTION('',(0.,-1.,0.));
#6825 = DIRECTION('',(-1.,0.,0.));
#6826 = ADVANCED_FACE('',(#6827),#6838,.F.);
#6827 = FACE_BOUND('',#6828,.F.);
#6828 = EDGE_LOOP('',(#6829,#6830,#6836,#6837));
#6829 = ORIENTED_EDGE('',*,*,#6757,.F.);
#6830 = ORIENTED_EDGE('',*,*,#6831,.F.);
#6831 = EDGE_CURVE('',#6686,#6758,#6832,.T.);
#6832 = LINE('',#6833,#6834);
#6833 = CARTESIAN_POINT('',(224.15,162.,8.));
#6834 = VECTOR('',#6835,1.);
#6835 = DIRECTION('',(0.,0.,1.));
#6836 = ORIENTED_EDGE('',*,*,#6685,.T.);
#6837 = ORIENTED_EDGE('',*,*,#6831,.T.);
#6838 = CYLINDRICAL_SURFACE('',#6839,2.5);
#6839 = AXIS2_PLACEMENT_3D('',#6840,#6841,#6842);
#6840 = CARTESIAN_POINT('',(221.65,162.,8.));
#6841 = DIRECTION('',(0.,0.,1.));
#6842 = DIRECTION('',(1.,0.,-0.));
#6843 = ADVANCED_FACE('',(#6844),#6855,.F.);
#6844 = FACE_BOUND('',#6845,.F.);
#6845 = EDGE_LOOP('',(#6846,#6847,#6853,#6854));
#6846 = ORIENTED_EDGE('',*,*,#6768,.F.);
#6847 = ORIENTED_EDGE('',*,*,#6848,.F.);
#6848 = EDGE_CURVE('',#6697,#6769,#6849,.T.);
#6849 = LINE('',#6850,#6851);
#6850 = CARTESIAN_POINT('',(361.22,162.,8.));
#6851 = VECTOR('',#6852,1.);
#6852 = DIRECTION('',(0.,0.,1.));
#6853 = ORIENTED_EDGE('',*,*,#6696,.T.);
#6854 = ORIENTED_EDGE('',*,*,#6848,.T.);
#6855 = CYLINDRICAL_SURFACE('',#6856,2.5);
#6856 = AXIS2_PLACEMENT_3D('',#6857,#6858,#6859);
#6857 = CARTESIAN_POINT('',(358.72,162.,8.));
#6858 = DIRECTION('',(0.,0.,1.));
#6859 = DIRECTION('',(1.,0.,-0.));
#6860 = ADVANCED_FACE('',(#6861),#6872,.F.);
#6861 = FACE_BOUND('',#6862,.F.);
#6862 = EDGE_LOOP('',(#6863,#6864,#6870,#6871));
#6863 = ORIENTED_EDGE('',*,*,#6779,.F.);
#6864 = ORIENTED_EDGE('',*,*,#6865,.F.);
#6865 = EDGE_CURVE('',#6708,#6780,#6866,.T.);
#6866 = LINE('',#6867,#6868);
#6867 = CARTESIAN_POINT('',(526.11,162.,8.));
#6868 = VECTOR('',#6869,1.);
#6869 = DIRECTION('',(0.,0.,1.));
#6870 = ORIENTED_EDGE('',*,*,#6707,.T.);
#6871 = ORIENTED_EDGE('',*,*,#6865,.T.);
#6872 = CYLINDRICAL_SURFACE('',#6873,2.5);
#6873 = AXIS2_PLACEMENT_3D('',#6874,#6875,#6876);
#6874 = CARTESIAN_POINT('',(523.61,162.,8.));
#6875 = DIRECTION('',(0.,0.,1.));
#6876 = DIRECTION('',(1.,0.,-0.));
#6877 = ADVANCED_FACE('',(#6878),#6889,.F.);
#6878 = FACE_BOUND('',#6879,.F.);
#6879 = EDGE_LOOP('',(#6880,#6881,#6887,#6888));
#6880 = ORIENTED_EDGE('',*,*,#6790,.F.);
#6881 = ORIENTED_EDGE('',*,*,#6882,.F.);
#6882 = EDGE_CURVE('',#6719,#6791,#6883,.T.);
#6883 = LINE('',#6884,#6885);
#6884 = CARTESIAN_POINT('',(705.7,162.,8.));
#6885 = VECTOR('',#6886,1.);
#6886 = DIRECTION('',(0.,0.,1.));
#6887 = ORIENTED_EDGE('',*,*,#6718,.T.);
#6888 = ORIENTED_EDGE('',*,*,#6882,.T.);
#6889 = CYLINDRICAL_SURFACE('',#6890,2.5);
#6890 = AXIS2_PLACEMENT_3D('',#6891,#6892,#6893);
#6891 = CARTESIAN_POINT('',(703.2,162.,8.));
#6892 = DIRECTION('',(0.,0.,1.));
#6893 = DIRECTION('',(1.,0.,-0.));
#6894 = ADVANCED_FACE('',(#6895),#6906,.F.);
#6895 = FACE_BOUND('',#6896,.F.);
#6896 = EDGE_LOOP('',(#6897,#6898,#6904,#6905));
#6897 = ORIENTED_EDGE('',*,*,#6801,.F.);
#6898 = ORIENTED_EDGE('',*,*,#6899,.F.);
#6899 = EDGE_CURVE('',#6730,#6802,#6900,.T.);
#6900 = LINE('',#6901,#6902);
#6901 = CARTESIAN_POINT('',(870.9,162.,8.));
#6902 = VECTOR('',#6903,1.);
#6903 = DIRECTION('',(0.,0.,1.));
#6904 = ORIENTED_EDGE('',*,*,#6729,.T.);
#6905 = ORIENTED_EDGE('',*,*,#6899,.T.);
#6906 = CYLINDRICAL_SURFACE('',#6907,2.5);
#6907 = AXIS2_PLACEMENT_3D('',#6908,#6909,#6910);
#6908 = CARTESIAN_POINT('',(868.4,162.,8.));
#6909 = DIRECTION('',(0.,0.,1.));
#6910 = DIRECTION('',(1.,0.,-0.));
#6911 = ( GEOMETRIC_REPRESENTATION_CONTEXT(3) 
GLOBAL_UNCERTAINTY_ASSIGNED_CONTEXT((#6915)) 
GLOBAL_UNIT_ASSIGNED_CONTEXT((#6912,#6913,#6914)) REPRESENTATION_CONTEXT
('Context #1','3D Context with UNIT and UNCERTAINTY') );
#6912 = ( LENGTH_UNIT() NAMED_UNIT(*) SI_UNIT(.MILLI.,.METRE.) );
#6913 = ( NAMED_UNIT(*) PLANE_ANGLE_UNIT() SI_UNIT($,.RADIAN.) );
#6914 = ( NAMED_UNIT(*) SI_UNIT($,.STERADIAN.) SOLID_ANGLE_UNIT() );
#6915 = UNCERTAINTY_MEASURE_WITH_UNIT(LENGTH_MEASURE(1.E-07),#6912,
  'distance_accuracy_value','confusion accuracy');
#6916 = CONTEXT_DEPENDENT_SHAPE_REPRESENTATION(#6917,#6919);
#6917 = ( REPRESENTATION_RELATIONSHIP('','',#6565,#10) 
REPRESENTATION_RELATIONSHIP_WITH_TRANSFORMATION(#6918) 
SHAPE_REPRESENTATION_RELATIONSHIP() );
#6918 = ITEM_DEFINED_TRANSFORMATION('','',#11,#47);
#6919 = PRODUCT_DEFINITION_SHAPE('Placement','Placement of an item',
  #6920);
#6920 = NEXT_ASSEMBLY_USAGE_OCCURRENCE('9','Keybed riser001','',#5,#6560
  ,$);
#6921 = PRODUCT_RELATED_PRODUCT_CATEGORY('part',$,(#6562));
#6922 = SHAPE_DEFINITION_REPRESENTATION(#6923,#6929);
#6923 = PRODUCT_DEFINITION_SHAPE('','',#6924);
#6924 = PRODUCT_DEFINITION('design','',#6925,#6928);
#6925 = PRODUCT_DEFINITION_FORMATION('','',#6926);
#6926 = PRODUCT('Strip behind the keys','Strip behind the keys','',(
    #6927));
#6927 = PRODUCT_CONTEXT('',#2,'mechanical');
#6928 = PRODUCT_DEFINITION_CONTEXT('part definition',#2,'design');
#6929 = ADVANCED_BREP_SHAPE_REPRESENTATION('',(#11,#6930),#7464);
#6930 = MANIFOLD_SOLID_BREP('',#6931);
#6931 = CLOSED_SHELL('',(#6932,#6972,#7003,#7034,#7117,#7200,#7212,#7237
    ,#7262,#7287,#7312,#7337,#7362,#7379,#7396,#7413,#7430,#7447));
#6932 = ADVANCED_FACE('',(#6933),#6967,.F.);
#6933 = FACE_BOUND('',#6934,.F.);
#6934 = EDGE_LOOP('',(#6935,#6945,#6953,#6961));
#6935 = ORIENTED_EDGE('',*,*,#6936,.T.);
#6936 = EDGE_CURVE('',#6937,#6939,#6941,.T.);
#6937 = VERTEX_POINT('',#6938);
#6938 = CARTESIAN_POINT('',(198.,161.5,73.));
#6939 = VERTEX_POINT('',#6940);
#6940 = CARTESIAN_POINT('',(198.,161.5,82.));
#6941 = LINE('',#6942,#6943);
#6942 = CARTESIAN_POINT('',(198.,161.5,73.));
#6943 = VECTOR('',#6944,1.);
#6944 = DIRECTION('',(0.,0.,1.));
#6945 = ORIENTED_EDGE('',*,*,#6946,.T.);
#6946 = EDGE_CURVE('',#6939,#6947,#6949,.T.);
#6947 = VERTEX_POINT('',#6948);
#6948 = CARTESIAN_POINT('',(887.,161.5,82.));
#6949 = LINE('',#6950,#6951);
#6950 = CARTESIAN_POINT('',(198.,161.5,82.));
#6951 = VECTOR('',#6952,1.);
#6952 = DIRECTION('',(1.,0.,0.));
#6953 = ORIENTED_EDGE('',*,*,#6954,.F.);
#6954 = EDGE_CURVE('',#6955,#6947,#6957,.T.);
#6955 = VERTEX_POINT('',#6956);
#6956 = CARTESIAN_POINT('',(887.,161.5,73.));
#6957 = LINE('',#6958,#6959);
#6958 = CARTESIAN_POINT('',(887.,161.5,73.));
#6959 = VECTOR('',#6960,1.);
#6960 = DIRECTION('',(0.,0.,1.));
#6961 = ORIENTED_EDGE('',*,*,#6962,.F.);
#6962 = EDGE_CURVE('',#6937,#6955,#6963,.T.);
#6963 = LINE('',#6964,#6965);
#6964 = CARTESIAN_POINT('',(198.,161.5,73.));
#6965 = VECTOR('',#6966,1.);
#6966 = DIRECTION('',(1.,0.,0.));
#6967 = PLANE('',#6968);
#6968 = AXIS2_PLACEMENT_3D('',#6969,#6970,#6971);
#6969 = CARTESIAN_POINT('',(198.,161.5,73.));
#6970 = DIRECTION('',(0.,1.,0.));
#6971 = DIRECTION('',(1.,0.,0.));
#6972 = ADVANCED_FACE('',(#6973),#6998,.F.);
#6973 = FACE_BOUND('',#6974,.F.);
#6974 = EDGE_LOOP('',(#6975,#6985,#6991,#6992));
#6975 = ORIENTED_EDGE('',*,*,#6976,.T.);
#6976 = EDGE_CURVE('',#6977,#6979,#6981,.T.);
#6977 = VERTEX_POINT('',#6978);
#6978 = CARTESIAN_POINT('',(198.,298.,73.));
#6979 = VERTEX_POINT('',#6980);
#6980 = CARTESIAN_POINT('',(198.,298.,82.));
#6981 = LINE('',#6982,#6983);
#6982 = CARTESIAN_POINT('',(198.,298.,73.));
#6983 = VECTOR('',#6984,1.);
#6984 = DIRECTION('',(0.,0.,1.));
#6985 = ORIENTED_EDGE('',*,*,#6986,.T.);
#6986 = EDGE_CURVE('',#6979,#6939,#6987,.T.);
#6987 = LINE('',#6988,#6989);
#6988 = CARTESIAN_POINT('',(198.,298.,82.));
#6989 = VECTOR('',#6990,1.);
#6990 = DIRECTION('',(0.,-1.,0.));
#6991 = ORIENTED_EDGE('',*,*,#6936,.F.);
#6992 = ORIENTED_EDGE('',*,*,#6993,.F.);
#6993 = EDGE_CURVE('',#6977,#6937,#6994,.T.);
#6994 = LINE('',#6995,#6996);
#6995 = CARTESIAN_POINT('',(198.,298.,73.));
#6996 = VECTOR('',#6997,1.);
#6997 = DIRECTION('',(0.,-1.,0.));
#6998 = PLANE('',#6999);
#6999 = AXIS2_PLACEMENT_3D('',#7000,#7001,#7002);
#7000 = CARTESIAN_POINT('',(198.,298.,73.));
#7001 = DIRECTION('',(1.,0.,-0.));
#7002 = DIRECTION('',(0.,-1.,0.));
#7003 = ADVANCED_FACE('',(#7004),#7029,.F.);
#7004 = FACE_BOUND('',#7005,.F.);
#7005 = EDGE_LOOP('',(#7006,#7007,#7015,#7023));
#7006 = ORIENTED_EDGE('',*,*,#6954,.T.);
#7007 = ORIENTED_EDGE('',*,*,#7008,.T.);
#7008 = EDGE_CURVE('',#6947,#7009,#7011,.T.);
#7009 = VERTEX_POINT('',#7010);
#7010 = CARTESIAN_POINT('',(887.,298.,82.));
#7011 = LINE('',#7012,#7013);
#7012 = CARTESIAN_POINT('',(887.,161.5,82.));
#7013 = VECTOR('',#7014,1.);
#7014 = DIRECTION('',(0.,1.,0.));
#7015 = ORIENTED_EDGE('',*,*,#7016,.F.);
#7016 = EDGE_CURVE('',#7017,#7009,#7019,.T.);
#7017 = VERTEX_POINT('',#7018);
#7018 = CARTESIAN_POINT('',(887.,298.,73.));
#7019 = LINE('',#7020,#7021);
#7020 = CARTESIAN_POINT('',(887.,298.,73.));
#7021 = VECTOR('',#7022,1.);
#7022 = DIRECTION('',(0.,0.,1.));
#7023 = ORIENTED_EDGE('',*,*,#7024,.F.);
#7024 = EDGE_CURVE('',#6955,#7017,#7025,.T.);
#7025 = LINE('',#7026,#7027);
#7026 = CARTESIAN_POINT('',(887.,161.5,73.));
#7027 = VECTOR('',#7028,1.);
#7028 = DIRECTION('',(0.,1.,0.));
#7029 = PLANE('',#7030);
#7030 = AXIS2_PLACEMENT_3D('',#7031,#7032,#7033);
#7031 = CARTESIAN_POINT('',(887.,161.5,73.));
#7032 = DIRECTION('',(-1.,0.,0.));
#7033 = DIRECTION('',(0.,1.,0.));
#7034 = ADVANCED_FACE('',(#7035,#7046,#7057,#7068,#7079,#7090,#7101),
  #7112,.F.);
#7035 = FACE_BOUND('',#7036,.F.);
#7036 = EDGE_LOOP('',(#7037,#7038,#7039,#7045));
#7037 = ORIENTED_EDGE('',*,*,#6962,.T.);
#7038 = ORIENTED_EDGE('',*,*,#7024,.T.);
#7039 = ORIENTED_EDGE('',*,*,#7040,.T.);
#7040 = EDGE_CURVE('',#7017,#6977,#7041,.T.);
#7041 = LINE('',#7042,#7043);
#7042 = CARTESIAN_POINT('',(887.,298.,73.));
#7043 = VECTOR('',#7044,1.);
#7044 = DIRECTION('',(-1.,0.,0.));
#7045 = ORIENTED_EDGE('',*,*,#6993,.T.);
#7046 = FACE_BOUND('',#7047,.F.);
#7047 = EDGE_LOOP('',(#7048));
#7048 = ORIENTED_EDGE('',*,*,#7049,.F.);
#7049 = EDGE_CURVE('',#7050,#7050,#7052,.T.);
#7050 = VERTEX_POINT('',#7051);
#7051 = CARTESIAN_POINT('',(207.5,195.,73.));
#7052 = CIRCLE('',#7053,2.);
#7053 = AXIS2_PLACEMENT_3D('',#7054,#7055,#7056);
#7054 = CARTESIAN_POINT('',(205.5,195.,73.));
#7055 = DIRECTION('',(0.,0.,1.));
#7056 = DIRECTION('',(1.,0.,-0.));
#7057 = FACE_BOUND('',#7058,.F.);
#7058 = EDGE_LOOP('',(#7059));
#7059 = ORIENTED_EDGE('',*,*,#7060,.F.);
#7060 = EDGE_CURVE('',#7061,#7061,#7063,.T.);
#7061 = VERTEX_POINT('',#7062);
#7062 = CARTESIAN_POINT('',(881.5,195.,73.));
#7063 = CIRCLE('',#7064,2.);
#7064 = AXIS2_PLACEMENT_3D('',#7065,#7066,#7067);
#7065 = CARTESIAN_POINT('',(879.5,195.,73.));
#7066 = DIRECTION('',(0.,0.,1.));
#7067 = DIRECTION('',(1.,0.,-0.));
#7068 = FACE_BOUND('',#7069,.F.);
#7069 = EDGE_LOOP('',(#7070));
#7070 = ORIENTED_EDGE('',*,*,#7071,.F.);
#7071 = EDGE_CURVE('',#7072,#7072,#7074,.T.);
#7072 = VERTEX_POINT('',#7073);
#7073 = CARTESIAN_POINT('',(207.5,235.,73.));
#7074 = CIRCLE('',#7075,2.);
#7075 = AXIS2_PLACEMENT_3D('',#7076,#7077,#7078);
#7076 = CARTESIAN_POINT('',(205.5,235.,73.));
#7077 = DIRECTION('',(0.,0.,1.));
#7078 = DIRECTION('',(1.,0.,-0.));
#7079 = FACE_BOUND('',#7080,.F.);
#7080 = EDGE_LOOP('',(#7081));
#7081 = ORIENTED_EDGE('',*,*,#7082,.F.);
#7082 = EDGE_CURVE('',#7083,#7083,#7085,.T.);
#7083 = VERTEX_POINT('',#7084);
#7084 = CARTESIAN_POINT('',(207.5,275.,73.));
#7085 = CIRCLE('',#7086,2.);
#7086 = AXIS2_PLACEMENT_3D('',#7087,#7088,#7089);
#7087 = CARTESIAN_POINT('',(205.5,275.,73.));
#7088 = DIRECTION('',(0.,0.,1.));
#7089 = DIRECTION('',(1.,0.,-0.));
#7090 = FACE_BOUND('',#7091,.F.);
#7091 = EDGE_LOOP('',(#7092));
#7092 = ORIENTED_EDGE('',*,*,#7093,.F.);
#7093 = EDGE_CURVE('',#7094,#7094,#7096,.T.);
#7094 = VERTEX_POINT('',#7095);
#7095 = CARTESIAN_POINT('',(881.5,235.,73.));
#7096 = CIRCLE('',#7097,2.);
#7097 = AXIS2_PLACEMENT_3D('',#7098,#7099,#7100);
#7098 = CARTESIAN_POINT('',(879.5,235.,73.));
#7099 = DIRECTION('',(0.,0.,1.));
#7100 = DIRECTION('',(1.,0.,-0.));
#7101 = FACE_BOUND('',#7102,.F.);
#7102 = EDGE_LOOP('',(#7103));
#7103 = ORIENTED_EDGE('',*,*,#7104,.F.);
#7104 = EDGE_CURVE('',#7105,#7105,#7107,.T.);
#7105 = VERTEX_POINT('',#7106);
#7106 = CARTESIAN_POINT('',(881.5,275.,73.));
#7107 = CIRCLE('',#7108,2.);
#7108 = AXIS2_PLACEMENT_3D('',#7109,#7110,#7111);
#7109 = CARTESIAN_POINT('',(879.5,275.,73.));
#7110 = DIRECTION('',(0.,0.,1.));
#7111 = DIRECTION('',(1.,0.,-0.));
#7112 = PLANE('',#7113);
#7113 = AXIS2_PLACEMENT_3D('',#7114,#7115,#7116);
#7114 = CARTESIAN_POINT('',(542.5,229.75,73.));
#7115 = DIRECTION('',(0.,0.,1.));
#7116 = DIRECTION('',(1.,0.,-0.));
#7117 = ADVANCED_FACE('',(#7118,#7129,#7140,#7151,#7162,#7173,#7184),
  #7195,.T.);
#7118 = FACE_BOUND('',#7119,.T.);
#7119 = EDGE_LOOP('',(#7120,#7121,#7122,#7128));
#7120 = ORIENTED_EDGE('',*,*,#6946,.T.);
#7121 = ORIENTED_EDGE('',*,*,#7008,.T.);
#7122 = ORIENTED_EDGE('',*,*,#7123,.T.);
#7123 = EDGE_CURVE('',#7009,#6979,#7124,.T.);
#7124 = LINE('',#7125,#7126);
#7125 = CARTESIAN_POINT('',(887.,298.,82.));
#7126 = VECTOR('',#7127,1.);
#7127 = DIRECTION('',(-1.,0.,0.));
#7128 = ORIENTED_EDGE('',*,*,#6986,.T.);
#7129 = FACE_BOUND('',#7130,.T.);
#7130 = EDGE_LOOP('',(#7131));
#7131 = ORIENTED_EDGE('',*,*,#7132,.F.);
#7132 = EDGE_CURVE('',#7133,#7133,#7135,.T.);
#7133 = VERTEX_POINT('',#7134);
#7134 = CARTESIAN_POINT('',(209.5,195.,82.));
#7135 = CIRCLE('',#7136,4.);
#7136 = AXIS2_PLACEMENT_3D('',#7137,#7138,#7139);
#7137 = CARTESIAN_POINT('',(205.5,195.,82.));
#7138 = DIRECTION('',(0.,0.,1.));
#7139 = DIRECTION('',(1.,0.,-0.));
#7140 = FACE_BOUND('',#7141,.T.);
#7141 = EDGE_LOOP('',(#7142));
#7142 = ORIENTED_EDGE('',*,*,#7143,.F.);
#7143 = EDGE_CURVE('',#7144,#7144,#7146,.T.);
#7144 = VERTEX_POINT('',#7145);
#7145 = CARTESIAN_POINT('',(883.5,195.,82.));
#7146 = CIRCLE('',#7147,4.);
#7147 = AXIS2_PLACEMENT_3D('',#7148,#7149,#7150);
#7148 = CARTESIAN_POINT('',(879.5,195.,82.));
#7149 = DIRECTION('',(0.,0.,1.));
#7150 = DIRECTION('',(1.,0.,-0.));
#7151 = FACE_BOUND('',#7152,.T.);
#7152 = EDGE_LOOP('',(#7153));
#7153 = ORIENTED_EDGE('',*,*,#7154,.F.);
#7154 = EDGE_CURVE('',#7155,#7155,#7157,.T.);
#7155 = VERTEX_POINT('',#7156);
#7156 = CARTESIAN_POINT('',(209.5,235.,82.));
#7157 = CIRCLE('',#7158,4.);
#7158 = AXIS2_PLACEMENT_3D('',#7159,#7160,#7161);
#7159 = CARTESIAN_POINT('',(205.5,235.,82.));
#7160 = DIRECTION('',(0.,0.,1.));
#7161 = DIRECTION('',(1.,0.,-0.));
#7162 = FACE_BOUND('',#7163,.T.);
#7163 = EDGE_LOOP('',(#7164));
#7164 = ORIENTED_EDGE('',*,*,#7165,.F.);
#7165 = EDGE_CURVE('',#7166,#7166,#7168,.T.);
#7166 = VERTEX_POINT('',#7167);
#7167 = CARTESIAN_POINT('',(209.5,275.,82.));
#7168 = CIRCLE('',#7169,4.);
#7169 = AXIS2_PLACEMENT_3D('',#7170,#7171,#7172);
#7170 = CARTESIAN_POINT('',(205.5,275.,82.));
#7171 = DIRECTION('',(0.,0.,1.));
#7172 = DIRECTION('',(1.,0.,-0.));
#7173 = FACE_BOUND('',#7174,.T.);
#7174 = EDGE_LOOP('',(#7175));
#7175 = ORIENTED_EDGE('',*,*,#7176,.F.);
#7176 = EDGE_CURVE('',#7177,#7177,#7179,.T.);
#7177 = VERTEX_POINT('',#7178);
#7178 = CARTESIAN_POINT('',(883.5,235.,82.));
#7179 = CIRCLE('',#7180,4.);
#7180 = AXIS2_PLACEMENT_3D('',#7181,#7182,#7183);
#7181 = CARTESIAN_POINT('',(879.5,235.,82.));
#7182 = DIRECTION('',(0.,0.,1.));
#7183 = DIRECTION('',(1.,0.,-0.));
#7184 = FACE_BOUND('',#7185,.T.);
#7185 = EDGE_LOOP('',(#7186));
#7186 = ORIENTED_EDGE('',*,*,#7187,.F.);
#7187 = EDGE_CURVE('',#7188,#7188,#7190,.T.);
#7188 = VERTEX_POINT('',#7189);
#7189 = CARTESIAN_POINT('',(883.5,275.,82.));
#7190 = CIRCLE('',#7191,4.);
#7191 = AXIS2_PLACEMENT_3D('',#7192,#7193,#7194);
#7192 = CARTESIAN_POINT('',(879.5,275.,82.));
#7193 = DIRECTION('',(0.,0.,1.));
#7194 = DIRECTION('',(1.,0.,-0.));
#7195 = PLANE('',#7196);
#7196 = AXIS2_PLACEMENT_3D('',#7197,#7198,#7199);
#7197 = CARTESIAN_POINT('',(542.5,229.75,82.));
#7198 = DIRECTION('',(0.,0.,1.));
#7199 = DIRECTION('',(1.,0.,-0.));
#7200 = ADVANCED_FACE('',(#7201),#7207,.F.);
#7201 = FACE_BOUND('',#7202,.F.);
#7202 = EDGE_LOOP('',(#7203,#7204,#7205,#7206));
#7203 = ORIENTED_EDGE('',*,*,#7016,.T.);
#7204 = ORIENTED_EDGE('',*,*,#7123,.T.);
#7205 = ORIENTED_EDGE('',*,*,#6976,.F.);
#7206 = ORIENTED_EDGE('',*,*,#7040,.F.);
#7207 = PLANE('',#7208);
#7208 = AXIS2_PLACEMENT_3D('',#7209,#7210,#7211);
#7209 = CARTESIAN_POINT('',(887.,298.,73.));
#7210 = DIRECTION('',(0.,-1.,0.));
#7211 = DIRECTION('',(-1.,0.,0.));
#7212 = ADVANCED_FACE('',(#7213),#7232,.F.);
#7213 = FACE_BOUND('',#7214,.F.);
#7214 = EDGE_LOOP('',(#7215,#7224,#7230,#7231));
#7215 = ORIENTED_EDGE('',*,*,#7216,.F.);
#7216 = EDGE_CURVE('',#7217,#7217,#7219,.T.);
#7217 = VERTEX_POINT('',#7218);
#7218 = CARTESIAN_POINT('',(207.5,195.,80.));
#7219 = CIRCLE('',#7220,2.);
#7220 = AXIS2_PLACEMENT_3D('',#7221,#7222,#7223);
#7221 = CARTESIAN_POINT('',(205.5,195.,80.));
#7222 = DIRECTION('',(0.,0.,1.));
#7223 = DIRECTION('',(1.,0.,-0.));
#7224 = ORIENTED_EDGE('',*,*,#7225,.F.);
#7225 = EDGE_CURVE('',#7050,#7217,#7226,.T.);
#7226 = LINE('',#7227,#7228);
#7227 = CARTESIAN_POINT('',(207.5,195.,72.));
#7228 = VECTOR('',#7229,1.);
#7229 = DIRECTION('',(0.,0.,1.));
#7230 = ORIENTED_EDGE('',*,*,#7049,.T.);
#7231 = ORIENTED_EDGE('',*,*,#7225,.T.);
#7232 = CYLINDRICAL_SURFACE('',#7233,2.);
#7233 = AXIS2_PLACEMENT_3D('',#7234,#7235,#7236);
#7234 = CARTESIAN_POINT('',(205.5,195.,72.));
#7235 = DIRECTION('',(0.,0.,1.));
#7236 = DIRECTION('',(1.,0.,-0.));
#7237 = ADVANCED_FACE('',(#7238),#7257,.F.);
#7238 = FACE_BOUND('',#7239,.F.);
#7239 = EDGE_LOOP('',(#7240,#7249,#7255,#7256));
#7240 = ORIENTED_EDGE('',*,*,#7241,.F.);
#7241 = EDGE_CURVE('',#7242,#7242,#7244,.T.);
#7242 = VERTEX_POINT('',#7243);
#7243 = CARTESIAN_POINT('',(881.5,195.,80.));
#7244 = CIRCLE('',#7245,2.);
#7245 = AXIS2_PLACEMENT_3D('',#7246,#7247,#7248);
#7246 = CARTESIAN_POINT('',(879.5,195.,80.));
#7247 = DIRECTION('',(0.,0.,1.));
#7248 = DIRECTION('',(1.,0.,-0.));
#7249 = ORIENTED_EDGE('',*,*,#7250,.F.);
#7250 = EDGE_CURVE('',#7061,#7242,#7251,.T.);
#7251 = LINE('',#7252,#7253);
#7252 = CARTESIAN_POINT('',(881.5,195.,72.));
#7253 = VECTOR('',#7254,1.);
#7254 = DIRECTION('',(0.,0.,1.));
#7255 = ORIENTED_EDGE('',*,*,#7060,.T.);
#7256 = ORIENTED_EDGE('',*,*,#7250,.T.);
#7257 = CYLINDRICAL_SURFACE('',#7258,2.);
#7258 = AXIS2_PLACEMENT_3D('',#7259,#7260,#7261);
#7259 = CARTESIAN_POINT('',(879.5,195.,72.));
#7260 = DIRECTION('',(0.,0.,1.));
#7261 = DIRECTION('',(1.,0.,-0.));
#7262 = ADVANCED_FACE('',(#7263),#7282,.F.);
#7263 = FACE_BOUND('',#7264,.F.);
#7264 = EDGE_LOOP('',(#7265,#7274,#7280,#7281));
#7265 = ORIENTED_EDGE('',*,*,#7266,.F.);
#7266 = EDGE_CURVE('',#7267,#7267,#7269,.T.);
#7267 = VERTEX_POINT('',#7268);
#7268 = CARTESIAN_POINT('',(207.5,235.,80.));
#7269 = CIRCLE('',#7270,2.);
#7270 = AXIS2_PLACEMENT_3D('',#7271,#7272,#7273);
#7271 = CARTESIAN_POINT('',(205.5,235.,80.));
#7272 = DIRECTION('',(0.,0.,1.));
#7273 = DIRECTION('',(1.,0.,-0.));
#7274 = ORIENTED_EDGE('',*,*,#7275,.F.);
#7275 = EDGE_CURVE('',#7072,#7267,#7276,.T.);
#7276 = LINE('',#7277,#7278);
#7277 = CARTESIAN_POINT('',(207.5,235.,72.));
#7278 = VECTOR('',#7279,1.);
#7279 = DIRECTION('',(0.,0.,1.));
#7280 = ORIENTED_EDGE('',*,*,#7071,.T.);
#7281 = ORIENTED_EDGE('',*,*,#7275,.T.);
#7282 = CYLINDRICAL_SURFACE('',#7283,2.);
#7283 = AXIS2_PLACEMENT_3D('',#7284,#7285,#7286);
#7284 = CARTESIAN_POINT('',(205.5,235.,72.));
#7285 = DIRECTION('',(0.,0.,1.));
#7286 = DIRECTION('',(1.,0.,-0.));
#7287 = ADVANCED_FACE('',(#7288),#7307,.F.);
#7288 = FACE_BOUND('',#7289,.F.);
#7289 = EDGE_LOOP('',(#7290,#7299,#7305,#7306));
#7290 = ORIENTED_EDGE('',*,*,#7291,.F.);
#7291 = EDGE_CURVE('',#7292,#7292,#7294,.T.);
#7292 = VERTEX_POINT('',#7293);
#7293 = CARTESIAN_POINT('',(207.5,275.,80.));
#7294 = CIRCLE('',#7295,2.);
#7295 = AXIS2_PLACEMENT_3D('',#7296,#7297,#7298);
#7296 = CARTESIAN_POINT('',(205.5,275.,80.));
#7297 = DIRECTION('',(0.,0.,1.));
#7298 = DIRECTION('',(1.,0.,-0.));
#7299 = ORIENTED_EDGE('',*,*,#7300,.F.);
#7300 = EDGE_CURVE('',#7083,#7292,#7301,.T.);
#7301 = LINE('',#7302,#7303);
#7302 = CARTESIAN_POINT('',(207.5,275.,72.));
#7303 = VECTOR('',#7304,1.);
#7304 = DIRECTION('',(0.,0.,1.));
#7305 = ORIENTED_EDGE('',*,*,#7082,.T.);
#7306 = ORIENTED_EDGE('',*,*,#7300,.T.);
#7307 = CYLINDRICAL_SURFACE('',#7308,2.);
#7308 = AXIS2_PLACEMENT_3D('',#7309,#7310,#7311);
#7309 = CARTESIAN_POINT('',(205.5,275.,72.));
#7310 = DIRECTION('',(0.,0.,1.));
#7311 = DIRECTION('',(1.,0.,-0.));
#7312 = ADVANCED_FACE('',(#7313),#7332,.F.);
#7313 = FACE_BOUND('',#7314,.F.);
#7314 = EDGE_LOOP('',(#7315,#7324,#7330,#7331));
#7315 = ORIENTED_EDGE('',*,*,#7316,.F.);
#7316 = EDGE_CURVE('',#7317,#7317,#7319,.T.);
#7317 = VERTEX_POINT('',#7318);
#7318 = CARTESIAN_POINT('',(881.5,235.,80.));
#7319 = CIRCLE('',#7320,2.);
#7320 = AXIS2_PLACEMENT_3D('',#7321,#7322,#7323);
#7321 = CARTESIAN_POINT('',(879.5,235.,80.));
#7322 = DIRECTION('',(0.,0.,1.));
#7323 = DIRECTION('',(1.,0.,-0.));
#7324 = ORIENTED_EDGE('',*,*,#7325,.F.);
#7325 = EDGE_CURVE('',#7094,#7317,#7326,.T.);
#7326 = LINE('',#7327,#7328);
#7327 = CARTESIAN_POINT('',(881.5,235.,72.));
#7328 = VECTOR('',#7329,1.);
#7329 = DIRECTION('',(0.,0.,1.));
#7330 = ORIENTED_EDGE('',*,*,#7093,.T.);
#7331 = ORIENTED_EDGE('',*,*,#7325,.T.);
#7332 = CYLINDRICAL_SURFACE('',#7333,2.);
#7333 = AXIS2_PLACEMENT_3D('',#7334,#7335,#7336);
#7334 = CARTESIAN_POINT('',(879.5,235.,72.));
#7335 = DIRECTION('',(0.,0.,1.));
#7336 = DIRECTION('',(1.,0.,-0.));
#7337 = ADVANCED_FACE('',(#7338),#7357,.F.);
#7338 = FACE_BOUND('',#7339,.F.);
#7339 = EDGE_LOOP('',(#7340,#7349,#7355,#7356));
#7340 = ORIENTED_EDGE('',*,*,#7341,.F.);
#7341 = EDGE_CURVE('',#7342,#7342,#7344,.T.);
#7342 = VERTEX_POINT('',#7343);
#7343 = CARTESIAN_POINT('',(881.5,275.,80.));
#7344 = CIRCLE('',#7345,2.);
#7345 = AXIS2_PLACEMENT_3D('',#7346,#7347,#7348);
#7346 = CARTESIAN_POINT('',(879.5,275.,80.));
#7347 = DIRECTION('',(0.,0.,1.));
#7348 = DIRECTION('',(1.,0.,-0.));
#7349 = ORIENTED_EDGE('',*,*,#7350,.F.);
#7350 = EDGE_CURVE('',#7105,#7342,#7351,.T.);
#7351 = LINE('',#7352,#7353);
#7352 = CARTESIAN_POINT('',(881.5,275.,72.));
#7353 = VECTOR('',#7354,1.);
#7354 = DIRECTION('',(0.,0.,1.));
#7355 = ORIENTED_EDGE('',*,*,#7104,.T.);
#7356 = ORIENTED_EDGE('',*,*,#7350,.T.);
#7357 = CYLINDRICAL_SURFACE('',#7358,2.);
#7358 = AXIS2_PLACEMENT_3D('',#7359,#7360,#7361);
#7359 = CARTESIAN_POINT('',(879.5,275.,72.));
#7360 = DIRECTION('',(0.,0.,1.));
#7361 = DIRECTION('',(1.,0.,-0.));
#7362 = ADVANCED_FACE('',(#7363),#7374,.F.);
#7363 = FACE_BOUND('',#7364,.F.);
#7364 = EDGE_LOOP('',(#7365,#7366,#7372,#7373));
#7365 = ORIENTED_EDGE('',*,*,#7132,.F.);
#7366 = ORIENTED_EDGE('',*,*,#7367,.F.);
#7367 = EDGE_CURVE('',#7217,#7133,#7368,.T.);
#7368 = LINE('',#7369,#7370);
#7369 = CARTESIAN_POINT('',(207.5,195.,80.));
#7370 = VECTOR('',#7371,1.);
#7371 = DIRECTION('',(0.707106781187,-1.731912112471E-16,0.707106781187)
  );
#7372 = ORIENTED_EDGE('',*,*,#7216,.T.);
#7373 = ORIENTED_EDGE('',*,*,#7367,.T.);
#7374 = CONICAL_SURFACE('',#7375,2.,0.785398163397);
#7375 = AXIS2_PLACEMENT_3D('',#7376,#7377,#7378);
#7376 = CARTESIAN_POINT('',(205.5,195.,80.));
#7377 = DIRECTION('',(0.,0.,1.));
#7378 = DIRECTION('',(1.,0.,-0.));
#7379 = ADVANCED_FACE('',(#7380),#7391,.F.);
#7380 = FACE_BOUND('',#7381,.F.);
#7381 = EDGE_LOOP('',(#7382,#7383,#7389,#7390));
#7382 = ORIENTED_EDGE('',*,*,#7143,.F.);
#7383 = ORIENTED_EDGE('',*,*,#7384,.F.);
#7384 = EDGE_CURVE('',#7242,#7144,#7385,.T.);
#7385 = LINE('',#7386,#7387);
#7386 = CARTESIAN_POINT('',(881.5,195.,80.));
#7387 = VECTOR('',#7388,1.);
#7388 = DIRECTION('',(0.707106781187,-1.731912112471E-16,0.707106781187)
  );
#7389 = ORIENTED_EDGE('',*,*,#7241,.T.);
#7390 = ORIENTED_EDGE('',*,*,#7384,.T.);
#7391 = CONICAL_SURFACE('',#7392,2.,0.785398163397);
#7392 = AXIS2_PLACEMENT_3D('',#7393,#7394,#7395);
#7393 = CARTESIAN_POINT('',(879.5,195.,80.));
#7394 = DIRECTION('',(0.,0.,1.));
#7395 = DIRECTION('',(1.,0.,-0.));
#7396 = ADVANCED_FACE('',(#7397),#7408,.F.);
#7397 = FACE_BOUND('',#7398,.F.);
#7398 = EDGE_LOOP('',(#7399,#7400,#7406,#7407));
#7399 = ORIENTED_EDGE('',*,*,#7154,.F.);
#7400 = ORIENTED_EDGE('',*,*,#7401,.F.);
#7401 = EDGE_CURVE('',#7267,#7155,#7402,.T.);
#7402 = LINE('',#7403,#7404);
#7403 = CARTESIAN_POINT('',(207.5,235.,80.));
#7404 = VECTOR('',#7405,1.);
#7405 = DIRECTION('',(0.707106781187,-1.731912112471E-16,0.707106781187)
  );
#7406 = ORIENTED_EDGE('',*,*,#7266,.T.);
#7407 = ORIENTED_EDGE('',*,*,#7401,.T.);
#7408 = CONICAL_SURFACE('',#7409,2.,0.785398163397);
#7409 = AXIS2_PLACEMENT_3D('',#7410,#7411,#7412);
#7410 = CARTESIAN_POINT('',(205.5,235.,80.));
#7411 = DIRECTION('',(0.,0.,1.));
#7412 = DIRECTION('',(1.,0.,-0.));
#7413 = ADVANCED_FACE('',(#7414),#7425,.F.);
#7414 = FACE_BOUND('',#7415,.F.);
#7415 = EDGE_LOOP('',(#7416,#7417,#7423,#7424));
#7416 = ORIENTED_EDGE('',*,*,#7165,.F.);
#7417 = ORIENTED_EDGE('',*,*,#7418,.F.);
#7418 = EDGE_CURVE('',#7292,#7166,#7419,.T.);
#7419 = LINE('',#7420,#7421);
#7420 = CARTESIAN_POINT('',(207.5,275.,80.));
#7421 = VECTOR('',#7422,1.);
#7422 = DIRECTION('',(0.707106781187,-1.731912112471E-16,0.707106781187)
  );
#7423 = ORIENTED_EDGE('',*,*,#7291,.T.);
#7424 = ORIENTED_EDGE('',*,*,#7418,.T.);
#7425 = CONICAL_SURFACE('',#7426,2.,0.785398163397);
#7426 = AXIS2_PLACEMENT_3D('',#7427,#7428,#7429);
#7427 = CARTESIAN_POINT('',(205.5,275.,80.));
#7428 = DIRECTION('',(0.,0.,1.));
#7429 = DIRECTION('',(1.,0.,-0.));
#7430 = ADVANCED_FACE('',(#7431),#7442,.F.);
#7431 = FACE_BOUND('',#7432,.F.);
#7432 = EDGE_LOOP('',(#7433,#7434,#7440,#7441));
#7433 = ORIENTED_EDGE('',*,*,#7176,.F.);
#7434 = ORIENTED_EDGE('',*,*,#7435,.F.);
#7435 = EDGE_CURVE('',#7317,#7177,#7436,.T.);
#7436 = LINE('',#7437,#7438);
#7437 = CARTESIAN_POINT('',(881.5,235.,80.));
#7438 = VECTOR('',#7439,1.);
#7439 = DIRECTION('',(0.707106781187,-1.731912112471E-16,0.707106781187)
  );
#7440 = ORIENTED_EDGE('',*,*,#7316,.T.);
#7441 = ORIENTED_EDGE('',*,*,#7435,.T.);
#7442 = CONICAL_SURFACE('',#7443,2.,0.785398163397);
#7443 = AXIS2_PLACEMENT_3D('',#7444,#7445,#7446);
#7444 = CARTESIAN_POINT('',(879.5,235.,80.));
#7445 = DIRECTION('',(0.,0.,1.));
#7446 = DIRECTION('',(1.,0.,-0.));
#7447 = ADVANCED_FACE('',(#7448),#7459,.F.);
#7448 = FACE_BOUND('',#7449,.F.);
#7449 = EDGE_LOOP('',(#7450,#7451,#7457,#7458));
#7450 = ORIENTED_EDGE('',*,*,#7187,.F.);
#7451 = ORIENTED_EDGE('',*,*,#7452,.F.);
#7452 = EDGE_CURVE('',#7342,#7188,#7453,.T.);
#7453 = LINE('',#7454,#7455);
#7454 = CARTESIAN_POINT('',(881.5,275.,80.));
#7455 = VECTOR('',#7456,1.);
#7456 = DIRECTION('',(0.707106781187,-1.731912112471E-16,0.707106781187)
  );
#7457 = ORIENTED_EDGE('',*,*,#7341,.T.);
#7458 = ORIENTED_EDGE('',*,*,#7452,.T.);
#7459 = CONICAL_SURFACE('',#7460,2.,0.785398163397);
#7460 = AXIS2_PLACEMENT_3D('',#7461,#7462,#7463);
#7461 = CARTESIAN_POINT('',(879.5,275.,80.));
#7462 = DIRECTION('',(0.,0.,1.));
#7463 = DIRECTION('',(1.,0.,-0.));
#7464 = ( GEOMETRIC_REPRESENTATION_CONTEXT(3) 
GLOBAL_UNCERTAINTY_ASSIGNED_CONTEXT((#7468)) 
GLOBAL_UNIT_ASSIGNED_CONTEXT((#7465,#7466,#7467)) REPRESENTATION_CONTEXT
('Context #1','3D Context with UNIT and UNCERTAINTY') );
#7465 = ( LENGTH_UNIT() NAMED_UNIT(*) SI_UNIT(.MILLI.,.METRE.) );
#7466 = ( NAMED_UNIT(*) PLANE_ANGLE_UNIT() SI_UNIT($,.RADIAN.) );
#7467 = ( NAMED_UNIT(*) SI_UNIT($,.STERADIAN.) SOLID_ANGLE_UNIT() );
#7468 = UNCERTAINTY_MEASURE_WITH_UNIT(LENGTH_MEASURE(1.E-07),#7465,
  'distance_accuracy_value','confusion accuracy');
#7469 = CONTEXT_DEPENDENT_SHAPE_REPRESENTATION(#7470,#7472);
#7470 = ( REPRESENTATION_RELATIONSHIP('','',#6929,#10) 
REPRESENTATION_RELATIONSHIP_WITH_TRANSFORMATION(#7471) 
SHAPE_REPRESENTATION_RELATIONSHIP() );
#7471 = ITEM_DEFINED_TRANSFORMATION('','',#11,#51);
#7472 = PRODUCT_DEFINITION_SHAPE('Placement','Placement of an item',
  #7473);
#7473 = NEXT_ASSEMBLY_USAGE_OCCURRENCE('10','Strip behind the keys','',
  #5,#6924,$);
#7474 = PRODUCT_RELATED_PRODUCT_CATEGORY('part',$,(#6926));
#7475 = SHAPE_DEFINITION_REPRESENTATION(#7476,#7482);
#7476 = PRODUCT_DEFINITION_SHAPE('','',#7477);
#7477 = PRODUCT_DEFINITION('design','',#7478,#7481);
#7478 = PRODUCT_DEFINITION_FORMATION('','',#7479);
#7479 = PRODUCT('Apron under the strip','Apron under the strip','',(
    #7480));
#7480 = PRODUCT_CONTEXT('',#2,'mechanical');
#7481 = PRODUCT_DEFINITION_CONTEXT('part definition',#2,'design');
#7482 = ADVANCED_BREP_SHAPE_REPRESENTATION('',(#11,#7483),#7633);
#7483 = MANIFOLD_SOLID_BREP('',#7484);
#7484 = CLOSED_SHELL('',(#7485,#7525,#7556,#7587,#7609,#7621));
#7485 = ADVANCED_FACE('',(#7486),#7520,.F.);
#7486 = FACE_BOUND('',#7487,.F.);
#7487 = EDGE_LOOP('',(#7488,#7498,#7506,#7514));
#7488 = ORIENTED_EDGE('',*,*,#7489,.T.);
#7489 = EDGE_CURVE('',#7490,#7492,#7494,.T.);
#7490 = VERTEX_POINT('',#7491);
#7491 = CARTESIAN_POINT('',(198.,298.,49.));
#7492 = VERTEX_POINT('',#7493);
#7493 = CARTESIAN_POINT('',(198.,289.,49.));
#7494 = LINE('',#7495,#7496);
#7495 = CARTESIAN_POINT('',(198.,298.,49.));
#7496 = VECTOR('',#7497,1.);
#7497 = DIRECTION('',(0.,-1.,0.));
#7498 = ORIENTED_EDGE('',*,*,#7499,.T.);
#7499 = EDGE_CURVE('',#7492,#7500,#7502,.T.);
#7500 = VERTEX_POINT('',#7501);
#7501 = CARTESIAN_POINT('',(887.,289.,49.));
#7502 = LINE('',#7503,#7504);
#7503 = CARTESIAN_POINT('',(198.,289.,49.));
#7504 = VECTOR('',#7505,1.);
#7505 = DIRECTION('',(1.,0.,0.));
#7506 = ORIENTED_EDGE('',*,*,#7507,.F.);
#7507 = EDGE_CURVE('',#7508,#7500,#7510,.T.);
#7508 = VERTEX_POINT('',#7509);
#7509 = CARTESIAN_POINT('',(887.,298.,49.));
#7510 = LINE('',#7511,#7512);
#7511 = CARTESIAN_POINT('',(887.,298.,49.));
#7512 = VECTOR('',#7513,1.);
#7513 = DIRECTION('',(0.,-1.,0.));
#7514 = ORIENTED_EDGE('',*,*,#7515,.F.);
#7515 = EDGE_CURVE('',#7490,#7508,#7516,.T.);
#7516 = LINE('',#7517,#7518);
#7517 = CARTESIAN_POINT('',(198.,298.,49.));
#7518 = VECTOR('',#7519,1.);
#7519 = DIRECTION('',(1.,0.,0.));
#7520 = PLANE('',#7521);
#7521 = AXIS2_PLACEMENT_3D('',#7522,#7523,#7524);
#7522 = CARTESIAN_POINT('',(198.,298.,49.));
#7523 = DIRECTION('',(-0.,0.,1.));
#7524 = DIRECTION('',(1.,0.,0.));
#7525 = ADVANCED_FACE('',(#7526),#7551,.F.);
#7526 = FACE_BOUND('',#7527,.F.);
#7527 = EDGE_LOOP('',(#7528,#7529,#7537,#7545));
#7528 = ORIENTED_EDGE('',*,*,#7507,.T.);
#7529 = ORIENTED_EDGE('',*,*,#7530,.T.);
#7530 = EDGE_CURVE('',#7500,#7531,#7533,.T.);
#7531 = VERTEX_POINT('',#7532);
#7532 = CARTESIAN_POINT('',(887.,289.,73.));
#7533 = LINE('',#7534,#7535);
#7534 = CARTESIAN_POINT('',(887.,289.,49.));
#7535 = VECTOR('',#7536,1.);
#7536 = DIRECTION('',(0.,0.,1.));
#7537 = ORIENTED_EDGE('',*,*,#7538,.F.);
#7538 = EDGE_CURVE('',#7539,#7531,#7541,.T.);
#7539 = VERTEX_POINT('',#7540);
#7540 = CARTESIAN_POINT('',(887.,298.,73.));
#7541 = LINE('',#7542,#7543);
#7542 = CARTESIAN_POINT('',(887.,298.,73.));
#7543 = VECTOR('',#7544,1.);
#7544 = DIRECTION('',(0.,-1.,0.));
#7545 = ORIENTED_EDGE('',*,*,#7546,.F.);
#7546 = EDGE_CURVE('',#7508,#7539,#7547,.T.);
#7547 = LINE('',#7548,#7549);
#7548 = CARTESIAN_POINT('',(887.,298.,49.));
#7549 = VECTOR('',#7550,1.);
#7550 = DIRECTION('',(0.,0.,1.));
#7551 = PLANE('',#7552);
#7552 = AXIS2_PLACEMENT_3D('',#7553,#7554,#7555);
#7553 = CARTESIAN_POINT('',(887.,298.,49.));
#7554 = DIRECTION('',(-1.,0.,0.));
#7555 = DIRECTION('',(0.,0.,1.));
#7556 = ADVANCED_FACE('',(#7557),#7582,.F.);
#7557 = FACE_BOUND('',#7558,.F.);
#7558 = EDGE_LOOP('',(#7559,#7560,#7568,#7576));
#7559 = ORIENTED_EDGE('',*,*,#7538,.T.);
#7560 = ORIENTED_EDGE('',*,*,#7561,.T.);
#7561 = EDGE_CURVE('',#7531,#7562,#7564,.T.);
#7562 = VERTEX_POINT('',#7563);
#7563 = CARTESIAN_POINT('',(198.,289.,73.));
#7564 = LINE('',#7565,#7566);
#7565 = CARTESIAN_POINT('',(887.,289.,73.));
#7566 = VECTOR('',#7567,1.);
#7567 = DIRECTION('',(-1.,0.,0.));
#7568 = ORIENTED_EDGE('',*,*,#7569,.F.);
#7569 = EDGE_CURVE('',#7570,#7562,#7572,.T.);
#7570 = VERTEX_POINT('',#7571);
#7571 = CARTESIAN_POINT('',(198.,298.,73.));
#7572 = LINE('',#7573,#7574);
#7573 = CARTESIAN_POINT('',(198.,298.,73.));
#7574 = VECTOR('',#7575,1.);
#7575 = DIRECTION('',(0.,-1.,0.));
#7576 = ORIENTED_EDGE('',*,*,#7577,.F.);
#7577 = EDGE_CURVE('',#7539,#7570,#7578,.T.);
#7578 = LINE('',#7579,#7580);
#7579 = CARTESIAN_POINT('',(887.,298.,73.));
#7580 = VECTOR('',#7581,1.);
#7581 = DIRECTION('',(-1.,0.,0.));
#7582 = PLANE('',#7583);
#7583 = AXIS2_PLACEMENT_3D('',#7584,#7585,#7586);
#7584 = CARTESIAN_POINT('',(887.,298.,73.));
#7585 = DIRECTION('',(-0.,-0.,-1.));
#7586 = DIRECTION('',(-1.,0.,0.));
#7587 = ADVANCED_FACE('',(#7588),#7604,.F.);
#7588 = FACE_BOUND('',#7589,.F.);
#7589 = EDGE_LOOP('',(#7590,#7591,#7597,#7598));
#7590 = ORIENTED_EDGE('',*,*,#7569,.T.);
#7591 = ORIENTED_EDGE('',*,*,#7592,.T.);
#7592 = EDGE_CURVE('',#7562,#7492,#7593,.T.);
#7593 = LINE('',#7594,#7595);
#7594 = CARTESIAN_POINT('',(198.,289.,73.));
#7595 = VECTOR('',#7596,1.);
#7596 = DIRECTION('',(0.,0.,-1.));
#7597 = ORIENTED_EDGE('',*,*,#7489,.F.);
#7598 = ORIENTED_EDGE('',*,*,#7599,.F.);
#7599 = EDGE_CURVE('',#7570,#7490,#7600,.T.);
#7600 = LINE('',#7601,#7602);
#7601 = CARTESIAN_POINT('',(198.,298.,73.));
#7602 = VECTOR('',#7603,1.);
#7603 = DIRECTION('',(0.,0.,-1.));
#7604 = PLANE('',#7605);
#7605 = AXIS2_PLACEMENT_3D('',#7606,#7607,#7608);
#7606 = CARTESIAN_POINT('',(198.,298.,73.));
#7607 = DIRECTION('',(1.,0.,0.));
#7608 = DIRECTION('',(0.,0.,-1.));
#7609 = ADVANCED_FACE('',(#7610),#7616,.F.);
#7610 = FACE_BOUND('',#7611,.F.);
#7611 = EDGE_LOOP('',(#7612,#7613,#7614,#7615));
#7612 = ORIENTED_EDGE('',*,*,#7515,.T.);
#7613 = ORIENTED_EDGE('',*,*,#7546,.T.);
#7614 = ORIENTED_EDGE('',*,*,#7577,.T.);
#7615 = ORIENTED_EDGE('',*,*,#7599,.T.);
#7616 = PLANE('',#7617);
#7617 = AXIS2_PLACEMENT_3D('',#7618,#7619,#7620);
#7618 = CARTESIAN_POINT('',(542.5,298.,61.));
#7619 = DIRECTION('',(-0.,-1.,-0.));
#7620 = DIRECTION('',(0.,0.,-1.));
#7621 = ADVANCED_FACE('',(#7622),#7628,.T.);
#7622 = FACE_BOUND('',#7623,.T.);
#7623 = EDGE_LOOP('',(#7624,#7625,#7626,#7627));
#7624 = ORIENTED_EDGE('',*,*,#7499,.T.);
#7625 = ORIENTED_EDGE('',*,*,#7530,.T.);
#7626 = ORIENTED_EDGE('',*,*,#7561,.T.);
#7627 = ORIENTED_EDGE('',*,*,#7592,.T.);
#7628 = PLANE('',#7629);
#7629 = AXIS2_PLACEMENT_3D('',#7630,#7631,#7632);
#7630 = CARTESIAN_POINT('',(542.5,289.,61.));
#7631 = DIRECTION('',(-0.,-1.,-0.));
#7632 = DIRECTION('',(0.,0.,-1.));
#7633 = ( GEOMETRIC_REPRESENTATION_CONTEXT(3) 
GLOBAL_UNCERTAINTY_ASSIGNED_CONTEXT((#7637)) 
GLOBAL_UNIT_ASSIGNED_CONTEXT((#7634,#7635,#7636)) REPRESENTATION_CONTEXT
('Context #1','3D Context with UNIT and UNCERTAINTY') );
#7634 = ( LENGTH_UNIT() NAMED_UNIT(*) SI_UNIT(.MILLI.,.METRE.) );
#7635 = ( NAMED_UNIT(*) PLANE_ANGLE_UNIT() SI_UNIT($,.RADIAN.) );
#7636 = ( NAMED_UNIT(*) SI_UNIT($,.STERADIAN.) SOLID_ANGLE_UNIT() );
#7637 = UNCERTAINTY_MEASURE_WITH_UNIT(LENGTH_MEASURE(1.E-07),#7634,
  'distance_accuracy_value','confusion accuracy');
#7638 = CONTEXT_DEPENDENT_SHAPE_REPRESENTATION(#7639,#7641);
#7639 = ( REPRESENTATION_RELATIONSHIP('','',#7482,#10) 
REPRESENTATION_RELATIONSHIP_WITH_TRANSFORMATION(#7640) 
SHAPE_REPRESENTATION_RELATIONSHIP() );
#7640 = ITEM_DEFINED_TRANSFORMATION('','',#11,#55);
#7641 = PRODUCT_DEFINITION_SHAPE('Placement','Placement of an item',
  #7642);
#7642 = NEXT_ASSEMBLY_USAGE_OCCURRENCE('11','Apron under the strip','',
  #5,#7477,$);
#7643 = PRODUCT_RELATED_PRODUCT_CATEGORY('part',$,(#7479));
#7644 = SHAPE_DEFINITION_REPRESENTATION(#7645,#7651);
#7645 = PRODUCT_DEFINITION_SHAPE('','',#7646);
#7646 = PRODUCT_DEFINITION('design','',#7647,#7650);
#7647 = PRODUCT_DEFINITION_FORMATION('','',#7648);
#7648 = PRODUCT('Strip cleat','Strip cleat','',(#7649));
#7649 = PRODUCT_CONTEXT('',#2,'mechanical');
#7650 = PRODUCT_DEFINITION_CONTEXT('part definition',#2,'design');
#7651 = ADVANCED_BREP_SHAPE_REPRESENTATION('',(#11,#7652),#7802);
#7652 = MANIFOLD_SOLID_BREP('',#7653);
#7653 = CLOSED_SHELL('',(#7654,#7694,#7725,#7756,#7778,#7790));
#7654 = ADVANCED_FACE('',(#7655),#7689,.F.);
#7655 = FACE_BOUND('',#7656,.F.);
#7656 = EDGE_LOOP('',(#7657,#7667,#7675,#7683));
#7657 = ORIENTED_EDGE('',*,*,#7658,.T.);
#7658 = EDGE_CURVE('',#7659,#7661,#7663,.T.);
#7659 = VERTEX_POINT('',#7660);
#7660 = CARTESIAN_POINT('',(198.,180.,61.));
#7661 = VERTEX_POINT('',#7662);
#7662 = CARTESIAN_POINT('',(213.,180.,61.));
#7663 = LINE('',#7664,#7665);
#7664 = CARTESIAN_POINT('',(198.,180.,61.));
#7665 = VECTOR('',#7666,1.);
#7666 = DIRECTION('',(1.,0.,0.));
#7667 = ORIENTED_EDGE('',*,*,#7668,.T.);
#7668 = EDGE_CURVE('',#7661,#7669,#7671,.T.);
#7669 = VERTEX_POINT('',#7670);
#7670 = CARTESIAN_POINT('',(213.,289.,61.));
#7671 = LINE('',#7672,#7673);
#7672 = CARTESIAN_POINT('',(213.,180.,61.));
#7673 = VECTOR('',#7674,1.);
#7674 = DIRECTION('',(0.,1.,0.));
#7675 = ORIENTED_EDGE('',*,*,#7676,.F.);
#7676 = EDGE_CURVE('',#7677,#7669,#7679,.T.);
#7677 = VERTEX_POINT('',#7678);
#7678 = CARTESIAN_POINT('',(198.,289.,61.));
#7679 = LINE('',#7680,#7681);
#7680 = CARTESIAN_POINT('',(198.,289.,61.));
#7681 = VECTOR('',#7682,1.);
#7682 = DIRECTION('',(1.,0.,0.));
#7683 = ORIENTED_EDGE('',*,*,#7684,.F.);
#7684 = EDGE_CURVE('',#7659,#7677,#7685,.T.);
#7685 = LINE('',#7686,#7687);
#7686 = CARTESIAN_POINT('',(198.,180.,61.));
#7687 = VECTOR('',#7688,1.);
#7688 = DIRECTION('',(0.,1.,0.));
#7689 = PLANE('',#7690);
#7690 = AXIS2_PLACEMENT_3D('',#7691,#7692,#7693);
#7691 = CARTESIAN_POINT('',(198.,180.,61.));
#7692 = DIRECTION('',(0.,0.,1.));
#7693 = DIRECTION('',(0.,1.,0.));
#7694 = ADVANCED_FACE('',(#7695),#7720,.F.);
#7695 = FACE_BOUND('',#7696,.F.);
#7696 = EDGE_LOOP('',(#7697,#7698,#7706,#7714));
#7697 = ORIENTED_EDGE('',*,*,#7676,.T.);
#7698 = ORIENTED_EDGE('',*,*,#7699,.T.);
#7699 = EDGE_CURVE('',#7669,#7700,#7702,.T.);
#7700 = VERTEX_POINT('',#7701);
#7701 = CARTESIAN_POINT('',(213.,289.,73.));
#7702 = LINE('',#7703,#7704);
#7703 = CARTESIAN_POINT('',(213.,289.,61.));
#7704 = VECTOR('',#7705,1.);
#7705 = DIRECTION('',(0.,0.,1.));
#7706 = ORIENTED_EDGE('',*,*,#7707,.F.);
#7707 = EDGE_CURVE('',#7708,#7700,#7710,.T.);
#7708 = VERTEX_POINT('',#7709);
#7709 = CARTESIAN_POINT('',(198.,289.,73.));
#7710 = LINE('',#7711,#7712);
#7711 = CARTESIAN_POINT('',(198.,289.,73.));
#7712 = VECTOR('',#7713,1.);
#7713 = DIRECTION('',(1.,0.,0.));
#7714 = ORIENTED_EDGE('',*,*,#7715,.F.);
#7715 = EDGE_CURVE('',#7677,#7708,#7716,.T.);
#7716 = LINE('',#7717,#7718);
#7717 = CARTESIAN_POINT('',(198.,289.,61.));
#7718 = VECTOR('',#7719,1.);
#7719 = DIRECTION('',(0.,0.,1.));
#7720 = PLANE('',#7721);
#7721 = AXIS2_PLACEMENT_3D('',#7722,#7723,#7724);
#7722 = CARTESIAN_POINT('',(198.,289.,61.));
#7723 = DIRECTION('',(0.,-1.,0.));
#7724 = DIRECTION('',(0.,0.,1.));
#7725 = ADVANCED_FACE('',(#7726),#7751,.F.);
#7726 = FACE_BOUND('',#7727,.F.);
#7727 = EDGE_LOOP('',(#7728,#7729,#7737,#7745));
#7728 = ORIENTED_EDGE('',*,*,#7707,.T.);
#7729 = ORIENTED_EDGE('',*,*,#7730,.T.);
#7730 = EDGE_CURVE('',#7700,#7731,#7733,.T.);
#7731 = VERTEX_POINT('',#7732);
#7732 = CARTESIAN_POINT('',(213.,180.,73.));
#7733 = LINE('',#7734,#7735);
#7734 = CARTESIAN_POINT('',(213.,289.,73.));
#7735 = VECTOR('',#7736,1.);
#7736 = DIRECTION('',(0.,-1.,0.));
#7737 = ORIENTED_EDGE('',*,*,#7738,.F.);
#7738 = EDGE_CURVE('',#7739,#7731,#7741,.T.);
#7739 = VERTEX_POINT('',#7740);
#7740 = CARTESIAN_POINT('',(198.,180.,73.));
#7741 = LINE('',#7742,#7743);
#7742 = CARTESIAN_POINT('',(198.,180.,73.));
#7743 = VECTOR('',#7744,1.);
#7744 = DIRECTION('',(1.,0.,0.));
#7745 = ORIENTED_EDGE('',*,*,#7746,.F.);
#7746 = EDGE_CURVE('',#7708,#7739,#7747,.T.);
#7747 = LINE('',#7748,#7749);
#7748 = CARTESIAN_POINT('',(198.,289.,73.));
#7749 = VECTOR('',#7750,1.);
#7750 = DIRECTION('',(0.,-1.,0.));
#7751 = PLANE('',#7752);
#7752 = AXIS2_PLACEMENT_3D('',#7753,#7754,#7755);
#7753 = CARTESIAN_POINT('',(198.,289.,73.));
#7754 = DIRECTION('',(0.,0.,-1.));
#7755 = DIRECTION('',(0.,-1.,0.));
#7756 = ADVANCED_FACE('',(#7757),#7773,.F.);
#7757 = FACE_BOUND('',#7758,.F.);
#7758 = EDGE_LOOP('',(#7759,#7760,#7766,#7767));
#7759 = ORIENTED_EDGE('',*,*,#7738,.T.);
#7760 = ORIENTED_EDGE('',*,*,#7761,.T.);
#7761 = EDGE_CURVE('',#7731,#7661,#7762,.T.);
#7762 = LINE('',#7763,#7764);
#7763 = CARTESIAN_POINT('',(213.,180.,73.));
#7764 = VECTOR('',#7765,1.);
#7765 = DIRECTION('',(0.,0.,-1.));
#7766 = ORIENTED_EDGE('',*,*,#7658,.F.);
#7767 = ORIENTED_EDGE('',*,*,#7768,.F.);
#7768 = EDGE_CURVE('',#7739,#7659,#7769,.T.);
#7769 = LINE('',#7770,#7771);
#7770 = CARTESIAN_POINT('',(198.,180.,73.));
#7771 = VECTOR('',#7772,1.);
#7772 = DIRECTION('',(0.,0.,-1.));
#7773 = PLANE('',#7774);
#7774 = AXIS2_PLACEMENT_3D('',#7775,#7776,#7777);
#7775 = CARTESIAN_POINT('',(198.,180.,73.));
#7776 = DIRECTION('',(-0.,1.,0.));
#7777 = DIRECTION('',(0.,0.,-1.));
#7778 = ADVANCED_FACE('',(#7779),#7785,.F.);
#7779 = FACE_BOUND('',#7780,.F.);
#7780 = EDGE_LOOP('',(#7781,#7782,#7783,#7784));
#7781 = ORIENTED_EDGE('',*,*,#7684,.T.);
#7782 = ORIENTED_EDGE('',*,*,#7715,.T.);
#7783 = ORIENTED_EDGE('',*,*,#7746,.T.);
#7784 = ORIENTED_EDGE('',*,*,#7768,.T.);
#7785 = PLANE('',#7786);
#7786 = AXIS2_PLACEMENT_3D('',#7787,#7788,#7789);
#7787 = CARTESIAN_POINT('',(198.,234.5,67.));
#7788 = DIRECTION('',(1.,0.,0.));
#7789 = DIRECTION('',(-0.,0.,1.));
#7790 = ADVANCED_FACE('',(#7791),#7797,.T.);
#7791 = FACE_BOUND('',#7792,.T.);
#7792 = EDGE_LOOP('',(#7793,#7794,#7795,#7796));
#7793 = ORIENTED_EDGE('',*,*,#7668,.T.);
#7794 = ORIENTED_EDGE('',*,*,#7699,.T.);
#7795 = ORIENTED_EDGE('',*,*,#7730,.T.);
#7796 = ORIENTED_EDGE('',*,*,#7761,.T.);
#7797 = PLANE('',#7798);
#7798 = AXIS2_PLACEMENT_3D('',#7799,#7800,#7801);
#7799 = CARTESIAN_POINT('',(213.,234.5,67.));
#7800 = DIRECTION('',(1.,0.,0.));
#7801 = DIRECTION('',(-0.,0.,1.));
#7802 = ( GEOMETRIC_REPRESENTATION_CONTEXT(3) 
GLOBAL_UNCERTAINTY_ASSIGNED_CONTEXT((#7806)) 
GLOBAL_UNIT_ASSIGNED_CONTEXT((#7803,#7804,#7805)) REPRESENTATION_CONTEXT
('Context #1','3D Context with UNIT and UNCERTAINTY') );
#7803 = ( LENGTH_UNIT() NAMED_UNIT(*) SI_UNIT(.MILLI.,.METRE.) );
#7804 = ( NAMED_UNIT(*) PLANE_ANGLE_UNIT() SI_UNIT($,.RADIAN.) );
#7805 = ( NAMED_UNIT(*) SI_UNIT($,.STERADIAN.) SOLID_ANGLE_UNIT() );
#7806 = UNCERTAINTY_MEASURE_WITH_UNIT(LENGTH_MEASURE(1.E-07),#7803,
  'distance_accuracy_value','confusion accuracy');
#7807 = CONTEXT_DEPENDENT_SHAPE_REPRESENTATION(#7808,#7810);
#7808 = ( REPRESENTATION_RELATIONSHIP('','',#7651,#10) 
REPRESENTATION_RELATIONSHIP_WITH_TRANSFORMATION(#7809) 
SHAPE_REPRESENTATION_RELATIONSHIP() );
#7809 = ITEM_DEFINED_TRANSFORMATION('','',#11,#59);
#7810 = PRODUCT_DEFINITION_SHAPE('Placement','Placement of an item',
  #7811);
#7811 = NEXT_ASSEMBLY_USAGE_OCCURRENCE('12','Strip cleat','',#5,#7646,$
  );
#7812 = PRODUCT_RELATED_PRODUCT_CATEGORY('part',$,(#7648));
#7813 = SHAPE_DEFINITION_REPRESENTATION(#7814,#7820);
#7814 = PRODUCT_DEFINITION_SHAPE('','',#7815);
#7815 = PRODUCT_DEFINITION('design','',#7816,#7819);
#7816 = PRODUCT_DEFINITION_FORMATION('','',#7817);
#7817 = PRODUCT('Strip cleat001','Strip cleat001','',(#7818));
#7818 = PRODUCT_CONTEXT('',#2,'mechanical');
#7819 = PRODUCT_DEFINITION_CONTEXT('part definition',#2,'design');
#7820 = ADVANCED_BREP_SHAPE_REPRESENTATION('',(#11,#7821),#7971);
#7821 = MANIFOLD_SOLID_BREP('',#7822);
#7822 = CLOSED_SHELL('',(#7823,#7863,#7894,#7925,#7947,#7959));
#7823 = ADVANCED_FACE('',(#7824),#7858,.F.);
#7824 = FACE_BOUND('',#7825,.F.);
#7825 = EDGE_LOOP('',(#7826,#7836,#7844,#7852));
#7826 = ORIENTED_EDGE('',*,*,#7827,.T.);
#7827 = EDGE_CURVE('',#7828,#7830,#7832,.T.);
#7828 = VERTEX_POINT('',#7829);
#7829 = CARTESIAN_POINT('',(872.,180.,61.));
#7830 = VERTEX_POINT('',#7831);
#7831 = CARTESIAN_POINT('',(887.,180.,61.));
#7832 = LINE('',#7833,#7834);
#7833 = CARTESIAN_POINT('',(872.,180.,61.));
#7834 = VECTOR('',#7835,1.);
#7835 = DIRECTION('',(1.,0.,0.));
#7836 = ORIENTED_EDGE('',*,*,#7837,.T.);
#7837 = EDGE_CURVE('',#7830,#7838,#7840,.T.);
#7838 = VERTEX_POINT('',#7839);
#7839 = CARTESIAN_POINT('',(887.,289.,61.));
#7840 = LINE('',#7841,#7842);
#7841 = CARTESIAN_POINT('',(887.,180.,61.));
#7842 = VECTOR('',#7843,1.);
#7843 = DIRECTION('',(0.,1.,0.));
#7844 = ORIENTED_EDGE('',*,*,#7845,.F.);
#7845 = EDGE_CURVE('',#7846,#7838,#7848,.T.);
#7846 = VERTEX_POINT('',#7847);
#7847 = CARTESIAN_POINT('',(872.,289.,61.));
#7848 = LINE('',#7849,#7850);
#7849 = CARTESIAN_POINT('',(872.,289.,61.));
#7850 = VECTOR('',#7851,1.);
#7851 = DIRECTION('',(1.,0.,0.));
#7852 = ORIENTED_EDGE('',*,*,#7853,.F.);
#7853 = EDGE_CURVE('',#7828,#7846,#7854,.T.);
#7854 = LINE('',#7855,#7856);
#7855 = CARTESIAN_POINT('',(872.,180.,61.));
#7856 = VECTOR('',#7857,1.);
#7857 = DIRECTION('',(0.,1.,0.));
#7858 = PLANE('',#7859);
#7859 = AXIS2_PLACEMENT_3D('',#7860,#7861,#7862);
#7860 = CARTESIAN_POINT('',(872.,180.,61.));
#7861 = DIRECTION('',(0.,0.,1.));
#7862 = DIRECTION('',(0.,1.,0.));
#7863 = ADVANCED_FACE('',(#7864),#7889,.F.);
#7864 = FACE_BOUND('',#7865,.F.);
#7865 = EDGE_LOOP('',(#7866,#7867,#7875,#7883));
#7866 = ORIENTED_EDGE('',*,*,#7845,.T.);
#7867 = ORIENTED_EDGE('',*,*,#7868,.T.);
#7868 = EDGE_CURVE('',#7838,#7869,#7871,.T.);
#7869 = VERTEX_POINT('',#7870);
#7870 = CARTESIAN_POINT('',(887.,289.,73.));
#7871 = LINE('',#7872,#7873);
#7872 = CARTESIAN_POINT('',(887.,289.,61.));
#7873 = VECTOR('',#7874,1.);
#7874 = DIRECTION('',(0.,0.,1.));
#7875 = ORIENTED_EDGE('',*,*,#7876,.F.);
#7876 = EDGE_CURVE('',#7877,#7869,#7879,.T.);
#7877 = VERTEX_POINT('',#7878);
#7878 = CARTESIAN_POINT('',(872.,289.,73.));
#7879 = LINE('',#7880,#7881);
#7880 = CARTESIAN_POINT('',(872.,289.,73.));
#7881 = VECTOR('',#7882,1.);
#7882 = DIRECTION('',(1.,0.,0.));
#7883 = ORIENTED_EDGE('',*,*,#7884,.F.);
#7884 = EDGE_CURVE('',#7846,#7877,#7885,.T.);
#7885 = LINE('',#7886,#7887);
#7886 = CARTESIAN_POINT('',(872.,289.,61.));
#7887 = VECTOR('',#7888,1.);
#7888 = DIRECTION('',(0.,0.,1.));
#7889 = PLANE('',#7890);
#7890 = AXIS2_PLACEMENT_3D('',#7891,#7892,#7893);
#7891 = CARTESIAN_POINT('',(872.,289.,61.));
#7892 = DIRECTION('',(0.,-1.,0.));
#7893 = DIRECTION('',(0.,0.,1.));
#7894 = ADVANCED_FACE('',(#7895),#7920,.F.);
#7895 = FACE_BOUND('',#7896,.F.);
#7896 = EDGE_LOOP('',(#7897,#7898,#7906,#7914));
#7897 = ORIENTED_EDGE('',*,*,#7876,.T.);
#7898 = ORIENTED_EDGE('',*,*,#7899,.T.);
#7899 = EDGE_CURVE('',#7869,#7900,#7902,.T.);
#7900 = VERTEX_POINT('',#7901);
#7901 = CARTESIAN_POINT('',(887.,180.,73.));
#7902 = LINE('',#7903,#7904);
#7903 = CARTESIAN_POINT('',(887.,289.,73.));
#7904 = VECTOR('',#7905,1.);
#7905 = DIRECTION('',(0.,-1.,0.));
#7906 = ORIENTED_EDGE('',*,*,#7907,.F.);
#7907 = EDGE_CURVE('',#7908,#7900,#7910,.T.);
#7908 = VERTEX_POINT('',#7909);
#7909 = CARTESIAN_POINT('',(872.,180.,73.));
#7910 = LINE('',#7911,#7912);
#7911 = CARTESIAN_POINT('',(872.,180.,73.));
#7912 = VECTOR('',#7913,1.);
#7913 = DIRECTION('',(1.,0.,0.));
#7914 = ORIENTED_EDGE('',*,*,#7915,.F.);
#7915 = EDGE_CURVE('',#7877,#7908,#7916,.T.);
#7916 = LINE('',#7917,#7918);
#7917 = CARTESIAN_POINT('',(872.,289.,73.));
#7918 = VECTOR('',#7919,1.);
#7919 = DIRECTION('',(0.,-1.,0.));
#7920 = PLANE('',#7921);
#7921 = AXIS2_PLACEMENT_3D('',#7922,#7923,#7924);
#7922 = CARTESIAN_POINT('',(872.,289.,73.));
#7923 = DIRECTION('',(0.,0.,-1.));
#7924 = DIRECTION('',(0.,-1.,0.));
#7925 = ADVANCED_FACE('',(#7926),#7942,.F.);
#7926 = FACE_BOUND('',#7927,.F.);
#7927 = EDGE_LOOP('',(#7928,#7929,#7935,#7936));
#7928 = ORIENTED_EDGE('',*,*,#7907,.T.);
#7929 = ORIENTED_EDGE('',*,*,#7930,.T.);
#7930 = EDGE_CURVE('',#7900,#7830,#7931,.T.);
#7931 = LINE('',#7932,#7933);
#7932 = CARTESIAN_POINT('',(887.,180.,73.));
#7933 = VECTOR('',#7934,1.);
#7934 = DIRECTION('',(0.,0.,-1.));
#7935 = ORIENTED_EDGE('',*,*,#7827,.F.);
#7936 = ORIENTED_EDGE('',*,*,#7937,.F.);
#7937 = EDGE_CURVE('',#7908,#7828,#7938,.T.);
#7938 = LINE('',#7939,#7940);
#7939 = CARTESIAN_POINT('',(872.,180.,73.));
#7940 = VECTOR('',#7941,1.);
#7941 = DIRECTION('',(0.,0.,-1.));
#7942 = PLANE('',#7943);
#7943 = AXIS2_PLACEMENT_3D('',#7944,#7945,#7946);
#7944 = CARTESIAN_POINT('',(872.,180.,73.));
#7945 = DIRECTION('',(-0.,1.,0.));
#7946 = DIRECTION('',(0.,0.,-1.));
#7947 = ADVANCED_FACE('',(#7948),#7954,.F.);
#7948 = FACE_BOUND('',#7949,.F.);
#7949 = EDGE_LOOP('',(#7950,#7951,#7952,#7953));
#7950 = ORIENTED_EDGE('',*,*,#7853,.T.);
#7951 = ORIENTED_EDGE('',*,*,#7884,.T.);
#7952 = ORIENTED_EDGE('',*,*,#7915,.T.);
#7953 = ORIENTED_EDGE('',*,*,#7937,.T.);
#7954 = PLANE('',#7955);
#7955 = AXIS2_PLACEMENT_3D('',#7956,#7957,#7958);
#7956 = CARTESIAN_POINT('',(872.,234.5,67.));
#7957 = DIRECTION('',(1.,0.,0.));
#7958 = DIRECTION('',(-0.,0.,1.));
#7959 = ADVANCED_FACE('',(#7960),#7966,.T.);
#7960 = FACE_BOUND('',#7961,.T.);
#7961 = EDGE_LOOP('',(#7962,#7963,#7964,#7965));
#7962 = ORIENTED_EDGE('',*,*,#7837,.T.);
#7963 = ORIENTED_EDGE('',*,*,#7868,.T.);
#7964 = ORIENTED_EDGE('',*,*,#7899,.T.);
#7965 = ORIENTED_EDGE('',*,*,#7930,.T.);
#7966 = PLANE('',#7967);
#7967 = AXIS2_PLACEMENT_3D('',#7968,#7969,#7970);
#7968 = CARTESIAN_POINT('',(887.,234.5,67.));
#7969 = DIRECTION('',(1.,0.,0.));
#7970 = DIRECTION('',(-0.,0.,1.));
#7971 = ( GEOMETRIC_REPRESENTATION_CONTEXT(3) 
GLOBAL_UNCERTAINTY_ASSIGNED_CONTEXT((#7975)) 
GLOBAL_UNIT_ASSIGNED_CONTEXT((#7972,#7973,#7974)) REPRESENTATION_CONTEXT
('Context #1','3D Context with UNIT and UNCERTAINTY') );
#7972 = ( LENGTH_UNIT() NAMED_UNIT(*) SI_UNIT(.MILLI.,.METRE.) );
#7973 = ( NAMED_UNIT(*) PLANE_ANGLE_UNIT() SI_UNIT($,.RADIAN.) );
#7974 = ( NAMED_UNIT(*) SI_UNIT($,.STERADIAN.) SOLID_ANGLE_UNIT() );
#7975 = UNCERTAINTY_MEASURE_WITH_UNIT(LENGTH_MEASURE(1.E-07),#7972,
  'distance_accuracy_value','confusion accuracy');
#7976 = CONTEXT_DEPENDENT_SHAPE_REPRESENTATION(#7977,#7979);
#7977 = ( REPRESENTATION_RELATIONSHIP('','',#7820,#10) 
REPRESENTATION_RELATIONSHIP_WITH_TRANSFORMATION(#7978) 
SHAPE_REPRESENTATION_RELATIONSHIP() );
#7978 = ITEM_DEFINED_TRANSFORMATION('','',#11,#63);
#7979 = PRODUCT_DEFINITION_SHAPE('Placement','Placement of an item',
  #7980);
#7980 = NEXT_ASSEMBLY_USAGE_OCCURRENCE('13','Strip cleat001','',#5,#7815
  ,$);
#7981 = PRODUCT_RELATED_PRODUCT_CATEGORY('part',$,(#7817));
#7982 = SHAPE_DEFINITION_REPRESENTATION(#7983,#7989);
#7983 = PRODUCT_DEFINITION_SHAPE('','',#7984);
#7984 = PRODUCT_DEFINITION('design','',#7985,#7988);
#7985 = PRODUCT_DEFINITION_FORMATION('','',#7986);
#7986 = PRODUCT('Filler behind the panel','Filler behind the panel','',(
    #7987));
#7987 = PRODUCT_CONTEXT('',#2,'mechanical');
#7988 = PRODUCT_DEFINITION_CONTEXT('part definition',#2,'design');
#7989 = ADVANCED_BREP_SHAPE_REPRESENTATION('',(#11,#7990),#8140);
#7990 = MANIFOLD_SOLID_BREP('',#7991);
#7991 = CLOSED_SHELL('',(#7992,#8032,#8063,#8094,#8116,#8128));
#7992 = ADVANCED_FACE('',(#7993),#8027,.F.);
#7993 = FACE_BOUND('',#7994,.F.);
#7994 = EDGE_LOOP('',(#7995,#8005,#8013,#8021));
#7995 = ORIENTED_EDGE('',*,*,#7996,.T.);
#7996 = EDGE_CURVE('',#7997,#7999,#8001,.T.);
#7997 = VERTEX_POINT('',#7998);
#7998 = CARTESIAN_POINT('',(12.,246.,50.));
#7999 = VERTEX_POINT('',#8000);
#8000 = CARTESIAN_POINT('',(12.,246.,59.));
#8001 = LINE('',#8002,#8003);
#8002 = CARTESIAN_POINT('',(12.,246.,50.));
#8003 = VECTOR('',#8004,1.);
#8004 = DIRECTION('',(0.,0.,1.));
#8005 = ORIENTED_EDGE('',*,*,#8006,.T.);
#8006 = EDGE_CURVE('',#7999,#8007,#8009,.T.);
#8007 = VERTEX_POINT('',#8008);
#8008 = CARTESIAN_POINT('',(186.,246.,59.));
#8009 = LINE('',#8010,#8011);
#8010 = CARTESIAN_POINT('',(12.,246.,59.));
#8011 = VECTOR('',#8012,1.);
#8012 = DIRECTION('',(1.,0.,0.));
#8013 = ORIENTED_EDGE('',*,*,#8014,.F.);
#8014 = EDGE_CURVE('',#8015,#8007,#8017,.T.);
#8015 = VERTEX_POINT('',#8016);
#8016 = CARTESIAN_POINT('',(186.,246.,50.));
#8017 = LINE('',#8018,#8019);
#8018 = CARTESIAN_POINT('',(186.,246.,50.));
#8019 = VECTOR('',#8020,1.);
#8020 = DIRECTION('',(0.,0.,1.));
#8021 = ORIENTED_EDGE('',*,*,#8022,.F.);
#8022 = EDGE_CURVE('',#7997,#8015,#8023,.T.);
#8023 = LINE('',#8024,#8025);
#8024 = CARTESIAN_POINT('',(12.,246.,50.));
#8025 = VECTOR('',#8026,1.);
#8026 = DIRECTION('',(1.,0.,0.));
#8027 = PLANE('',#8028);
#8028 = AXIS2_PLACEMENT_3D('',#8029,#8030,#8031);
#8029 = CARTESIAN_POINT('',(12.,246.,50.));
#8030 = DIRECTION('',(0.,1.,0.));
#8031 = DIRECTION('',(1.,0.,0.));
#8032 = ADVANCED_FACE('',(#8033),#8058,.F.);
#8033 = FACE_BOUND('',#8034,.F.);
#8034 = EDGE_LOOP('',(#8035,#8036,#8044,#8052));
#8035 = ORIENTED_EDGE('',*,*,#8014,.T.);
#8036 = ORIENTED_EDGE('',*,*,#8037,.T.);
#8037 = EDGE_CURVE('',#8007,#8038,#8040,.T.);
#8038 = VERTEX_POINT('',#8039);
#8039 = CARTESIAN_POINT('',(186.,298.,59.));
#8040 = LINE('',#8041,#8042);
#8041 = CARTESIAN_POINT('',(186.,246.,59.));
#8042 = VECTOR('',#8043,1.);
#8043 = DIRECTION('',(0.,1.,0.));
#8044 = ORIENTED_EDGE('',*,*,#8045,.F.);
#8045 = EDGE_CURVE('',#8046,#8038,#8048,.T.);
#8046 = VERTEX_POINT('',#8047);
#8047 = CARTESIAN_POINT('',(186.,298.,50.));
#8048 = LINE('',#8049,#8050);
#8049 = CARTESIAN_POINT('',(186.,298.,50.));
#8050 = VECTOR('',#8051,1.);
#8051 = DIRECTION('',(0.,0.,1.));
#8052 = ORIENTED_EDGE('',*,*,#8053,.F.);
#8053 = EDGE_CURVE('',#8015,#8046,#8054,.T.);
#8054 = LINE('',#8055,#8056);
#8055 = CARTESIAN_POINT('',(186.,246.,50.));
#8056 = VECTOR('',#8057,1.);
#8057 = DIRECTION('',(0.,1.,0.));
#8058 = PLANE('',#8059);
#8059 = AXIS2_PLACEMENT_3D('',#8060,#8061,#8062);
#8060 = CARTESIAN_POINT('',(186.,246.,50.));
#8061 = DIRECTION('',(-1.,0.,0.));
#8062 = DIRECTION('',(0.,1.,0.));
#8063 = ADVANCED_FACE('',(#8064),#8089,.F.);
#8064 = FACE_BOUND('',#8065,.F.);
#8065 = EDGE_LOOP('',(#8066,#8067,#8075,#8083));
#8066 = ORIENTED_EDGE('',*,*,#8045,.T.);
#8067 = ORIENTED_EDGE('',*,*,#8068,.T.);
#8068 = EDGE_CURVE('',#8038,#8069,#8071,.T.);
#8069 = VERTEX_POINT('',#8070);
#8070 = CARTESIAN_POINT('',(12.,298.,59.));
#8071 = LINE('',#8072,#8073);
#8072 = CARTESIAN_POINT('',(186.,298.,59.));
#8073 = VECTOR('',#8074,1.);
#8074 = DIRECTION('',(-1.,0.,0.));
#8075 = ORIENTED_EDGE('',*,*,#8076,.F.);
#8076 = EDGE_CURVE('',#8077,#8069,#8079,.T.);
#8077 = VERTEX_POINT('',#8078);
#8078 = CARTESIAN_POINT('',(12.,298.,50.));
#8079 = LINE('',#8080,#8081);
#8080 = CARTESIAN_POINT('',(12.,298.,50.));
#8081 = VECTOR('',#8082,1.);
#8082 = DIRECTION('',(0.,0.,1.));
#8083 = ORIENTED_EDGE('',*,*,#8084,.F.);
#8084 = EDGE_CURVE('',#8046,#8077,#8085,.T.);
#8085 = LINE('',#8086,#8087);
#8086 = CARTESIAN_POINT('',(186.,298.,50.));
#8087 = VECTOR('',#8088,1.);
#8088 = DIRECTION('',(-1.,0.,0.));
#8089 = PLANE('',#8090);
#8090 = AXIS2_PLACEMENT_3D('',#8091,#8092,#8093);
#8091 = CARTESIAN_POINT('',(186.,298.,50.));
#8092 = DIRECTION('',(0.,-1.,0.));
#8093 = DIRECTION('',(-1.,0.,0.));
#8094 = ADVANCED_FACE('',(#8095),#8111,.F.);
#8095 = FACE_BOUND('',#8096,.F.);
#8096 = EDGE_LOOP('',(#8097,#8098,#8104,#8105));
#8097 = ORIENTED_EDGE('',*,*,#8076,.T.);
#8098 = ORIENTED_EDGE('',*,*,#8099,.T.);
#8099 = EDGE_CURVE('',#8069,#7999,#8100,.T.);
#8100 = LINE('',#8101,#8102);
#8101 = CARTESIAN_POINT('',(12.,298.,59.));
#8102 = VECTOR('',#8103,1.);
#8103 = DIRECTION('',(0.,-1.,0.));
#8104 = ORIENTED_EDGE('',*,*,#7996,.F.);
#8105 = ORIENTED_EDGE('',*,*,#8106,.F.);
#8106 = EDGE_CURVE('',#8077,#7997,#8107,.T.);
#8107 = LINE('',#8108,#8109);
#8108 = CARTESIAN_POINT('',(12.,298.,50.));
#8109 = VECTOR('',#8110,1.);
#8110 = DIRECTION('',(0.,-1.,0.));
#8111 = PLANE('',#8112);
#8112 = AXIS2_PLACEMENT_3D('',#8113,#8114,#8115);
#8113 = CARTESIAN_POINT('',(12.,298.,50.));
#8114 = DIRECTION('',(1.,0.,-0.));
#8115 = DIRECTION('',(0.,-1.,0.));
#8116 = ADVANCED_FACE('',(#8117),#8123,.F.);
#8117 = FACE_BOUND('',#8118,.F.);
#8118 = EDGE_LOOP('',(#8119,#8120,#8121,#8122));
#8119 = ORIENTED_EDGE('',*,*,#8022,.T.);
#8120 = ORIENTED_EDGE('',*,*,#8053,.T.);
#8121 = ORIENTED_EDGE('',*,*,#8084,.T.);
#8122 = ORIENTED_EDGE('',*,*,#8106,.T.);
#8123 = PLANE('',#8124);
#8124 = AXIS2_PLACEMENT_3D('',#8125,#8126,#8127);
#8125 = CARTESIAN_POINT('',(99.,272.,50.));
#8126 = DIRECTION('',(0.,0.,1.));
#8127 = DIRECTION('',(1.,0.,-0.));
#8128 = ADVANCED_FACE('',(#8129),#8135,.T.);
#8129 = FACE_BOUND('',#8130,.T.);
#8130 = EDGE_LOOP('',(#8131,#8132,#8133,#8134));
#8131 = ORIENTED_EDGE('',*,*,#8006,.T.);
#8132 = ORIENTED_EDGE('',*,*,#8037,.T.);
#8133 = ORIENTED_EDGE('',*,*,#8068,.T.);
#8134 = ORIENTED_EDGE('',*,*,#8099,.T.);
#8135 = PLANE('',#8136);
#8136 = AXIS2_PLACEMENT_3D('',#8137,#8138,#8139);
#8137 = CARTESIAN_POINT('',(99.,272.,59.));
#8138 = DIRECTION('',(0.,0.,1.));
#8139 = DIRECTION('',(1.,0.,-0.));
#8140 = ( GEOMETRIC_REPRESENTATION_CONTEXT(3) 
GLOBAL_UNCERTAINTY_ASSIGNED_CONTEXT((#8144)) 
GLOBAL_UNIT_ASSIGNED_CONTEXT((#8141,#8142,#8143)) REPRESENTATION_CONTEXT
('Context #1','3D Context with UNIT and UNCERTAINTY') );
#8141 = ( LENGTH_UNIT() NAMED_UNIT(*) SI_UNIT(.MILLI.,.METRE.) );
#8142 = ( NAMED_UNIT(*) PLANE_ANGLE_UNIT() SI_UNIT($,.RADIAN.) );
#8143 = ( NAMED_UNIT(*) SI_UNIT($,.STERADIAN.) SOLID_ANGLE_UNIT() );
#8144 = UNCERTAINTY_MEASURE_WITH_UNIT(LENGTH_MEASURE(1.E-07),#8141,
  'distance_accuracy_value','confusion accuracy');
#8145 = CONTEXT_DEPENDENT_SHAPE_REPRESENTATION(#8146,#8148);
#8146 = ( REPRESENTATION_RELATIONSHIP('','',#7989,#10) 
REPRESENTATION_RELATIONSHIP_WITH_TRANSFORMATION(#8147) 
SHAPE_REPRESENTATION_RELATIONSHIP() );
#8147 = ITEM_DEFINED_TRANSFORMATION('','',#11,#67);
#8148 = PRODUCT_DEFINITION_SHAPE('Placement','Placement of an item',
  #8149);
#8149 = NEXT_ASSEMBLY_USAGE_OCCURRENCE('14','Filler behind the panel',''
  ,#5,#7984,$);
#8150 = PRODUCT_RELATED_PRODUCT_CATEGORY('part',$,(#7986));
#8151 = SHAPE_DEFINITION_REPRESENTATION(#8152,#8158);
#8152 = PRODUCT_DEFINITION_SHAPE('','',#8153);
#8153 = PRODUCT_DEFINITION('design','',#8154,#8157);
#8154 = PRODUCT_DEFINITION_FORMATION('','',#8155);
#8155 = PRODUCT('Filler cleat','Filler cleat','',(#8156));
#8156 = PRODUCT_CONTEXT('',#2,'mechanical');
#8157 = PRODUCT_DEFINITION_CONTEXT('part definition',#2,'design');
#8158 = ADVANCED_BREP_SHAPE_REPRESENTATION('',(#11,#8159),#8309);
#8159 = MANIFOLD_SOLID_BREP('',#8160);
#8160 = CLOSED_SHELL('',(#8161,#8201,#8232,#8263,#8285,#8297));
#8161 = ADVANCED_FACE('',(#8162),#8196,.F.);
#8162 = FACE_BOUND('',#8163,.F.);
#8163 = EDGE_LOOP('',(#8164,#8174,#8182,#8190));
#8164 = ORIENTED_EDGE('',*,*,#8165,.T.);
#8165 = EDGE_CURVE('',#8166,#8168,#8170,.T.);
#8166 = VERTEX_POINT('',#8167);
#8167 = CARTESIAN_POINT('',(12.,246.,38.));
#8168 = VERTEX_POINT('',#8169);
#8169 = CARTESIAN_POINT('',(24.,246.,38.));
#8170 = LINE('',#8171,#8172);
#8171 = CARTESIAN_POINT('',(12.,246.,38.));
#8172 = VECTOR('',#8173,1.);
#8173 = DIRECTION('',(1.,0.,0.));
#8174 = ORIENTED_EDGE('',*,*,#8175,.T.);
#8175 = EDGE_CURVE('',#8168,#8176,#8178,.T.);
#8176 = VERTEX_POINT('',#8177);
#8177 = CARTESIAN_POINT('',(24.,298.,38.));
#8178 = LINE('',#8179,#8180);
#8179 = CARTESIAN_POINT('',(24.,246.,38.));
#8180 = VECTOR('',#8181,1.);
#8181 = DIRECTION('',(0.,1.,0.));
#8182 = ORIENTED_EDGE('',*,*,#8183,.F.);
#8183 = EDGE_CURVE('',#8184,#8176,#8186,.T.);
#8184 = VERTEX_POINT('',#8185);
#8185 = CARTESIAN_POINT('',(12.,298.,38.));
#8186 = LINE('',#8187,#8188);
#8187 = CARTESIAN_POINT('',(12.,298.,38.));
#8188 = VECTOR('',#8189,1.);
#8189 = DIRECTION('',(1.,0.,0.));
#8190 = ORIENTED_EDGE('',*,*,#8191,.F.);
#8191 = EDGE_CURVE('',#8166,#8184,#8192,.T.);
#8192 = LINE('',#8193,#8194);
#8193 = CARTESIAN_POINT('',(12.,246.,38.));
#8194 = VECTOR('',#8195,1.);
#8195 = DIRECTION('',(0.,1.,0.));
#8196 = PLANE('',#8197);
#8197 = AXIS2_PLACEMENT_3D('',#8198,#8199,#8200);
#8198 = CARTESIAN_POINT('',(12.,246.,38.));
#8199 = DIRECTION('',(0.,0.,1.));
#8200 = DIRECTION('',(0.,1.,0.));
#8201 = ADVANCED_FACE('',(#8202),#8227,.F.);
#8202 = FACE_BOUND('',#8203,.F.);
#8203 = EDGE_LOOP('',(#8204,#8205,#8213,#8221));
#8204 = ORIENTED_EDGE('',*,*,#8183,.T.);
#8205 = ORIENTED_EDGE('',*,*,#8206,.T.);
#8206 = EDGE_CURVE('',#8176,#8207,#8209,.T.);
#8207 = VERTEX_POINT('',#8208);
#8208 = CARTESIAN_POINT('',(24.,298.,50.));
#8209 = LINE('',#8210,#8211);
#8210 = CARTESIAN_POINT('',(24.,298.,38.));
#8211 = VECTOR('',#8212,1.);
#8212 = DIRECTION('',(0.,0.,1.));
#8213 = ORIENTED_EDGE('',*,*,#8214,.F.);
#8214 = EDGE_CURVE('',#8215,#8207,#8217,.T.);
#8215 = VERTEX_POINT('',#8216);
#8216 = CARTESIAN_POINT('',(12.,298.,50.));
#8217 = LINE('',#8218,#8219);
#8218 = CARTESIAN_POINT('',(12.,298.,50.));
#8219 = VECTOR('',#8220,1.);
#8220 = DIRECTION('',(1.,0.,0.));
#8221 = ORIENTED_EDGE('',*,*,#8222,.F.);
#8222 = EDGE_CURVE('',#8184,#8215,#8223,.T.);
#8223 = LINE('',#8224,#8225);
#8224 = CARTESIAN_POINT('',(12.,298.,38.));
#8225 = VECTOR('',#8226,1.);
#8226 = DIRECTION('',(0.,0.,1.));
#8227 = PLANE('',#8228);
#8228 = AXIS2_PLACEMENT_3D('',#8229,#8230,#8231);
#8229 = CARTESIAN_POINT('',(12.,298.,38.));
#8230 = DIRECTION('',(0.,-1.,0.));
#8231 = DIRECTION('',(0.,0.,1.));
#8232 = ADVANCED_FACE('',(#8233),#8258,.F.);
#8233 = FACE_BOUND('',#8234,.F.);
#8234 = EDGE_LOOP('',(#8235,#8236,#8244,#8252));
#8235 = ORIENTED_EDGE('',*,*,#8214,.T.);
#8236 = ORIENTED_EDGE('',*,*,#8237,.T.);
#8237 = EDGE_CURVE('',#8207,#8238,#8240,.T.);
#8238 = VERTEX_POINT('',#8239);
#8239 = CARTESIAN_POINT('',(24.,246.,50.));
#8240 = LINE('',#8241,#8242);
#8241 = CARTESIAN_POINT('',(24.,298.,50.));
#8242 = VECTOR('',#8243,1.);
#8243 = DIRECTION('',(0.,-1.,0.));
#8244 = ORIENTED_EDGE('',*,*,#8245,.F.);
#8245 = EDGE_CURVE('',#8246,#8238,#8248,.T.);
#8246 = VERTEX_POINT('',#8247);
#8247 = CARTESIAN_POINT('',(12.,246.,50.));
#8248 = LINE('',#8249,#8250);
#8249 = CARTESIAN_POINT('',(12.,246.,50.));
#8250 = VECTOR('',#8251,1.);
#8251 = DIRECTION('',(1.,0.,0.));
#8252 = ORIENTED_EDGE('',*,*,#8253,.F.);
#8253 = EDGE_CURVE('',#8215,#8246,#8254,.T.);
#8254 = LINE('',#8255,#8256);
#8255 = CARTESIAN_POINT('',(12.,298.,50.));
#8256 = VECTOR('',#8257,1.);
#8257 = DIRECTION('',(0.,-1.,0.));
#8258 = PLANE('',#8259);
#8259 = AXIS2_PLACEMENT_3D('',#8260,#8261,#8262);
#8260 = CARTESIAN_POINT('',(12.,298.,50.));
#8261 = DIRECTION('',(0.,0.,-1.));
#8262 = DIRECTION('',(0.,-1.,0.));
#8263 = ADVANCED_FACE('',(#8264),#8280,.F.);
#8264 = FACE_BOUND('',#8265,.F.);
#8265 = EDGE_LOOP('',(#8266,#8267,#8273,#8274));
#8266 = ORIENTED_EDGE('',*,*,#8245,.T.);
#8267 = ORIENTED_EDGE('',*,*,#8268,.T.);
#8268 = EDGE_CURVE('',#8238,#8168,#8269,.T.);
#8269 = LINE('',#8270,#8271);
#8270 = CARTESIAN_POINT('',(24.,246.,50.));
#8271 = VECTOR('',#8272,1.);
#8272 = DIRECTION('',(0.,0.,-1.));
#8273 = ORIENTED_EDGE('',*,*,#8165,.F.);
#8274 = ORIENTED_EDGE('',*,*,#8275,.F.);
#8275 = EDGE_CURVE('',#8246,#8166,#8276,.T.);
#8276 = LINE('',#8277,#8278);
#8277 = CARTESIAN_POINT('',(12.,246.,50.));
#8278 = VECTOR('',#8279,1.);
#8279 = DIRECTION('',(0.,0.,-1.));
#8280 = PLANE('',#8281);
#8281 = AXIS2_PLACEMENT_3D('',#8282,#8283,#8284);
#8282 = CARTESIAN_POINT('',(12.,246.,50.));
#8283 = DIRECTION('',(-0.,1.,0.));
#8284 = DIRECTION('',(0.,0.,-1.));
#8285 = ADVANCED_FACE('',(#8286),#8292,.F.);
#8286 = FACE_BOUND('',#8287,.F.);
#8287 = EDGE_LOOP('',(#8288,#8289,#8290,#8291));
#8288 = ORIENTED_EDGE('',*,*,#8191,.T.);
#8289 = ORIENTED_EDGE('',*,*,#8222,.T.);
#8290 = ORIENTED_EDGE('',*,*,#8253,.T.);
#8291 = ORIENTED_EDGE('',*,*,#8275,.T.);
#8292 = PLANE('',#8293);
#8293 = AXIS2_PLACEMENT_3D('',#8294,#8295,#8296);
#8294 = CARTESIAN_POINT('',(12.,272.,44.));
#8295 = DIRECTION('',(1.,0.,0.));
#8296 = DIRECTION('',(-0.,0.,1.));
#8297 = ADVANCED_FACE('',(#8298),#8304,.T.);
#8298 = FACE_BOUND('',#8299,.T.);
#8299 = EDGE_LOOP('',(#8300,#8301,#8302,#8303));
#8300 = ORIENTED_EDGE('',*,*,#8175,.T.);
#8301 = ORIENTED_EDGE('',*,*,#8206,.T.);
#8302 = ORIENTED_EDGE('',*,*,#8237,.T.);
#8303 = ORIENTED_EDGE('',*,*,#8268,.T.);
#8304 = PLANE('',#8305);
#8305 = AXIS2_PLACEMENT_3D('',#8306,#8307,#8308);
#8306 = CARTESIAN_POINT('',(24.,272.,44.));
#8307 = DIRECTION('',(1.,0.,0.));
#8308 = DIRECTION('',(-0.,0.,1.));
#8309 = ( GEOMETRIC_REPRESENTATION_CONTEXT(3) 
GLOBAL_UNCERTAINTY_ASSIGNED_CONTEXT((#8313)) 
GLOBAL_UNIT_ASSIGNED_CONTEXT((#8310,#8311,#8312)) REPRESENTATION_CONTEXT
('Context #1','3D Context with UNIT and UNCERTAINTY') );
#8310 = ( LENGTH_UNIT() NAMED_UNIT(*) SI_UNIT(.MILLI.,.METRE.) );
#8311 = ( NAMED_UNIT(*) PLANE_ANGLE_UNIT() SI_UNIT($,.RADIAN.) );
#8312 = ( NAMED_UNIT(*) SI_UNIT($,.STERADIAN.) SOLID_ANGLE_UNIT() );
#8313 = UNCERTAINTY_MEASURE_WITH_UNIT(LENGTH_MEASURE(1.E-07),#8310,
  'distance_accuracy_value','confusion accuracy');
#8314 = CONTEXT_DEPENDENT_SHAPE_REPRESENTATION(#8315,#8317);
#8315 = ( REPRESENTATION_RELATIONSHIP('','',#8158,#10) 
REPRESENTATION_RELATIONSHIP_WITH_TRANSFORMATION(#8316) 
SHAPE_REPRESENTATION_RELATIONSHIP() );
#8316 = ITEM_DEFINED_TRANSFORMATION('','',#11,#71);
#8317 = PRODUCT_DEFINITION_SHAPE('Placement','Placement of an item',
  #8318);
#8318 = NEXT_ASSEMBLY_USAGE_OCCURRENCE('15','Filler cleat','',#5,#8153,$
  );
#8319 = PRODUCT_RELATED_PRODUCT_CATEGORY('part',$,(#8155));
#8320 = SHAPE_DEFINITION_REPRESENTATION(#8321,#8327);
#8321 = PRODUCT_DEFINITION_SHAPE('','',#8322);
#8322 = PRODUCT_DEFINITION('design','',#8323,#8326);
#8323 = PRODUCT_DEFINITION_FORMATION('','',#8324);
#8324 = PRODUCT('Filler cleat001','Filler cleat001','',(#8325));
#8325 = PRODUCT_CONTEXT('',#2,'mechanical');
#8326 = PRODUCT_DEFINITION_CONTEXT('part definition',#2,'design');
#8327 = ADVANCED_BREP_SHAPE_REPRESENTATION('',(#11,#8328),#8478);
#8328 = MANIFOLD_SOLID_BREP('',#8329);
#8329 = CLOSED_SHELL('',(#8330,#8370,#8401,#8432,#8454,#8466));
#8330 = ADVANCED_FACE('',(#8331),#8365,.F.);
#8331 = FACE_BOUND('',#8332,.F.);
#8332 = EDGE_LOOP('',(#8333,#8343,#8351,#8359));
#8333 = ORIENTED_EDGE('',*,*,#8334,.T.);
#8334 = EDGE_CURVE('',#8335,#8337,#8339,.T.);
#8335 = VERTEX_POINT('',#8336);
#8336 = CARTESIAN_POINT('',(174.,246.,38.));
#8337 = VERTEX_POINT('',#8338);
#8338 = CARTESIAN_POINT('',(186.,246.,38.));
#8339 = LINE('',#8340,#8341);
#8340 = CARTESIAN_POINT('',(174.,246.,38.));
#8341 = VECTOR('',#8342,1.);
#8342 = DIRECTION('',(1.,0.,0.));
#8343 = ORIENTED_EDGE('',*,*,#8344,.T.);
#8344 = EDGE_CURVE('',#8337,#8345,#8347,.T.);
#8345 = VERTEX_POINT('',#8346);
#8346 = CARTESIAN_POINT('',(186.,298.,38.));
#8347 = LINE('',#8348,#8349);
#8348 = CARTESIAN_POINT('',(186.,246.,38.));
#8349 = VECTOR('',#8350,1.);
#8350 = DIRECTION('',(0.,1.,0.));
#8351 = ORIENTED_EDGE('',*,*,#8352,.F.);
#8352 = EDGE_CURVE('',#8353,#8345,#8355,.T.);
#8353 = VERTEX_POINT('',#8354);
#8354 = CARTESIAN_POINT('',(174.,298.,38.));
#8355 = LINE('',#8356,#8357);
#8356 = CARTESIAN_POINT('',(174.,298.,38.));
#8357 = VECTOR('',#8358,1.);
#8358 = DIRECTION('',(1.,0.,0.));
#8359 = ORIENTED_EDGE('',*,*,#8360,.F.);
#8360 = EDGE_CURVE('',#8335,#8353,#8361,.T.);
#8361 = LINE('',#8362,#8363);
#8362 = CARTESIAN_POINT('',(174.,246.,38.));
#8363 = VECTOR('',#8364,1.);
#8364 = DIRECTION('',(0.,1.,0.));
#8365 = PLANE('',#8366);
#8366 = AXIS2_PLACEMENT_3D('',#8367,#8368,#8369);
#8367 = CARTESIAN_POINT('',(174.,246.,38.));
#8368 = DIRECTION('',(0.,0.,1.));
#8369 = DIRECTION('',(0.,1.,0.));
#8370 = ADVANCED_FACE('',(#8371),#8396,.F.);
#8371 = FACE_BOUND('',#8372,.F.);
#8372 = EDGE_LOOP('',(#8373,#8374,#8382,#8390));
#8373 = ORIENTED_EDGE('',*,*,#8352,.T.);
#8374 = ORIENTED_EDGE('',*,*,#8375,.T.);
#8375 = EDGE_CURVE('',#8345,#8376,#8378,.T.);
#8376 = VERTEX_POINT('',#8377);
#8377 = CARTESIAN_POINT('',(186.,298.,50.));
#8378 = LINE('',#8379,#8380);
#8379 = CARTESIAN_POINT('',(186.,298.,38.));
#8380 = VECTOR('',#8381,1.);
#8381 = DIRECTION('',(0.,0.,1.));
#8382 = ORIENTED_EDGE('',*,*,#8383,.F.);
#8383 = EDGE_CURVE('',#8384,#8376,#8386,.T.);
#8384 = VERTEX_POINT('',#8385);
#8385 = CARTESIAN_POINT('',(174.,298.,50.));
#8386 = LINE('',#8387,#8388);
#8387 = CARTESIAN_POINT('',(174.,298.,50.));
#8388 = VECTOR('',#8389,1.);
#8389 = DIRECTION('',(1.,0.,0.));
#8390 = ORIENTED_EDGE('',*,*,#8391,.F.);
#8391 = EDGE_CURVE('',#8353,#8384,#8392,.T.);
#8392 = LINE('',#8393,#8394);
#8393 = CARTESIAN_POINT('',(174.,298.,38.));
#8394 = VECTOR('',#8395,1.);
#8395 = DIRECTION('',(0.,0.,1.));
#8396 = PLANE('',#8397);
#8397 = AXIS2_PLACEMENT_3D('',#8398,#8399,#8400);
#8398 = CARTESIAN_POINT('',(174.,298.,38.));
#8399 = DIRECTION('',(0.,-1.,0.));
#8400 = DIRECTION('',(0.,0.,1.));
#8401 = ADVANCED_FACE('',(#8402),#8427,.F.);
#8402 = FACE_BOUND('',#8403,.F.);
#8403 = EDGE_LOOP('',(#8404,#8405,#8413,#8421));
#8404 = ORIENTED_EDGE('',*,*,#8383,.T.);
#8405 = ORIENTED_EDGE('',*,*,#8406,.T.);
#8406 = EDGE_CURVE('',#8376,#8407,#8409,.T.);
#8407 = VERTEX_POINT('',#8408);
#8408 = CARTESIAN_POINT('',(186.,246.,50.));
#8409 = LINE('',#8410,#8411);
#8410 = CARTESIAN_POINT('',(186.,298.,50.));
#8411 = VECTOR('',#8412,1.);
#8412 = DIRECTION('',(0.,-1.,0.));
#8413 = ORIENTED_EDGE('',*,*,#8414,.F.);
#8414 = EDGE_CURVE('',#8415,#8407,#8417,.T.);
#8415 = VERTEX_POINT('',#8416);
#8416 = CARTESIAN_POINT('',(174.,246.,50.));
#8417 = LINE('',#8418,#8419);
#8418 = CARTESIAN_POINT('',(174.,246.,50.));
#8419 = VECTOR('',#8420,1.);
#8420 = DIRECTION('',(1.,0.,0.));
#8421 = ORIENTED_EDGE('',*,*,#8422,.F.);
#8422 = EDGE_CURVE('',#8384,#8415,#8423,.T.);
#8423 = LINE('',#8424,#8425);
#8424 = CARTESIAN_POINT('',(174.,298.,50.));
#8425 = VECTOR('',#8426,1.);
#8426 = DIRECTION('',(0.,-1.,0.));
#8427 = PLANE('',#8428);
#8428 = AXIS2_PLACEMENT_3D('',#8429,#8430,#8431);
#8429 = CARTESIAN_POINT('',(174.,298.,50.));
#8430 = DIRECTION('',(0.,0.,-1.));
#8431 = DIRECTION('',(0.,-1.,0.));
#8432 = ADVANCED_FACE('',(#8433),#8449,.F.);
#8433 = FACE_BOUND('',#8434,.F.);
#8434 = EDGE_LOOP('',(#8435,#8436,#8442,#8443));
#8435 = ORIENTED_EDGE('',*,*,#8414,.T.);
#8436 = ORIENTED_EDGE('',*,*,#8437,.T.);
#8437 = EDGE_CURVE('',#8407,#8337,#8438,.T.);
#8438 = LINE('',#8439,#8440);
#8439 = CARTESIAN_POINT('',(186.,246.,50.));
#8440 = VECTOR('',#8441,1.);
#8441 = DIRECTION('',(0.,0.,-1.));
#8442 = ORIENTED_EDGE('',*,*,#8334,.F.);
#8443 = ORIENTED_EDGE('',*,*,#8444,.F.);
#8444 = EDGE_CURVE('',#8415,#8335,#8445,.T.);
#8445 = LINE('',#8446,#8447);
#8446 = CARTESIAN_POINT('',(174.,246.,50.));
#8447 = VECTOR('',#8448,1.);
#8448 = DIRECTION('',(0.,0.,-1.));
#8449 = PLANE('',#8450);
#8450 = AXIS2_PLACEMENT_3D('',#8451,#8452,#8453);
#8451 = CARTESIAN_POINT('',(174.,246.,50.));
#8452 = DIRECTION('',(-0.,1.,0.));
#8453 = DIRECTION('',(0.,0.,-1.));
#8454 = ADVANCED_FACE('',(#8455),#8461,.F.);
#8455 = FACE_BOUND('',#8456,.F.);
#8456 = EDGE_LOOP('',(#8457,#8458,#8459,#8460));
#8457 = ORIENTED_EDGE('',*,*,#8360,.T.);
#8458 = ORIENTED_EDGE('',*,*,#8391,.T.);
#8459 = ORIENTED_EDGE('',*,*,#8422,.T.);
#8460 = ORIENTED_EDGE('',*,*,#8444,.T.);
#8461 = PLANE('',#8462);
#8462 = AXIS2_PLACEMENT_3D('',#8463,#8464,#8465);
#8463 = CARTESIAN_POINT('',(174.,272.,44.));
#8464 = DIRECTION('',(1.,0.,0.));
#8465 = DIRECTION('',(-0.,0.,1.));
#8466 = ADVANCED_FACE('',(#8467),#8473,.T.);
#8467 = FACE_BOUND('',#8468,.T.);
#8468 = EDGE_LOOP('',(#8469,#8470,#8471,#8472));
#8469 = ORIENTED_EDGE('',*,*,#8344,.T.);
#8470 = ORIENTED_EDGE('',*,*,#8375,.T.);
#8471 = ORIENTED_EDGE('',*,*,#8406,.T.);
#8472 = ORIENTED_EDGE('',*,*,#8437,.T.);
#8473 = PLANE('',#8474);
#8474 = AXIS2_PLACEMENT_3D('',#8475,#8476,#8477);
#8475 = CARTESIAN_POINT('',(186.,272.,44.));
#8476 = DIRECTION('',(1.,0.,0.));
#8477 = DIRECTION('',(-0.,0.,1.));
#8478 = ( GEOMETRIC_REPRESENTATION_CONTEXT(3) 
GLOBAL_UNCERTAINTY_ASSIGNED_CONTEXT((#8482)) 
GLOBAL_UNIT_ASSIGNED_CONTEXT((#8479,#8480,#8481)) REPRESENTATION_CONTEXT
('Context #1','3D Context with UNIT and UNCERTAINTY') );
#8479 = ( LENGTH_UNIT() NAMED_UNIT(*) SI_UNIT(.MILLI.,.METRE.) );
#8480 = ( NAMED_UNIT(*) PLANE_ANGLE_UNIT() SI_UNIT($,.RADIAN.) );
#8481 = ( NAMED_UNIT(*) SI_UNIT($,.STERADIAN.) SOLID_ANGLE_UNIT() );
#8482 = UNCERTAINTY_MEASURE_WITH_UNIT(LENGTH_MEASURE(1.E-07),#8479,
  'distance_accuracy_value','confusion accuracy');
#8483 = CONTEXT_DEPENDENT_SHAPE_REPRESENTATION(#8484,#8486);
#8484 = ( REPRESENTATION_RELATIONSHIP('','',#8327,#10) 
REPRESENTATION_RELATIONSHIP_WITH_TRANSFORMATION(#8485) 
SHAPE_REPRESENTATION_RELATIONSHIP() );
#8485 = ITEM_DEFINED_TRANSFORMATION('','',#11,#75);
#8486 = PRODUCT_DEFINITION_SHAPE('Placement','Placement of an item',
  #8487);
#8487 = NEXT_ASSEMBLY_USAGE_OCCURRENCE('16','Filler cleat001','',#5,
  #8322,$);
#8488 = PRODUCT_RELATED_PRODUCT_CATEGORY('part',$,(#8324));
#8489 = SHAPE_DEFINITION_REPRESENTATION(#8490,#8496);
#8490 = PRODUCT_DEFINITION_SHAPE('','',#8491);
#8491 = PRODUCT_DEFINITION('design','',#8492,#8495);
#8492 = PRODUCT_DEFINITION_FORMATION('','',#8493);
#8493 = PRODUCT('Lid top','Lid top','',(#8494));
#8494 = PRODUCT_CONTEXT('',#2,'mechanical');
#8495 = PRODUCT_DEFINITION_CONTEXT('part definition',#2,'design');
#8496 = ADVANCED_BREP_SHAPE_REPRESENTATION('',(#11,#8497),#8647);
#8497 = MANIFOLD_SOLID_BREP('',#8498);
#8498 = CLOSED_SHELL('',(#8499,#8539,#8570,#8601,#8623,#8635));
#8499 = ADVANCED_FACE('',(#8500),#8534,.F.);
#8500 = FACE_BOUND('',#8501,.F.);
#8501 = EDGE_LOOP('',(#8502,#8512,#8520,#8528));
#8502 = ORIENTED_EDGE('',*,*,#8503,.T.);
#8503 = EDGE_CURVE('',#8504,#8506,#8508,.T.);
#8504 = VERTEX_POINT('',#8505);
#8505 = CARTESIAN_POINT('',(0.,0.,89.));
#8506 = VERTEX_POINT('',#8507);
#8507 = CARTESIAN_POINT('',(0.,0.,95.));
#8508 = LINE('',#8509,#8510);
#8509 = CARTESIAN_POINT('',(0.,0.,89.));
#8510 = VECTOR('',#8511,1.);
#8511 = DIRECTION('',(0.,0.,1.));
#8512 = ORIENTED_EDGE('',*,*,#8513,.T.);
#8513 = EDGE_CURVE('',#8506,#8514,#8516,.T.);
#8514 = VERTEX_POINT('',#8515);
#8515 = CARTESIAN_POINT('',(911.,0.,95.));
#8516 = LINE('',#8517,#8518);
#8517 = CARTESIAN_POINT('',(0.,0.,95.));
#8518 = VECTOR('',#8519,1.);
#8519 = DIRECTION('',(1.,0.,0.));
#8520 = ORIENTED_EDGE('',*,*,#8521,.F.);
#8521 = EDGE_CURVE('',#8522,#8514,#8524,.T.);
#8522 = VERTEX_POINT('',#8523);
#8523 = CARTESIAN_POINT('',(911.,0.,89.));
#8524 = LINE('',#8525,#8526);
#8525 = CARTESIAN_POINT('',(911.,0.,89.));
#8526 = VECTOR('',#8527,1.);
#8527 = DIRECTION('',(0.,0.,1.));
#8528 = ORIENTED_EDGE('',*,*,#8529,.F.);
#8529 = EDGE_CURVE('',#8504,#8522,#8530,.T.);
#8530 = LINE('',#8531,#8532);
#8531 = CARTESIAN_POINT('',(0.,0.,89.));
#8532 = VECTOR('',#8533,1.);
#8533 = DIRECTION('',(1.,0.,0.));
#8534 = PLANE('',#8535);
#8535 = AXIS2_PLACEMENT_3D('',#8536,#8537,#8538);
#8536 = CARTESIAN_POINT('',(0.,0.,89.));
#8537 = DIRECTION('',(0.,1.,0.));
#8538 = DIRECTION('',(1.,0.,0.));
#8539 = ADVANCED_FACE('',(#8540),#8565,.F.);
#8540 = FACE_BOUND('',#8541,.F.);
#8541 = EDGE_LOOP('',(#8542,#8543,#8551,#8559));
#8542 = ORIENTED_EDGE('',*,*,#8521,.T.);
#8543 = ORIENTED_EDGE('',*,*,#8544,.T.);
#8544 = EDGE_CURVE('',#8514,#8545,#8547,.T.);
#8545 = VERTEX_POINT('',#8546);
#8546 = CARTESIAN_POINT('',(911.,310.,95.));
#8547 = LINE('',#8548,#8549);
#8548 = CARTESIAN_POINT('',(911.,0.,95.));
#8549 = VECTOR('',#8550,1.);
#8550 = DIRECTION('',(0.,1.,0.));
#8551 = ORIENTED_EDGE('',*,*,#8552,.F.);
#8552 = EDGE_CURVE('',#8553,#8545,#8555,.T.);
#8553 = VERTEX_POINT('',#8554);
#8554 = CARTESIAN_POINT('',(911.,310.,89.));
#8555 = LINE('',#8556,#8557);
#8556 = CARTESIAN_POINT('',(911.,310.,89.));
#8557 = VECTOR('',#8558,1.);
#8558 = DIRECTION('',(0.,0.,1.));
#8559 = ORIENTED_EDGE('',*,*,#8560,.F.);
#8560 = EDGE_CURVE('',#8522,#8553,#8561,.T.);
#8561 = LINE('',#8562,#8563);
#8562 = CARTESIAN_POINT('',(911.,0.,89.));
#8563 = VECTOR('',#8564,1.);
#8564 = DIRECTION('',(0.,1.,0.));
#8565 = PLANE('',#8566);
#8566 = AXIS2_PLACEMENT_3D('',#8567,#8568,#8569);
#8567 = CARTESIAN_POINT('',(911.,0.,89.));
#8568 = DIRECTION('',(-1.,0.,0.));
#8569 = DIRECTION('',(0.,1.,0.));
#8570 = ADVANCED_FACE('',(#8571),#8596,.F.);
#8571 = FACE_BOUND('',#8572,.F.);
#8572 = EDGE_LOOP('',(#8573,#8574,#8582,#8590));
#8573 = ORIENTED_EDGE('',*,*,#8552,.T.);
#8574 = ORIENTED_EDGE('',*,*,#8575,.T.);
#8575 = EDGE_CURVE('',#8545,#8576,#8578,.T.);
#8576 = VERTEX_POINT('',#8577);
#8577 = CARTESIAN_POINT('',(0.,310.,95.));
#8578 = LINE('',#8579,#8580);
#8579 = CARTESIAN_POINT('',(911.,310.,95.));
#8580 = VECTOR('',#8581,1.);
#8581 = DIRECTION('',(-1.,0.,0.));
#8582 = ORIENTED_EDGE('',*,*,#8583,.F.);
#8583 = EDGE_CURVE('',#8584,#8576,#8586,.T.);
#8584 = VERTEX_POINT('',#8585);
#8585 = CARTESIAN_POINT('',(0.,310.,89.));
#8586 = LINE('',#8587,#8588);
#8587 = CARTESIAN_POINT('',(0.,310.,89.));
#8588 = VECTOR('',#8589,1.);
#8589 = DIRECTION('',(0.,0.,1.));
#8590 = ORIENTED_EDGE('',*,*,#8591,.F.);
#8591 = EDGE_CURVE('',#8553,#8584,#8592,.T.);
#8592 = LINE('',#8593,#8594);
#8593 = CARTESIAN_POINT('',(911.,310.,89.));
#8594 = VECTOR('',#8595,1.);
#8595 = DIRECTION('',(-1.,0.,0.));
#8596 = PLANE('',#8597);
#8597 = AXIS2_PLACEMENT_3D('',#8598,#8599,#8600);
#8598 = CARTESIAN_POINT('',(911.,310.,89.));
#8599 = DIRECTION('',(0.,-1.,0.));
#8600 = DIRECTION('',(-1.,0.,0.));
#8601 = ADVANCED_FACE('',(#8602),#8618,.F.);
#8602 = FACE_BOUND('',#8603,.F.);
#8603 = EDGE_LOOP('',(#8604,#8605,#8611,#8612));
#8604 = ORIENTED_EDGE('',*,*,#8583,.T.);
#8605 = ORIENTED_EDGE('',*,*,#8606,.T.);
#8606 = EDGE_CURVE('',#8576,#8506,#8607,.T.);
#8607 = LINE('',#8608,#8609);
#8608 = CARTESIAN_POINT('',(0.,310.,95.));
#8609 = VECTOR('',#8610,1.);
#8610 = DIRECTION('',(0.,-1.,0.));
#8611 = ORIENTED_EDGE('',*,*,#8503,.F.);
#8612 = ORIENTED_EDGE('',*,*,#8613,.F.);
#8613 = EDGE_CURVE('',#8584,#8504,#8614,.T.);
#8614 = LINE('',#8615,#8616);
#8615 = CARTESIAN_POINT('',(0.,310.,89.));
#8616 = VECTOR('',#8617,1.);
#8617 = DIRECTION('',(0.,-1.,0.));
#8618 = PLANE('',#8619);
#8619 = AXIS2_PLACEMENT_3D('',#8620,#8621,#8622);
#8620 = CARTESIAN_POINT('',(0.,310.,89.));
#8621 = DIRECTION('',(1.,0.,-0.));
#8622 = DIRECTION('',(0.,-1.,0.));
#8623 = ADVANCED_FACE('',(#8624),#8630,.F.);
#8624 = FACE_BOUND('',#8625,.F.);
#8625 = EDGE_LOOP('',(#8626,#8627,#8628,#8629));
#8626 = ORIENTED_EDGE('',*,*,#8529,.T.);
#8627 = ORIENTED_EDGE('',*,*,#8560,.T.);
#8628 = ORIENTED_EDGE('',*,*,#8591,.T.);
#8629 = ORIENTED_EDGE('',*,*,#8613,.T.);
#8630 = PLANE('',#8631);
#8631 = AXIS2_PLACEMENT_3D('',#8632,#8633,#8634);
#8632 = CARTESIAN_POINT('',(455.5,155.,89.));
#8633 = DIRECTION('',(0.,0.,1.));
#8634 = DIRECTION('',(1.,0.,-0.));
#8635 = ADVANCED_FACE('',(#8636),#8642,.T.);
#8636 = FACE_BOUND('',#8637,.T.);
#8637 = EDGE_LOOP('',(#8638,#8639,#8640,#8641));
#8638 = ORIENTED_EDGE('',*,*,#8513,.T.);
#8639 = ORIENTED_EDGE('',*,*,#8544,.T.);
#8640 = ORIENTED_EDGE('',*,*,#8575,.T.);
#8641 = ORIENTED_EDGE('',*,*,#8606,.T.);
#8642 = PLANE('',#8643);
#8643 = AXIS2_PLACEMENT_3D('',#8644,#8645,#8646);
#8644 = CARTESIAN_POINT('',(455.5,155.,95.));
#8645 = DIRECTION('',(0.,0.,1.));
#8646 = DIRECTION('',(1.,0.,-0.));
#8647 = ( GEOMETRIC_REPRESENTATION_CONTEXT(3) 
GLOBAL_UNCERTAINTY_ASSIGNED_CONTEXT((#8651)) 
GLOBAL_UNIT_ASSIGNED_CONTEXT((#8648,#8649,#8650)) REPRESENTATION_CONTEXT
('Context #1','3D Context with UNIT and UNCERTAINTY') );
#8648 = ( LENGTH_UNIT() NAMED_UNIT(*) SI_UNIT(.MILLI.,.METRE.) );
#8649 = ( NAMED_UNIT(*) PLANE_ANGLE_UNIT() SI_UNIT($,.RADIAN.) );
#8650 = ( NAMED_UNIT(*) SI_UNIT($,.STERADIAN.) SOLID_ANGLE_UNIT() );
#8651 = UNCERTAINTY_MEASURE_WITH_UNIT(LENGTH_MEASURE(1.E-07),#8648,
  'distance_accuracy_value','confusion accuracy');
#8652 = CONTEXT_DEPENDENT_SHAPE_REPRESENTATION(#8653,#8655);
#8653 = ( REPRESENTATION_RELATIONSHIP('','',#8496,#10) 
REPRESENTATION_RELATIONSHIP_WITH_TRANSFORMATION(#8654) 
SHAPE_REPRESENTATION_RELATIONSHIP() );
#8654 = ITEM_DEFINED_TRANSFORMATION('','',#11,#79);
#8655 = PRODUCT_DEFINITION_SHAPE('Placement','Placement of an item',
  #8656);
#8656 = NEXT_ASSEMBLY_USAGE_OCCURRENCE('17','Lid top','',#5,#8491,$);
#8657 = PRODUCT_RELATED_PRODUCT_CATEGORY('part',$,(#8493));
#8658 = SHAPE_DEFINITION_REPRESENTATION(#8659,#8665);
#8659 = PRODUCT_DEFINITION_SHAPE('','',#8660);
#8660 = PRODUCT_DEFINITION('design','',#8661,#8664);
#8661 = PRODUCT_DEFINITION_FORMATION('','',#8662);
#8662 = PRODUCT('Lid front/rear','Lid front/rear','',(#8663));
#8663 = PRODUCT_CONTEXT('',#2,'mechanical');
#8664 = PRODUCT_DEFINITION_CONTEXT('part definition',#2,'design');
#8665 = ADVANCED_BREP_SHAPE_REPRESENTATION('',(#11,#8666),#8816);
#8666 = MANIFOLD_SOLID_BREP('',#8667);
#8667 = CLOSED_SHELL('',(#8668,#8708,#8739,#8770,#8792,#8804));
#8668 = ADVANCED_FACE('',(#8669),#8703,.F.);
#8669 = FACE_BOUND('',#8670,.F.);
#8670 = EDGE_LOOP('',(#8671,#8681,#8689,#8697));
#8671 = ORIENTED_EDGE('',*,*,#8672,.T.);
#8672 = EDGE_CURVE('',#8673,#8675,#8677,.T.);
#8673 = VERTEX_POINT('',#8674);
#8674 = CARTESIAN_POINT('',(0.,9.,59.));
#8675 = VERTEX_POINT('',#8676);
#8676 = CARTESIAN_POINT('',(0.,0.,59.));
#8677 = LINE('',#8678,#8679);
#8678 = CARTESIAN_POINT('',(0.,9.,59.));
#8679 = VECTOR('',#8680,1.);
#8680 = DIRECTION('',(0.,-1.,0.));
#8681 = ORIENTED_EDGE('',*,*,#8682,.T.);
#8682 = EDGE_CURVE('',#8675,#8683,#8685,.T.);
#8683 = VERTEX_POINT('',#8684);
#8684 = CARTESIAN_POINT('',(911.,0.,59.));
#8685 = LINE('',#8686,#8687);
#8686 = CARTESIAN_POINT('',(0.,0.,59.));
#8687 = VECTOR('',#8688,1.);
#8688 = DIRECTION('',(1.,0.,0.));
#8689 = ORIENTED_EDGE('',*,*,#8690,.F.);
#8690 = EDGE_CURVE('',#8691,#8683,#8693,.T.);
#8691 = VERTEX_POINT('',#8692);
#8692 = CARTESIAN_POINT('',(911.,9.,59.));
#8693 = LINE('',#8694,#8695);
#8694 = CARTESIAN_POINT('',(911.,9.,59.));
#8695 = VECTOR('',#8696,1.);
#8696 = DIRECTION('',(0.,-1.,0.));
#8697 = ORIENTED_EDGE('',*,*,#8698,.F.);
#8698 = EDGE_CURVE('',#8673,#8691,#8699,.T.);
#8699 = LINE('',#8700,#8701);
#8700 = CARTESIAN_POINT('',(0.,9.,59.));
#8701 = VECTOR('',#8702,1.);
#8702 = DIRECTION('',(1.,0.,0.));
#8703 = PLANE('',#8704);
#8704 = AXIS2_PLACEMENT_3D('',#8705,#8706,#8707);
#8705 = CARTESIAN_POINT('',(0.,9.,59.));
#8706 = DIRECTION('',(-0.,0.,1.));
#8707 = DIRECTION('',(1.,0.,0.));
#8708 = ADVANCED_FACE('',(#8709),#8734,.F.);
#8709 = FACE_BOUND('',#8710,.F.);
#8710 = EDGE_LOOP('',(#8711,#8712,#8720,#8728));
#8711 = ORIENTED_EDGE('',*,*,#8690,.T.);
#8712 = ORIENTED_EDGE('',*,*,#8713,.T.);
#8713 = EDGE_CURVE('',#8683,#8714,#8716,.T.);
#8714 = VERTEX_POINT('',#8715);
#8715 = CARTESIAN_POINT('',(911.,0.,89.));
#8716 = LINE('',#8717,#8718);
#8717 = CARTESIAN_POINT('',(911.,0.,59.));
#8718 = VECTOR('',#8719,1.);
#8719 = DIRECTION('',(0.,0.,1.));
#8720 = ORIENTED_EDGE('',*,*,#8721,.F.);
#8721 = EDGE_CURVE('',#8722,#8714,#8724,.T.);
#8722 = VERTEX_POINT('',#8723);
#8723 = CARTESIAN_POINT('',(911.,9.,89.));
#8724 = LINE('',#8725,#8726);
#8725 = CARTESIAN_POINT('',(911.,9.,89.));
#8726 = VECTOR('',#8727,1.);
#8727 = DIRECTION('',(0.,-1.,0.));
#8728 = ORIENTED_EDGE('',*,*,#8729,.F.);
#8729 = EDGE_CURVE('',#8691,#8722,#8730,.T.);
#8730 = LINE('',#8731,#8732);
#8731 = CARTESIAN_POINT('',(911.,9.,59.));
#8732 = VECTOR('',#8733,1.);
#8733 = DIRECTION('',(0.,0.,1.));
#8734 = PLANE('',#8735);
#8735 = AXIS2_PLACEMENT_3D('',#8736,#8737,#8738);
#8736 = CARTESIAN_POINT('',(911.,9.,59.));
#8737 = DIRECTION('',(-1.,0.,0.));
#8738 = DIRECTION('',(0.,0.,1.));
#8739 = ADVANCED_FACE('',(#8740),#8765,.F.);
#8740 = FACE_BOUND('',#8741,.F.);
#8741 = EDGE_LOOP('',(#8742,#8743,#8751,#8759));
#8742 = ORIENTED_EDGE('',*,*,#8721,.T.);
#8743 = ORIENTED_EDGE('',*,*,#8744,.T.);
#8744 = EDGE_CURVE('',#8714,#8745,#8747,.T.);
#8745 = VERTEX_POINT('',#8746);
#8746 = CARTESIAN_POINT('',(0.,0.,89.));
#8747 = LINE('',#8748,#8749);
#8748 = CARTESIAN_POINT('',(911.,0.,89.));
#8749 = VECTOR('',#8750,1.);
#8750 = DIRECTION('',(-1.,0.,0.));
#8751 = ORIENTED_EDGE('',*,*,#8752,.F.);
#8752 = EDGE_CURVE('',#8753,#8745,#8755,.T.);
#8753 = VERTEX_POINT('',#8754);
#8754 = CARTESIAN_POINT('',(0.,9.,89.));
#8755 = LINE('',#8756,#8757);
#8756 = CARTESIAN_POINT('',(0.,9.,89.));
#8757 = VECTOR('',#8758,1.);
#8758 = DIRECTION('',(0.,-1.,0.));
#8759 = ORIENTED_EDGE('',*,*,#8760,.F.);
#8760 = EDGE_CURVE('',#8722,#8753,#8761,.T.);
#8761 = LINE('',#8762,#8763);
#8762 = CARTESIAN_POINT('',(911.,9.,89.));
#8763 = VECTOR('',#8764,1.);
#8764 = DIRECTION('',(-1.,0.,0.));
#8765 = PLANE('',#8766);
#8766 = AXIS2_PLACEMENT_3D('',#8767,#8768,#8769);
#8767 = CARTESIAN_POINT('',(911.,9.,89.));
#8768 = DIRECTION('',(-0.,-0.,-1.));
#8769 = DIRECTION('',(-1.,0.,0.));
#8770 = ADVANCED_FACE('',(#8771),#8787,.F.);
#8771 = FACE_BOUND('',#8772,.F.);
#8772 = EDGE_LOOP('',(#8773,#8774,#8780,#8781));
#8773 = ORIENTED_EDGE('',*,*,#8752,.T.);
#8774 = ORIENTED_EDGE('',*,*,#8775,.T.);
#8775 = EDGE_CURVE('',#8745,#8675,#8776,.T.);
#8776 = LINE('',#8777,#8778);
#8777 = CARTESIAN_POINT('',(0.,0.,89.));
#8778 = VECTOR('',#8779,1.);
#8779 = DIRECTION('',(0.,0.,-1.));
#8780 = ORIENTED_EDGE('',*,*,#8672,.F.);
#8781 = ORIENTED_EDGE('',*,*,#8782,.F.);
#8782 = EDGE_CURVE('',#8753,#8673,#8783,.T.);
#8783 = LINE('',#8784,#8785);
#8784 = CARTESIAN_POINT('',(0.,9.,89.));
#8785 = VECTOR('',#8786,1.);
#8786 = DIRECTION('',(0.,0.,-1.));
#8787 = PLANE('',#8788);
#8788 = AXIS2_PLACEMENT_3D('',#8789,#8790,#8791);
#8789 = CARTESIAN_POINT('',(0.,9.,89.));
#8790 = DIRECTION('',(1.,0.,0.));
#8791 = DIRECTION('',(0.,0.,-1.));
#8792 = ADVANCED_FACE('',(#8793),#8799,.F.);
#8793 = FACE_BOUND('',#8794,.F.);
#8794 = EDGE_LOOP('',(#8795,#8796,#8797,#8798));
#8795 = ORIENTED_EDGE('',*,*,#8698,.T.);
#8796 = ORIENTED_EDGE('',*,*,#8729,.T.);
#8797 = ORIENTED_EDGE('',*,*,#8760,.T.);
#8798 = ORIENTED_EDGE('',*,*,#8782,.T.);
#8799 = PLANE('',#8800);
#8800 = AXIS2_PLACEMENT_3D('',#8801,#8802,#8803);
#8801 = CARTESIAN_POINT('',(455.5,9.,74.));
#8802 = DIRECTION('',(-0.,-1.,-0.));
#8803 = DIRECTION('',(0.,0.,-1.));
#8804 = ADVANCED_FACE('',(#8805),#8811,.T.);
#8805 = FACE_BOUND('',#8806,.T.);
#8806 = EDGE_LOOP('',(#8807,#8808,#8809,#8810));
#8807 = ORIENTED_EDGE('',*,*,#8682,.T.);
#8808 = ORIENTED_EDGE('',*,*,#8713,.T.);
#8809 = ORIENTED_EDGE('',*,*,#8744,.T.);
#8810 = ORIENTED_EDGE('',*,*,#8775,.T.);
#8811 = PLANE('',#8812);
#8812 = AXIS2_PLACEMENT_3D('',#8813,#8814,#8815);
#8813 = CARTESIAN_POINT('',(455.5,0.,74.));
#8814 = DIRECTION('',(-0.,-1.,-0.));
#8815 = DIRECTION('',(0.,0.,-1.));
#8816 = ( GEOMETRIC_REPRESENTATION_CONTEXT(3) 
GLOBAL_UNCERTAINTY_ASSIGNED_CONTEXT((#8820)) 
GLOBAL_UNIT_ASSIGNED_CONTEXT((#8817,#8818,#8819)) REPRESENTATION_CONTEXT
('Context #1','3D Context with UNIT and UNCERTAINTY') );
#8817 = ( LENGTH_UNIT() NAMED_UNIT(*) SI_UNIT(.MILLI.,.METRE.) );
#8818 = ( NAMED_UNIT(*) PLANE_ANGLE_UNIT() SI_UNIT($,.RADIAN.) );
#8819 = ( NAMED_UNIT(*) SI_UNIT($,.STERADIAN.) SOLID_ANGLE_UNIT() );
#8820 = UNCERTAINTY_MEASURE_WITH_UNIT(LENGTH_MEASURE(1.E-07),#8817,
  'distance_accuracy_value','confusion accuracy');
#8821 = CONTEXT_DEPENDENT_SHAPE_REPRESENTATION(#8822,#8824);
#8822 = ( REPRESENTATION_RELATIONSHIP('','',#8665,#10) 
REPRESENTATION_RELATIONSHIP_WITH_TRANSFORMATION(#8823) 
SHAPE_REPRESENTATION_RELATIONSHIP() );
#8823 = ITEM_DEFINED_TRANSFORMATION('','',#11,#83);
#8824 = PRODUCT_DEFINITION_SHAPE('Placement','Placement of an item',
  #8825);
#8825 = NEXT_ASSEMBLY_USAGE_OCCURRENCE('18','Lid front/rear','',#5,#8660
  ,$);
#8826 = PRODUCT_RELATED_PRODUCT_CATEGORY('part',$,(#8662));
#8827 = SHAPE_DEFINITION_REPRESENTATION(#8828,#8834);
#8828 = PRODUCT_DEFINITION_SHAPE('','',#8829);
#8829 = PRODUCT_DEFINITION('design','',#8830,#8833);
#8830 = PRODUCT_DEFINITION_FORMATION('','',#8831);
#8831 = PRODUCT('Lid front/rear001','Lid front/rear001','',(#8832));
#8832 = PRODUCT_CONTEXT('',#2,'mechanical');
#8833 = PRODUCT_DEFINITION_CONTEXT('part definition',#2,'design');
#8834 = ADVANCED_BREP_SHAPE_REPRESENTATION('',(#11,#8835),#8985);
#8835 = MANIFOLD_SOLID_BREP('',#8836);
#8836 = CLOSED_SHELL('',(#8837,#8877,#8908,#8939,#8961,#8973));
#8837 = ADVANCED_FACE('',(#8838),#8872,.F.);
#8838 = FACE_BOUND('',#8839,.F.);
#8839 = EDGE_LOOP('',(#8840,#8850,#8858,#8866));
#8840 = ORIENTED_EDGE('',*,*,#8841,.T.);
#8841 = EDGE_CURVE('',#8842,#8844,#8846,.T.);
#8842 = VERTEX_POINT('',#8843);
#8843 = CARTESIAN_POINT('',(0.,310.,59.));
#8844 = VERTEX_POINT('',#8845);
#8845 = CARTESIAN_POINT('',(0.,301.,59.));
#8846 = LINE('',#8847,#8848);
#8847 = CARTESIAN_POINT('',(0.,310.,59.));
#8848 = VECTOR('',#8849,1.);
#8849 = DIRECTION('',(0.,-1.,0.));
#8850 = ORIENTED_EDGE('',*,*,#8851,.T.);
#8851 = EDGE_CURVE('',#8844,#8852,#8854,.T.);
#8852 = VERTEX_POINT('',#8853);
#8853 = CARTESIAN_POINT('',(911.,301.,59.));
#8854 = LINE('',#8855,#8856);
#8855 = CARTESIAN_POINT('',(0.,301.,59.));
#8856 = VECTOR('',#8857,1.);
#8857 = DIRECTION('',(1.,0.,0.));
#8858 = ORIENTED_EDGE('',*,*,#8859,.F.);
#8859 = EDGE_CURVE('',#8860,#8852,#8862,.T.);
#8860 = VERTEX_POINT('',#8861);
#8861 = CARTESIAN_POINT('',(911.,310.,59.));
#8862 = LINE('',#8863,#8864);
#8863 = CARTESIAN_POINT('',(911.,310.,59.));
#8864 = VECTOR('',#8865,1.);
#8865 = DIRECTION('',(0.,-1.,0.));
#8866 = ORIENTED_EDGE('',*,*,#8867,.F.);
#8867 = EDGE_CURVE('',#8842,#8860,#8868,.T.);
#8868 = LINE('',#8869,#8870);
#8869 = CARTESIAN_POINT('',(0.,310.,59.));
#8870 = VECTOR('',#8871,1.);
#8871 = DIRECTION('',(1.,0.,0.));
#8872 = PLANE('',#8873);
#8873 = AXIS2_PLACEMENT_3D('',#8874,#8875,#8876);
#8874 = CARTESIAN_POINT('',(0.,310.,59.));
#8875 = DIRECTION('',(-0.,0.,1.));
#8876 = DIRECTION('',(1.,0.,0.));
#8877 = ADVANCED_FACE('',(#8878),#8903,.F.);
#8878 = FACE_BOUND('',#8879,.F.);
#8879 = EDGE_LOOP('',(#8880,#8881,#8889,#8897));
#8880 = ORIENTED_EDGE('',*,*,#8859,.T.);
#8881 = ORIENTED_EDGE('',*,*,#8882,.T.);
#8882 = EDGE_CURVE('',#8852,#8883,#8885,.T.);
#8883 = VERTEX_POINT('',#8884);
#8884 = CARTESIAN_POINT('',(911.,301.,89.));
#8885 = LINE('',#8886,#8887);
#8886 = CARTESIAN_POINT('',(911.,301.,59.));
#8887 = VECTOR('',#8888,1.);
#8888 = DIRECTION('',(0.,0.,1.));
#8889 = ORIENTED_EDGE('',*,*,#8890,.F.);
#8890 = EDGE_CURVE('',#8891,#8883,#8893,.T.);
#8891 = VERTEX_POINT('',#8892);
#8892 = CARTESIAN_POINT('',(911.,310.,89.));
#8893 = LINE('',#8894,#8895);
#8894 = CARTESIAN_POINT('',(911.,310.,89.));
#8895 = VECTOR('',#8896,1.);
#8896 = DIRECTION('',(0.,-1.,0.));
#8897 = ORIENTED_EDGE('',*,*,#8898,.F.);
#8898 = EDGE_CURVE('',#8860,#8891,#8899,.T.);
#8899 = LINE('',#8900,#8901);
#8900 = CARTESIAN_POINT('',(911.,310.,59.));
#8901 = VECTOR('',#8902,1.);
#8902 = DIRECTION('',(0.,0.,1.));
#8903 = PLANE('',#8904);
#8904 = AXIS2_PLACEMENT_3D('',#8905,#8906,#8907);
#8905 = CARTESIAN_POINT('',(911.,310.,59.));
#8906 = DIRECTION('',(-1.,0.,0.));
#8907 = DIRECTION('',(0.,0.,1.));
#8908 = ADVANCED_FACE('',(#8909),#8934,.F.);
#8909 = FACE_BOUND('',#8910,.F.);
#8910 = EDGE_LOOP('',(#8911,#8912,#8920,#8928));
#8911 = ORIENTED_EDGE('',*,*,#8890,.T.);
#8912 = ORIENTED_EDGE('',*,*,#8913,.T.);
#8913 = EDGE_CURVE('',#8883,#8914,#8916,.T.);
#8914 = VERTEX_POINT('',#8915);
#8915 = CARTESIAN_POINT('',(0.,301.,89.));
#8916 = LINE('',#8917,#8918);
#8917 = CARTESIAN_POINT('',(911.,301.,89.));
#8918 = VECTOR('',#8919,1.);
#8919 = DIRECTION('',(-1.,0.,0.));
#8920 = ORIENTED_EDGE('',*,*,#8921,.F.);
#8921 = EDGE_CURVE('',#8922,#8914,#8924,.T.);
#8922 = VERTEX_POINT('',#8923);
#8923 = CARTESIAN_POINT('',(0.,310.,89.));
#8924 = LINE('',#8925,#8926);
#8925 = CARTESIAN_POINT('',(0.,310.,89.));
#8926 = VECTOR('',#8927,1.);
#8927 = DIRECTION('',(0.,-1.,0.));
#8928 = ORIENTED_EDGE('',*,*,#8929,.F.);
#8929 = EDGE_CURVE('',#8891,#8922,#8930,.T.);
#8930 = LINE('',#8931,#8932);
#8931 = CARTESIAN_POINT('',(911.,310.,89.));
#8932 = VECTOR('',#8933,1.);
#8933 = DIRECTION('',(-1.,0.,0.));
#8934 = PLANE('',#8935);
#8935 = AXIS2_PLACEMENT_3D('',#8936,#8937,#8938);
#8936 = CARTESIAN_POINT('',(911.,310.,89.));
#8937 = DIRECTION('',(-0.,-0.,-1.));
#8938 = DIRECTION('',(-1.,0.,0.));
#8939 = ADVANCED_FACE('',(#8940),#8956,.F.);
#8940 = FACE_BOUND('',#8941,.F.);
#8941 = EDGE_LOOP('',(#8942,#8943,#8949,#8950));
#8942 = ORIENTED_EDGE('',*,*,#8921,.T.);
#8943 = ORIENTED_EDGE('',*,*,#8944,.T.);
#8944 = EDGE_CURVE('',#8914,#8844,#8945,.T.);
#8945 = LINE('',#8946,#8947);
#8946 = CARTESIAN_POINT('',(0.,301.,89.));
#8947 = VECTOR('',#8948,1.);
#8948 = DIRECTION('',(0.,0.,-1.));
#8949 = ORIENTED_EDGE('',*,*,#8841,.F.);
#8950 = ORIENTED_EDGE('',*,*,#8951,.F.);
#8951 = EDGE_CURVE('',#8922,#8842,#8952,.T.);
#8952 = LINE('',#8953,#8954);
#8953 = CARTESIAN_POINT('',(0.,310.,89.));
#8954 = VECTOR('',#8955,1.);
#8955 = DIRECTION('',(0.,0.,-1.));
#8956 = PLANE('',#8957);
#8957 = AXIS2_PLACEMENT_3D('',#8958,#8959,#8960);
#8958 = CARTESIAN_POINT('',(0.,310.,89.));
#8959 = DIRECTION('',(1.,0.,0.));
#8960 = DIRECTION('',(0.,0.,-1.));
#8961 = ADVANCED_FACE('',(#8962),#8968,.F.);
#8962 = FACE_BOUND('',#8963,.F.);
#8963 = EDGE_LOOP('',(#8964,#8965,#8966,#8967));
#8964 = ORIENTED_EDGE('',*,*,#8867,.T.);
#8965 = ORIENTED_EDGE('',*,*,#8898,.T.);
#8966 = ORIENTED_EDGE('',*,*,#8929,.T.);
#8967 = ORIENTED_EDGE('',*,*,#8951,.T.);
#8968 = PLANE('',#8969);
#8969 = AXIS2_PLACEMENT_3D('',#8970,#8971,#8972);
#8970 = CARTESIAN_POINT('',(455.5,310.,74.));
#8971 = DIRECTION('',(-0.,-1.,-0.));
#8972 = DIRECTION('',(0.,0.,-1.));
#8973 = ADVANCED_FACE('',(#8974),#8980,.T.);
#8974 = FACE_BOUND('',#8975,.T.);
#8975 = EDGE_LOOP('',(#8976,#8977,#8978,#8979));
#8976 = ORIENTED_EDGE('',*,*,#8851,.T.);
#8977 = ORIENTED_EDGE('',*,*,#8882,.T.);
#8978 = ORIENTED_EDGE('',*,*,#8913,.T.);
#8979 = ORIENTED_EDGE('',*,*,#8944,.T.);
#8980 = PLANE('',#8981);
#8981 = AXIS2_PLACEMENT_3D('',#8982,#8983,#8984);
#8982 = CARTESIAN_POINT('',(455.5,301.,74.));
#8983 = DIRECTION('',(-0.,-1.,-0.));
#8984 = DIRECTION('',(0.,0.,-1.));
#8985 = ( GEOMETRIC_REPRESENTATION_CONTEXT(3) 
GLOBAL_UNCERTAINTY_ASSIGNED_CONTEXT((#8989)) 
GLOBAL_UNIT_ASSIGNED_CONTEXT((#8986,#8987,#8988)) REPRESENTATION_CONTEXT
('Context #1','3D Context with UNIT and UNCERTAINTY') );
#8986 = ( LENGTH_UNIT() NAMED_UNIT(*) SI_UNIT(.MILLI.,.METRE.) );
#8987 = ( NAMED_UNIT(*) PLANE_ANGLE_UNIT() SI_UNIT($,.RADIAN.) );
#8988 = ( NAMED_UNIT(*) SI_UNIT($,.STERADIAN.) SOLID_ANGLE_UNIT() );
#8989 = UNCERTAINTY_MEASURE_WITH_UNIT(LENGTH_MEASURE(1.E-07),#8986,
  'distance_accuracy_value','confusion accuracy');
#8990 = CONTEXT_DEPENDENT_SHAPE_REPRESENTATION(#8991,#8993);
#8991 = ( REPRESENTATION_RELATIONSHIP('','',#8834,#10) 
REPRESENTATION_RELATIONSHIP_WITH_TRANSFORMATION(#8992) 
SHAPE_REPRESENTATION_RELATIONSHIP() );
#8992 = ITEM_DEFINED_TRANSFORMATION('','',#11,#87);
#8993 = PRODUCT_DEFINITION_SHAPE('Placement','Placement of an item',
  #8994);
#8994 = NEXT_ASSEMBLY_USAGE_OCCURRENCE('19','Lid front/rear001','',#5,
  #8829,$);
#8995 = PRODUCT_RELATED_PRODUCT_CATEGORY('part',$,(#8831));
#8996 = SHAPE_DEFINITION_REPRESENTATION(#8997,#9003);
#8997 = PRODUCT_DEFINITION_SHAPE('','',#8998);
#8998 = PRODUCT_DEFINITION('design','',#8999,#9002);
#8999 = PRODUCT_DEFINITION_FORMATION('','',#9000);
#9000 = PRODUCT('Lid end','Lid end','',(#9001));
#9001 = PRODUCT_CONTEXT('',#2,'mechanical');
#9002 = PRODUCT_DEFINITION_CONTEXT('part definition',#2,'design');
#9003 = ADVANCED_BREP_SHAPE_REPRESENTATION('',(#11,#9004),#9154);
#9004 = MANIFOLD_SOLID_BREP('',#9005);
#9005 = CLOSED_SHELL('',(#9006,#9046,#9077,#9108,#9130,#9142));
#9006 = ADVANCED_FACE('',(#9007),#9041,.F.);
#9007 = FACE_BOUND('',#9008,.F.);
#9008 = EDGE_LOOP('',(#9009,#9019,#9027,#9035));
#9009 = ORIENTED_EDGE('',*,*,#9010,.T.);
#9010 = EDGE_CURVE('',#9011,#9013,#9015,.T.);
#9011 = VERTEX_POINT('',#9012);
#9012 = CARTESIAN_POINT('',(0.,9.,59.));
#9013 = VERTEX_POINT('',#9014);
#9014 = CARTESIAN_POINT('',(9.,9.,59.));
#9015 = LINE('',#9016,#9017);
#9016 = CARTESIAN_POINT('',(0.,9.,59.));
#9017 = VECTOR('',#9018,1.);
#9018 = DIRECTION('',(1.,0.,0.));
#9019 = ORIENTED_EDGE('',*,*,#9020,.T.);
#9020 = EDGE_CURVE('',#9013,#9021,#9023,.T.);
#9021 = VERTEX_POINT('',#9022);
#9022 = CARTESIAN_POINT('',(9.,301.,59.));
#9023 = LINE('',#9024,#9025);
#9024 = CARTESIAN_POINT('',(9.,9.,59.));
#9025 = VECTOR('',#9026,1.);
#9026 = DIRECTION('',(0.,1.,0.));
#9027 = ORIENTED_EDGE('',*,*,#9028,.F.);
#9028 = EDGE_CURVE('',#9029,#9021,#9031,.T.);
#9029 = VERTEX_POINT('',#9030);
#9030 = CARTESIAN_POINT('',(0.,301.,59.));
#9031 = LINE('',#9032,#9033);
#9032 = CARTESIAN_POINT('',(0.,301.,59.));
#9033 = VECTOR('',#9034,1.);
#9034 = DIRECTION('',(1.,0.,0.));
#9035 = ORIENTED_EDGE('',*,*,#9036,.F.);
#9036 = EDGE_CURVE('',#9011,#9029,#9037,.T.);
#9037 = LINE('',#9038,#9039);
#9038 = CARTESIAN_POINT('',(0.,9.,59.));
#9039 = VECTOR('',#9040,1.);
#9040 = DIRECTION('',(0.,1.,0.));
#9041 = PLANE('',#9042);
#9042 = AXIS2_PLACEMENT_3D('',#9043,#9044,#9045);
#9043 = CARTESIAN_POINT('',(0.,9.,59.));
#9044 = DIRECTION('',(0.,0.,1.));
#9045 = DIRECTION('',(0.,1.,0.));
#9046 = ADVANCED_FACE('',(#9047),#9072,.F.);
#9047 = FACE_BOUND('',#9048,.F.);
#9048 = EDGE_LOOP('',(#9049,#9050,#9058,#9066));
#9049 = ORIENTED_EDGE('',*,*,#9028,.T.);
#9050 = ORIENTED_EDGE('',*,*,#9051,.T.);
#9051 = EDGE_CURVE('',#9021,#9052,#9054,.T.);
#9052 = VERTEX_POINT('',#9053);
#9053 = CARTESIAN_POINT('',(9.,301.,89.));
#9054 = LINE('',#9055,#9056);
#9055 = CARTESIAN_POINT('',(9.,301.,59.));
#9056 = VECTOR('',#9057,1.);
#9057 = DIRECTION('',(0.,0.,1.));
#9058 = ORIENTED_EDGE('',*,*,#9059,.F.);
#9059 = EDGE_CURVE('',#9060,#9052,#9062,.T.);
#9060 = VERTEX_POINT('',#9061);
#9061 = CARTESIAN_POINT('',(0.,301.,89.));
#9062 = LINE('',#9063,#9064);
#9063 = CARTESIAN_POINT('',(0.,301.,89.));
#9064 = VECTOR('',#9065,1.);
#9065 = DIRECTION('',(1.,0.,0.));
#9066 = ORIENTED_EDGE('',*,*,#9067,.F.);
#9067 = EDGE_CURVE('',#9029,#9060,#9068,.T.);
#9068 = LINE('',#9069,#9070);
#9069 = CARTESIAN_POINT('',(0.,301.,59.));
#9070 = VECTOR('',#9071,1.);
#9071 = DIRECTION('',(0.,0.,1.));
#9072 = PLANE('',#9073);
#9073 = AXIS2_PLACEMENT_3D('',#9074,#9075,#9076);
#9074 = CARTESIAN_POINT('',(0.,301.,59.));
#9075 = DIRECTION('',(0.,-1.,0.));
#9076 = DIRECTION('',(0.,0.,1.));
#9077 = ADVANCED_FACE('',(#9078),#9103,.F.);
#9078 = FACE_BOUND('',#9079,.F.);
#9079 = EDGE_LOOP('',(#9080,#9081,#9089,#9097));
#9080 = ORIENTED_EDGE('',*,*,#9059,.T.);
#9081 = ORIENTED_EDGE('',*,*,#9082,.T.);
#9082 = EDGE_CURVE('',#9052,#9083,#9085,.T.);
#9083 = VERTEX_POINT('',#9084);
#9084 = CARTESIAN_POINT('',(9.,9.,89.));
#9085 = LINE('',#9086,#9087);
#9086 = CARTESIAN_POINT('',(9.,301.,89.));
#9087 = VECTOR('',#9088,1.);
#9088 = DIRECTION('',(0.,-1.,0.));
#9089 = ORIENTED_EDGE('',*,*,#9090,.F.);
#9090 = EDGE_CURVE('',#9091,#9083,#9093,.T.);
#9091 = VERTEX_POINT('',#9092);
#9092 = CARTESIAN_POINT('',(0.,9.,89.));
#9093 = LINE('',#9094,#9095);
#9094 = CARTESIAN_POINT('',(0.,9.,89.));
#9095 = VECTOR('',#9096,1.);
#9096 = DIRECTION('',(1.,0.,0.));
#9097 = ORIENTED_EDGE('',*,*,#9098,.F.);
#9098 = EDGE_CURVE('',#9060,#9091,#9099,.T.);
#9099 = LINE('',#9100,#9101);
#9100 = CARTESIAN_POINT('',(0.,301.,89.));
#9101 = VECTOR('',#9102,1.);
#9102 = DIRECTION('',(0.,-1.,0.));
#9103 = PLANE('',#9104);
#9104 = AXIS2_PLACEMENT_3D('',#9105,#9106,#9107);
#9105 = CARTESIAN_POINT('',(0.,301.,89.));
#9106 = DIRECTION('',(0.,0.,-1.));
#9107 = DIRECTION('',(0.,-1.,0.));
#9108 = ADVANCED_FACE('',(#9109),#9125,.F.);
#9109 = FACE_BOUND('',#9110,.F.);
#9110 = EDGE_LOOP('',(#9111,#9112,#9118,#9119));
#9111 = ORIENTED_EDGE('',*,*,#9090,.T.);
#9112 = ORIENTED_EDGE('',*,*,#9113,.T.);
#9113 = EDGE_CURVE('',#9083,#9013,#9114,.T.);
#9114 = LINE('',#9115,#9116);
#9115 = CARTESIAN_POINT('',(9.,9.,89.));
#9116 = VECTOR('',#9117,1.);
#9117 = DIRECTION('',(0.,0.,-1.));
#9118 = ORIENTED_EDGE('',*,*,#9010,.F.);
#9119 = ORIENTED_EDGE('',*,*,#9120,.F.);
#9120 = EDGE_CURVE('',#9091,#9011,#9121,.T.);
#9121 = LINE('',#9122,#9123);
#9122 = CARTESIAN_POINT('',(0.,9.,89.));
#9123 = VECTOR('',#9124,1.);
#9124 = DIRECTION('',(0.,0.,-1.));
#9125 = PLANE('',#9126);
#9126 = AXIS2_PLACEMENT_3D('',#9127,#9128,#9129);
#9127 = CARTESIAN_POINT('',(0.,9.,89.));
#9128 = DIRECTION('',(-0.,1.,0.));
#9129 = DIRECTION('',(0.,0.,-1.));
#9130 = ADVANCED_FACE('',(#9131),#9137,.F.);
#9131 = FACE_BOUND('',#9132,.F.);
#9132 = EDGE_LOOP('',(#9133,#9134,#9135,#9136));
#9133 = ORIENTED_EDGE('',*,*,#9036,.T.);
#9134 = ORIENTED_EDGE('',*,*,#9067,.T.);
#9135 = ORIENTED_EDGE('',*,*,#9098,.T.);
#9136 = ORIENTED_EDGE('',*,*,#9120,.T.);
#9137 = PLANE('',#9138);
#9138 = AXIS2_PLACEMENT_3D('',#9139,#9140,#9141);
#9139 = CARTESIAN_POINT('',(0.,155.,74.));
#9140 = DIRECTION('',(1.,0.,0.));
#9141 = DIRECTION('',(-0.,0.,1.));
#9142 = ADVANCED_FACE('',(#9143),#9149,.T.);
#9143 = FACE_BOUND('',#9144,.T.);
#9144 = EDGE_LOOP('',(#9145,#9146,#9147,#9148));
#9145 = ORIENTED_EDGE('',*,*,#9020,.T.);
#9146 = ORIENTED_EDGE('',*,*,#9051,.T.);
#9147 = ORIENTED_EDGE('',*,*,#9082,.T.);
#9148 = ORIENTED_EDGE('',*,*,#9113,.T.);
#9149 = PLANE('',#9150);
#9150 = AXIS2_PLACEMENT_3D('',#9151,#9152,#9153);
#9151 = CARTESIAN_POINT('',(9.,155.,74.));
#9152 = DIRECTION('',(1.,0.,0.));
#9153 = DIRECTION('',(-0.,0.,1.));
#9154 = ( GEOMETRIC_REPRESENTATION_CONTEXT(3) 
GLOBAL_UNCERTAINTY_ASSIGNED_CONTEXT((#9158)) 
GLOBAL_UNIT_ASSIGNED_CONTEXT((#9155,#9156,#9157)) REPRESENTATION_CONTEXT
('Context #1','3D Context with UNIT and UNCERTAINTY') );
#9155 = ( LENGTH_UNIT() NAMED_UNIT(*) SI_UNIT(.MILLI.,.METRE.) );
#9156 = ( NAMED_UNIT(*) PLANE_ANGLE_UNIT() SI_UNIT($,.RADIAN.) );
#9157 = ( NAMED_UNIT(*) SI_UNIT($,.STERADIAN.) SOLID_ANGLE_UNIT() );
#9158 = UNCERTAINTY_MEASURE_WITH_UNIT(LENGTH_MEASURE(1.E-07),#9155,
  'distance_accuracy_value','confusion accuracy');
#9159 = CONTEXT_DEPENDENT_SHAPE_REPRESENTATION(#9160,#9162);
#9160 = ( REPRESENTATION_RELATIONSHIP('','',#9003,#10) 
REPRESENTATION_RELATIONSHIP_WITH_TRANSFORMATION(#9161) 
SHAPE_REPRESENTATION_RELATIONSHIP() );
#9161 = ITEM_DEFINED_TRANSFORMATION('','',#11,#91);
#9162 = PRODUCT_DEFINITION_SHAPE('Placement','Placement of an item',
  #9163);
#9163 = NEXT_ASSEMBLY_USAGE_OCCURRENCE('20','Lid end','',#5,#8998,$);
#9164 = PRODUCT_RELATED_PRODUCT_CATEGORY('part',$,(#9000));
#9165 = SHAPE_DEFINITION_REPRESENTATION(#9166,#9172);
#9166 = PRODUCT_DEFINITION_SHAPE('','',#9167);
#9167 = PRODUCT_DEFINITION('design','',#9168,#9171);
#9168 = PRODUCT_DEFINITION_FORMATION('','',#9169);
#9169 = PRODUCT('Lid end001','Lid end001','',(#9170));
#9170 = PRODUCT_CONTEXT('',#2,'mechanical');
#9171 = PRODUCT_DEFINITION_CONTEXT('part definition',#2,'design');
#9172 = ADVANCED_BREP_SHAPE_REPRESENTATION('',(#11,#9173),#9323);
#9173 = MANIFOLD_SOLID_BREP('',#9174);
#9174 = CLOSED_SHELL('',(#9175,#9215,#9246,#9277,#9299,#9311));
#9175 = ADVANCED_FACE('',(#9176),#9210,.F.);
#9176 = FACE_BOUND('',#9177,.F.);
#9177 = EDGE_LOOP('',(#9178,#9188,#9196,#9204));
#9178 = ORIENTED_EDGE('',*,*,#9179,.T.);
#9179 = EDGE_CURVE('',#9180,#9182,#9184,.T.);
#9180 = VERTEX_POINT('',#9181);
#9181 = CARTESIAN_POINT('',(902.,9.,59.));
#9182 = VERTEX_POINT('',#9183);
#9183 = CARTESIAN_POINT('',(911.,9.,59.));
#9184 = LINE('',#9185,#9186);
#9185 = CARTESIAN_POINT('',(902.,9.,59.));
#9186 = VECTOR('',#9187,1.);
#9187 = DIRECTION('',(1.,0.,0.));
#9188 = ORIENTED_EDGE('',*,*,#9189,.T.);
#9189 = EDGE_CURVE('',#9182,#9190,#9192,.T.);
#9190 = VERTEX_POINT('',#9191);
#9191 = CARTESIAN_POINT('',(911.,301.,59.));
#9192 = LINE('',#9193,#9194);
#9193 = CARTESIAN_POINT('',(911.,9.,59.));
#9194 = VECTOR('',#9195,1.);
#9195 = DIRECTION('',(0.,1.,0.));
#9196 = ORIENTED_EDGE('',*,*,#9197,.F.);
#9197 = EDGE_CURVE('',#9198,#9190,#9200,.T.);
#9198 = VERTEX_POINT('',#9199);
#9199 = CARTESIAN_POINT('',(902.,301.,59.));
#9200 = LINE('',#9201,#9202);
#9201 = CARTESIAN_POINT('',(902.,301.,59.));
#9202 = VECTOR('',#9203,1.);
#9203 = DIRECTION('',(1.,0.,0.));
#9204 = ORIENTED_EDGE('',*,*,#9205,.F.);
#9205 = EDGE_CURVE('',#9180,#9198,#9206,.T.);
#9206 = LINE('',#9207,#9208);
#9207 = CARTESIAN_POINT('',(902.,9.,59.));
#9208 = VECTOR('',#9209,1.);
#9209 = DIRECTION('',(0.,1.,0.));
#9210 = PLANE('',#9211);
#9211 = AXIS2_PLACEMENT_3D('',#9212,#9213,#9214);
#9212 = CARTESIAN_POINT('',(902.,9.,59.));
#9213 = DIRECTION('',(0.,0.,1.));
#9214 = DIRECTION('',(0.,1.,0.));
#9215 = ADVANCED_FACE('',(#9216),#9241,.F.);
#9216 = FACE_BOUND('',#9217,.F.);
#9217 = EDGE_LOOP('',(#9218,#9219,#9227,#9235));
#9218 = ORIENTED_EDGE('',*,*,#9197,.T.);
#9219 = ORIENTED_EDGE('',*,*,#9220,.T.);
#9220 = EDGE_CURVE('',#9190,#9221,#9223,.T.);
#9221 = VERTEX_POINT('',#9222);
#9222 = CARTESIAN_POINT('',(911.,301.,89.));
#9223 = LINE('',#9224,#9225);
#9224 = CARTESIAN_POINT('',(911.,301.,59.));
#9225 = VECTOR('',#9226,1.);
#9226 = DIRECTION('',(0.,0.,1.));
#9227 = ORIENTED_EDGE('',*,*,#9228,.F.);
#9228 = EDGE_CURVE('',#9229,#9221,#9231,.T.);
#9229 = VERTEX_POINT('',#9230);
#9230 = CARTESIAN_POINT('',(902.,301.,89.));
#9231 = LINE('',#9232,#9233);
#9232 = CARTESIAN_POINT('',(902.,301.,89.));
#9233 = VECTOR('',#9234,1.);
#9234 = DIRECTION('',(1.,0.,0.));
#9235 = ORIENTED_EDGE('',*,*,#9236,.F.);
#9236 = EDGE_CURVE('',#9198,#9229,#9237,.T.);
#9237 = LINE('',#9238,#9239);
#9238 = CARTESIAN_POINT('',(902.,301.,59.));
#9239 = VECTOR('',#9240,1.);
#9240 = DIRECTION('',(0.,0.,1.));
#9241 = PLANE('',#9242);
#9242 = AXIS2_PLACEMENT_3D('',#9243,#9244,#9245);
#9243 = CARTESIAN_POINT('',(902.,301.,59.));
#9244 = DIRECTION('',(0.,-1.,0.));
#9245 = DIRECTION('',(0.,0.,1.));
#9246 = ADVANCED_FACE('',(#9247),#9272,.F.);
#9247 = FACE_BOUND('',#9248,.F.);
#9248 = EDGE_LOOP('',(#9249,#9250,#9258,#9266));
#9249 = ORIENTED_EDGE('',*,*,#9228,.T.);
#9250 = ORIENTED_EDGE('',*,*,#9251,.T.);
#9251 = EDGE_CURVE('',#9221,#9252,#9254,.T.);
#9252 = VERTEX_POINT('',#9253);
#9253 = CARTESIAN_POINT('',(911.,9.,89.));
#9254 = LINE('',#9255,#9256);
#9255 = CARTESIAN_POINT('',(911.,301.,89.));
#9256 = VECTOR('',#9257,1.);
#9257 = DIRECTION('',(0.,-1.,0.));
#9258 = ORIENTED_EDGE('',*,*,#9259,.F.);
#9259 = EDGE_CURVE('',#9260,#9252,#9262,.T.);
#9260 = VERTEX_POINT('',#9261);
#9261 = CARTESIAN_POINT('',(902.,9.,89.));
#9262 = LINE('',#9263,#9264);
#9263 = CARTESIAN_POINT('',(902.,9.,89.));
#9264 = VECTOR('',#9265,1.);
#9265 = DIRECTION('',(1.,0.,0.));
#9266 = ORIENTED_EDGE('',*,*,#9267,.F.);
#9267 = EDGE_CURVE('',#9229,#9260,#9268,.T.);
#9268 = LINE('',#9269,#9270);
#9269 = CARTESIAN_POINT('',(902.,301.,89.));
#9270 = VECTOR('',#9271,1.);
#9271 = DIRECTION('',(0.,-1.,0.));
#9272 = PLANE('',#9273);
#9273 = AXIS2_PLACEMENT_3D('',#9274,#9275,#9276);
#9274 = CARTESIAN_POINT('',(902.,301.,89.));
#9275 = DIRECTION('',(0.,0.,-1.));
#9276 = DIRECTION('',(0.,-1.,0.));
#9277 = ADVANCED_FACE('',(#9278),#9294,.F.);
#9278 = FACE_BOUND('',#9279,.F.);
#9279 = EDGE_LOOP('',(#9280,#9281,#9287,#9288));
#9280 = ORIENTED_EDGE('',*,*,#9259,.T.);
#9281 = ORIENTED_EDGE('',*,*,#9282,.T.);
#9282 = EDGE_CURVE('',#9252,#9182,#9283,.T.);
#9283 = LINE('',#9284,#9285);
#9284 = CARTESIAN_POINT('',(911.,9.,89.));
#9285 = VECTOR('',#9286,1.);
#9286 = DIRECTION('',(0.,0.,-1.));
#9287 = ORIENTED_EDGE('',*,*,#9179,.F.);
#9288 = ORIENTED_EDGE('',*,*,#9289,.F.);
#9289 = EDGE_CURVE('',#9260,#9180,#9290,.T.);
#9290 = LINE('',#9291,#9292);
#9291 = CARTESIAN_POINT('',(902.,9.,89.));
#9292 = VECTOR('',#9293,1.);
#9293 = DIRECTION('',(0.,0.,-1.));
#9294 = PLANE('',#9295);
#9295 = AXIS2_PLACEMENT_3D('',#9296,#9297,#9298);
#9296 = CARTESIAN_POINT('',(902.,9.,89.));
#9297 = DIRECTION('',(-0.,1.,0.));
#9298 = DIRECTION('',(0.,0.,-1.));
#9299 = ADVANCED_FACE('',(#9300),#9306,.F.);
#9300 = FACE_BOUND('',#9301,.F.);
#9301 = EDGE_LOOP('',(#9302,#9303,#9304,#9305));
#9302 = ORIENTED_EDGE('',*,*,#9205,.T.);
#9303 = ORIENTED_EDGE('',*,*,#9236,.T.);
#9304 = ORIENTED_EDGE('',*,*,#9267,.T.);
#9305 = ORIENTED_EDGE('',*,*,#9289,.T.);
#9306 = PLANE('',#9307);
#9307 = AXIS2_PLACEMENT_3D('',#9308,#9309,#9310);
#9308 = CARTESIAN_POINT('',(902.,155.,74.));
#9309 = DIRECTION('',(1.,0.,0.));
#9310 = DIRECTION('',(-0.,0.,1.));
#9311 = ADVANCED_FACE('',(#9312),#9318,.T.);
#9312 = FACE_BOUND('',#9313,.T.);
#9313 = EDGE_LOOP('',(#9314,#9315,#9316,#9317));
#9314 = ORIENTED_EDGE('',*,*,#9189,.T.);
#9315 = ORIENTED_EDGE('',*,*,#9220,.T.);
#9316 = ORIENTED_EDGE('',*,*,#9251,.T.);
#9317 = ORIENTED_EDGE('',*,*,#9282,.T.);
#9318 = PLANE('',#9319);
#9319 = AXIS2_PLACEMENT_3D('',#9320,#9321,#9322);
#9320 = CARTESIAN_POINT('',(911.,155.,74.));
#9321 = DIRECTION('',(1.,0.,0.));
#9322 = DIRECTION('',(-0.,0.,1.));
#9323 = ( GEOMETRIC_REPRESENTATION_CONTEXT(3) 
GLOBAL_UNCERTAINTY_ASSIGNED_CONTEXT((#9327)) 
GLOBAL_UNIT_ASSIGNED_CONTEXT((#9324,#9325,#9326)) REPRESENTATION_CONTEXT
('Context #1','3D Context with UNIT and UNCERTAINTY') );
#9324 = ( LENGTH_UNIT() NAMED_UNIT(*) SI_UNIT(.MILLI.,.METRE.) );
#9325 = ( NAMED_UNIT(*) PLANE_ANGLE_UNIT() SI_UNIT($,.RADIAN.) );
#9326 = ( NAMED_UNIT(*) SI_UNIT($,.STERADIAN.) SOLID_ANGLE_UNIT() );
#9327 = UNCERTAINTY_MEASURE_WITH_UNIT(LENGTH_MEASURE(1.E-07),#9324,
  'distance_accuracy_value','confusion accuracy');
#9328 = CONTEXT_DEPENDENT_SHAPE_REPRESENTATION(#9329,#9331);
#9329 = ( REPRESENTATION_RELATIONSHIP('','',#9172,#10) 
REPRESENTATION_RELATIONSHIP_WITH_TRANSFORMATION(#9330) 
SHAPE_REPRESENTATION_RELATIONSHIP() );
#9330 = ITEM_DEFINED_TRANSFORMATION('','',#11,#95);
#9331 = PRODUCT_DEFINITION_SHAPE('Placement','Placement of an item',
  #9332);
#9332 = NEXT_ASSEMBLY_USAGE_OCCURRENCE('21','Lid end001','',#5,#9167,$);
#9333 = PRODUCT_RELATED_PRODUCT_CATEGORY('part',$,(#9169));
#9334 = SHAPE_DEFINITION_REPRESENTATION(#9335,#9341);
#9335 = PRODUCT_DEFINITION_SHAPE('','',#9336);
#9336 = PRODUCT_DEFINITION('design','',#9337,#9340);
#9337 = PRODUCT_DEFINITION_FORMATION('','',#9338);
#9338 = PRODUCT('Rear plate','Rear plate','',(#9339));
#9339 = PRODUCT_CONTEXT('',#2,'mechanical');
#9340 = PRODUCT_DEFINITION_CONTEXT('part definition',#2,'design');
#9341 = ADVANCED_BREP_SHAPE_REPRESENTATION('',(#11,#9342),#10356);
#9342 = MANIFOLD_SOLID_BREP('',#9343);
#9343 = CLOSED_SHELL('',(#9344,#9384,#9417,#9450,#9677,#9904,#9921,#9938
    ,#9955,#9972,#9984,#10009,#10026,#10043,#10060,#10085,#10102,#10119,
    #10136,#10153,#10178,#10195,#10212,#10229,#10246,#10263,#10288,
    #10305,#10322,#10339));
#9344 = ADVANCED_FACE('',(#9345),#9379,.F.);
#9345 = FACE_BOUND('',#9346,.F.);
#9346 = EDGE_LOOP('',(#9347,#9357,#9365,#9373));
#9347 = ORIENTED_EDGE('',*,*,#9348,.T.);
#9348 = EDGE_CURVE('',#9349,#9351,#9353,.T.);
#9349 = VERTEX_POINT('',#9350);
#9350 = CARTESIAN_POINT('',(457.,311.,14.));
#9351 = VERTEX_POINT('',#9352);
#9352 = CARTESIAN_POINT('',(457.,313.,14.));
#9353 = LINE('',#9354,#9355);
#9354 = CARTESIAN_POINT('',(457.,311.,14.));
#9355 = VECTOR('',#9356,1.);
#9356 = DIRECTION('',(0.,1.,0.));
#9357 = ORIENTED_EDGE('',*,*,#9358,.T.);
#9358 = EDGE_CURVE('',#9351,#9359,#9361,.T.);
#9359 = VERTEX_POINT('',#9360);
#9360 = CARTESIAN_POINT('',(252.,313.,14.));
#9361 = LINE('',#9362,#9363);
#9362 = CARTESIAN_POINT('',(457.,313.,14.));
#9363 = VECTOR('',#9364,1.);
#9364 = DIRECTION('',(-1.,0.,0.));
#9365 = ORIENTED_EDGE('',*,*,#9366,.F.);
#9366 = EDGE_CURVE('',#9367,#9359,#9369,.T.);
#9367 = VERTEX_POINT('',#9368);
#9368 = CARTESIAN_POINT('',(252.,311.,14.));
#9369 = LINE('',#9370,#9371);
#9370 = CARTESIAN_POINT('',(252.,311.,14.));
#9371 = VECTOR('',#9372,1.);
#9372 = DIRECTION('',(0.,1.,0.));
#9373 = ORIENTED_EDGE('',*,*,#9374,.F.);
#9374 = EDGE_CURVE('',#9349,#9367,#9375,.T.);
#9375 = LINE('',#9376,#9377);
#9376 = CARTESIAN_POINT('',(457.,311.,14.));
#9377 = VECTOR('',#9378,1.);
#9378 = DIRECTION('',(-1.,0.,0.));
#9379 = PLANE('',#9380);
#9380 = AXIS2_PLACEMENT_3D('',#9381,#9382,#9383);
#9381 = CARTESIAN_POINT('',(457.,311.,14.));
#9382 = DIRECTION('',(0.,-0.,1.));
#9383 = DIRECTION('',(-1.,0.,0.));
#9384 = ADVANCED_FACE('',(#9385),#9412,.T.);
#9385 = FACE_BOUND('',#9386,.F.);
#9386 = EDGE_LOOP('',(#9387,#9397,#9404,#9405));
#9387 = ORIENTED_EDGE('',*,*,#9388,.T.);
#9388 = EDGE_CURVE('',#9389,#9391,#9393,.T.);
#9389 = VERTEX_POINT('',#9390);
#9390 = CARTESIAN_POINT('',(460.,311.,17.));
#9391 = VERTEX_POINT('',#9392);
#9392 = CARTESIAN_POINT('',(460.,313.,17.));
#9393 = LINE('',#9394,#9395);
#9394 = CARTESIAN_POINT('',(460.,311.,17.));
#9395 = VECTOR('',#9396,1.);
#9396 = DIRECTION('',(0.,1.,0.));
#9397 = ORIENTED_EDGE('',*,*,#9398,.T.);
#9398 = EDGE_CURVE('',#9391,#9351,#9399,.T.);
#9399 = CIRCLE('',#9400,3.);
#9400 = AXIS2_PLACEMENT_3D('',#9401,#9402,#9403);
#9401 = CARTESIAN_POINT('',(457.,313.,17.));
#9402 = DIRECTION('',(0.,1.,0.));
#9403 = DIRECTION('',(1.,-0.,9.473903143468E-15));
#9404 = ORIENTED_EDGE('',*,*,#9348,.F.);
#9405 = ORIENTED_EDGE('',*,*,#9406,.F.);
#9406 = EDGE_CURVE('',#9389,#9349,#9407,.T.);
#9407 = CIRCLE('',#9408,3.);
#9408 = AXIS2_PLACEMENT_3D('',#9409,#9410,#9411);
#9409 = CARTESIAN_POINT('',(457.,311.,17.));
#9410 = DIRECTION('',(0.,1.,0.));
#9411 = DIRECTION('',(1.,-0.,9.473903143468E-15));
#9412 = CYLINDRICAL_SURFACE('',#9413,3.);
#9413 = AXIS2_PLACEMENT_3D('',#9414,#9415,#9416);
#9414 = CARTESIAN_POINT('',(457.,311.,17.));
#9415 = DIRECTION('',(-0.,-1.,-0.));
#9416 = DIRECTION('',(1.,-0.,9.473903143468E-15));
#9417 = ADVANCED_FACE('',(#9418),#9445,.T.);
#9418 = FACE_BOUND('',#9419,.F.);
#9419 = EDGE_LOOP('',(#9420,#9421,#9430,#9438));
#9420 = ORIENTED_EDGE('',*,*,#9366,.T.);
#9421 = ORIENTED_EDGE('',*,*,#9422,.T.);
#9422 = EDGE_CURVE('',#9359,#9423,#9425,.T.);
#9423 = VERTEX_POINT('',#9424);
#9424 = CARTESIAN_POINT('',(249.,313.,17.));
#9425 = CIRCLE('',#9426,3.);
#9426 = AXIS2_PLACEMENT_3D('',#9427,#9428,#9429);
#9427 = CARTESIAN_POINT('',(252.,313.,17.));
#9428 = DIRECTION('',(0.,1.,0.));
#9429 = DIRECTION('',(0.,0.,-1.));
#9430 = ORIENTED_EDGE('',*,*,#9431,.F.);
#9431 = EDGE_CURVE('',#9432,#9423,#9434,.T.);
#9432 = VERTEX_POINT('',#9433);
#9433 = CARTESIAN_POINT('',(249.,311.,17.));
#9434 = LINE('',#9435,#9436);
#9435 = CARTESIAN_POINT('',(249.,311.,17.));
#9436 = VECTOR('',#9437,1.);
#9437 = DIRECTION('',(0.,1.,0.));
#9438 = ORIENTED_EDGE('',*,*,#9439,.F.);
#9439 = EDGE_CURVE('',#9367,#9432,#9440,.T.);
#9440 = CIRCLE('',#9441,3.);
#9441 = AXIS2_PLACEMENT_3D('',#9442,#9443,#9444);
#9442 = CARTESIAN_POINT('',(252.,311.,17.));
#9443 = DIRECTION('',(0.,1.,0.));
#9444 = DIRECTION('',(0.,0.,-1.));
#9445 = CYLINDRICAL_SURFACE('',#9446,3.);
#9446 = AXIS2_PLACEMENT_3D('',#9447,#9448,#9449);
#9447 = CARTESIAN_POINT('',(252.,311.,17.));
#9448 = DIRECTION('',(-0.,-1.,-0.));
#9449 = DIRECTION('',(0.,0.,-1.));
#9450 = ADVANCED_FACE('',(#9451,#9496,#9507,#9518,#9529,#9540,#9551,
    #9562,#9573,#9584,#9595,#9606,#9617,#9628,#9639,#9650,#9661),#9672,
  .F.);
#9451 = FACE_BOUND('',#9452,.F.);
#9452 = EDGE_LOOP('',(#9453,#9454,#9455,#9463,#9472,#9480,#9489,#9495));
#9453 = ORIENTED_EDGE('',*,*,#9374,.T.);
#9454 = ORIENTED_EDGE('',*,*,#9439,.T.);
#9455 = ORIENTED_EDGE('',*,*,#9456,.T.);
#9456 = EDGE_CURVE('',#9432,#9457,#9459,.T.);
#9457 = VERTEX_POINT('',#9458);
#9458 = CARTESIAN_POINT('',(249.,311.,51.));
#9459 = LINE('',#9460,#9461);
#9460 = CARTESIAN_POINT('',(249.,311.,17.));
#9461 = VECTOR('',#9462,1.);
#9462 = DIRECTION('',(0.,0.,1.));
#9463 = ORIENTED_EDGE('',*,*,#9464,.T.);
#9464 = EDGE_CURVE('',#9457,#9465,#9467,.T.);
#9465 = VERTEX_POINT('',#9466);
#9466 = CARTESIAN_POINT('',(252.,311.,54.));
#9467 = CIRCLE('',#9468,3.);
#9468 = AXIS2_PLACEMENT_3D('',#9469,#9470,#9471);
#9469 = CARTESIAN_POINT('',(252.,311.,51.));
#9470 = DIRECTION('',(0.,1.,0.));
#9471 = DIRECTION('',(-1.,0.,4.736951571734E-15));
#9472 = ORIENTED_EDGE('',*,*,#9473,.T.);
#9473 = EDGE_CURVE('',#9465,#9474,#9476,.T.);
#9474 = VERTEX_POINT('',#9475);
#9475 = CARTESIAN_POINT('',(457.,311.,54.));
#9476 = LINE('',#9477,#9478);
#9477 = CARTESIAN_POINT('',(252.,311.,54.));
#9478 = VECTOR('',#9479,1.);
#9479 = DIRECTION('',(1.,0.,0.));
#9480 = ORIENTED_EDGE('',*,*,#9481,.T.);
#9481 = EDGE_CURVE('',#9474,#9482,#9484,.T.);
#9482 = VERTEX_POINT('',#9483);
#9483 = CARTESIAN_POINT('',(460.,311.,51.));
#9484 = CIRCLE('',#9485,3.);
#9485 = AXIS2_PLACEMENT_3D('',#9486,#9487,#9488);
#9486 = CARTESIAN_POINT('',(457.,311.,51.));
#9487 = DIRECTION('',(0.,1.,0.));
#9488 = DIRECTION('',(-1.894780628694E-14,0.,1.));
#9489 = ORIENTED_EDGE('',*,*,#9490,.T.);
#9490 = EDGE_CURVE('',#9482,#9389,#9491,.T.);
#9491 = LINE('',#9492,#9493);
#9492 = CARTESIAN_POINT('',(460.,311.,51.));
#9493 = VECTOR('',#9494,1.);
#9494 = DIRECTION('',(0.,0.,-1.));
#9495 = ORIENTED_EDGE('',*,*,#9406,.T.);
#9496 = FACE_BOUND('',#9497,.F.);
#9497 = EDGE_LOOP('',(#9498));
#9498 = ORIENTED_EDGE('',*,*,#9499,.F.);
#9499 = EDGE_CURVE('',#9500,#9500,#9502,.T.);
#9500 = VERTEX_POINT('',#9501);
#9501 = CARTESIAN_POINT('',(255.,311.,21.75));
#9502 = CIRCLE('',#9503,1.75);
#9503 = AXIS2_PLACEMENT_3D('',#9504,#9505,#9506);
#9504 = CARTESIAN_POINT('',(255.,311.,20.));
#9505 = DIRECTION('',(0.,1.,0.));
#9506 = DIRECTION('',(0.,-0.,1.));
#9507 = FACE_BOUND('',#9508,.F.);
#9508 = EDGE_LOOP('',(#9509));
#9509 = ORIENTED_EDGE('',*,*,#9510,.F.);
#9510 = EDGE_CURVE('',#9511,#9511,#9513,.T.);
#9511 = VERTEX_POINT('',#9512);
#9512 = CARTESIAN_POINT('',(266.5,311.,35.6));
#9513 = CIRCLE('',#9514,1.6);
#9514 = AXIS2_PLACEMENT_3D('',#9515,#9516,#9517);
#9515 = CARTESIAN_POINT('',(266.5,311.,34.));
#9516 = DIRECTION('',(0.,1.,0.));
#9517 = DIRECTION('',(0.,-0.,1.));
#9518 = FACE_BOUND('',#9519,.F.);
#9519 = EDGE_LOOP('',(#9520));
#9520 = ORIENTED_EDGE('',*,*,#9521,.F.);
#9521 = EDGE_CURVE('',#9522,#9522,#9524,.T.);
#9522 = VERTEX_POINT('',#9523);
#9523 = CARTESIAN_POINT('',(279.,311.,42.));
#9524 = CIRCLE('',#9525,8.);
#9525 = AXIS2_PLACEMENT_3D('',#9526,#9527,#9528);
#9526 = CARTESIAN_POINT('',(279.,311.,34.));
#9527 = DIRECTION('',(0.,1.,0.));
#9528 = DIRECTION('',(0.,-0.,1.));
#9529 = FACE_BOUND('',#9530,.F.);
#9530 = EDGE_LOOP('',(#9531));
#9531 = ORIENTED_EDGE('',*,*,#9532,.F.);
#9532 = EDGE_CURVE('',#9533,#9533,#9535,.T.);
#9533 = VERTEX_POINT('',#9534);
#9534 = CARTESIAN_POINT('',(291.5,311.,35.6));
#9535 = CIRCLE('',#9536,1.6);
#9536 = AXIS2_PLACEMENT_3D('',#9537,#9538,#9539);
#9537 = CARTESIAN_POINT('',(291.5,311.,34.));
#9538 = DIRECTION('',(0.,1.,0.));
#9539 = DIRECTION('',(0.,-0.,1.));
#9540 = FACE_BOUND('',#9541,.F.);
#9541 = EDGE_LOOP('',(#9542));
#9542 = ORIENTED_EDGE('',*,*,#9543,.F.);
#9543 = EDGE_CURVE('',#9544,#9544,#9546,.T.);
#9544 = VERTEX_POINT('',#9545);
#9545 = CARTESIAN_POINT('',(255.,311.,49.75));
#9546 = CIRCLE('',#9547,1.75);
#9547 = AXIS2_PLACEMENT_3D('',#9548,#9549,#9550);
#9548 = CARTESIAN_POINT('',(255.,311.,48.));
#9549 = DIRECTION('',(0.,1.,0.));
#9550 = DIRECTION('',(0.,-0.,1.));
#9551 = FACE_BOUND('',#9552,.F.);
#9552 = EDGE_LOOP('',(#9553));
#9553 = ORIENTED_EDGE('',*,*,#9554,.F.);
#9554 = EDGE_CURVE('',#9555,#9555,#9557,.T.);
#9555 = VERTEX_POINT('',#9556);
#9556 = CARTESIAN_POINT('',(306.5,311.,35.6));
#9557 = CIRCLE('',#9558,1.6);
#9558 = AXIS2_PLACEMENT_3D('',#9559,#9560,#9561);
#9559 = CARTESIAN_POINT('',(306.5,311.,34.));
#9560 = DIRECTION('',(0.,1.,0.));
#9561 = DIRECTION('',(0.,-0.,1.));
#9562 = FACE_BOUND('',#9563,.F.);
#9563 = EDGE_LOOP('',(#9564));
#9564 = ORIENTED_EDGE('',*,*,#9565,.F.);
#9565 = EDGE_CURVE('',#9566,#9566,#9568,.T.);
#9566 = VERTEX_POINT('',#9567);
#9567 = CARTESIAN_POINT('',(319.,311.,42.));
#9568 = CIRCLE('',#9569,8.);
#9569 = AXIS2_PLACEMENT_3D('',#9570,#9571,#9572);
#9570 = CARTESIAN_POINT('',(319.,311.,34.));
#9571 = DIRECTION('',(0.,1.,0.));
#9572 = DIRECTION('',(0.,-0.,1.));
#9573 = FACE_BOUND('',#9574,.F.);
#9574 = EDGE_LOOP('',(#9575));
#9575 = ORIENTED_EDGE('',*,*,#9576,.F.);
#9576 = EDGE_CURVE('',#9577,#9577,#9579,.T.);
#9577 = VERTEX_POINT('',#9578);
#9578 = CARTESIAN_POINT('',(331.5,311.,35.6));
#9579 = CIRCLE('',#9580,1.6);
#9580 = AXIS2_PLACEMENT_3D('',#9581,#9582,#9583);
#9581 = CARTESIAN_POINT('',(331.5,311.,34.));
#9582 = DIRECTION('',(0.,1.,0.));
#9583 = DIRECTION('',(0.,-0.,1.));
#9584 = FACE_BOUND('',#9585,.F.);
#9585 = EDGE_LOOP('',(#9586));
#9586 = ORIENTED_EDGE('',*,*,#9587,.F.);
#9587 = EDGE_CURVE('',#9588,#9588,#9590,.T.);
#9588 = VERTEX_POINT('',#9589);
#9589 = CARTESIAN_POINT('',(424.5,311.,23.6));
#9590 = CIRCLE('',#9591,1.6);
#9591 = AXIS2_PLACEMENT_3D('',#9592,#9593,#9594);
#9592 = CARTESIAN_POINT('',(424.5,311.,22.));
#9593 = DIRECTION('',(0.,1.,0.));
#9594 = DIRECTION('',(0.,-0.,1.));
#9595 = FACE_BOUND('',#9596,.F.);
#9596 = EDGE_LOOP('',(#9597));
#9597 = ORIENTED_EDGE('',*,*,#9598,.F.);
#9598 = EDGE_CURVE('',#9599,#9599,#9601,.T.);
#9599 = VERTEX_POINT('',#9600);
#9600 = CARTESIAN_POINT('',(454.,311.,21.75));
#9601 = CIRCLE('',#9602,1.75);
#9602 = AXIS2_PLACEMENT_3D('',#9603,#9604,#9605);
#9603 = CARTESIAN_POINT('',(454.,311.,20.));
#9604 = DIRECTION('',(0.,1.,0.));
#9605 = DIRECTION('',(0.,-0.,1.));
#9606 = FACE_BOUND('',#9607,.F.);
#9607 = EDGE_LOOP('',(#9608));
#9608 = ORIENTED_EDGE('',*,*,#9609,.F.);
#9609 = EDGE_CURVE('',#9610,#9610,#9612,.T.);
#9610 = VERTEX_POINT('',#9611);
#9611 = CARTESIAN_POINT('',(358.,311.,37.25));
#9612 = CIRCLE('',#9613,3.25);
#9613 = AXIS2_PLACEMENT_3D('',#9614,#9615,#9616);
#9614 = CARTESIAN_POINT('',(358.,311.,34.));
#9615 = DIRECTION('',(0.,1.,0.));
#9616 = DIRECTION('',(0.,-0.,1.));
#9617 = FACE_BOUND('',#9618,.F.);
#9618 = EDGE_LOOP('',(#9619));
#9619 = ORIENTED_EDGE('',*,*,#9620,.F.);
#9620 = EDGE_CURVE('',#9621,#9621,#9623,.T.);
#9621 = VERTEX_POINT('',#9622);
#9622 = CARTESIAN_POINT('',(382.,311.,37.25));
#9623 = CIRCLE('',#9624,3.25);
#9624 = AXIS2_PLACEMENT_3D('',#9625,#9626,#9627);
#9625 = CARTESIAN_POINT('',(382.,311.,34.));
#9626 = DIRECTION('',(0.,1.,0.));
#9627 = DIRECTION('',(0.,-0.,1.));
#9628 = FACE_BOUND('',#9629,.F.);
#9629 = EDGE_LOOP('',(#9630));
#9630 = ORIENTED_EDGE('',*,*,#9631,.F.);
#9631 = EDGE_CURVE('',#9632,#9632,#9634,.T.);
#9632 = VERTEX_POINT('',#9633);
#9633 = CARTESIAN_POINT('',(406.,311.,39.5));
#9634 = CIRCLE('',#9635,5.5);
#9635 = AXIS2_PLACEMENT_3D('',#9636,#9637,#9638);
#9636 = CARTESIAN_POINT('',(406.,311.,34.));
#9637 = DIRECTION('',(0.,1.,0.));
#9638 = DIRECTION('',(0.,-0.,1.));
#9639 = FACE_BOUND('',#9640,.F.);
#9640 = EDGE_LOOP('',(#9641));
#9641 = ORIENTED_EDGE('',*,*,#9642,.F.);
#9642 = EDGE_CURVE('',#9643,#9643,#9645,.T.);
#9643 = VERTEX_POINT('',#9644);
#9644 = CARTESIAN_POINT('',(434.,311.,46.));
#9645 = CIRCLE('',#9646,12.);
#9646 = AXIS2_PLACEMENT_3D('',#9647,#9648,#9649);
#9647 = CARTESIAN_POINT('',(434.,311.,34.));
#9648 = DIRECTION('',(0.,1.,0.));
#9649 = DIRECTION('',(0.,-0.,1.));
#9650 = FACE_BOUND('',#9651,.F.);
#9651 = EDGE_LOOP('',(#9652));
#9652 = ORIENTED_EDGE('',*,*,#9653,.F.);
#9653 = EDGE_CURVE('',#9654,#9654,#9656,.T.);
#9654 = VERTEX_POINT('',#9655);
#9655 = CARTESIAN_POINT('',(443.5,311.,47.6));
#9656 = CIRCLE('',#9657,1.6);
#9657 = AXIS2_PLACEMENT_3D('',#9658,#9659,#9660);
#9658 = CARTESIAN_POINT('',(443.5,311.,46.));
#9659 = DIRECTION('',(0.,1.,0.));
#9660 = DIRECTION('',(0.,-0.,1.));
#9661 = FACE_BOUND('',#9662,.F.);
#9662 = EDGE_LOOP('',(#9663));
#9663 = ORIENTED_EDGE('',*,*,#9664,.F.);
#9664 = EDGE_CURVE('',#9665,#9665,#9667,.T.);
#9665 = VERTEX_POINT('',#9666);
#9666 = CARTESIAN_POINT('',(454.,311.,49.75));
#9667 = CIRCLE('',#9668,1.75);
#9668 = AXIS2_PLACEMENT_3D('',#9669,#9670,#9671);
#9669 = CARTESIAN_POINT('',(454.,311.,48.));
#9670 = DIRECTION('',(0.,1.,0.));
#9671 = DIRECTION('',(0.,-0.,1.));
#9672 = PLANE('',#9673);
#9673 = AXIS2_PLACEMENT_3D('',#9674,#9675,#9676);
#9674 = CARTESIAN_POINT('',(354.5,311.,34.));
#9675 = DIRECTION('',(0.,1.,0.));
#9676 = DIRECTION('',(0.,-0.,1.));
#9677 = ADVANCED_FACE('',(#9678,#9723,#9734,#9745,#9756,#9767,#9778,
    #9789,#9800,#9811,#9822,#9833,#9844,#9855,#9866,#9877,#9888),#9899,
  .T.);
#9678 = FACE_BOUND('',#9679,.T.);
#9679 = EDGE_LOOP('',(#9680,#9681,#9682,#9690,#9699,#9707,#9716,#9722));
#9680 = ORIENTED_EDGE('',*,*,#9358,.T.);
#9681 = ORIENTED_EDGE('',*,*,#9422,.T.);
#9682 = ORIENTED_EDGE('',*,*,#9683,.T.);
#9683 = EDGE_CURVE('',#9423,#9684,#9686,.T.);
#9684 = VERTEX_POINT('',#9685);
#9685 = CARTESIAN_POINT('',(249.,313.,51.));
#9686 = LINE('',#9687,#9688);
#9687 = CARTESIAN_POINT('',(249.,313.,17.));
#9688 = VECTOR('',#9689,1.);
#9689 = DIRECTION('',(0.,0.,1.));
#9690 = ORIENTED_EDGE('',*,*,#9691,.T.);
#9691 = EDGE_CURVE('',#9684,#9692,#9694,.T.);
#9692 = VERTEX_POINT('',#9693);
#9693 = CARTESIAN_POINT('',(252.,313.,54.));
#9694 = CIRCLE('',#9695,3.);
#9695 = AXIS2_PLACEMENT_3D('',#9696,#9697,#9698);
#9696 = CARTESIAN_POINT('',(252.,313.,51.));
#9697 = DIRECTION('',(0.,1.,0.));
#9698 = DIRECTION('',(-1.,0.,4.736951571734E-15));
#9699 = ORIENTED_EDGE('',*,*,#9700,.T.);
#9700 = EDGE_CURVE('',#9692,#9701,#9703,.T.);
#9701 = VERTEX_POINT('',#9702);
#9702 = CARTESIAN_POINT('',(457.,313.,54.));
#9703 = LINE('',#9704,#9705);
#9704 = CARTESIAN_POINT('',(252.,313.,54.));
#9705 = VECTOR('',#9706,1.);
#9706 = DIRECTION('',(1.,0.,0.));
#9707 = ORIENTED_EDGE('',*,*,#9708,.T.);
#9708 = EDGE_CURVE('',#9701,#9709,#9711,.T.);
#9709 = VERTEX_POINT('',#9710);
#9710 = CARTESIAN_POINT('',(460.,313.,51.));
#9711 = CIRCLE('',#9712,3.);
#9712 = AXIS2_PLACEMENT_3D('',#9713,#9714,#9715);
#9713 = CARTESIAN_POINT('',(457.,313.,51.));
#9714 = DIRECTION('',(0.,1.,0.));
#9715 = DIRECTION('',(-1.894780628694E-14,0.,1.));
#9716 = ORIENTED_EDGE('',*,*,#9717,.T.);
#9717 = EDGE_CURVE('',#9709,#9391,#9718,.T.);
#9718 = LINE('',#9719,#9720);
#9719 = CARTESIAN_POINT('',(460.,313.,51.));
#9720 = VECTOR('',#9721,1.);
#9721 = DIRECTION('',(0.,0.,-1.));
#9722 = ORIENTED_EDGE('',*,*,#9398,.T.);
#9723 = FACE_BOUND('',#9724,.T.);
#9724 = EDGE_LOOP('',(#9725));
#9725 = ORIENTED_EDGE('',*,*,#9726,.F.);
#9726 = EDGE_CURVE('',#9727,#9727,#9729,.T.);
#9727 = VERTEX_POINT('',#9728);
#9728 = CARTESIAN_POINT('',(255.,313.,23.5));
#9729 = CIRCLE('',#9730,3.5);
#9730 = AXIS2_PLACEMENT_3D('',#9731,#9732,#9733);
#9731 = CARTESIAN_POINT('',(255.,313.,20.));
#9732 = DIRECTION('',(0.,1.,0.));
#9733 = DIRECTION('',(0.,-0.,1.));
#9734 = FACE_BOUND('',#9735,.T.);
#9735 = EDGE_LOOP('',(#9736));
#9736 = ORIENTED_EDGE('',*,*,#9737,.F.);
#9737 = EDGE_CURVE('',#9738,#9738,#9740,.T.);
#9738 = VERTEX_POINT('',#9739);
#9739 = CARTESIAN_POINT('',(266.5,313.,35.6));
#9740 = CIRCLE('',#9741,1.6);
#9741 = AXIS2_PLACEMENT_3D('',#9742,#9743,#9744);
#9742 = CARTESIAN_POINT('',(266.5,313.,34.));
#9743 = DIRECTION('',(0.,1.,0.));
#9744 = DIRECTION('',(0.,-0.,1.));
#9745 = FACE_BOUND('',#9746,.T.);
#9746 = EDGE_LOOP('',(#9747));
#9747 = ORIENTED_EDGE('',*,*,#9748,.F.);
#9748 = EDGE_CURVE('',#9749,#9749,#9751,.T.);
#9749 = VERTEX_POINT('',#9750);
#9750 = CARTESIAN_POINT('',(279.,313.,42.));
#9751 = CIRCLE('',#9752,8.);
#9752 = AXIS2_PLACEMENT_3D('',#9753,#9754,#9755);
#9753 = CARTESIAN_POINT('',(279.,313.,34.));
#9754 = DIRECTION('',(0.,1.,0.));
#9755 = DIRECTION('',(0.,-0.,1.));
#9756 = FACE_BOUND('',#9757,.T.);
#9757 = EDGE_LOOP('',(#9758));
#9758 = ORIENTED_EDGE('',*,*,#9759,.F.);
#9759 = EDGE_CURVE('',#9760,#9760,#9762,.T.);
#9760 = VERTEX_POINT('',#9761);
#9761 = CARTESIAN_POINT('',(291.5,313.,35.6));
#9762 = CIRCLE('',#9763,1.6);
#9763 = AXIS2_PLACEMENT_3D('',#9764,#9765,#9766);
#9764 = CARTESIAN_POINT('',(291.5,313.,34.));
#9765 = DIRECTION('',(0.,1.,0.));
#9766 = DIRECTION('',(0.,-0.,1.));
#9767 = FACE_BOUND('',#9768,.T.);
#9768 = EDGE_LOOP('',(#9769));
#9769 = ORIENTED_EDGE('',*,*,#9770,.F.);
#9770 = EDGE_CURVE('',#9771,#9771,#9773,.T.);
#9771 = VERTEX_POINT('',#9772);
#9772 = CARTESIAN_POINT('',(255.,313.,51.5));
#9773 = CIRCLE('',#9774,3.5);
#9774 = AXIS2_PLACEMENT_3D('',#9775,#9776,#9777);
#9775 = CARTESIAN_POINT('',(255.,313.,48.));
#9776 = DIRECTION('',(0.,1.,0.));
#9777 = DIRECTION('',(0.,-0.,1.));
#9778 = FACE_BOUND('',#9779,.T.);
#9779 = EDGE_LOOP('',(#9780));
#9780 = ORIENTED_EDGE('',*,*,#9781,.F.);
#9781 = EDGE_CURVE('',#9782,#9782,#9784,.T.);
#9782 = VERTEX_POINT('',#9783);
#9783 = CARTESIAN_POINT('',(306.5,313.,35.6));
#9784 = CIRCLE('',#9785,1.6);
#9785 = AXIS2_PLACEMENT_3D('',#9786,#9787,#9788);
#9786 = CARTESIAN_POINT('',(306.5,313.,34.));
#9787 = DIRECTION('',(0.,1.,0.));
#9788 = DIRECTION('',(0.,-0.,1.));
#9789 = FACE_BOUND('',#9790,.T.);
#9790 = EDGE_LOOP('',(#9791));
#9791 = ORIENTED_EDGE('',*,*,#9792,.F.);
#9792 = EDGE_CURVE('',#9793,#9793,#9795,.T.);
#9793 = VERTEX_POINT('',#9794);
#9794 = CARTESIAN_POINT('',(319.,313.,42.));
#9795 = CIRCLE('',#9796,8.);
#9796 = AXIS2_PLACEMENT_3D('',#9797,#9798,#9799);
#9797 = CARTESIAN_POINT('',(319.,313.,34.));
#9798 = DIRECTION('',(0.,1.,0.));
#9799 = DIRECTION('',(0.,-0.,1.));
#9800 = FACE_BOUND('',#9801,.T.);
#9801 = EDGE_LOOP('',(#9802));
#9802 = ORIENTED_EDGE('',*,*,#9803,.F.);
#9803 = EDGE_CURVE('',#9804,#9804,#9806,.T.);
#9804 = VERTEX_POINT('',#9805);
#9805 = CARTESIAN_POINT('',(331.5,313.,35.6));
#9806 = CIRCLE('',#9807,1.6);
#9807 = AXIS2_PLACEMENT_3D('',#9808,#9809,#9810);
#9808 = CARTESIAN_POINT('',(331.5,313.,34.));
#9809 = DIRECTION('',(0.,1.,0.));
#9810 = DIRECTION('',(0.,-0.,1.));
#9811 = FACE_BOUND('',#9812,.T.);
#9812 = EDGE_LOOP('',(#9813));
#9813 = ORIENTED_EDGE('',*,*,#9814,.F.);
#9814 = EDGE_CURVE('',#9815,#9815,#9817,.T.);
#9815 = VERTEX_POINT('',#9816);
#9816 = CARTESIAN_POINT('',(424.5,313.,23.6));
#9817 = CIRCLE('',#9818,1.6);
#9818 = AXIS2_PLACEMENT_3D('',#9819,#9820,#9821);
#9819 = CARTESIAN_POINT('',(424.5,313.,22.));
#9820 = DIRECTION('',(0.,1.,0.));
#9821 = DIRECTION('',(0.,-0.,1.));
#9822 = FACE_BOUND('',#9823,.T.);
#9823 = EDGE_LOOP('',(#9824));
#9824 = ORIENTED_EDGE('',*,*,#9825,.F.);
#9825 = EDGE_CURVE('',#9826,#9826,#9828,.T.);
#9826 = VERTEX_POINT('',#9827);
#9827 = CARTESIAN_POINT('',(454.,313.,23.5));
#9828 = CIRCLE('',#9829,3.5);
#9829 = AXIS2_PLACEMENT_3D('',#9830,#9831,#9832);
#9830 = CARTESIAN_POINT('',(454.,313.,20.));
#9831 = DIRECTION('',(0.,1.,0.));
#9832 = DIRECTION('',(0.,-0.,1.));
#9833 = FACE_BOUND('',#9834,.T.);
#9834 = EDGE_LOOP('',(#9835));
#9835 = ORIENTED_EDGE('',*,*,#9836,.F.);
#9836 = EDGE_CURVE('',#9837,#9837,#9839,.T.);
#9837 = VERTEX_POINT('',#9838);
#9838 = CARTESIAN_POINT('',(358.,313.,37.25));
#9839 = CIRCLE('',#9840,3.25);
#9840 = AXIS2_PLACEMENT_3D('',#9841,#9842,#9843);
#9841 = CARTESIAN_POINT('',(358.,313.,34.));
#9842 = DIRECTION('',(0.,1.,0.));
#9843 = DIRECTION('',(0.,-0.,1.));
#9844 = FACE_BOUND('',#9845,.T.);
#9845 = EDGE_LOOP('',(#9846));
#9846 = ORIENTED_EDGE('',*,*,#9847,.F.);
#9847 = EDGE_CURVE('',#9848,#9848,#9850,.T.);
#9848 = VERTEX_POINT('',#9849);
#9849 = CARTESIAN_POINT('',(382.,313.,37.25));
#9850 = CIRCLE('',#9851,3.25);
#9851 = AXIS2_PLACEMENT_3D('',#9852,#9853,#9854);
#9852 = CARTESIAN_POINT('',(382.,313.,34.));
#9853 = DIRECTION('',(0.,1.,0.));
#9854 = DIRECTION('',(0.,-0.,1.));
#9855 = FACE_BOUND('',#9856,.T.);
#9856 = EDGE_LOOP('',(#9857));
#9857 = ORIENTED_EDGE('',*,*,#9858,.F.);
#9858 = EDGE_CURVE('',#9859,#9859,#9861,.T.);
#9859 = VERTEX_POINT('',#9860);
#9860 = CARTESIAN_POINT('',(406.,313.,39.5));
#9861 = CIRCLE('',#9862,5.5);
#9862 = AXIS2_PLACEMENT_3D('',#9863,#9864,#9865);
#9863 = CARTESIAN_POINT('',(406.,313.,34.));
#9864 = DIRECTION('',(0.,1.,0.));
#9865 = DIRECTION('',(0.,-0.,1.));
#9866 = FACE_BOUND('',#9867,.T.);
#9867 = EDGE_LOOP('',(#9868));
#9868 = ORIENTED_EDGE('',*,*,#9869,.F.);
#9869 = EDGE_CURVE('',#9870,#9870,#9872,.T.);
#9870 = VERTEX_POINT('',#9871);
#9871 = CARTESIAN_POINT('',(434.,313.,46.));
#9872 = CIRCLE('',#9873,12.);
#9873 = AXIS2_PLACEMENT_3D('',#9874,#9875,#9876);
#9874 = CARTESIAN_POINT('',(434.,313.,34.));
#9875 = DIRECTION('',(0.,1.,0.));
#9876 = DIRECTION('',(0.,-0.,1.));
#9877 = FACE_BOUND('',#9878,.T.);
#9878 = EDGE_LOOP('',(#9879));
#9879 = ORIENTED_EDGE('',*,*,#9880,.F.);
#9880 = EDGE_CURVE('',#9881,#9881,#9883,.T.);
#9881 = VERTEX_POINT('',#9882);
#9882 = CARTESIAN_POINT('',(443.5,313.,47.6));
#9883 = CIRCLE('',#9884,1.6);
#9884 = AXIS2_PLACEMENT_3D('',#9885,#9886,#9887);
#9885 = CARTESIAN_POINT('',(443.5,313.,46.));
#9886 = DIRECTION('',(0.,1.,0.));
#9887 = DIRECTION('',(0.,-0.,1.));
#9888 = FACE_BOUND('',#9889,.T.);
#9889 = EDGE_LOOP('',(#9890));
#9890 = ORIENTED_EDGE('',*,*,#9891,.F.);
#9891 = EDGE_CURVE('',#9892,#9892,#9894,.T.);
#9892 = VERTEX_POINT('',#9893);
#9893 = CARTESIAN_POINT('',(454.,313.,51.5));
#9894 = CIRCLE('',#9895,3.5);
#9895 = AXIS2_PLACEMENT_3D('',#9896,#9897,#9898);
#9896 = CARTESIAN_POINT('',(454.,313.,48.));
#9897 = DIRECTION('',(0.,1.,0.));
#9898 = DIRECTION('',(0.,-0.,1.));
#9899 = PLANE('',#9900);
#9900 = AXIS2_PLACEMENT_3D('',#9901,#9902,#9903);
#9901 = CARTESIAN_POINT('',(354.5,313.,34.));
#9902 = DIRECTION('',(0.,1.,0.));
#9903 = DIRECTION('',(0.,-0.,1.));
#9904 = ADVANCED_FACE('',(#9905),#9916,.F.);
#9905 = FACE_BOUND('',#9906,.F.);
#9906 = EDGE_LOOP('',(#9907,#9913,#9914,#9915));
#9907 = ORIENTED_EDGE('',*,*,#9908,.T.);
#9908 = EDGE_CURVE('',#9482,#9709,#9909,.T.);
#9909 = LINE('',#9910,#9911);
#9910 = CARTESIAN_POINT('',(460.,311.,51.));
#9911 = VECTOR('',#9912,1.);
#9912 = DIRECTION('',(0.,1.,0.));
#9913 = ORIENTED_EDGE('',*,*,#9717,.T.);
#9914 = ORIENTED_EDGE('',*,*,#9388,.F.);
#9915 = ORIENTED_EDGE('',*,*,#9490,.F.);
#9916 = PLANE('',#9917);
#9917 = AXIS2_PLACEMENT_3D('',#9918,#9919,#9920);
#9918 = CARTESIAN_POINT('',(460.,311.,51.));
#9919 = DIRECTION('',(-1.,0.,0.));
#9920 = DIRECTION('',(0.,0.,-1.));
#9921 = ADVANCED_FACE('',(#9922),#9933,.F.);
#9922 = FACE_BOUND('',#9923,.F.);
#9923 = EDGE_LOOP('',(#9924,#9925,#9926,#9932));
#9924 = ORIENTED_EDGE('',*,*,#9431,.T.);
#9925 = ORIENTED_EDGE('',*,*,#9683,.T.);
#9926 = ORIENTED_EDGE('',*,*,#9927,.F.);
#9927 = EDGE_CURVE('',#9457,#9684,#9928,.T.);
#9928 = LINE('',#9929,#9930);
#9929 = CARTESIAN_POINT('',(249.,311.,51.));
#9930 = VECTOR('',#9931,1.);
#9931 = DIRECTION('',(0.,1.,0.));
#9932 = ORIENTED_EDGE('',*,*,#9456,.F.);
#9933 = PLANE('',#9934);
#9934 = AXIS2_PLACEMENT_3D('',#9935,#9936,#9937);
#9935 = CARTESIAN_POINT('',(249.,311.,17.));
#9936 = DIRECTION('',(1.,0.,0.));
#9937 = DIRECTION('',(0.,0.,1.));
#9938 = ADVANCED_FACE('',(#9939),#9950,.T.);
#9939 = FACE_BOUND('',#9940,.F.);
#9940 = EDGE_LOOP('',(#9941,#9947,#9948,#9949));
#9941 = ORIENTED_EDGE('',*,*,#9942,.T.);
#9942 = EDGE_CURVE('',#9474,#9701,#9943,.T.);
#9943 = LINE('',#9944,#9945);
#9944 = CARTESIAN_POINT('',(457.,311.,54.));
#9945 = VECTOR('',#9946,1.);
#9946 = DIRECTION('',(0.,1.,0.));
#9947 = ORIENTED_EDGE('',*,*,#9708,.T.);
#9948 = ORIENTED_EDGE('',*,*,#9908,.F.);
#9949 = ORIENTED_EDGE('',*,*,#9481,.F.);
#9950 = CYLINDRICAL_SURFACE('',#9951,3.);
#9951 = AXIS2_PLACEMENT_3D('',#9952,#9953,#9954);
#9952 = CARTESIAN_POINT('',(457.,311.,51.));
#9953 = DIRECTION('',(-0.,-1.,-0.));
#9954 = DIRECTION('',(-1.894780628694E-14,0.,1.));
#9955 = ADVANCED_FACE('',(#9956),#9967,.T.);
#9956 = FACE_BOUND('',#9957,.F.);
#9957 = EDGE_LOOP('',(#9958,#9959,#9960,#9966));
#9958 = ORIENTED_EDGE('',*,*,#9927,.T.);
#9959 = ORIENTED_EDGE('',*,*,#9691,.T.);
#9960 = ORIENTED_EDGE('',*,*,#9961,.F.);
#9961 = EDGE_CURVE('',#9465,#9692,#9962,.T.);
#9962 = LINE('',#9963,#9964);
#9963 = CARTESIAN_POINT('',(252.,311.,54.));
#9964 = VECTOR('',#9965,1.);
#9965 = DIRECTION('',(0.,1.,0.));
#9966 = ORIENTED_EDGE('',*,*,#9464,.F.);
#9967 = CYLINDRICAL_SURFACE('',#9968,3.);
#9968 = AXIS2_PLACEMENT_3D('',#9969,#9970,#9971);
#9969 = CARTESIAN_POINT('',(252.,311.,51.));
#9970 = DIRECTION('',(-0.,-1.,-0.));
#9971 = DIRECTION('',(-1.,0.,4.736951571734E-15));
#9972 = ADVANCED_FACE('',(#9973),#9979,.F.);
#9973 = FACE_BOUND('',#9974,.F.);
#9974 = EDGE_LOOP('',(#9975,#9976,#9977,#9978));
#9975 = ORIENTED_EDGE('',*,*,#9961,.T.);
#9976 = ORIENTED_EDGE('',*,*,#9700,.T.);
#9977 = ORIENTED_EDGE('',*,*,#9942,.F.);
#9978 = ORIENTED_EDGE('',*,*,#9473,.F.);
#9979 = PLANE('',#9980);
#9980 = AXIS2_PLACEMENT_3D('',#9981,#9982,#9983);
#9981 = CARTESIAN_POINT('',(252.,311.,54.));
#9982 = DIRECTION('',(0.,0.,-1.));
#9983 = DIRECTION('',(1.,0.,0.));
#9984 = ADVANCED_FACE('',(#9985),#10004,.F.);
#9985 = FACE_BOUND('',#9986,.F.);
#9986 = EDGE_LOOP('',(#9987,#9996,#10002,#10003));
#9987 = ORIENTED_EDGE('',*,*,#9988,.F.);
#9988 = EDGE_CURVE('',#9989,#9989,#9991,.T.);
#9989 = VERTEX_POINT('',#9990);
#9990 = CARTESIAN_POINT('',(255.,311.25,21.75));
#9991 = CIRCLE('',#9992,1.75);
#9992 = AXIS2_PLACEMENT_3D('',#9993,#9994,#9995);
#9993 = CARTESIAN_POINT('',(255.,311.25,20.));
#9994 = DIRECTION('',(0.,1.,0.));
#9995 = DIRECTION('',(0.,-0.,1.));
#9996 = ORIENTED_EDGE('',*,*,#9997,.F.);
#9997 = EDGE_CURVE('',#9500,#9989,#9998,.T.);
#9998 = LINE('',#9999,#10000);
#9999 = CARTESIAN_POINT('',(255.,310.,21.75));
#10000 = VECTOR('',#10001,1.);
#10001 = DIRECTION('',(0.,1.,0.));
#10002 = ORIENTED_EDGE('',*,*,#9499,.T.);
#10003 = ORIENTED_EDGE('',*,*,#9997,.T.);
#10004 = CYLINDRICAL_SURFACE('',#10005,1.75);
#10005 = AXIS2_PLACEMENT_3D('',#10006,#10007,#10008);
#10006 = CARTESIAN_POINT('',(255.,310.,20.));
#10007 = DIRECTION('',(0.,1.,0.));
#10008 = DIRECTION('',(0.,-0.,1.));
#10009 = ADVANCED_FACE('',(#10010),#10021,.F.);
#10010 = FACE_BOUND('',#10011,.F.);
#10011 = EDGE_LOOP('',(#10012,#10013,#10019,#10020));
#10012 = ORIENTED_EDGE('',*,*,#9737,.F.);
#10013 = ORIENTED_EDGE('',*,*,#10014,.F.);
#10014 = EDGE_CURVE('',#9511,#9738,#10015,.T.);
#10015 = LINE('',#10016,#10017);
#10016 = CARTESIAN_POINT('',(266.5,310.,35.6));
#10017 = VECTOR('',#10018,1.);
#10018 = DIRECTION('',(0.,1.,0.));
#10019 = ORIENTED_EDGE('',*,*,#9510,.T.);
#10020 = ORIENTED_EDGE('',*,*,#10014,.T.);
#10021 = CYLINDRICAL_SURFACE('',#10022,1.6);
#10022 = AXIS2_PLACEMENT_3D('',#10023,#10024,#10025);
#10023 = CARTESIAN_POINT('',(266.5,310.,34.));
#10024 = DIRECTION('',(0.,1.,0.));
#10025 = DIRECTION('',(0.,-0.,1.));
#10026 = ADVANCED_FACE('',(#10027),#10038,.F.);
#10027 = FACE_BOUND('',#10028,.F.);
#10028 = EDGE_LOOP('',(#10029,#10030,#10036,#10037));
#10029 = ORIENTED_EDGE('',*,*,#9748,.F.);
#10030 = ORIENTED_EDGE('',*,*,#10031,.F.);
#10031 = EDGE_CURVE('',#9522,#9749,#10032,.T.);
#10032 = LINE('',#10033,#10034);
#10033 = CARTESIAN_POINT('',(279.,310.,42.));
#10034 = VECTOR('',#10035,1.);
#10035 = DIRECTION('',(0.,1.,0.));
#10036 = ORIENTED_EDGE('',*,*,#9521,.T.);
#10037 = ORIENTED_EDGE('',*,*,#10031,.T.);
#10038 = CYLINDRICAL_SURFACE('',#10039,8.);
#10039 = AXIS2_PLACEMENT_3D('',#10040,#10041,#10042);
#10040 = CARTESIAN_POINT('',(279.,310.,34.));
#10041 = DIRECTION('',(0.,1.,0.));
#10042 = DIRECTION('',(0.,-0.,1.));
#10043 = ADVANCED_FACE('',(#10044),#10055,.F.);
#10044 = FACE_BOUND('',#10045,.F.);
#10045 = EDGE_LOOP('',(#10046,#10047,#10053,#10054));
#10046 = ORIENTED_EDGE('',*,*,#9759,.F.);
#10047 = ORIENTED_EDGE('',*,*,#10048,.F.);
#10048 = EDGE_CURVE('',#9533,#9760,#10049,.T.);
#10049 = LINE('',#10050,#10051);
#10050 = CARTESIAN_POINT('',(291.5,310.,35.6));
#10051 = VECTOR('',#10052,1.);
#10052 = DIRECTION('',(0.,1.,0.));
#10053 = ORIENTED_EDGE('',*,*,#9532,.T.);
#10054 = ORIENTED_EDGE('',*,*,#10048,.T.);
#10055 = CYLINDRICAL_SURFACE('',#10056,1.6);
#10056 = AXIS2_PLACEMENT_3D('',#10057,#10058,#10059);
#10057 = CARTESIAN_POINT('',(291.5,310.,34.));
#10058 = DIRECTION('',(0.,1.,0.));
#10059 = DIRECTION('',(0.,-0.,1.));
#10060 = ADVANCED_FACE('',(#10061),#10080,.F.);
#10061 = FACE_BOUND('',#10062,.F.);
#10062 = EDGE_LOOP('',(#10063,#10072,#10078,#10079));
#10063 = ORIENTED_EDGE('',*,*,#10064,.F.);
#10064 = EDGE_CURVE('',#10065,#10065,#10067,.T.);
#10065 = VERTEX_POINT('',#10066);
#10066 = CARTESIAN_POINT('',(255.,311.25,49.75));
#10067 = CIRCLE('',#10068,1.75);
#10068 = AXIS2_PLACEMENT_3D('',#10069,#10070,#10071);
#10069 = CARTESIAN_POINT('',(255.,311.25,48.));
#10070 = DIRECTION('',(0.,1.,0.));
#10071 = DIRECTION('',(0.,-0.,1.));
#10072 = ORIENTED_EDGE('',*,*,#10073,.F.);
#10073 = EDGE_CURVE('',#9544,#10065,#10074,.T.);
#10074 = LINE('',#10075,#10076);
#10075 = CARTESIAN_POINT('',(255.,310.,49.75));
#10076 = VECTOR('',#10077,1.);
#10077 = DIRECTION('',(0.,1.,0.));
#10078 = ORIENTED_EDGE('',*,*,#9543,.T.);
#10079 = ORIENTED_EDGE('',*,*,#10073,.T.);
#10080 = CYLINDRICAL_SURFACE('',#10081,1.75);
#10081 = AXIS2_PLACEMENT_3D('',#10082,#10083,#10084);
#10082 = CARTESIAN_POINT('',(255.,310.,48.));
#10083 = DIRECTION('',(0.,1.,0.));
#10084 = DIRECTION('',(0.,-0.,1.));
#10085 = ADVANCED_FACE('',(#10086),#10097,.F.);
#10086 = FACE_BOUND('',#10087,.F.);
#10087 = EDGE_LOOP('',(#10088,#10089,#10095,#10096));
#10088 = ORIENTED_EDGE('',*,*,#9781,.F.);
#10089 = ORIENTED_EDGE('',*,*,#10090,.F.);
#10090 = EDGE_CURVE('',#9555,#9782,#10091,.T.);
#10091 = LINE('',#10092,#10093);
#10092 = CARTESIAN_POINT('',(306.5,310.,35.6));
#10093 = VECTOR('',#10094,1.);
#10094 = DIRECTION('',(0.,1.,0.));
#10095 = ORIENTED_EDGE('',*,*,#9554,.T.);
#10096 = ORIENTED_EDGE('',*,*,#10090,.T.);
#10097 = CYLINDRICAL_SURFACE('',#10098,1.6);
#10098 = AXIS2_PLACEMENT_3D('',#10099,#10100,#10101);
#10099 = CARTESIAN_POINT('',(306.5,310.,34.));
#10100 = DIRECTION('',(0.,1.,0.));
#10101 = DIRECTION('',(0.,-0.,1.));
#10102 = ADVANCED_FACE('',(#10103),#10114,.F.);
#10103 = FACE_BOUND('',#10104,.F.);
#10104 = EDGE_LOOP('',(#10105,#10106,#10112,#10113));
#10105 = ORIENTED_EDGE('',*,*,#9792,.F.);
#10106 = ORIENTED_EDGE('',*,*,#10107,.F.);
#10107 = EDGE_CURVE('',#9566,#9793,#10108,.T.);
#10108 = LINE('',#10109,#10110);
#10109 = CARTESIAN_POINT('',(319.,310.,42.));
#10110 = VECTOR('',#10111,1.);
#10111 = DIRECTION('',(0.,1.,0.));
#10112 = ORIENTED_EDGE('',*,*,#9565,.T.);
#10113 = ORIENTED_EDGE('',*,*,#10107,.T.);
#10114 = CYLINDRICAL_SURFACE('',#10115,8.);
#10115 = AXIS2_PLACEMENT_3D('',#10116,#10117,#10118);
#10116 = CARTESIAN_POINT('',(319.,310.,34.));
#10117 = DIRECTION('',(0.,1.,0.));
#10118 = DIRECTION('',(0.,-0.,1.));
#10119 = ADVANCED_FACE('',(#10120),#10131,.F.);
#10120 = FACE_BOUND('',#10121,.F.);
#10121 = EDGE_LOOP('',(#10122,#10123,#10129,#10130));
#10122 = ORIENTED_EDGE('',*,*,#9803,.F.);
#10123 = ORIENTED_EDGE('',*,*,#10124,.F.);
#10124 = EDGE_CURVE('',#9577,#9804,#10125,.T.);
#10125 = LINE('',#10126,#10127);
#10126 = CARTESIAN_POINT('',(331.5,310.,35.6));
#10127 = VECTOR('',#10128,1.);
#10128 = DIRECTION('',(0.,1.,0.));
#10129 = ORIENTED_EDGE('',*,*,#9576,.T.);
#10130 = ORIENTED_EDGE('',*,*,#10124,.T.);
#10131 = CYLINDRICAL_SURFACE('',#10132,1.6);
#10132 = AXIS2_PLACEMENT_3D('',#10133,#10134,#10135);
#10133 = CARTESIAN_POINT('',(331.5,310.,34.));
#10134 = DIRECTION('',(0.,1.,0.));
#10135 = DIRECTION('',(0.,-0.,1.));
#10136 = ADVANCED_FACE('',(#10137),#10148,.F.);
#10137 = FACE_BOUND('',#10138,.F.);
#10138 = EDGE_LOOP('',(#10139,#10140,#10146,#10147));
#10139 = ORIENTED_EDGE('',*,*,#9814,.F.);
#10140 = ORIENTED_EDGE('',*,*,#10141,.F.);
#10141 = EDGE_CURVE('',#9588,#9815,#10142,.T.);
#10142 = LINE('',#10143,#10144);
#10143 = CARTESIAN_POINT('',(424.5,310.,23.6));
#10144 = VECTOR('',#10145,1.);
#10145 = DIRECTION('',(0.,1.,0.));
#10146 = ORIENTED_EDGE('',*,*,#9587,.T.);
#10147 = ORIENTED_EDGE('',*,*,#10141,.T.);
#10148 = CYLINDRICAL_SURFACE('',#10149,1.6);
#10149 = AXIS2_PLACEMENT_3D('',#10150,#10151,#10152);
#10150 = CARTESIAN_POINT('',(424.5,310.,22.));
#10151 = DIRECTION('',(0.,1.,0.));
#10152 = DIRECTION('',(0.,-0.,1.));
#10153 = ADVANCED_FACE('',(#10154),#10173,.F.);
#10154 = FACE_BOUND('',#10155,.F.);
#10155 = EDGE_LOOP('',(#10156,#10165,#10171,#10172));
#10156 = ORIENTED_EDGE('',*,*,#10157,.F.);
#10157 = EDGE_CURVE('',#10158,#10158,#10160,.T.);
#10158 = VERTEX_POINT('',#10159);
#10159 = CARTESIAN_POINT('',(454.,311.25,21.75));
#10160 = CIRCLE('',#10161,1.75);
#10161 = AXIS2_PLACEMENT_3D('',#10162,#10163,#10164);
#10162 = CARTESIAN_POINT('',(454.,311.25,20.));
#10163 = DIRECTION('',(0.,1.,0.));
#10164 = DIRECTION('',(0.,-0.,1.));
#10165 = ORIENTED_EDGE('',*,*,#10166,.F.);
#10166 = EDGE_CURVE('',#9599,#10158,#10167,.T.);
#10167 = LINE('',#10168,#10169);
#10168 = CARTESIAN_POINT('',(454.,310.,21.75));
#10169 = VECTOR('',#10170,1.);
#10170 = DIRECTION('',(0.,1.,0.));
#10171 = ORIENTED_EDGE('',*,*,#9598,.T.);
#10172 = ORIENTED_EDGE('',*,*,#10166,.T.);
#10173 = CYLINDRICAL_SURFACE('',#10174,1.75);
#10174 = AXIS2_PLACEMENT_3D('',#10175,#10176,#10177);
#10175 = CARTESIAN_POINT('',(454.,310.,20.));
#10176 = DIRECTION('',(0.,1.,0.));
#10177 = DIRECTION('',(0.,-0.,1.));
#10178 = ADVANCED_FACE('',(#10179),#10190,.F.);
#10179 = FACE_BOUND('',#10180,.F.);
#10180 = EDGE_LOOP('',(#10181,#10182,#10188,#10189));
#10181 = ORIENTED_EDGE('',*,*,#9836,.F.);
#10182 = ORIENTED_EDGE('',*,*,#10183,.F.);
#10183 = EDGE_CURVE('',#9610,#9837,#10184,.T.);
#10184 = LINE('',#10185,#10186);
#10185 = CARTESIAN_POINT('',(358.,310.,37.25));
#10186 = VECTOR('',#10187,1.);
#10187 = DIRECTION('',(0.,1.,0.));
#10188 = ORIENTED_EDGE('',*,*,#9609,.T.);
#10189 = ORIENTED_EDGE('',*,*,#10183,.T.);
#10190 = CYLINDRICAL_SURFACE('',#10191,3.25);
#10191 = AXIS2_PLACEMENT_3D('',#10192,#10193,#10194);
#10192 = CARTESIAN_POINT('',(358.,310.,34.));
#10193 = DIRECTION('',(0.,1.,0.));
#10194 = DIRECTION('',(0.,-0.,1.));
#10195 = ADVANCED_FACE('',(#10196),#10207,.F.);
#10196 = FACE_BOUND('',#10197,.F.);
#10197 = EDGE_LOOP('',(#10198,#10199,#10205,#10206));
#10198 = ORIENTED_EDGE('',*,*,#9847,.F.);
#10199 = ORIENTED_EDGE('',*,*,#10200,.F.);
#10200 = EDGE_CURVE('',#9621,#9848,#10201,.T.);
#10201 = LINE('',#10202,#10203);
#10202 = CARTESIAN_POINT('',(382.,310.,37.25));
#10203 = VECTOR('',#10204,1.);
#10204 = DIRECTION('',(0.,1.,0.));
#10205 = ORIENTED_EDGE('',*,*,#9620,.T.);
#10206 = ORIENTED_EDGE('',*,*,#10200,.T.);
#10207 = CYLINDRICAL_SURFACE('',#10208,3.25);
#10208 = AXIS2_PLACEMENT_3D('',#10209,#10210,#10211);
#10209 = CARTESIAN_POINT('',(382.,310.,34.));
#10210 = DIRECTION('',(0.,1.,0.));
#10211 = DIRECTION('',(0.,-0.,1.));
#10212 = ADVANCED_FACE('',(#10213),#10224,.F.);
#10213 = FACE_BOUND('',#10214,.F.);
#10214 = EDGE_LOOP('',(#10215,#10216,#10222,#10223));
#10215 = ORIENTED_EDGE('',*,*,#9858,.F.);
#10216 = ORIENTED_EDGE('',*,*,#10217,.F.);
#10217 = EDGE_CURVE('',#9632,#9859,#10218,.T.);
#10218 = LINE('',#10219,#10220);
#10219 = CARTESIAN_POINT('',(406.,310.,39.5));
#10220 = VECTOR('',#10221,1.);
#10221 = DIRECTION('',(0.,1.,0.));
#10222 = ORIENTED_EDGE('',*,*,#9631,.T.);
#10223 = ORIENTED_EDGE('',*,*,#10217,.T.);
#10224 = CYLINDRICAL_SURFACE('',#10225,5.5);
#10225 = AXIS2_PLACEMENT_3D('',#10226,#10227,#10228);
#10226 = CARTESIAN_POINT('',(406.,310.,34.));
#10227 = DIRECTION('',(0.,1.,0.));
#10228 = DIRECTION('',(0.,-0.,1.));
#10229 = ADVANCED_FACE('',(#10230),#10241,.F.);
#10230 = FACE_BOUND('',#10231,.F.);
#10231 = EDGE_LOOP('',(#10232,#10233,#10239,#10240));
#10232 = ORIENTED_EDGE('',*,*,#9869,.F.);
#10233 = ORIENTED_EDGE('',*,*,#10234,.F.);
#10234 = EDGE_CURVE('',#9643,#9870,#10235,.T.);
#10235 = LINE('',#10236,#10237);
#10236 = CARTESIAN_POINT('',(434.,310.,46.));
#10237 = VECTOR('',#10238,1.);
#10238 = DIRECTION('',(0.,1.,0.));
#10239 = ORIENTED_EDGE('',*,*,#9642,.T.);
#10240 = ORIENTED_EDGE('',*,*,#10234,.T.);
#10241 = CYLINDRICAL_SURFACE('',#10242,12.);
#10242 = AXIS2_PLACEMENT_3D('',#10243,#10244,#10245);
#10243 = CARTESIAN_POINT('',(434.,310.,34.));
#10244 = DIRECTION('',(0.,1.,0.));
#10245 = DIRECTION('',(0.,-0.,1.));
#10246 = ADVANCED_FACE('',(#10247),#10258,.F.);
#10247 = FACE_BOUND('',#10248,.F.);
#10248 = EDGE_LOOP('',(#10249,#10250,#10256,#10257));
#10249 = ORIENTED_EDGE('',*,*,#9880,.F.);
#10250 = ORIENTED_EDGE('',*,*,#10251,.F.);
#10251 = EDGE_CURVE('',#9654,#9881,#10252,.T.);
#10252 = LINE('',#10253,#10254);
#10253 = CARTESIAN_POINT('',(443.5,310.,47.6));
#10254 = VECTOR('',#10255,1.);
#10255 = DIRECTION('',(0.,1.,0.));
#10256 = ORIENTED_EDGE('',*,*,#9653,.T.);
#10257 = ORIENTED_EDGE('',*,*,#10251,.T.);
#10258 = CYLINDRICAL_SURFACE('',#10259,1.6);
#10259 = AXIS2_PLACEMENT_3D('',#10260,#10261,#10262);
#10260 = CARTESIAN_POINT('',(443.5,310.,46.));
#10261 = DIRECTION('',(0.,1.,0.));
#10262 = DIRECTION('',(0.,-0.,1.));
#10263 = ADVANCED_FACE('',(#10264),#10283,.F.);
#10264 = FACE_BOUND('',#10265,.F.);
#10265 = EDGE_LOOP('',(#10266,#10275,#10281,#10282));
#10266 = ORIENTED_EDGE('',*,*,#10267,.F.);
#10267 = EDGE_CURVE('',#10268,#10268,#10270,.T.);
#10268 = VERTEX_POINT('',#10269);
#10269 = CARTESIAN_POINT('',(454.,311.25,49.75));
#10270 = CIRCLE('',#10271,1.75);
#10271 = AXIS2_PLACEMENT_3D('',#10272,#10273,#10274);
#10272 = CARTESIAN_POINT('',(454.,311.25,48.));
#10273 = DIRECTION('',(0.,1.,0.));
#10274 = DIRECTION('',(0.,-0.,1.));
#10275 = ORIENTED_EDGE('',*,*,#10276,.F.);
#10276 = EDGE_CURVE('',#9665,#10268,#10277,.T.);
#10277 = LINE('',#10278,#10279);
#10278 = CARTESIAN_POINT('',(454.,310.,49.75));
#10279 = VECTOR('',#10280,1.);
#10280 = DIRECTION('',(0.,1.,0.));
#10281 = ORIENTED_EDGE('',*,*,#9664,.T.);
#10282 = ORIENTED_EDGE('',*,*,#10276,.T.);
#10283 = CYLINDRICAL_SURFACE('',#10284,1.75);
#10284 = AXIS2_PLACEMENT_3D('',#10285,#10286,#10287);
#10285 = CARTESIAN_POINT('',(454.,310.,48.));
#10286 = DIRECTION('',(0.,1.,0.));
#10287 = DIRECTION('',(0.,-0.,1.));
#10288 = ADVANCED_FACE('',(#10289),#10300,.F.);
#10289 = FACE_BOUND('',#10290,.F.);
#10290 = EDGE_LOOP('',(#10291,#10292,#10298,#10299));
#10291 = ORIENTED_EDGE('',*,*,#9726,.F.);
#10292 = ORIENTED_EDGE('',*,*,#10293,.F.);
#10293 = EDGE_CURVE('',#9989,#9727,#10294,.T.);
#10294 = LINE('',#10295,#10296);
#10295 = CARTESIAN_POINT('',(255.,311.25,21.75));
#10296 = VECTOR('',#10297,1.);
#10297 = DIRECTION('',(-1.731912112471E-16,0.707106781187,0.707106781187
    ));
#10298 = ORIENTED_EDGE('',*,*,#9988,.T.);
#10299 = ORIENTED_EDGE('',*,*,#10293,.T.);
#10300 = CONICAL_SURFACE('',#10301,1.75,0.785398163397);
#10301 = AXIS2_PLACEMENT_3D('',#10302,#10303,#10304);
#10302 = CARTESIAN_POINT('',(255.,311.25,20.));
#10303 = DIRECTION('',(0.,1.,0.));
#10304 = DIRECTION('',(0.,-0.,1.));
#10305 = ADVANCED_FACE('',(#10306),#10317,.F.);
#10306 = FACE_BOUND('',#10307,.F.);
#10307 = EDGE_LOOP('',(#10308,#10309,#10315,#10316));
#10308 = ORIENTED_EDGE('',*,*,#9770,.F.);
#10309 = ORIENTED_EDGE('',*,*,#10310,.F.);
#10310 = EDGE_CURVE('',#10065,#9771,#10311,.T.);
#10311 = LINE('',#10312,#10313);
#10312 = CARTESIAN_POINT('',(255.,311.25,49.75));
#10313 = VECTOR('',#10314,1.);
#10314 = DIRECTION('',(-1.731912112471E-16,0.707106781187,0.707106781187
    ));
#10315 = ORIENTED_EDGE('',*,*,#10064,.T.);
#10316 = ORIENTED_EDGE('',*,*,#10310,.T.);
#10317 = CONICAL_SURFACE('',#10318,1.75,0.785398163397);
#10318 = AXIS2_PLACEMENT_3D('',#10319,#10320,#10321);
#10319 = CARTESIAN_POINT('',(255.,311.25,48.));
#10320 = DIRECTION('',(0.,1.,0.));
#10321 = DIRECTION('',(0.,-0.,1.));
#10322 = ADVANCED_FACE('',(#10323),#10334,.F.);
#10323 = FACE_BOUND('',#10324,.F.);
#10324 = EDGE_LOOP('',(#10325,#10326,#10332,#10333));
#10325 = ORIENTED_EDGE('',*,*,#9825,.F.);
#10326 = ORIENTED_EDGE('',*,*,#10327,.F.);
#10327 = EDGE_CURVE('',#10158,#9826,#10328,.T.);
#10328 = LINE('',#10329,#10330);
#10329 = CARTESIAN_POINT('',(454.,311.25,21.75));
#10330 = VECTOR('',#10331,1.);
#10331 = DIRECTION('',(-1.731912112471E-16,0.707106781187,0.707106781187
    ));
#10332 = ORIENTED_EDGE('',*,*,#10157,.T.);
#10333 = ORIENTED_EDGE('',*,*,#10327,.T.);
#10334 = CONICAL_SURFACE('',#10335,1.75,0.785398163397);
#10335 = AXIS2_PLACEMENT_3D('',#10336,#10337,#10338);
#10336 = CARTESIAN_POINT('',(454.,311.25,20.));
#10337 = DIRECTION('',(0.,1.,0.));
#10338 = DIRECTION('',(0.,-0.,1.));
#10339 = ADVANCED_FACE('',(#10340),#10351,.F.);
#10340 = FACE_BOUND('',#10341,.F.);
#10341 = EDGE_LOOP('',(#10342,#10343,#10349,#10350));
#10342 = ORIENTED_EDGE('',*,*,#9891,.F.);
#10343 = ORIENTED_EDGE('',*,*,#10344,.F.);
#10344 = EDGE_CURVE('',#10268,#9892,#10345,.T.);
#10345 = LINE('',#10346,#10347);
#10346 = CARTESIAN_POINT('',(454.,311.25,49.75));
#10347 = VECTOR('',#10348,1.);
#10348 = DIRECTION('',(-1.731912112471E-16,0.707106781187,0.707106781187
    ));
#10349 = ORIENTED_EDGE('',*,*,#10267,.T.);
#10350 = ORIENTED_EDGE('',*,*,#10344,.T.);
#10351 = CONICAL_SURFACE('',#10352,1.75,0.785398163397);
#10352 = AXIS2_PLACEMENT_3D('',#10353,#10354,#10355);
#10353 = CARTESIAN_POINT('',(454.,311.25,48.));
#10354 = DIRECTION('',(0.,1.,0.));
#10355 = DIRECTION('',(0.,-0.,1.));
#10356 = ( GEOMETRIC_REPRESENTATION_CONTEXT(3) 
GLOBAL_UNCERTAINTY_ASSIGNED_CONTEXT((#10360)) 
GLOBAL_UNIT_ASSIGNED_CONTEXT((#10357,#10358,#10359)) 
REPRESENTATION_CONTEXT('Context #1',
  '3D Context with UNIT and UNCERTAINTY') );
#10357 = ( LENGTH_UNIT() NAMED_UNIT(*) SI_UNIT(.MILLI.,.METRE.) );
#10358 = ( NAMED_UNIT(*) PLANE_ANGLE_UNIT() SI_UNIT($,.RADIAN.) );
#10359 = ( NAMED_UNIT(*) SI_UNIT($,.STERADIAN.) SOLID_ANGLE_UNIT() );
#10360 = UNCERTAINTY_MEASURE_WITH_UNIT(LENGTH_MEASURE(1.E-07),#10357,
  'distance_accuracy_value','confusion accuracy');
#10361 = CONTEXT_DEPENDENT_SHAPE_REPRESENTATION(#10362,#10364);
#10362 = ( REPRESENTATION_RELATIONSHIP('','',#9341,#10) 
REPRESENTATION_RELATIONSHIP_WITH_TRANSFORMATION(#10363) 
SHAPE_REPRESENTATION_RELATIONSHIP() );
#10363 = ITEM_DEFINED_TRANSFORMATION('','',#11,#99);
#10364 = PRODUCT_DEFINITION_SHAPE('Placement','Placement of an item',
  #10365);
#10365 = NEXT_ASSEMBLY_USAGE_OCCURRENCE('22','Rear plate','',#5,#9336,$
  );
#10366 = PRODUCT_RELATED_PRODUCT_CATEGORY('part',$,(#9338));
ENDSEC;
END-ISO-10303-21;
